"GlobalIndex","SliceIndex","ScanIndex","SliceScanCount","Repeat","ScanIndexX","ScanIndexY","RepeatX","RepeatY","AreaX","AreaY","AreaWidth","AreaHeight","Reference1Local","Reference2Local","Reference1Global","Reference2Global","InspectMode","IproiCount","TriggerActive"
"0","0","0","15","5","0","0","5","78","-25114.6223078132","-142480.498725266","3657.68261632","3656.4929485321","5","10","5","10","3","1","True"
"1","0","1","15","5","1","0","5","78","-21754.7927054543","-142480.498725266","3657.68261632","3656.4929485321","6","11","6","11","3","2","True"
"2","0","2","15","5","2","0","5","78","-18394.9631030954","-142480.498725266","3657.68261632","3656.4929485321","7","12","7","12","3","2","True"
"3","0","3","15","5","3","0","5","78","-15035.1335007365","-142480.498725266","3657.68261632","3656.4929485321","8","13","8","13","3","2","True"
"4","0","4","15","5","4","0","5","78","-11675.3038983776","-142480.498725266","3657.68261632","3656.4929485321","9","14","9","14","3","3","True"
"5","0","5","15","5","5","0","5","78","-8315.47429601865","-142480.498725266","3657.68261632","3656.4929485321","0","10","0","10","-1","2","False"
"6","0","6","15","5","6","0","5","78","-4955.64469365973","-142480.498725266","3657.68261632","3656.4929485321","1","11","1","11","-1","2","False"
"7","0","7","15","5","7","0","5","78","-1595.81509130082","-142480.498725266","3657.68261632","3656.4929485321","2","12","2","12","-1","2","False"
"8","0","8","15","5","8","0","5","78","1764.01451105811","-142480.498725266","3657.68261632","3656.4929485321","3","13","3","13","-1","2","False"
"9","0","9","15","5","9","0","5","78","5123.84411341702","-142480.498725266","3657.68261632","3656.4929485321","4","14","4","14","-1","3","False"
"10","0","10","15","5","10","0","5","78","8483.67371577594","-142480.498725266","3657.68261632","3656.4929485321","0","5","0","5","-1","2","False"
"11","0","11","15","5","11","0","5","78","11843.5033181348","-142480.498725266","3657.68261632","3656.4929485321","1","6","1","6","-1","2","False"
"12","0","12","15","5","12","0","5","78","15203.3329204938","-142480.498725266","3657.68261632","3656.4929485321","2","7","2","7","-1","2","False"
"13","0","13","15","5","13","0","5","78","18563.1625228527","-142480.498725266","3657.68261632","3656.4929485321","3","8","3","8","-1","2","False"
"14","0","14","15","5","14","0","5","78","21922.9921252116","-142480.498725266","3657.68261632","3656.4929485321","4","9","4","9","-1","2","False"
"15","1","0","15","5","14","1","5","78","21922.9921252116","-138837.050849289","3657.68261632","3656.4929485321","5","10","20","25","3","2","True"
"16","1","1","15","5","13","1","5","78","18563.1625228527","-138837.050849289","3657.68261632","3656.4929485321","6","11","21","26","3","3","True"
"17","1","2","15","5","12","1","5","78","15203.3329204938","-138837.050849289","3657.68261632","3656.4929485321","7","12","22","27","3","3","True"
"18","1","3","15","5","11","1","5","78","11843.5033181348","-138837.050849289","3657.68261632","3656.4929485321","8","13","23","28","3","3","True"
"19","1","4","15","5","10","1","5","78","8483.67371577594","-138837.050849289","3657.68261632","3656.4929485321","9","14","24","29","3","3","True"
"20","1","5","15","5","9","1","5","78","5123.84411341702","-138837.050849289","3657.68261632","3656.4929485321","0","10","15","25","-1","4","False"
"21","1","6","15","5","8","1","5","78","1764.01451105811","-138837.050849289","3657.68261632","3656.4929485321","1","11","16","26","-1","3","False"
"22","1","7","15","5","7","1","5","78","-1595.81509130082","-138837.050849289","3657.68261632","3656.4929485321","2","12","17","27","-1","3","False"
"23","1","8","15","5","6","1","5","78","-4955.64469365973","-138837.050849289","3657.68261632","3656.4929485321","3","13","18","28","-1","3","False"
"24","1","9","15","5","5","1","5","78","-8315.47429601865","-138837.050849289","3657.68261632","3656.4929485321","4","14","19","29","-1","3","False"
"25","1","10","15","5","4","1","5","78","-11675.3038983776","-138837.050849289","3657.68261632","3656.4929485321","0","5","15","20","-1","4","False"
"26","1","11","15","5","3","1","5","78","-15035.1335007365","-138837.050849289","3657.68261632","3656.4929485321","1","6","16","21","-1","3","False"
"27","1","12","15","5","2","1","5","78","-18394.9631030954","-138837.050849289","3657.68261632","3656.4929485321","2","7","17","22","-1","3","False"
"28","1","13","15","5","1","1","5","78","-21754.7927054543","-138837.050849289","3657.68261632","3656.4929485321","3","8","18","23","-1","3","False"
"29","1","14","15","5","0","1","5","78","-25114.6223078132","-138837.050849289","3657.68261632","3656.4929485321","4","9","19","24","-1","3","False"
"30","2","0","35","5","0","2","5","78","-58712.9194269539","-135193.602973312","3657.68261632","3656.4929485321","5","10","35","40","3","1","True"
"31","2","1","35","5","1","2","5","78","-55353.0898245949","-135193.602973312","3657.68261632","3656.4929485321","6","11","36","41","3","2","True"
"32","2","2","35","5","2","2","5","78","-51993.260222236","-135193.602973312","3657.68261632","3656.4929485321","7","12","37","42","3","2","True"
"33","2","3","35","5","3","2","5","78","-48633.4306198771","-135193.602973312","3657.68261632","3656.4929485321","8","13","38","43","3","2","True"
"34","2","4","35","5","4","2","5","78","-45273.6010175182","-135193.602973312","3657.68261632","3656.4929485321","9","14","39","44","3","3","True"
"35","2","5","35","5","5","2","5","78","-41913.7714151593","-135193.602973312","3657.68261632","3656.4929485321","10","15","40","45","-1","2","False"
"36","2","6","35","5","6","2","5","78","-38553.9418128004","-135193.602973312","3657.68261632","3656.4929485321","11","16","41","46","-1","2","False"
"37","2","7","35","5","7","2","5","78","-35194.1122104414","-135193.602973312","3657.68261632","3656.4929485321","12","17","42","47","-1","2","False"
"38","2","8","35","5","8","2","5","78","-31834.2826080825","-135193.602973312","3657.68261632","3656.4929485321","13","18","43","48","-1","2","False"
"39","2","9","35","5","9","2","5","78","-28474.4530057236","-135193.602973312","3657.68261632","3656.4929485321","14","19","44","49","-1","5","False"
"40","2","10","35","5","10","2","5","78","-25114.6234033647","-135193.602973312","3657.68261632","3656.4929485321","15","20","45","50","-1","4","False"
"41","2","11","35","5","11","2","5","78","-21754.7938010058","-135193.602973312","3657.68261632","3656.4929485321","16","21","46","51","-1","4","False"
"42","2","12","35","5","12","2","5","78","-18394.9641986469","-135193.602973312","3657.68261632","3656.4929485321","17","22","47","52","-1","4","False"
"43","2","13","35","5","13","2","5","78","-15035.1345962879","-135193.602973312","3657.68261632","3656.4929485321","18","23","48","53","-1","4","False"
"44","2","14","35","5","14","2","5","78","-11675.304993929","-135193.602973312","3657.68261632","3656.4929485321","19","24","49","54","-1","6","False"
"45","2","15","35","5","15","2","5","78","-8315.4753915701","-135193.602973312","3657.68261632","3656.4929485321","20","25","50","55","3","4","True"
"46","2","16","35","5","16","2","5","78","-4955.64578921119","-135193.602973312","3657.68261632","3656.4929485321","21","26","51","56","3","4","True"
"47","2","17","35","5","17","2","5","78","-1595.81618685228","-135193.602973312","3657.68261632","3656.4929485321","22","27","52","57","3","4","True"
"48","2","18","35","5","18","2","5","78","1764.01341550665","-135193.602973312","3657.68261632","3656.4929485321","23","28","53","58","3","4","True"
"49","2","19","35","5","19","2","5","78","5123.84301786555","-135193.602973312","3657.68261632","3656.4929485321","24","29","54","59","3","6","True"
"50","2","20","35","5","20","2","5","78","8483.67262022448","-135193.602973312","3657.68261632","3656.4929485321","25","30","55","60","-1","4","False"
"51","2","21","35","5","21","2","5","78","11843.5022225834","-135193.602973312","3657.68261632","3656.4929485321","26","31","56","61","-1","4","False"
"52","2","22","35","5","22","2","5","78","15203.3318249423","-135193.602973312","3657.68261632","3656.4929485321","27","32","57","62","-1","4","False"
"53","2","23","35","5","23","2","5","78","18563.1614273012","-135193.602973312","3657.68261632","3656.4929485321","28","33","58","63","-1","4","False"
"54","2","24","35","5","24","2","5","78","21922.9910296601","-135193.602973312","3657.68261632","3656.4929485321","29","34","59","64","-1","5","False"
"55","2","25","35","5","25","2","5","78","25282.8206320191","-135193.602973312","3657.68261632","3656.4929485321","15","20","45","50","-1","3","False"
"56","2","26","35","5","26","2","5","78","28642.650234378","-135193.602973312","3657.68261632","3656.4929485321","16","21","46","51","-1","2","False"
"57","2","27","35","5","27","2","5","78","32002.4798367369","-135193.602973312","3657.68261632","3656.4929485321","17","22","47","52","-1","2","False"
"58","2","28","35","5","28","2","5","78","35362.3094390958","-135193.602973312","3657.68261632","3656.4929485321","18","23","48","53","-1","2","False"
"59","2","29","35","5","29","2","5","78","38722.1390414547","-135193.602973312","3657.68261632","3656.4929485321","19","24","49","54","-1","3","False"
"60","2","30","35","5","30","2","5","78","42081.9686438136","-135193.602973312","3657.68261632","3656.4929485321","20","25","50","55","0","2","True"
"61","2","31","35","5","31","2","5","78","45441.7982461726","-135193.602973312","3657.68261632","3656.4929485321","21","26","51","56","0","2","True"
"62","2","32","35","5","32","2","5","78","48801.6278485315","-135193.602973312","3657.68261632","3656.4929485321","22","27","52","57","0","2","True"
"63","2","33","35","5","33","2","5","78","52161.4574508904","-135193.602973312","3657.68261632","3656.4929485321","23","28","53","58","0","2","True"
"64","2","34","35","5","34","2","5","78","55521.2870532493","-135193.602973312","3657.68261632","3656.4929485321","24","29","54","59","0","2","True"
"65","3","0","35","5","34","3","5","78","55521.2870532493","-131550.155097336","3657.68261632","3656.4929485321","5","10","70","75","3","2","True"
"66","3","1","35","5","33","3","5","78","52161.4574508904","-131550.155097336","3657.68261632","3656.4929485321","6","11","71","76","3","3","True"
"67","3","2","35","5","32","3","5","78","48801.6278485315","-131550.155097336","3657.68261632","3656.4929485321","7","12","72","77","3","3","True"
"68","3","3","35","5","31","3","5","78","45441.7982461726","-131550.155097336","3657.68261632","3656.4929485321","8","13","73","78","3","3","True"
"69","3","4","35","5","30","3","5","78","42081.9686438136","-131550.155097336","3657.68261632","3656.4929485321","9","14","74","79","3","3","True"
"70","3","5","35","5","29","3","5","78","38722.1390414547","-131550.155097336","3657.68261632","3656.4929485321","10","15","75","80","-1","4","False"
"71","3","6","35","5","28","3","5","78","35362.3094390958","-131550.155097336","3657.68261632","3656.4929485321","11","16","76","81","-1","3","False"
"72","3","7","35","5","27","3","5","78","32002.4798367369","-131550.155097336","3657.68261632","3656.4929485321","12","17","77","82","-1","3","False"
"73","3","8","35","5","26","3","5","78","28642.650234378","-131550.155097336","3657.68261632","3656.4929485321","13","18","78","83","-1","3","False"
"74","3","9","35","5","25","3","5","78","25282.8206320191","-131550.155097336","3657.68261632","3656.4929485321","14","19","79","84","-1","3","False"
"75","3","10","35","5","24","3","5","78","21922.9910296601","-131550.155097336","3657.68261632","3656.4929485321","15","20","80","85","-1","4","False"
"76","3","11","35","5","23","3","5","78","18563.1614273012","-131550.155097336","3657.68261632","3656.4929485321","16","21","81","86","-1","3","False"
"77","3","12","35","5","22","3","5","78","15203.3318249423","-131550.155097336","3657.68261632","3656.4929485321","17","22","82","87","-1","3","False"
"78","3","13","35","5","21","3","5","78","11843.5022225834","-131550.155097336","3657.68261632","3656.4929485321","18","23","83","88","-1","3","False"
"79","3","14","35","5","20","3","5","78","8483.67262022448","-131550.155097336","3657.68261632","3656.4929485321","19","24","84","89","-1","3","False"
"80","3","15","35","5","19","3","5","78","5123.84301786555","-131550.155097336","3657.68261632","3656.4929485321","20","25","85","90","3","4","True"
"81","3","16","35","5","18","3","5","78","1764.01341550665","-131550.155097336","3657.68261632","3656.4929485321","21","26","86","91","3","3","True"
"82","3","17","35","5","17","3","5","78","-1595.81618685228","-131550.155097336","3657.68261632","3656.4929485321","22","27","87","92","3","3","True"
"83","3","18","35","5","16","3","5","78","-4955.64578921119","-131550.155097336","3657.68261632","3656.4929485321","23","28","88","93","3","3","True"
"84","3","19","35","5","15","3","5","78","-8315.4753915701","-131550.155097336","3657.68261632","3656.4929485321","24","29","89","94","3","3","True"
"85","3","20","35","5","14","3","5","78","-11675.304993929","-131550.155097336","3657.68261632","3656.4929485321","25","30","90","95","-1","4","False"
"86","3","21","35","5","13","3","5","78","-15035.1345962879","-131550.155097336","3657.68261632","3656.4929485321","26","31","91","96","-1","3","False"
"87","3","22","35","5","12","3","5","78","-18394.9641986469","-131550.155097336","3657.68261632","3656.4929485321","27","32","92","97","-1","3","False"
"88","3","23","35","5","11","3","5","78","-21754.7938010058","-131550.155097336","3657.68261632","3656.4929485321","28","33","93","98","-1","3","False"
"89","3","24","35","5","10","3","5","78","-25114.6234033647","-131550.155097336","3657.68261632","3656.4929485321","29","34","94","99","-1","3","False"
"90","3","25","35","5","9","3","5","78","-28474.4530057236","-131550.155097336","3657.68261632","3656.4929485321","15","20","80","85","-1","4","False"
"91","3","26","35","5","8","3","5","78","-31834.2826080825","-131550.155097336","3657.68261632","3656.4929485321","16","21","81","86","-1","3","False"
"92","3","27","35","5","7","3","5","78","-35194.1122104414","-131550.155097336","3657.68261632","3656.4929485321","17","22","82","87","-1","3","False"
"93","3","28","35","5","6","3","5","78","-38553.9418128004","-131550.155097336","3657.68261632","3656.4929485321","18","23","83","88","-1","3","False"
"94","3","29","35","5","5","3","5","78","-41913.7714151593","-131550.155097336","3657.68261632","3656.4929485321","19","24","84","89","-1","3","False"
"95","3","30","35","5","4","3","5","78","-45273.6010175182","-131550.155097336","3657.68261632","3656.4929485321","20","25","85","90","0","4","True"
"96","3","31","35","5","3","3","5","78","-48633.4306198771","-131550.155097336","3657.68261632","3656.4929485321","21","26","86","91","0","3","True"
"97","3","32","35","5","2","3","5","78","-51993.260222236","-131550.155097336","3657.68261632","3656.4929485321","22","27","87","92","0","3","True"
"98","3","33","35","5","1","3","5","78","-55353.0898245949","-131550.155097336","3657.68261632","3656.4929485321","23","28","88","93","0","3","True"
"99","3","34","35","5","0","3","5","78","-58712.9194269539","-131550.155097336","3657.68261632","3656.4929485321","24","29","89","94","0","3","True"
"100","4","0","35","5","0","4","5","78","-58712.9194269539","-127906.714850754","3657.68261632","3656.4929485321","5","10","105","110","3","2","True"
"101","4","1","35","5","1","4","5","78","-55353.0898245949","-127906.714850754","3657.68261632","3656.4929485321","6","11","106","111","3","3","True"
"102","4","2","35","5","2","4","5","78","-51993.260222236","-127906.714850754","3657.68261632","3656.4929485321","7","12","107","112","3","3","True"
"103","4","3","35","5","3","4","5","78","-48633.4306198771","-127906.714850754","3657.68261632","3656.4929485321","8","13","108","113","3","3","True"
"104","4","4","35","5","4","4","5","78","-45273.6010175182","-127906.714850754","3657.68261632","3656.4929485321","9","14","109","114","3","4","True"
"105","4","5","35","5","5","4","5","78","-41913.7714151593","-127906.714850754","3657.68261632","3656.4929485321","10","15","110","115","-1","3","False"
"106","4","6","35","5","6","4","5","78","-38553.9418128004","-127906.714850754","3657.68261632","3656.4929485321","11","16","111","116","-1","3","False"
"107","4","7","35","5","7","4","5","78","-35194.1122104414","-127906.714850754","3657.68261632","3656.4929485321","12","17","112","117","-1","3","False"
"108","4","8","35","5","8","4","5","78","-31834.2826080825","-127906.714850754","3657.68261632","3656.4929485321","13","18","113","118","-1","3","False"
"109","4","9","35","5","9","4","5","78","-28474.4530057236","-127906.714850754","3657.68261632","3656.4929485321","14","19","114","119","-1","4","False"
"110","4","10","35","5","10","4","5","78","-25114.6234033647","-127906.714850754","3657.68261632","3656.4929485321","15","20","115","120","-1","3","False"
"111","4","11","35","5","11","4","5","78","-21754.7938010058","-127906.714850754","3657.68261632","3656.4929485321","16","21","116","121","-1","3","False"
"112","4","12","35","5","12","4","5","78","-18394.9641986469","-127906.714850754","3657.68261632","3656.4929485321","17","22","117","122","-1","3","False"
"113","4","13","35","5","13","4","5","78","-15035.1345962879","-127906.714850754","3657.68261632","3656.4929485321","18","23","118","123","-1","3","False"
"114","4","14","35","5","14","4","5","78","-11675.304993929","-127906.714850754","3657.68261632","3656.4929485321","19","24","119","124","-1","4","False"
"115","4","15","35","5","15","4","5","78","-8315.4753915701","-127906.714850754","3657.68261632","3656.4929485321","20","25","120","125","3","3","True"
"116","4","16","35","5","16","4","5","78","-4955.64578921119","-127906.714850754","3657.68261632","3656.4929485321","21","26","121","126","3","3","True"
"117","4","17","35","5","17","4","5","78","-1595.81618685228","-127906.714850754","3657.68261632","3656.4929485321","22","27","122","127","3","3","True"
"118","4","18","35","5","18","4","5","78","1764.01341550665","-127906.714850754","3657.68261632","3656.4929485321","23","28","123","128","3","3","True"
"119","4","19","35","5","19","4","5","78","5123.84301786555","-127906.714850754","3657.68261632","3656.4929485321","24","29","124","129","3","4","True"
"120","4","20","35","5","20","4","5","78","8483.67262022448","-127906.714850754","3657.68261632","3656.4929485321","25","30","125","130","-1","3","False"
"121","4","21","35","5","21","4","5","78","11843.5022225834","-127906.714850754","3657.68261632","3656.4929485321","26","31","126","131","-1","3","False"
"122","4","22","35","5","22","4","5","78","15203.3318249423","-127906.714850754","3657.68261632","3656.4929485321","27","32","127","132","-1","3","False"
"123","4","23","35","5","23","4","5","78","18563.1614273012","-127906.714850754","3657.68261632","3656.4929485321","28","33","128","133","-1","3","False"
"124","4","24","35","5","24","4","5","78","21922.9910296601","-127906.714850754","3657.68261632","3656.4929485321","29","34","129","134","-1","4","False"
"125","4","25","35","5","25","4","5","78","25282.8206320191","-127906.714850754","3657.68261632","3656.4929485321","15","20","115","120","-1","3","False"
"126","4","26","35","5","26","4","5","78","28642.650234378","-127906.714850754","3657.68261632","3656.4929485321","16","21","116","121","-1","3","False"
"127","4","27","35","5","27","4","5","78","32002.4798367369","-127906.714850754","3657.68261632","3656.4929485321","17","22","117","122","-1","3","False"
"128","4","28","35","5","28","4","5","78","35362.3094390958","-127906.714850754","3657.68261632","3656.4929485321","18","23","118","123","-1","3","False"
"129","4","29","35","5","29","4","5","78","38722.1390414547","-127906.714850754","3657.68261632","3656.4929485321","19","24","119","124","-1","4","False"
"130","4","30","35","5","30","4","5","78","42081.9686438136","-127906.714850754","3657.68261632","3656.4929485321","20","25","120","125","0","3","True"
"131","4","31","35","5","31","4","5","78","45441.7982461726","-127906.714850754","3657.68261632","3656.4929485321","21","26","121","126","0","3","True"
"132","4","32","35","5","32","4","5","78","48801.6278485315","-127906.714850754","3657.68261632","3656.4929485321","22","27","122","127","0","3","True"
"133","4","33","35","5","33","4","5","78","52161.4574508904","-127906.714850754","3657.68261632","3656.4929485321","23","28","123","128","0","3","True"
"134","4","34","35","5","34","4","5","78","55521.2870532493","-127906.714850754","3657.68261632","3656.4929485321","24","29","124","129","0","3","True"
"135","5","0","45","5","44","5","5","78","72320.4345172682","-124263.274604172","3657.68261632","3656.4929485321","5","10","140","145","3","1","True"
"136","5","1","45","5","43","5","5","78","68960.6049149093","-124263.274604172","3657.68261632","3656.4929485321","6","11","141","146","3","2","True"
"137","5","2","45","5","42","5","5","78","65600.7753125503","-124263.274604172","3657.68261632","3656.4929485321","7","12","142","147","3","2","True"
"138","5","3","45","5","41","5","5","78","62240.9457101914","-124263.274604172","3657.68261632","3656.4929485321","8","13","143","148","3","2","True"
"139","5","4","45","5","40","5","5","78","58881.1161078325","-124263.274604172","3657.68261632","3656.4929485321","9","14","144","149","3","3","True"
"140","5","5","45","5","39","5","5","78","55521.2865054736","-124263.274604172","3657.68261632","3656.4929485321","10","15","145","150","-1","5","False"
"141","5","6","45","5","38","5","5","78","52161.4569031147","-124263.274604172","3657.68261632","3656.4929485321","11","16","146","151","-1","4","False"
"142","5","7","45","5","37","5","5","78","48801.6273007557","-124263.274604172","3657.68261632","3656.4929485321","12","17","147","152","-1","4","False"
"143","5","8","45","5","36","5","5","78","45441.7976983968","-124263.274604172","3657.68261632","3656.4929485321","13","18","148","153","-1","4","False"
"144","5","9","45","5","35","5","5","78","42081.9680960379","-124263.274604172","3657.68261632","3656.4929485321","14","19","149","154","-1","4","False"
"145","5","10","45","5","34","5","5","78","38722.138493679","-124263.274604172","3657.68261632","3656.4929485321","15","20","150","155","-1","6","False"
"146","5","11","45","5","33","5","5","78","35362.3088913201","-124263.274604172","3657.68261632","3656.4929485321","16","21","151","156","-1","4","False"
"147","5","12","45","5","32","5","5","78","32002.4792889612","-124263.274604172","3657.68261632","3656.4929485321","17","22","152","157","-1","4","False"
"148","5","13","45","5","31","5","5","78","28642.6496866022","-124263.274604172","3657.68261632","3656.4929485321","18","23","153","158","-1","4","False"
"149","5","14","45","5","30","5","5","78","25282.8200842433","-124263.274604172","3657.68261632","3656.4929485321","19","24","154","159","-1","4","False"
"150","5","15","45","5","29","5","5","78","21922.9904818844","-124263.274604172","3657.68261632","3656.4929485321","20","25","155","160","3","6","True"
"151","5","16","45","5","28","5","5","78","18563.1608795255","-124263.274604172","3657.68261632","3656.4929485321","21","26","156","161","3","4","True"
"152","5","17","45","5","27","5","5","78","15203.3312771666","-124263.274604172","3657.68261632","3656.4929485321","22","27","157","162","3","4","True"
"153","5","18","45","5","26","5","5","78","11843.5016748077","-124263.274604172","3657.68261632","3656.4929485321","23","28","158","163","3","4","True"
"154","5","19","45","5","25","5","5","78","8483.67207244875","-124263.274604172","3657.68261632","3656.4929485321","24","29","159","164","3","4","True"
"155","5","20","45","5","24","5","5","78","5123.84247008982","-124263.274604172","3657.68261632","3656.4929485321","25","30","160","165","-1","6","False"
"156","5","21","45","5","23","5","5","78","1764.01286773091","-124263.274604172","3657.68261632","3656.4929485321","26","31","161","166","-1","4","False"
"157","5","22","45","5","22","5","5","78","-1595.816734628","-124263.274604172","3657.68261632","3656.4929485321","27","32","162","167","-1","4","False"
"158","5","23","45","5","21","5","5","78","-4955.64633698692","-124263.274604172","3657.68261632","3656.4929485321","28","33","163","168","-1","4","False"
"159","5","24","45","5","20","5","5","78","-8315.47593934583","-124263.274604172","3657.68261632","3656.4929485321","29","34","164","169","-1","4","False"
"160","5","25","45","5","19","5","5","78","-11675.3055417048","-124263.274604172","3657.68261632","3656.4929485321","30","35","165","170","-1","6","False"
"161","5","26","45","5","18","5","5","78","-15035.1351440637","-124263.274604172","3657.68261632","3656.4929485321","31","36","166","171","-1","4","False"
"162","5","27","45","5","17","5","5","78","-18394.9647464226","-124263.274604172","3657.68261632","3656.4929485321","32","37","167","172","-1","4","False"
"163","5","28","45","5","16","5","5","78","-21754.7943487815","-124263.274604172","3657.68261632","3656.4929485321","33","38","168","173","-1","4","False"
"164","5","29","45","5","15","5","5","78","-25114.6239511404","-124263.274604172","3657.68261632","3656.4929485321","34","39","169","174","-1","4","False"
"165","5","30","45","5","14","5","5","78","-28474.4535534993","-124263.274604172","3657.68261632","3656.4929485321","35","40","170","175","3","6","True"
"166","5","31","45","5","13","5","5","78","-31834.2831558582","-124263.274604172","3657.68261632","3656.4929485321","36","41","171","176","3","4","True"
"167","5","32","45","5","12","5","5","78","-35194.1127582172","-124263.274604172","3657.68261632","3656.4929485321","37","42","172","177","3","4","True"
"168","5","33","45","5","11","5","5","78","-38553.9423605761","-124263.274604172","3657.68261632","3656.4929485321","38","43","173","178","3","4","True"
"169","5","34","45","5","10","5","5","78","-41913.771962935","-124263.274604172","3657.68261632","3656.4929485321","39","44","174","179","3","4","True"
"170","5","35","45","5","9","5","5","78","-45273.6015652939","-124263.274604172","3657.68261632","3656.4929485321","25","30","160","165","-1","6","False"
"171","5","36","45","5","8","5","5","78","-48633.4311676528","-124263.274604172","3657.68261632","3656.4929485321","26","31","161","166","-1","4","False"
"172","5","37","45","5","7","5","5","78","-51993.2607700118","-124263.274604172","3657.68261632","3656.4929485321","27","32","162","167","-1","4","False"
"173","5","38","45","5","6","5","5","78","-55353.0903723707","-124263.274604172","3657.68261632","3656.4929485321","28","33","163","168","-1","4","False"
"174","5","39","45","5","5","5","5","78","-58712.9199747296","-124263.274604172","3657.68261632","3656.4929485321","29","34","164","169","-1","4","False"
"175","5","40","45","5","4","5","5","78","-62072.7495770885","-124263.274604172","3657.68261632","3656.4929485321","30","35","165","170","-1","5","False"
"176","5","41","45","5","3","5","5","78","-65432.5791794474","-124263.274604172","3657.68261632","3656.4929485321","31","36","166","171","-1","2","False"
"177","5","42","45","5","2","5","5","78","-68792.4087818064","-124263.274604172","3657.68261632","3656.4929485321","32","37","167","172","-1","2","False"
"178","5","43","45","5","1","5","5","78","-72152.2383841653","-124263.274604172","3657.68261632","3656.4929485321","33","38","168","173","-1","2","False"
"179","5","44","45","5","0","5","5","78","-75512.0679865242","-124263.274604172","3657.68261632","3656.4929485321","34","39","169","174","-1","2","False"
"180","6","0","45","5","0","6","5","78","-75512.0679865242","-120619.826728195","3657.68261632","3656.4929485321","5","10","185","190","3","2","True"
"181","6","1","45","5","1","6","5","78","-72152.2383841653","-120619.826728195","3657.68261632","3656.4929485321","6","11","186","191","3","3","True"
"182","6","2","45","5","2","6","5","78","-68792.4087818064","-120619.826728195","3657.68261632","3656.4929485321","7","12","187","192","3","3","True"
"183","6","3","45","5","3","6","5","78","-65432.5791794474","-120619.826728195","3657.68261632","3656.4929485321","8","13","188","193","3","3","True"
"184","6","4","45","5","4","6","5","78","-62072.7495770885","-120619.826728195","3657.68261632","3656.4929485321","9","14","189","194","3","4","True"
"185","6","5","45","5","5","6","5","78","-58712.9199747296","-120619.826728195","3657.68261632","3656.4929485321","10","15","190","195","-1","3","False"
"186","6","6","45","5","6","6","5","78","-55353.0903723707","-120619.826728195","3657.68261632","3656.4929485321","11","16","191","196","-1","3","False"
"187","6","7","45","5","7","6","5","78","-51993.2607700118","-120619.826728195","3657.68261632","3656.4929485321","12","17","192","197","-1","3","False"
"188","6","8","45","5","8","6","5","78","-48633.4311676528","-120619.826728195","3657.68261632","3656.4929485321","13","18","193","198","-1","3","False"
"189","6","9","45","5","9","6","5","78","-45273.6015652939","-120619.826728195","3657.68261632","3656.4929485321","14","19","194","199","-1","4","False"
"190","6","10","45","5","10","6","5","78","-41913.771962935","-120619.826728195","3657.68261632","3656.4929485321","15","20","195","200","-1","3","False"
"191","6","11","45","5","11","6","5","78","-38553.9423605761","-120619.826728195","3657.68261632","3656.4929485321","16","21","196","201","-1","3","False"
"192","6","12","45","5","12","6","5","78","-35194.1127582172","-120619.826728195","3657.68261632","3656.4929485321","17","22","197","202","-1","3","False"
"193","6","13","45","5","13","6","5","78","-31834.2831558582","-120619.826728195","3657.68261632","3656.4929485321","18","23","198","203","-1","3","False"
"194","6","14","45","5","14","6","5","78","-28474.4535534993","-120619.826728195","3657.68261632","3656.4929485321","19","24","199","204","-1","4","False"
"195","6","15","45","5","15","6","5","78","-25114.6239511404","-120619.826728195","3657.68261632","3656.4929485321","20","25","200","205","3","3","True"
"196","6","16","45","5","16","6","5","78","-21754.7943487815","-120619.826728195","3657.68261632","3656.4929485321","21","26","201","206","3","3","True"
"197","6","17","45","5","17","6","5","78","-18394.9647464226","-120619.826728195","3657.68261632","3656.4929485321","22","27","202","207","3","3","True"
"198","6","18","45","5","18","6","5","78","-15035.1351440637","-120619.826728195","3657.68261632","3656.4929485321","23","28","203","208","3","3","True"
"199","6","19","45","5","19","6","5","78","-11675.3055417048","-120619.826728195","3657.68261632","3656.4929485321","24","29","204","209","3","4","True"
"200","6","20","45","5","20","6","5","78","-8315.47593934583","-120619.826728195","3657.68261632","3656.4929485321","25","30","205","210","-1","3","False"
"201","6","21","45","5","21","6","5","78","-4955.64633698692","-120619.826728195","3657.68261632","3656.4929485321","26","31","206","211","-1","3","False"
"202","6","22","45","5","22","6","5","78","-1595.816734628","-120619.826728195","3657.68261632","3656.4929485321","27","32","207","212","-1","3","False"
"203","6","23","45","5","23","6","5","78","1764.01286773091","-120619.826728195","3657.68261632","3656.4929485321","28","33","208","213","-1","3","False"
"204","6","24","45","5","24","6","5","78","5123.84247008982","-120619.826728195","3657.68261632","3656.4929485321","29","34","209","214","-1","4","False"
"205","6","25","45","5","25","6","5","78","8483.67207244875","-120619.826728195","3657.68261632","3656.4929485321","30","35","210","215","-1","3","False"
"206","6","26","45","5","26","6","5","78","11843.5016748077","-120619.826728195","3657.68261632","3656.4929485321","31","36","211","216","-1","3","False"
"207","6","27","45","5","27","6","5","78","15203.3312771666","-120619.826728195","3657.68261632","3656.4929485321","32","37","212","217","-1","3","False"
"208","6","28","45","5","28","6","5","78","18563.1608795255","-120619.826728195","3657.68261632","3656.4929485321","33","38","213","218","-1","3","False"
"209","6","29","45","5","29","6","5","78","21922.9904818844","-120619.826728195","3657.68261632","3656.4929485321","34","39","214","219","-1","4","False"
"210","6","30","45","5","30","6","5","78","25282.8200842433","-120619.826728195","3657.68261632","3656.4929485321","35","40","215","220","3","3","True"
"211","6","31","45","5","31","6","5","78","28642.6496866022","-120619.826728195","3657.68261632","3656.4929485321","36","41","216","221","3","3","True"
"212","6","32","45","5","32","6","5","78","32002.4792889612","-120619.826728195","3657.68261632","3656.4929485321","37","42","217","222","3","3","True"
"213","6","33","45","5","33","6","5","78","35362.3088913201","-120619.826728195","3657.68261632","3656.4929485321","38","43","218","223","3","3","True"
"214","6","34","45","5","34","6","5","78","38722.138493679","-120619.826728195","3657.68261632","3656.4929485321","39","44","219","224","3","4","True"
"215","6","35","45","5","35","6","5","78","42081.9680960379","-120619.826728195","3657.68261632","3656.4929485321","25","30","205","210","-1","3","False"
"216","6","36","45","5","36","6","5","78","45441.7976983968","-120619.826728195","3657.68261632","3656.4929485321","26","31","206","211","-1","3","False"
"217","6","37","45","5","37","6","5","78","48801.6273007557","-120619.826728195","3657.68261632","3656.4929485321","27","32","207","212","-1","3","False"
"218","6","38","45","5","38","6","5","78","52161.4569031147","-120619.826728195","3657.68261632","3656.4929485321","28","33","208","213","-1","3","False"
"219","6","39","45","5","39","6","5","78","55521.2865054736","-120619.826728195","3657.68261632","3656.4929485321","29","34","209","214","-1","4","False"
"220","6","40","45","5","40","6","5","78","58881.1161078325","-120619.826728195","3657.68261632","3656.4929485321","30","35","210","215","-1","3","False"
"221","6","41","45","5","41","6","5","78","62240.9457101914","-120619.826728195","3657.68261632","3656.4929485321","31","36","211","216","-1","3","False"
"222","6","42","45","5","42","6","5","78","65600.7753125503","-120619.826728195","3657.68261632","3656.4929485321","32","37","212","217","-1","3","False"
"223","6","43","45","5","43","6","5","78","68960.6049149093","-120619.826728195","3657.68261632","3656.4929485321","33","38","213","218","-1","3","False"
"224","6","44","45","5","44","6","5","78","72320.4345172682","-120619.826728195","3657.68261632","3656.4929485321","34","39","214","219","-1","3","False"
"225","7","0","45","5","44","7","5","78","72320.4345172682","-116976.386481613","3657.68261632","3656.4929485321","5","10","230","235","3","2","True"
"226","7","1","45","5","43","7","5","78","68960.6049149093","-116976.386481613","3657.68261632","3656.4929485321","6","11","231","236","3","3","True"
"227","7","2","45","5","42","7","5","78","65600.7753125503","-116976.386481613","3657.68261632","3656.4929485321","7","12","232","237","3","3","True"
"228","7","3","45","5","41","7","5","78","62240.9457101914","-116976.386481613","3657.68261632","3656.4929485321","8","13","233","238","3","3","True"
"229","7","4","45","5","40","7","5","78","58881.1161078325","-116976.386481613","3657.68261632","3656.4929485321","9","14","234","239","3","3","True"
"230","7","5","45","5","39","7","5","78","55521.2865054736","-116976.386481613","3657.68261632","3656.4929485321","10","15","235","240","-1","4","False"
"231","7","6","45","5","38","7","5","78","52161.4569031147","-116976.386481613","3657.68261632","3656.4929485321","11","16","236","241","-1","3","False"
"232","7","7","45","5","37","7","5","78","48801.6273007557","-116976.386481613","3657.68261632","3656.4929485321","12","17","237","242","-1","3","False"
"233","7","8","45","5","36","7","5","78","45441.7976983968","-116976.386481613","3657.68261632","3656.4929485321","13","18","238","243","-1","3","False"
"234","7","9","45","5","35","7","5","78","42081.9680960379","-116976.386481613","3657.68261632","3656.4929485321","14","19","239","244","-1","3","False"
"235","7","10","45","5","34","7","5","78","38722.138493679","-116976.386481613","3657.68261632","3656.4929485321","15","20","240","245","-1","4","False"
"236","7","11","45","5","33","7","5","78","35362.3088913201","-116976.386481613","3657.68261632","3656.4929485321","16","21","241","246","-1","3","False"
"237","7","12","45","5","32","7","5","78","32002.4792889612","-116976.386481613","3657.68261632","3656.4929485321","17","22","242","247","-1","3","False"
"238","7","13","45","5","31","7","5","78","28642.6496866022","-116976.386481613","3657.68261632","3656.4929485321","18","23","243","248","-1","3","False"
"239","7","14","45","5","30","7","5","78","25282.8200842433","-116976.386481613","3657.68261632","3656.4929485321","19","24","244","249","-1","3","False"
"240","7","15","45","5","29","7","5","78","21922.9904818844","-116976.386481613","3657.68261632","3656.4929485321","20","25","245","250","3","4","True"
"241","7","16","45","5","28","7","5","78","18563.1608795255","-116976.386481613","3657.68261632","3656.4929485321","21","26","246","251","3","3","True"
"242","7","17","45","5","27","7","5","78","15203.3312771666","-116976.386481613","3657.68261632","3656.4929485321","22","27","247","252","3","3","True"
"243","7","18","45","5","26","7","5","78","11843.5016748077","-116976.386481613","3657.68261632","3656.4929485321","23","28","248","253","3","3","True"
"244","7","19","45","5","25","7","5","78","8483.67207244875","-116976.386481613","3657.68261632","3656.4929485321","24","29","249","254","3","3","True"
"245","7","20","45","5","24","7","5","78","5123.84247008982","-116976.386481613","3657.68261632","3656.4929485321","25","30","250","255","-1","4","False"
"246","7","21","45","5","23","7","5","78","1764.01286773091","-116976.386481613","3657.68261632","3656.4929485321","26","31","251","256","-1","3","False"
"247","7","22","45","5","22","7","5","78","-1595.816734628","-116976.386481613","3657.68261632","3656.4929485321","27","32","252","257","-1","3","False"
"248","7","23","45","5","21","7","5","78","-4955.64633698692","-116976.386481613","3657.68261632","3656.4929485321","28","33","253","258","-1","3","False"
"249","7","24","45","5","20","7","5","78","-8315.47593934583","-116976.386481613","3657.68261632","3656.4929485321","29","34","254","259","-1","3","False"
"250","7","25","45","5","19","7","5","78","-11675.3055417048","-116976.386481613","3657.68261632","3656.4929485321","30","35","255","260","-1","4","False"
"251","7","26","45","5","18","7","5","78","-15035.1351440637","-116976.386481613","3657.68261632","3656.4929485321","31","36","256","261","-1","3","False"
"252","7","27","45","5","17","7","5","78","-18394.9647464226","-116976.386481613","3657.68261632","3656.4929485321","32","37","257","262","-1","3","False"
"253","7","28","45","5","16","7","5","78","-21754.7943487815","-116976.386481613","3657.68261632","3656.4929485321","33","38","258","263","-1","3","False"
"254","7","29","45","5","15","7","5","78","-25114.6239511404","-116976.386481613","3657.68261632","3656.4929485321","34","39","259","264","-1","3","False"
"255","7","30","45","5","14","7","5","78","-28474.4535534993","-116976.386481613","3657.68261632","3656.4929485321","35","40","260","265","3","4","True"
"256","7","31","45","5","13","7","5","78","-31834.2831558582","-116976.386481613","3657.68261632","3656.4929485321","36","41","261","266","3","3","True"
"257","7","32","45","5","12","7","5","78","-35194.1127582172","-116976.386481613","3657.68261632","3656.4929485321","37","42","262","267","3","3","True"
"258","7","33","45","5","11","7","5","78","-38553.9423605761","-116976.386481613","3657.68261632","3656.4929485321","38","43","263","268","3","3","True"
"259","7","34","45","5","10","7","5","78","-41913.771962935","-116976.386481613","3657.68261632","3656.4929485321","39","44","264","269","3","3","True"
"260","7","35","45","5","9","7","5","78","-45273.6015652939","-116976.386481613","3657.68261632","3656.4929485321","25","30","250","255","-1","4","False"
"261","7","36","45","5","8","7","5","78","-48633.4311676528","-116976.386481613","3657.68261632","3656.4929485321","26","31","251","256","-1","3","False"
"262","7","37","45","5","7","7","5","78","-51993.2607700118","-116976.386481613","3657.68261632","3656.4929485321","27","32","252","257","-1","3","False"
"263","7","38","45","5","6","7","5","78","-55353.0903723707","-116976.386481613","3657.68261632","3656.4929485321","28","33","253","258","-1","3","False"
"264","7","39","45","5","5","7","5","78","-58712.9199747296","-116976.386481613","3657.68261632","3656.4929485321","29","34","254","259","-1","3","False"
"265","7","40","45","5","4","7","5","78","-62072.7495770885","-116976.386481613","3657.68261632","3656.4929485321","30","35","255","260","-1","4","False"
"266","7","41","45","5","3","7","5","78","-65432.5791794474","-116976.386481613","3657.68261632","3656.4929485321","31","36","256","261","-1","3","False"
"267","7","42","45","5","2","7","5","78","-68792.4087818064","-116976.386481613","3657.68261632","3656.4929485321","32","37","257","262","-1","3","False"
"268","7","43","45","5","1","7","5","78","-72152.2383841653","-116976.386481613","3657.68261632","3656.4929485321","33","38","258","263","-1","3","False"
"269","7","44","45","5","0","7","5","78","-75512.0679865242","-116976.386481613","3657.68261632","3656.4929485321","34","39","259","264","-1","3","False"
"270","8","0","55","5","0","8","5","78","-92311.2165460945","-113332.946235031","3657.68261632","3656.4929485321","5","10","275","280","3","1","True"
"271","8","1","55","5","1","8","5","78","-88951.3869437356","-113332.946235031","3657.68261632","3656.4929485321","6","11","276","281","3","2","True"
"272","8","2","55","5","2","8","5","78","-85591.5573413767","-113332.946235031","3657.68261632","3656.4929485321","7","12","277","282","3","2","True"
"273","8","3","55","5","3","8","5","78","-82231.7277390177","-113332.946235031","3657.68261632","3656.4929485321","8","13","278","283","3","2","True"
"274","8","4","55","5","4","8","5","78","-78871.8981366588","-113332.946235031","3657.68261632","3656.4929485321","9","14","279","284","3","5","True"
"275","8","5","55","5","5","8","5","78","-75512.0685342999","-113332.946235031","3657.68261632","3656.4929485321","10","15","280","285","-1","4","False"
"276","8","6","55","5","6","8","5","78","-72152.238931941","-113332.946235031","3657.68261632","3656.4929485321","11","16","281","286","-1","4","False"
"277","8","7","55","5","7","8","5","78","-68792.4093295821","-113332.946235031","3657.68261632","3656.4929485321","12","17","282","287","-1","4","False"
"278","8","8","55","5","8","8","5","78","-65432.5797272231","-113332.946235031","3657.68261632","3656.4929485321","13","18","283","288","-1","4","False"
"279","8","9","55","5","9","8","5","78","-62072.7501248642","-113332.946235031","3657.68261632","3656.4929485321","14","19","284","289","-1","6","False"
"280","8","10","55","5","10","8","5","78","-58712.9205225053","-113332.946235031","3657.68261632","3656.4929485321","15","20","285","290","-1","4","False"
"281","8","11","55","5","11","8","5","78","-55353.0909201464","-113332.946235031","3657.68261632","3656.4929485321","16","21","286","291","-1","4","False"
"282","8","12","55","5","12","8","5","78","-51993.2613177875","-113332.946235031","3657.68261632","3656.4929485321","17","22","287","292","-1","4","False"
"283","8","13","55","5","13","8","5","78","-48633.4317154286","-113332.946235031","3657.68261632","3656.4929485321","18","23","288","293","-1","4","False"
"284","8","14","55","5","14","8","5","78","-45273.6021130697","-113332.946235031","3657.68261632","3656.4929485321","19","24","289","294","-1","6","False"
"285","8","15","55","5","15","8","5","78","-41913.7725107107","-113332.946235031","3657.68261632","3656.4929485321","20","25","290","295","3","4","True"
"286","8","16","55","5","16","8","5","78","-38553.9429083518","-113332.946235031","3657.68261632","3656.4929485321","21","26","291","296","3","4","True"
"287","8","17","55","5","17","8","5","78","-35194.1133059929","-113332.946235031","3657.68261632","3656.4929485321","22","27","292","297","3","4","True"
"288","8","18","55","5","18","8","5","78","-31834.283703634","-113332.946235031","3657.68261632","3656.4929485321","23","28","293","298","3","4","True"
"289","8","19","55","5","19","8","5","78","-28474.4541012751","-113332.946235031","3657.68261632","3656.4929485321","24","29","294","299","3","6","True"
"290","8","20","55","5","20","8","5","78","-25114.6244989161","-113332.946235031","3657.68261632","3656.4929485321","25","30","295","300","-1","4","False"
"291","8","21","55","5","21","8","5","78","-21754.7948965572","-113332.946235031","3657.68261632","3656.4929485321","26","31","296","301","-1","4","False"
"292","8","22","55","5","22","8","5","78","-18394.9652941983","-113332.946235031","3657.68261632","3656.4929485321","27","32","297","302","-1","4","False"
"293","8","23","55","5","23","8","5","78","-15035.1356918394","-113332.946235031","3657.68261632","3656.4929485321","28","33","298","303","-1","4","False"
"294","8","24","55","5","24","8","5","78","-11675.3060894805","-113332.946235031","3657.68261632","3656.4929485321","29","34","299","304","-1","6","False"
"295","8","25","55","5","25","8","5","78","-8315.47648712156","-113332.946235031","3657.68261632","3656.4929485321","30","35","300","305","-1","4","False"
"296","8","26","55","5","26","8","5","78","-4955.64688476265","-113332.946235031","3657.68261632","3656.4929485321","31","36","301","306","-1","4","False"
"297","8","27","55","5","27","8","5","78","-1595.81728240374","-113332.946235031","3657.68261632","3656.4929485321","32","37","302","307","-1","4","False"
"298","8","28","55","5","28","8","5","78","1764.01231995518","-113332.946235031","3657.68261632","3656.4929485321","33","38","303","308","-1","4","False"
"299","8","29","55","5","29","8","5","78","5123.84192231409","-113332.946235031","3657.68261632","3656.4929485321","34","39","304","309","-1","6","False"
"300","8","30","55","5","30","8","5","78","8483.67152467302","-113332.946235031","3657.68261632","3656.4929485321","35","40","305","310","3","4","True"
"301","8","31","55","5","31","8","5","78","11843.5011270319","-113332.946235031","3657.68261632","3656.4929485321","36","41","306","311","3","4","True"
"302","8","32","55","5","32","8","5","78","15203.3307293908","-113332.946235031","3657.68261632","3656.4929485321","37","42","307","312","3","4","True"
"303","8","33","55","5","33","8","5","78","18563.1603317498","-113332.946235031","3657.68261632","3656.4929485321","38","43","308","313","3","4","True"
"304","8","34","55","5","34","8","5","78","21922.9899341087","-113332.946235031","3657.68261632","3656.4929485321","39","44","309","314","3","6","True"
"305","8","35","55","5","35","8","5","78","25282.8195364676","-113332.946235031","3657.68261632","3656.4929485321","40","45","310","315","-1","4","False"
"306","8","36","55","5","36","8","5","78","28642.6491388265","-113332.946235031","3657.68261632","3656.4929485321","41","46","311","316","-1","4","False"
"307","8","37","55","5","37","8","5","78","32002.4787411854","-113332.946235031","3657.68261632","3656.4929485321","42","47","312","317","-1","4","False"
"308","8","38","55","5","38","8","5","78","35362.3083435443","-113332.946235031","3657.68261632","3656.4929485321","43","48","313","318","-1","4","False"
"309","8","39","55","5","39","8","5","78","38722.1379459033","-113332.946235031","3657.68261632","3656.4929485321","44","49","314","319","-1","6","False"
"310","8","40","55","5","40","8","5","78","42081.9675482622","-113332.946235031","3657.68261632","3656.4929485321","45","50","315","320","-1","4","False"
"311","8","41","55","5","41","8","5","78","45441.7971506211","-113332.946235031","3657.68261632","3656.4929485321","46","51","316","321","-1","4","False"
"312","8","42","55","5","42","8","5","78","48801.62675298","-113332.946235031","3657.68261632","3656.4929485321","47","52","317","322","-1","4","False"
"313","8","43","55","5","43","8","5","78","52161.4563553389","-113332.946235031","3657.68261632","3656.4929485321","48","53","318","323","-1","4","False"
"314","8","44","55","5","44","8","5","78","55521.2859576979","-113332.946235031","3657.68261632","3656.4929485321","49","54","319","324","-1","6","False"
"315","8","45","55","5","45","8","5","78","58881.1155600568","-113332.946235031","3657.68261632","3656.4929485321","35","40","305","310","-1","4","False"
"316","8","46","55","5","46","8","5","78","62240.9451624157","-113332.946235031","3657.68261632","3656.4929485321","36","41","306","311","-1","4","False"
"317","8","47","55","5","47","8","5","78","65600.7747647746","-113332.946235031","3657.68261632","3656.4929485321","37","42","307","312","-1","4","False"
"318","8","48","55","5","48","8","5","78","68960.6043671335","-113332.946235031","3657.68261632","3656.4929485321","38","43","308","313","-1","4","False"
"319","8","49","55","5","49","8","5","78","72320.4339694924","-113332.946235031","3657.68261632","3656.4929485321","39","44","309","314","-1","5","False"
"320","8","50","55","5","50","8","5","78","75680.2635718514","-113332.946235031","3657.68261632","3656.4929485321","40","45","310","315","2","3","True"
"321","8","51","55","5","51","8","5","78","79040.0931742103","-113332.946235031","3657.68261632","3656.4929485321","41","46","311","316","2","2","True"
"322","8","52","55","5","52","8","5","78","82399.9227765692","-113332.946235031","3657.68261632","3656.4929485321","42","47","312","317","2","2","True"
"323","8","53","55","5","53","8","5","78","85759.7523789281","-113332.946235031","3657.68261632","3656.4929485321","43","48","313","318","2","2","True"
"324","8","54","55","5","54","8","5","78","89119.581981287","-113332.946235031","3657.68261632","3656.4929485321","44","49","314","319","2","2","True"
"325","9","0","55","5","54","9","5","78","89119.581981287","-109689.498359055","3657.68261632","3656.4929485321","5","10","330","335","3","2","True"
"326","9","1","55","5","53","9","5","78","85759.7523789281","-109689.498359055","3657.68261632","3656.4929485321","6","11","331","336","3","3","True"
"327","9","2","55","5","52","9","5","78","82399.9227765692","-109689.498359055","3657.68261632","3656.4929485321","7","12","332","337","3","3","True"
"328","9","3","55","5","51","9","5","78","79040.0931742103","-109689.498359055","3657.68261632","3656.4929485321","8","13","333","338","3","3","True"
"329","9","4","55","5","50","9","5","78","75680.2635718514","-109689.498359055","3657.68261632","3656.4929485321","9","14","334","339","3","3","True"
"330","9","5","55","5","49","9","5","78","72320.4339694924","-109689.498359055","3657.68261632","3656.4929485321","10","15","335","340","-1","4","False"
"331","9","6","55","5","48","9","5","78","68960.6043671335","-109689.498359055","3657.68261632","3656.4929485321","11","16","336","341","-1","3","False"
"332","9","7","55","5","47","9","5","78","65600.7747647746","-109689.498359055","3657.68261632","3656.4929485321","12","17","337","342","-1","3","False"
"333","9","8","55","5","46","9","5","78","62240.9451624157","-109689.498359055","3657.68261632","3656.4929485321","13","18","338","343","-1","3","False"
"334","9","9","55","5","45","9","5","78","58881.1155600568","-109689.498359055","3657.68261632","3656.4929485321","14","19","339","344","-1","3","False"
"335","9","10","55","5","44","9","5","78","55521.2859576979","-109689.498359055","3657.68261632","3656.4929485321","15","20","340","345","-1","4","False"
"336","9","11","55","5","43","9","5","78","52161.4563553389","-109689.498359055","3657.68261632","3656.4929485321","16","21","341","346","-1","3","False"
"337","9","12","55","5","42","9","5","78","48801.62675298","-109689.498359055","3657.68261632","3656.4929485321","17","22","342","347","-1","3","False"
"338","9","13","55","5","41","9","5","78","45441.7971506211","-109689.498359055","3657.68261632","3656.4929485321","18","23","343","348","-1","3","False"
"339","9","14","55","5","40","9","5","78","42081.9675482622","-109689.498359055","3657.68261632","3656.4929485321","19","24","344","349","-1","3","False"
"340","9","15","55","5","39","9","5","78","38722.1379459033","-109689.498359055","3657.68261632","3656.4929485321","20","25","345","350","3","4","True"
"341","9","16","55","5","38","9","5","78","35362.3083435443","-109689.498359055","3657.68261632","3656.4929485321","21","26","346","351","3","3","True"
"342","9","17","55","5","37","9","5","78","32002.4787411854","-109689.498359055","3657.68261632","3656.4929485321","22","27","347","352","3","3","True"
"343","9","18","55","5","36","9","5","78","28642.6491388265","-109689.498359055","3657.68261632","3656.4929485321","23","28","348","353","3","3","True"
"344","9","19","55","5","35","9","5","78","25282.8195364676","-109689.498359055","3657.68261632","3656.4929485321","24","29","349","354","3","3","True"
"345","9","20","55","5","34","9","5","78","21922.9899341087","-109689.498359055","3657.68261632","3656.4929485321","25","30","350","355","-1","4","False"
"346","9","21","55","5","33","9","5","78","18563.1603317498","-109689.498359055","3657.68261632","3656.4929485321","26","31","351","356","-1","3","False"
"347","9","22","55","5","32","9","5","78","15203.3307293908","-109689.498359055","3657.68261632","3656.4929485321","27","32","352","357","-1","3","False"
"348","9","23","55","5","31","9","5","78","11843.5011270319","-109689.498359055","3657.68261632","3656.4929485321","28","33","353","358","-1","3","False"
"349","9","24","55","5","30","9","5","78","8483.67152467302","-109689.498359055","3657.68261632","3656.4929485321","29","34","354","359","-1","3","False"
"350","9","25","55","5","29","9","5","78","5123.84192231409","-109689.498359055","3657.68261632","3656.4929485321","30","35","355","360","-1","4","False"
"351","9","26","55","5","28","9","5","78","1764.01231995518","-109689.498359055","3657.68261632","3656.4929485321","31","36","356","361","-1","3","False"
"352","9","27","55","5","27","9","5","78","-1595.81728240374","-109689.498359055","3657.68261632","3656.4929485321","32","37","357","362","-1","3","False"
"353","9","28","55","5","26","9","5","78","-4955.64688476265","-109689.498359055","3657.68261632","3656.4929485321","33","38","358","363","-1","3","False"
"354","9","29","55","5","25","9","5","78","-8315.47648712156","-109689.498359055","3657.68261632","3656.4929485321","34","39","359","364","-1","3","False"
"355","9","30","55","5","24","9","5","78","-11675.3060894805","-109689.498359055","3657.68261632","3656.4929485321","35","40","360","365","3","4","True"
"356","9","31","55","5","23","9","5","78","-15035.1356918394","-109689.498359055","3657.68261632","3656.4929485321","36","41","361","366","3","3","True"
"357","9","32","55","5","22","9","5","78","-18394.9652941983","-109689.498359055","3657.68261632","3656.4929485321","37","42","362","367","3","3","True"
"358","9","33","55","5","21","9","5","78","-21754.7948965572","-109689.498359055","3657.68261632","3656.4929485321","38","43","363","368","3","3","True"
"359","9","34","55","5","20","9","5","78","-25114.6244989161","-109689.498359055","3657.68261632","3656.4929485321","39","44","364","369","3","3","True"
"360","9","35","55","5","19","9","5","78","-28474.4541012751","-109689.498359055","3657.68261632","3656.4929485321","40","45","365","370","-1","4","False"
"361","9","36","55","5","18","9","5","78","-31834.283703634","-109689.498359055","3657.68261632","3656.4929485321","41","46","366","371","-1","3","False"
"362","9","37","55","5","17","9","5","78","-35194.1133059929","-109689.498359055","3657.68261632","3656.4929485321","42","47","367","372","-1","3","False"
"363","9","38","55","5","16","9","5","78","-38553.9429083518","-109689.498359055","3657.68261632","3656.4929485321","43","48","368","373","-1","3","False"
"364","9","39","55","5","15","9","5","78","-41913.7725107107","-109689.498359055","3657.68261632","3656.4929485321","44","49","369","374","-1","3","False"
"365","9","40","55","5","14","9","5","78","-45273.6021130697","-109689.498359055","3657.68261632","3656.4929485321","45","50","370","375","-1","4","False"
"366","9","41","55","5","13","9","5","78","-48633.4317154286","-109689.498359055","3657.68261632","3656.4929485321","46","51","371","376","-1","3","False"
"367","9","42","55","5","12","9","5","78","-51993.2613177875","-109689.498359055","3657.68261632","3656.4929485321","47","52","372","377","-1","3","False"
"368","9","43","55","5","11","9","5","78","-55353.0909201464","-109689.498359055","3657.68261632","3656.4929485321","48","53","373","378","-1","3","False"
"369","9","44","55","5","10","9","5","78","-58712.9205225053","-109689.498359055","3657.68261632","3656.4929485321","49","54","374","379","-1","3","False"
"370","9","45","55","5","9","9","5","78","-62072.7501248642","-109689.498359055","3657.68261632","3656.4929485321","35","40","360","365","-1","4","False"
"371","9","46","55","5","8","9","5","78","-65432.5797272231","-109689.498359055","3657.68261632","3656.4929485321","36","41","361","366","-1","3","False"
"372","9","47","55","5","7","9","5","78","-68792.4093295821","-109689.498359055","3657.68261632","3656.4929485321","37","42","362","367","-1","3","False"
"373","9","48","55","5","6","9","5","78","-72152.238931941","-109689.498359055","3657.68261632","3656.4929485321","38","43","363","368","-1","3","False"
"374","9","49","55","5","5","9","5","78","-75512.0685342999","-109689.498359055","3657.68261632","3656.4929485321","39","44","364","369","-1","3","False"
"375","9","50","55","5","4","9","5","78","-78871.8981366588","-109689.498359055","3657.68261632","3656.4929485321","40","45","365","370","2","4","True"
"376","9","51","55","5","3","9","5","78","-82231.7277390177","-109689.498359055","3657.68261632","3656.4929485321","41","46","366","371","2","3","True"
"377","9","52","55","5","2","9","5","78","-85591.5573413767","-109689.498359055","3657.68261632","3656.4929485321","42","47","367","372","2","3","True"
"378","9","53","55","5","1","9","5","78","-88951.3869437356","-109689.498359055","3657.68261632","3656.4929485321","43","48","368","373","2","3","True"
"379","9","54","55","5","0","9","5","78","-92311.2165460945","-109689.498359055","3657.68261632","3656.4929485321","44","49","369","374","2","3","True"
"380","10","0","55","5","0","10","5","78","-92311.2165460945","-106046.058112473","3657.68261632","3656.4929485321","5","10","385","390","3","3","True"
"381","10","1","55","5","1","10","5","78","-88951.3869437356","-106046.058112473","3657.68261632","3656.4929485321","6","11","386","391","3","4","True"
"382","10","2","55","5","2","10","5","78","-85591.5573413767","-106046.058112473","3657.68261632","3656.4929485321","7","12","387","392","3","4","True"
"383","10","3","55","5","3","10","5","78","-82231.7277390177","-106046.058112473","3657.68261632","3656.4929485321","8","13","388","393","3","4","True"
"384","10","4","55","5","4","10","5","78","-78871.8981366588","-106046.058112473","3657.68261632","3656.4929485321","9","14","389","394","3","6","True"
"385","10","5","55","5","5","10","5","78","-75512.0685342999","-106046.058112473","3657.68261632","3656.4929485321","10","15","390","395","-1","4","False"
"386","10","6","55","5","6","10","5","78","-72152.238931941","-106046.058112473","3657.68261632","3656.4929485321","11","16","391","396","-1","4","False"
"387","10","7","55","5","7","10","5","78","-68792.4093295821","-106046.058112473","3657.68261632","3656.4929485321","12","17","392","397","-1","4","False"
"388","10","8","55","5","8","10","5","78","-65432.5797272231","-106046.058112473","3657.68261632","3656.4929485321","13","18","393","398","-1","4","False"
"389","10","9","55","5","9","10","5","78","-62072.7501248642","-106046.058112473","3657.68261632","3656.4929485321","14","19","394","399","-1","6","False"
"390","10","10","55","5","10","10","5","78","-58712.9205225053","-106046.058112473","3657.68261632","3656.4929485321","15","20","395","400","-1","4","False"
"391","10","11","55","5","11","10","5","78","-55353.0909201464","-106046.058112473","3657.68261632","3656.4929485321","16","21","396","401","-1","4","False"
"392","10","12","55","5","12","10","5","78","-51993.2613177875","-106046.058112473","3657.68261632","3656.4929485321","17","22","397","402","-1","4","False"
"393","10","13","55","5","13","10","5","78","-48633.4317154286","-106046.058112473","3657.68261632","3656.4929485321","18","23","398","403","-1","4","False"
"394","10","14","55","5","14","10","5","78","-45273.6021130697","-106046.058112473","3657.68261632","3656.4929485321","19","24","399","404","-1","6","False"
"395","10","15","55","5","15","10","5","78","-41913.7725107107","-106046.058112473","3657.68261632","3656.4929485321","20","25","400","405","3","4","True"
"396","10","16","55","5","16","10","5","78","-38553.9429083518","-106046.058112473","3657.68261632","3656.4929485321","21","26","401","406","3","4","True"
"397","10","17","55","5","17","10","5","78","-35194.1133059929","-106046.058112473","3657.68261632","3656.4929485321","22","27","402","407","3","4","True"
"398","10","18","55","5","18","10","5","78","-31834.283703634","-106046.058112473","3657.68261632","3656.4929485321","23","28","403","408","3","4","True"
"399","10","19","55","5","19","10","5","78","-28474.4541012751","-106046.058112473","3657.68261632","3656.4929485321","24","29","404","409","3","6","True"
"400","10","20","55","5","20","10","5","78","-25114.6244989161","-106046.058112473","3657.68261632","3656.4929485321","25","30","405","410","-1","4","False"
"401","10","21","55","5","21","10","5","78","-21754.7948965572","-106046.058112473","3657.68261632","3656.4929485321","26","31","406","411","-1","4","False"
"402","10","22","55","5","22","10","5","78","-18394.9652941983","-106046.058112473","3657.68261632","3656.4929485321","27","32","407","412","-1","4","False"
"403","10","23","55","5","23","10","5","78","-15035.1356918394","-106046.058112473","3657.68261632","3656.4929485321","28","33","408","413","-1","4","False"
"404","10","24","55","5","24","10","5","78","-11675.3060894805","-106046.058112473","3657.68261632","3656.4929485321","29","34","409","414","-1","6","False"
"405","10","25","55","5","25","10","5","78","-8315.47648712156","-106046.058112473","3657.68261632","3656.4929485321","30","35","410","415","-1","4","False"
"406","10","26","55","5","26","10","5","78","-4955.64688476265","-106046.058112473","3657.68261632","3656.4929485321","31","36","411","416","-1","4","False"
"407","10","27","55","5","27","10","5","78","-1595.81728240374","-106046.058112473","3657.68261632","3656.4929485321","32","37","412","417","-1","4","False"
"408","10","28","55","5","28","10","5","78","1764.01231995518","-106046.058112473","3657.68261632","3656.4929485321","33","38","413","418","-1","4","False"
"409","10","29","55","5","29","10","5","78","5123.84192231409","-106046.058112473","3657.68261632","3656.4929485321","34","39","414","419","-1","6","False"
"410","10","30","55","5","30","10","5","78","8483.67152467302","-106046.058112473","3657.68261632","3656.4929485321","35","40","415","420","3","4","True"
"411","10","31","55","5","31","10","5","78","11843.5011270319","-106046.058112473","3657.68261632","3656.4929485321","36","41","416","421","3","4","True"
"412","10","32","55","5","32","10","5","78","15203.3307293908","-106046.058112473","3657.68261632","3656.4929485321","37","42","417","422","3","4","True"
"413","10","33","55","5","33","10","5","78","18563.1603317498","-106046.058112473","3657.68261632","3656.4929485321","38","43","418","423","3","4","True"
"414","10","34","55","5","34","10","5","78","21922.9899341087","-106046.058112473","3657.68261632","3656.4929485321","39","44","419","424","3","6","True"
"415","10","35","55","5","35","10","5","78","25282.8195364676","-106046.058112473","3657.68261632","3656.4929485321","40","45","420","425","-1","4","False"
"416","10","36","55","5","36","10","5","78","28642.6491388265","-106046.058112473","3657.68261632","3656.4929485321","41","46","421","426","-1","4","False"
"417","10","37","55","5","37","10","5","78","32002.4787411854","-106046.058112473","3657.68261632","3656.4929485321","42","47","422","427","-1","4","False"
"418","10","38","55","5","38","10","5","78","35362.3083435443","-106046.058112473","3657.68261632","3656.4929485321","43","48","423","428","-1","4","False"
"419","10","39","55","5","39","10","5","78","38722.1379459033","-106046.058112473","3657.68261632","3656.4929485321","44","49","424","429","-1","6","False"
"420","10","40","55","5","40","10","5","78","42081.9675482622","-106046.058112473","3657.68261632","3656.4929485321","45","50","425","430","-1","4","False"
"421","10","41","55","5","41","10","5","78","45441.7971506211","-106046.058112473","3657.68261632","3656.4929485321","46","51","426","431","-1","4","False"
"422","10","42","55","5","42","10","5","78","48801.62675298","-106046.058112473","3657.68261632","3656.4929485321","47","52","427","432","-1","4","False"
"423","10","43","55","5","43","10","5","78","52161.4563553389","-106046.058112473","3657.68261632","3656.4929485321","48","53","428","433","-1","4","False"
"424","10","44","55","5","44","10","5","78","55521.2859576979","-106046.058112473","3657.68261632","3656.4929485321","49","54","429","434","-1","6","False"
"425","10","45","55","5","45","10","5","78","58881.1155600568","-106046.058112473","3657.68261632","3656.4929485321","35","40","415","420","-1","4","False"
"426","10","46","55","5","46","10","5","78","62240.9451624157","-106046.058112473","3657.68261632","3656.4929485321","36","41","416","421","-1","4","False"
"427","10","47","55","5","47","10","5","78","65600.7747647746","-106046.058112473","3657.68261632","3656.4929485321","37","42","417","422","-1","4","False"
"428","10","48","55","5","48","10","5","78","68960.6043671335","-106046.058112473","3657.68261632","3656.4929485321","38","43","418","423","-1","4","False"
"429","10","49","55","5","49","10","5","78","72320.4339694924","-106046.058112473","3657.68261632","3656.4929485321","39","44","419","424","-1","6","False"
"430","10","50","55","5","50","10","5","78","75680.2635718514","-106046.058112473","3657.68261632","3656.4929485321","40","45","420","425","2","4","True"
"431","10","51","55","5","51","10","5","78","79040.0931742103","-106046.058112473","3657.68261632","3656.4929485321","41","46","421","426","2","4","True"
"432","10","52","55","5","52","10","5","78","82399.9227765692","-106046.058112473","3657.68261632","3656.4929485321","42","47","422","427","2","4","True"
"433","10","53","55","5","53","10","5","78","85759.7523789281","-106046.058112473","3657.68261632","3656.4929485321","43","48","423","428","2","4","True"
"434","10","54","55","5","54","10","5","78","89119.581981287","-106046.058112473","3657.68261632","3656.4929485321","44","49","424","429","2","4","True"
"435","11","0","55","5","54","11","5","78","89119.581981287","-102402.610236496","3657.68261632","3656.4929485321","5","10","440","445","3","2","True"
"436","11","1","55","5","53","11","5","78","85759.7523789281","-102402.610236496","3657.68261632","3656.4929485321","6","11","441","446","3","3","True"
"437","11","2","55","5","52","11","5","78","82399.9227765692","-102402.610236496","3657.68261632","3656.4929485321","7","12","442","447","3","3","True"
"438","11","3","55","5","51","11","5","78","79040.0931742103","-102402.610236496","3657.68261632","3656.4929485321","8","13","443","448","3","3","True"
"439","11","4","55","5","50","11","5","78","75680.2635718514","-102402.610236496","3657.68261632","3656.4929485321","9","14","444","449","3","3","True"
"440","11","5","55","5","49","11","5","78","72320.4339694924","-102402.610236496","3657.68261632","3656.4929485321","10","15","445","450","-1","4","False"
"441","11","6","55","5","48","11","5","78","68960.6043671335","-102402.610236496","3657.68261632","3656.4929485321","11","16","446","451","-1","3","False"
"442","11","7","55","5","47","11","5","78","65600.7747647746","-102402.610236496","3657.68261632","3656.4929485321","12","17","447","452","-1","3","False"
"443","11","8","55","5","46","11","5","78","62240.9451624157","-102402.610236496","3657.68261632","3656.4929485321","13","18","448","453","-1","3","False"
"444","11","9","55","5","45","11","5","78","58881.1155600568","-102402.610236496","3657.68261632","3656.4929485321","14","19","449","454","-1","3","False"
"445","11","10","55","5","44","11","5","78","55521.2859576979","-102402.610236496","3657.68261632","3656.4929485321","15","20","450","455","-1","4","False"
"446","11","11","55","5","43","11","5","78","52161.4563553389","-102402.610236496","3657.68261632","3656.4929485321","16","21","451","456","-1","3","False"
"447","11","12","55","5","42","11","5","78","48801.62675298","-102402.610236496","3657.68261632","3656.4929485321","17","22","452","457","-1","3","False"
"448","11","13","55","5","41","11","5","78","45441.7971506211","-102402.610236496","3657.68261632","3656.4929485321","18","23","453","458","-1","3","False"
"449","11","14","55","5","40","11","5","78","42081.9675482622","-102402.610236496","3657.68261632","3656.4929485321","19","24","454","459","-1","3","False"
"450","11","15","55","5","39","11","5","78","38722.1379459033","-102402.610236496","3657.68261632","3656.4929485321","20","25","455","460","3","4","True"
"451","11","16","55","5","38","11","5","78","35362.3083435443","-102402.610236496","3657.68261632","3656.4929485321","21","26","456","461","3","3","True"
"452","11","17","55","5","37","11","5","78","32002.4787411854","-102402.610236496","3657.68261632","3656.4929485321","22","27","457","462","3","3","True"
"453","11","18","55","5","36","11","5","78","28642.6491388265","-102402.610236496","3657.68261632","3656.4929485321","23","28","458","463","3","3","True"
"454","11","19","55","5","35","11","5","78","25282.8195364676","-102402.610236496","3657.68261632","3656.4929485321","24","29","459","464","3","3","True"
"455","11","20","55","5","34","11","5","78","21922.9899341087","-102402.610236496","3657.68261632","3656.4929485321","25","30","460","465","-1","4","False"
"456","11","21","55","5","33","11","5","78","18563.1603317498","-102402.610236496","3657.68261632","3656.4929485321","26","31","461","466","-1","3","False"
"457","11","22","55","5","32","11","5","78","15203.3307293908","-102402.610236496","3657.68261632","3656.4929485321","27","32","462","467","-1","3","False"
"458","11","23","55","5","31","11","5","78","11843.5011270319","-102402.610236496","3657.68261632","3656.4929485321","28","33","463","468","-1","3","False"
"459","11","24","55","5","30","11","5","78","8483.67152467302","-102402.610236496","3657.68261632","3656.4929485321","29","34","464","469","-1","3","False"
"460","11","25","55","5","29","11","5","78","5123.84192231409","-102402.610236496","3657.68261632","3656.4929485321","30","35","465","470","-1","4","False"
"461","11","26","55","5","28","11","5","78","1764.01231995518","-102402.610236496","3657.68261632","3656.4929485321","31","36","466","471","-1","3","False"
"462","11","27","55","5","27","11","5","78","-1595.81728240374","-102402.610236496","3657.68261632","3656.4929485321","32","37","467","472","-1","3","False"
"463","11","28","55","5","26","11","5","78","-4955.64688476265","-102402.610236496","3657.68261632","3656.4929485321","33","38","468","473","-1","3","False"
"464","11","29","55","5","25","11","5","78","-8315.47648712156","-102402.610236496","3657.68261632","3656.4929485321","34","39","469","474","-1","3","False"
"465","11","30","55","5","24","11","5","78","-11675.3060894805","-102402.610236496","3657.68261632","3656.4929485321","35","40","470","475","3","4","True"
"466","11","31","55","5","23","11","5","78","-15035.1356918394","-102402.610236496","3657.68261632","3656.4929485321","36","41","471","476","3","3","True"
"467","11","32","55","5","22","11","5","78","-18394.9652941983","-102402.610236496","3657.68261632","3656.4929485321","37","42","472","477","3","3","True"
"468","11","33","55","5","21","11","5","78","-21754.7948965572","-102402.610236496","3657.68261632","3656.4929485321","38","43","473","478","3","3","True"
"469","11","34","55","5","20","11","5","78","-25114.6244989161","-102402.610236496","3657.68261632","3656.4929485321","39","44","474","479","3","3","True"
"470","11","35","55","5","19","11","5","78","-28474.4541012751","-102402.610236496","3657.68261632","3656.4929485321","40","45","475","480","-1","4","False"
"471","11","36","55","5","18","11","5","78","-31834.283703634","-102402.610236496","3657.68261632","3656.4929485321","41","46","476","481","-1","3","False"
"472","11","37","55","5","17","11","5","78","-35194.1133059929","-102402.610236496","3657.68261632","3656.4929485321","42","47","477","482","-1","3","False"
"473","11","38","55","5","16","11","5","78","-38553.9429083518","-102402.610236496","3657.68261632","3656.4929485321","43","48","478","483","-1","3","False"
"474","11","39","55","5","15","11","5","78","-41913.7725107107","-102402.610236496","3657.68261632","3656.4929485321","44","49","479","484","-1","3","False"
"475","11","40","55","5","14","11","5","78","-45273.6021130697","-102402.610236496","3657.68261632","3656.4929485321","45","50","480","485","-1","4","False"
"476","11","41","55","5","13","11","5","78","-48633.4317154286","-102402.610236496","3657.68261632","3656.4929485321","46","51","481","486","-1","3","False"
"477","11","42","55","5","12","11","5","78","-51993.2613177875","-102402.610236496","3657.68261632","3656.4929485321","47","52","482","487","-1","3","False"
"478","11","43","55","5","11","11","5","78","-55353.0909201464","-102402.610236496","3657.68261632","3656.4929485321","48","53","483","488","-1","3","False"
"479","11","44","55","5","10","11","5","78","-58712.9205225053","-102402.610236496","3657.68261632","3656.4929485321","49","54","484","489","-1","3","False"
"480","11","45","55","5","9","11","5","78","-62072.7501248642","-102402.610236496","3657.68261632","3656.4929485321","35","40","470","475","-1","4","False"
"481","11","46","55","5","8","11","5","78","-65432.5797272231","-102402.610236496","3657.68261632","3656.4929485321","36","41","471","476","-1","3","False"
"482","11","47","55","5","7","11","5","78","-68792.4093295821","-102402.610236496","3657.68261632","3656.4929485321","37","42","472","477","-1","3","False"
"483","11","48","55","5","6","11","5","78","-72152.238931941","-102402.610236496","3657.68261632","3656.4929485321","38","43","473","478","-1","3","False"
"484","11","49","55","5","5","11","5","78","-75512.0685342999","-102402.610236496","3657.68261632","3656.4929485321","39","44","474","479","-1","3","False"
"485","11","50","55","5","4","11","5","78","-78871.8981366588","-102402.610236496","3657.68261632","3656.4929485321","40","45","475","480","2","4","True"
"486","11","51","55","5","3","11","5","78","-82231.7277390177","-102402.610236496","3657.68261632","3656.4929485321","41","46","476","481","2","3","True"
"487","11","52","55","5","2","11","5","78","-85591.5573413767","-102402.610236496","3657.68261632","3656.4929485321","42","47","477","482","2","3","True"
"488","11","53","55","5","1","11","5","78","-88951.3869437356","-102402.610236496","3657.68261632","3656.4929485321","43","48","478","483","2","3","True"
"489","11","54","55","5","0","11","5","78","-92311.2165460945","-102402.610236496","3657.68261632","3656.4929485321","44","49","479","484","2","3","True"
"490","12","0","55","5","0","12","5","78","-92311.2165460945","-98759.1699899141","3657.68261632","3656.4929485321","5","10","495","500","3","2","True"
"491","12","1","55","5","1","12","5","78","-88951.3869437356","-98759.1699899141","3657.68261632","3656.4929485321","6","11","496","501","3","3","True"
"492","12","2","55","5","2","12","5","78","-85591.5573413767","-98759.1699899141","3657.68261632","3656.4929485321","7","12","497","502","3","3","True"
"493","12","3","55","5","3","12","5","78","-82231.7277390177","-98759.1699899141","3657.68261632","3656.4929485321","8","13","498","503","3","3","True"
"494","12","4","55","5","4","12","5","78","-78871.8981366588","-98759.1699899141","3657.68261632","3656.4929485321","9","14","499","504","3","4","True"
"495","12","5","55","5","5","12","5","78","-75512.0685342999","-98759.1699899141","3657.68261632","3656.4929485321","10","15","500","505","-1","3","False"
"496","12","6","55","5","6","12","5","78","-72152.238931941","-98759.1699899141","3657.68261632","3656.4929485321","11","16","501","506","-1","3","False"
"497","12","7","55","5","7","12","5","78","-68792.4093295821","-98759.1699899141","3657.68261632","3656.4929485321","12","17","502","507","-1","3","False"
"498","12","8","55","5","8","12","5","78","-65432.5797272231","-98759.1699899141","3657.68261632","3656.4929485321","13","18","503","508","-1","3","False"
"499","12","9","55","5","9","12","5","78","-62072.7501248642","-98759.1699899141","3657.68261632","3656.4929485321","14","19","504","509","-1","4","False"
"500","12","10","55","5","10","12","5","78","-58712.9205225053","-98759.1699899141","3657.68261632","3656.4929485321","15","20","505","510","-1","3","False"
"501","12","11","55","5","11","12","5","78","-55353.0909201464","-98759.1699899141","3657.68261632","3656.4929485321","16","21","506","511","-1","3","False"
"502","12","12","55","5","12","12","5","78","-51993.2613177875","-98759.1699899141","3657.68261632","3656.4929485321","17","22","507","512","-1","3","False"
"503","12","13","55","5","13","12","5","78","-48633.4317154286","-98759.1699899141","3657.68261632","3656.4929485321","18","23","508","513","-1","3","False"
"504","12","14","55","5","14","12","5","78","-45273.6021130697","-98759.1699899141","3657.68261632","3656.4929485321","19","24","509","514","-1","4","False"
"505","12","15","55","5","15","12","5","78","-41913.7725107107","-98759.1699899141","3657.68261632","3656.4929485321","20","25","510","515","3","3","True"
"506","12","16","55","5","16","12","5","78","-38553.9429083518","-98759.1699899141","3657.68261632","3656.4929485321","21","26","511","516","3","3","True"
"507","12","17","55","5","17","12","5","78","-35194.1133059929","-98759.1699899141","3657.68261632","3656.4929485321","22","27","512","517","3","3","True"
"508","12","18","55","5","18","12","5","78","-31834.283703634","-98759.1699899141","3657.68261632","3656.4929485321","23","28","513","518","3","3","True"
"509","12","19","55","5","19","12","5","78","-28474.4541012751","-98759.1699899141","3657.68261632","3656.4929485321","24","29","514","519","3","4","True"
"510","12","20","55","5","20","12","5","78","-25114.6244989161","-98759.1699899141","3657.68261632","3656.4929485321","25","30","515","520","-1","3","False"
"511","12","21","55","5","21","12","5","78","-21754.7948965572","-98759.1699899141","3657.68261632","3656.4929485321","26","31","516","521","-1","3","False"
"512","12","22","55","5","22","12","5","78","-18394.9652941983","-98759.1699899141","3657.68261632","3656.4929485321","27","32","517","522","-1","3","False"
"513","12","23","55","5","23","12","5","78","-15035.1356918394","-98759.1699899141","3657.68261632","3656.4929485321","28","33","518","523","-1","3","False"
"514","12","24","55","5","24","12","5","78","-11675.3060894805","-98759.1699899141","3657.68261632","3656.4929485321","29","34","519","524","-1","4","False"
"515","12","25","55","5","25","12","5","78","-8315.47648712156","-98759.1699899141","3657.68261632","3656.4929485321","30","35","520","525","-1","3","False"
"516","12","26","55","5","26","12","5","78","-4955.64688476265","-98759.1699899141","3657.68261632","3656.4929485321","31","36","521","526","-1","3","False"
"517","12","27","55","5","27","12","5","78","-1595.81728240374","-98759.1699899141","3657.68261632","3656.4929485321","32","37","522","527","-1","3","False"
"518","12","28","55","5","28","12","5","78","1764.01231995518","-98759.1699899141","3657.68261632","3656.4929485321","33","38","523","528","-1","3","False"
"519","12","29","55","5","29","12","5","78","5123.84192231409","-98759.1699899141","3657.68261632","3656.4929485321","34","39","524","529","-1","4","False"
"520","12","30","55","5","30","12","5","78","8483.67152467302","-98759.1699899141","3657.68261632","3656.4929485321","35","40","525","530","3","3","True"
"521","12","31","55","5","31","12","5","78","11843.5011270319","-98759.1699899141","3657.68261632","3656.4929485321","36","41","526","531","3","3","True"
"522","12","32","55","5","32","12","5","78","15203.3307293908","-98759.1699899141","3657.68261632","3656.4929485321","37","42","527","532","3","3","True"
"523","12","33","55","5","33","12","5","78","18563.1603317498","-98759.1699899141","3657.68261632","3656.4929485321","38","43","528","533","3","3","True"
"524","12","34","55","5","34","12","5","78","21922.9899341087","-98759.1699899141","3657.68261632","3656.4929485321","39","44","529","534","3","4","True"
"525","12","35","55","5","35","12","5","78","25282.8195364676","-98759.1699899141","3657.68261632","3656.4929485321","40","45","530","535","-1","3","False"
"526","12","36","55","5","36","12","5","78","28642.6491388265","-98759.1699899141","3657.68261632","3656.4929485321","41","46","531","536","-1","3","False"
"527","12","37","55","5","37","12","5","78","32002.4787411854","-98759.1699899141","3657.68261632","3656.4929485321","42","47","532","537","-1","3","False"
"528","12","38","55","5","38","12","5","78","35362.3083435443","-98759.1699899141","3657.68261632","3656.4929485321","43","48","533","538","-1","3","False"
"529","12","39","55","5","39","12","5","78","38722.1379459033","-98759.1699899141","3657.68261632","3656.4929485321","44","49","534","539","-1","4","False"
"530","12","40","55","5","40","12","5","78","42081.9675482622","-98759.1699899141","3657.68261632","3656.4929485321","45","50","535","540","-1","3","False"
"531","12","41","55","5","41","12","5","78","45441.7971506211","-98759.1699899141","3657.68261632","3656.4929485321","46","51","536","541","-1","3","False"
"532","12","42","55","5","42","12","5","78","48801.62675298","-98759.1699899141","3657.68261632","3656.4929485321","47","52","537","542","-1","3","False"
"533","12","43","55","5","43","12","5","78","52161.4563553389","-98759.1699899141","3657.68261632","3656.4929485321","48","53","538","543","-1","3","False"
"534","12","44","55","5","44","12","5","78","55521.2859576979","-98759.1699899141","3657.68261632","3656.4929485321","49","54","539","544","-1","4","False"
"535","12","45","55","5","45","12","5","78","58881.1155600568","-98759.1699899141","3657.68261632","3656.4929485321","35","40","525","530","-1","3","False"
"536","12","46","55","5","46","12","5","78","62240.9451624157","-98759.1699899141","3657.68261632","3656.4929485321","36","41","526","531","-1","3","False"
"537","12","47","55","5","47","12","5","78","65600.7747647746","-98759.1699899141","3657.68261632","3656.4929485321","37","42","527","532","-1","3","False"
"538","12","48","55","5","48","12","5","78","68960.6043671335","-98759.1699899141","3657.68261632","3656.4929485321","38","43","528","533","-1","3","False"
"539","12","49","55","5","49","12","5","78","72320.4339694924","-98759.1699899141","3657.68261632","3656.4929485321","39","44","529","534","-1","4","False"
"540","12","50","55","5","50","12","5","78","75680.2635718514","-98759.1699899141","3657.68261632","3656.4929485321","40","45","530","535","2","3","True"
"541","12","51","55","5","51","12","5","78","79040.0931742103","-98759.1699899141","3657.68261632","3656.4929485321","41","46","531","536","2","3","True"
"542","12","52","55","5","52","12","5","78","82399.9227765692","-98759.1699899141","3657.68261632","3656.4929485321","42","47","532","537","2","3","True"
"543","12","53","55","5","53","12","5","78","85759.7523789281","-98759.1699899141","3657.68261632","3656.4929485321","43","48","533","538","2","3","True"
"544","12","54","55","5","54","12","5","78","89119.581981287","-98759.1699899141","3657.68261632","3656.4929485321","44","49","534","539","2","3","True"
"545","13","0","65","5","64","13","5","78","105918.729445306","-95115.7221139375","3657.68261632","3656.4929485321","5","10","550","555","3","1","True"
"546","13","1","65","5","63","13","5","78","102558.899842947","-95115.7221139375","3657.68261632","3656.4929485321","6","11","551","556","3","2","True"
"547","13","2","65","5","62","13","5","78","99199.0702405881","-95115.7221139375","3657.68261632","3656.4929485321","7","12","552","557","3","2","True"
"548","13","3","65","5","61","13","5","78","95839.2406382291","-95115.7221139375","3657.68261632","3656.4929485321","8","13","553","558","3","2","True"
"549","13","4","65","5","60","13","5","78","92479.4110358702","-95115.7221139375","3657.68261632","3656.4929485321","9","14","554","559","3","3","True"
"550","13","5","65","5","59","13","5","78","89119.5814335113","-95115.7221139375","3657.68261632","3656.4929485321","10","15","555","560","-1","5","False"
"551","13","6","65","5","58","13","5","78","85759.7518311524","-95115.7221139375","3657.68261632","3656.4929485321","11","16","556","561","-1","4","False"
"552","13","7","65","5","57","13","5","78","82399.9222287935","-95115.7221139375","3657.68261632","3656.4929485321","12","17","557","562","-1","4","False"
"553","13","8","65","5","56","13","5","78","79040.0926264345","-95115.7221139375","3657.68261632","3656.4929485321","13","18","558","563","-1","4","False"
"554","13","9","65","5","55","13","5","78","75680.2630240756","-95115.7221139375","3657.68261632","3656.4929485321","14","19","559","564","-1","4","False"
"555","13","10","65","5","54","13","5","78","72320.4334217167","-95115.7221139375","3657.68261632","3656.4929485321","15","20","560","565","-1","6","False"
"556","13","11","65","5","53","13","5","78","68960.6038193578","-95115.7221139375","3657.68261632","3656.4929485321","16","21","561","566","-1","4","False"
"557","13","12","65","5","52","13","5","78","65600.7742169989","-95115.7221139375","3657.68261632","3656.4929485321","17","22","562","567","-1","4","False"
"558","13","13","65","5","51","13","5","78","62240.9446146399","-95115.7221139375","3657.68261632","3656.4929485321","18","23","563","568","-1","4","False"
"559","13","14","65","5","50","13","5","78","58881.1150122811","-95115.7221139375","3657.68261632","3656.4929485321","19","24","564","569","-1","4","False"
"560","13","15","65","5","49","13","5","78","55521.2854099221","-95115.7221139375","3657.68261632","3656.4929485321","20","25","565","570","3","6","True"
"561","13","16","65","5","48","13","5","78","52161.4558075632","-95115.7221139375","3657.68261632","3656.4929485321","21","26","566","571","3","4","True"
"562","13","17","65","5","47","13","5","78","48801.6262052043","-95115.7221139375","3657.68261632","3656.4929485321","22","27","567","572","3","4","True"
"563","13","18","65","5","46","13","5","78","45441.7966028454","-95115.7221139375","3657.68261632","3656.4929485321","23","28","568","573","3","4","True"
"564","13","19","65","5","45","13","5","78","42081.9670004865","-95115.7221139375","3657.68261632","3656.4929485321","24","29","569","574","3","4","True"
"565","13","20","65","5","44","13","5","78","38722.1373981275","-95115.7221139375","3657.68261632","3656.4929485321","25","30","570","575","-1","6","False"
"566","13","21","65","5","43","13","5","78","35362.3077957686","-95115.7221139375","3657.68261632","3656.4929485321","26","31","571","576","-1","4","False"
"567","13","22","65","5","42","13","5","78","32002.4781934097","-95115.7221139375","3657.68261632","3656.4929485321","27","32","572","577","-1","4","False"
"568","13","23","65","5","41","13","5","78","28642.6485910508","-95115.7221139375","3657.68261632","3656.4929485321","28","33","573","578","-1","4","False"
"569","13","24","65","5","40","13","5","78","25282.8189886919","-95115.7221139375","3657.68261632","3656.4929485321","29","34","574","579","-1","4","False"
"570","13","25","65","5","39","13","5","78","21922.989386333","-95115.7221139375","3657.68261632","3656.4929485321","30","35","575","580","-1","6","False"
"571","13","26","65","5","38","13","5","78","18563.159783974","-95115.7221139375","3657.68261632","3656.4929485321","31","36","576","581","-1","4","False"
"572","13","27","65","5","37","13","5","78","15203.3301816151","-95115.7221139375","3657.68261632","3656.4929485321","32","37","577","582","-1","4","False"
"573","13","28","65","5","36","13","5","78","11843.5005792562","-95115.7221139375","3657.68261632","3656.4929485321","33","38","578","583","-1","4","False"
"574","13","29","65","5","35","13","5","78","8483.67097689729","-95115.7221139375","3657.68261632","3656.4929485321","34","39","579","584","-1","4","False"
"575","13","30","65","5","34","13","5","78","5123.84137453837","-95115.7221139375","3657.68261632","3656.4929485321","35","40","580","585","3","6","True"
"576","13","31","65","5","33","13","5","78","1764.01177217945","-95115.7221139375","3657.68261632","3656.4929485321","36","41","581","586","3","4","True"
"577","13","32","65","5","32","13","5","78","-1595.81783017946","-95115.7221139375","3657.68261632","3656.4929485321","37","42","582","587","3","4","True"
"578","13","33","65","5","31","13","5","78","-4955.64743253838","-95115.7221139375","3657.68261632","3656.4929485321","38","43","583","588","3","4","True"
"579","13","34","65","5","30","13","5","78","-8315.47703489729","-95115.7221139375","3657.68261632","3656.4929485321","39","44","584","589","3","4","True"
"580","13","35","65","5","29","13","5","78","-11675.3066372562","-95115.7221139375","3657.68261632","3656.4929485321","40","45","585","590","-1","6","False"
"581","13","36","65","5","28","13","5","78","-15035.1362396151","-95115.7221139375","3657.68261632","3656.4929485321","41","46","586","591","-1","4","False"
"582","13","37","65","5","27","13","5","78","-18394.965841974","-95115.7221139375","3657.68261632","3656.4929485321","42","47","587","592","-1","4","False"
"583","13","38","65","5","26","13","5","78","-21754.795444333","-95115.7221139375","3657.68261632","3656.4929485321","43","48","588","593","-1","4","False"
"584","13","39","65","5","25","13","5","78","-25114.6250466919","-95115.7221139375","3657.68261632","3656.4929485321","44","49","589","594","-1","4","False"
"585","13","40","65","5","24","13","5","78","-28474.4546490508","-95115.7221139375","3657.68261632","3656.4929485321","45","50","590","595","-1","6","False"
"586","13","41","65","5","23","13","5","78","-31834.2842514097","-95115.7221139375","3657.68261632","3656.4929485321","46","51","591","596","-1","4","False"
"587","13","42","65","5","22","13","5","78","-35194.1138537686","-95115.7221139375","3657.68261632","3656.4929485321","47","52","592","597","-1","4","False"
"588","13","43","65","5","21","13","5","78","-38553.9434561275","-95115.7221139375","3657.68261632","3656.4929485321","48","53","593","598","-1","4","False"
"589","13","44","65","5","20","13","5","78","-41913.7730584865","-95115.7221139375","3657.68261632","3656.4929485321","49","54","594","599","-1","4","False"
"590","13","45","65","5","19","13","5","78","-45273.6026608454","-95115.7221139375","3657.68261632","3656.4929485321","50","55","595","600","3","6","True"
"591","13","46","65","5","18","13","5","78","-48633.4322632043","-95115.7221139375","3657.68261632","3656.4929485321","51","56","596","601","3","4","True"
"592","13","47","65","5","17","13","5","78","-51993.2618655632","-95115.7221139375","3657.68261632","3656.4929485321","52","57","597","602","3","4","True"
"593","13","48","65","5","16","13","5","78","-55353.0914679221","-95115.7221139375","3657.68261632","3656.4929485321","53","58","598","603","3","4","True"
"594","13","49","65","5","15","13","5","78","-58712.921070281","-95115.7221139375","3657.68261632","3656.4929485321","54","59","599","604","3","4","True"
"595","13","50","65","5","14","13","5","78","-62072.75067264","-95115.7221139375","3657.68261632","3656.4929485321","55","60","600","605","-1","6","False"
"596","13","51","65","5","13","13","5","78","-65432.5802749989","-95115.7221139375","3657.68261632","3656.4929485321","56","61","601","606","-1","4","False"
"597","13","52","65","5","12","13","5","78","-68792.4098773578","-95115.7221139375","3657.68261632","3656.4929485321","57","62","602","607","-1","4","False"
"598","13","53","65","5","11","13","5","78","-72152.2394797167","-95115.7221139375","3657.68261632","3656.4929485321","58","63","603","608","-1","4","False"
"599","13","54","65","5","10","13","5","78","-75512.0690820756","-95115.7221139375","3657.68261632","3656.4929485321","59","64","604","609","-1","4","False"
"600","13","55","65","5","9","13","5","78","-78871.8986844345","-95115.7221139375","3657.68261632","3656.4929485321","45","50","590","595","-1","6","False"
"601","13","56","65","5","8","13","5","78","-82231.7282867935","-95115.7221139375","3657.68261632","3656.4929485321","46","51","591","596","-1","4","False"
"602","13","57","65","5","7","13","5","78","-85591.5578891524","-95115.7221139375","3657.68261632","3656.4929485321","47","52","592","597","-1","4","False"
"603","13","58","65","5","6","13","5","78","-88951.3874915113","-95115.7221139375","3657.68261632","3656.4929485321","48","53","593","598","-1","4","False"
"604","13","59","65","5","5","13","5","78","-92311.2170938702","-95115.7221139375","3657.68261632","3656.4929485321","49","54","594","599","-1","4","False"
"605","13","60","65","5","4","13","5","78","-95671.0466962291","-95115.7221139375","3657.68261632","3656.4929485321","50","55","595","600","0","5","True"
"606","13","61","65","5","3","13","5","78","-99030.8762985881","-95115.7221139375","3657.68261632","3656.4929485321","51","56","596","601","0","2","True"
"607","13","62","65","5","2","13","5","78","-102390.705900947","-95115.7221139375","3657.68261632","3656.4929485321","52","57","597","602","0","2","True"
"608","13","63","65","5","1","13","5","78","-105750.535503306","-95115.7221139375","3657.68261632","3656.4929485321","53","58","598","603","0","2","True"
"609","13","64","65","5","0","13","5","78","-109110.365105665","-95115.7221139375","3657.68261632","3656.4929485321","54","59","599","604","0","2","True"
"610","14","0","65","5","0","14","5","78","-109110.365105665","-91472.2818673555","3657.68261632","3656.4929485321","5","10","615","620","3","2","True"
"611","14","1","65","5","1","14","5","78","-105750.535503306","-91472.2818673555","3657.68261632","3656.4929485321","6","11","616","621","3","3","True"
"612","14","2","65","5","2","14","5","78","-102390.705900947","-91472.2818673555","3657.68261632","3656.4929485321","7","12","617","622","3","3","True"
"613","14","3","65","5","3","14","5","78","-99030.8762985881","-91472.2818673555","3657.68261632","3656.4929485321","8","13","618","623","3","3","True"
"614","14","4","65","5","4","14","5","78","-95671.0466962291","-91472.2818673555","3657.68261632","3656.4929485321","9","14","619","624","3","4","True"
"615","14","5","65","5","5","14","5","78","-92311.2170938702","-91472.2818673555","3657.68261632","3656.4929485321","10","15","620","625","-1","3","False"
"616","14","6","65","5","6","14","5","78","-88951.3874915113","-91472.2818673555","3657.68261632","3656.4929485321","11","16","621","626","-1","3","False"
"617","14","7","65","5","7","14","5","78","-85591.5578891524","-91472.2818673555","3657.68261632","3656.4929485321","12","17","622","627","-1","3","False"
"618","14","8","65","5","8","14","5","78","-82231.7282867935","-91472.2818673555","3657.68261632","3656.4929485321","13","18","623","628","-1","3","False"
"619","14","9","65","5","9","14","5","78","-78871.8986844345","-91472.2818673555","3657.68261632","3656.4929485321","14","19","624","629","-1","4","False"
"620","14","10","65","5","10","14","5","78","-75512.0690820756","-91472.2818673555","3657.68261632","3656.4929485321","15","20","625","630","-1","3","False"
"621","14","11","65","5","11","14","5","78","-72152.2394797167","-91472.2818673555","3657.68261632","3656.4929485321","16","21","626","631","-1","3","False"
"622","14","12","65","5","12","14","5","78","-68792.4098773578","-91472.2818673555","3657.68261632","3656.4929485321","17","22","627","632","-1","3","False"
"623","14","13","65","5","13","14","5","78","-65432.5802749989","-91472.2818673555","3657.68261632","3656.4929485321","18","23","628","633","-1","3","False"
"624","14","14","65","5","14","14","5","78","-62072.75067264","-91472.2818673555","3657.68261632","3656.4929485321","19","24","629","634","-1","4","False"
"625","14","15","65","5","15","14","5","78","-58712.921070281","-91472.2818673555","3657.68261632","3656.4929485321","20","25","630","635","3","3","True"
"626","14","16","65","5","16","14","5","78","-55353.0914679221","-91472.2818673555","3657.68261632","3656.4929485321","21","26","631","636","3","3","True"
"627","14","17","65","5","17","14","5","78","-51993.2618655632","-91472.2818673555","3657.68261632","3656.4929485321","22","27","632","637","3","3","True"
"628","14","18","65","5","18","14","5","78","-48633.4322632043","-91472.2818673555","3657.68261632","3656.4929485321","23","28","633","638","3","3","True"
"629","14","19","65","5","19","14","5","78","-45273.6026608454","-91472.2818673555","3657.68261632","3656.4929485321","24","29","634","639","3","4","True"
"630","14","20","65","5","20","14","5","78","-41913.7730584865","-91472.2818673555","3657.68261632","3656.4929485321","25","30","635","640","-1","3","False"
"631","14","21","65","5","21","14","5","78","-38553.9434561275","-91472.2818673555","3657.68261632","3656.4929485321","26","31","636","641","-1","3","False"
"632","14","22","65","5","22","14","5","78","-35194.1138537686","-91472.2818673555","3657.68261632","3656.4929485321","27","32","637","642","-1","3","False"
"633","14","23","65","5","23","14","5","78","-31834.2842514097","-91472.2818673555","3657.68261632","3656.4929485321","28","33","638","643","-1","3","False"
"634","14","24","65","5","24","14","5","78","-28474.4546490508","-91472.2818673555","3657.68261632","3656.4929485321","29","34","639","644","-1","4","False"
"635","14","25","65","5","25","14","5","78","-25114.6250466919","-91472.2818673555","3657.68261632","3656.4929485321","30","35","640","645","-1","3","False"
"636","14","26","65","5","26","14","5","78","-21754.795444333","-91472.2818673555","3657.68261632","3656.4929485321","31","36","641","646","-1","3","False"
"637","14","27","65","5","27","14","5","78","-18394.965841974","-91472.2818673555","3657.68261632","3656.4929485321","32","37","642","647","-1","3","False"
"638","14","28","65","5","28","14","5","78","-15035.1362396151","-91472.2818673555","3657.68261632","3656.4929485321","33","38","643","648","-1","3","False"
"639","14","29","65","5","29","14","5","78","-11675.3066372562","-91472.2818673555","3657.68261632","3656.4929485321","34","39","644","649","-1","4","False"
"640","14","30","65","5","30","14","5","78","-8315.47703489729","-91472.2818673555","3657.68261632","3656.4929485321","35","40","645","650","3","3","True"
"641","14","31","65","5","31","14","5","78","-4955.64743253838","-91472.2818673555","3657.68261632","3656.4929485321","36","41","646","651","3","3","True"
"642","14","32","65","5","32","14","5","78","-1595.81783017946","-91472.2818673555","3657.68261632","3656.4929485321","37","42","647","652","3","3","True"
"643","14","33","65","5","33","14","5","78","1764.01177217945","-91472.2818673555","3657.68261632","3656.4929485321","38","43","648","653","3","3","True"
"644","14","34","65","5","34","14","5","78","5123.84137453837","-91472.2818673555","3657.68261632","3656.4929485321","39","44","649","654","3","4","True"
"645","14","35","65","5","35","14","5","78","8483.67097689729","-91472.2818673555","3657.68261632","3656.4929485321","40","45","650","655","-1","3","False"
"646","14","36","65","5","36","14","5","78","11843.5005792562","-91472.2818673555","3657.68261632","3656.4929485321","41","46","651","656","-1","3","False"
"647","14","37","65","5","37","14","5","78","15203.3301816151","-91472.2818673555","3657.68261632","3656.4929485321","42","47","652","657","-1","3","False"
"648","14","38","65","5","38","14","5","78","18563.159783974","-91472.2818673555","3657.68261632","3656.4929485321","43","48","653","658","-1","3","False"
"649","14","39","65","5","39","14","5","78","21922.989386333","-91472.2818673555","3657.68261632","3656.4929485321","44","49","654","659","-1","4","False"
"650","14","40","65","5","40","14","5","78","25282.8189886919","-91472.2818673555","3657.68261632","3656.4929485321","45","50","655","660","-1","3","False"
"651","14","41","65","5","41","14","5","78","28642.6485910508","-91472.2818673555","3657.68261632","3656.4929485321","46","51","656","661","-1","3","False"
"652","14","42","65","5","42","14","5","78","32002.4781934097","-91472.2818673555","3657.68261632","3656.4929485321","47","52","657","662","-1","3","False"
"653","14","43","65","5","43","14","5","78","35362.3077957686","-91472.2818673555","3657.68261632","3656.4929485321","48","53","658","663","-1","3","False"
"654","14","44","65","5","44","14","5","78","38722.1373981275","-91472.2818673555","3657.68261632","3656.4929485321","49","54","659","664","-1","4","False"
"655","14","45","65","5","45","14","5","78","42081.9670004865","-91472.2818673555","3657.68261632","3656.4929485321","50","55","660","665","3","3","True"
"656","14","46","65","5","46","14","5","78","45441.7966028454","-91472.2818673555","3657.68261632","3656.4929485321","51","56","661","666","3","3","True"
"657","14","47","65","5","47","14","5","78","48801.6262052043","-91472.2818673555","3657.68261632","3656.4929485321","52","57","662","667","3","3","True"
"658","14","48","65","5","48","14","5","78","52161.4558075632","-91472.2818673555","3657.68261632","3656.4929485321","53","58","663","668","3","3","True"
"659","14","49","65","5","49","14","5","78","55521.2854099221","-91472.2818673555","3657.68261632","3656.4929485321","54","59","664","669","3","4","True"
"660","14","50","65","5","50","14","5","78","58881.1150122811","-91472.2818673555","3657.68261632","3656.4929485321","55","60","665","670","-1","3","False"
"661","14","51","65","5","51","14","5","78","62240.9446146399","-91472.2818673555","3657.68261632","3656.4929485321","56","61","666","671","-1","3","False"
"662","14","52","65","5","52","14","5","78","65600.7742169989","-91472.2818673555","3657.68261632","3656.4929485321","57","62","667","672","-1","3","False"
"663","14","53","65","5","53","14","5","78","68960.6038193578","-91472.2818673555","3657.68261632","3656.4929485321","58","63","668","673","-1","3","False"
"664","14","54","65","5","54","14","5","78","72320.4334217167","-91472.2818673555","3657.68261632","3656.4929485321","59","64","669","674","-1","4","False"
"665","14","55","65","5","55","14","5","78","75680.2630240756","-91472.2818673555","3657.68261632","3656.4929485321","45","50","655","660","-1","3","False"
"666","14","56","65","5","56","14","5","78","79040.0926264345","-91472.2818673555","3657.68261632","3656.4929485321","46","51","656","661","-1","3","False"
"667","14","57","65","5","57","14","5","78","82399.9222287935","-91472.2818673555","3657.68261632","3656.4929485321","47","52","657","662","-1","3","False"
"668","14","58","65","5","58","14","5","78","85759.7518311524","-91472.2818673555","3657.68261632","3656.4929485321","48","53","658","663","-1","3","False"
"669","14","59","65","5","59","14","5","78","89119.5814335113","-91472.2818673555","3657.68261632","3656.4929485321","49","54","659","664","-1","4","False"
"670","14","60","65","5","60","14","5","78","92479.4110358702","-91472.2818673555","3657.68261632","3656.4929485321","50","55","660","665","0","3","True"
"671","14","61","65","5","61","14","5","78","95839.2406382291","-91472.2818673555","3657.68261632","3656.4929485321","51","56","661","666","0","3","True"
"672","14","62","65","5","62","14","5","78","99199.0702405881","-91472.2818673555","3657.68261632","3656.4929485321","52","57","662","667","0","3","True"
"673","14","63","65","5","63","14","5","78","102558.899842947","-91472.2818673555","3657.68261632","3656.4929485321","53","58","663","668","0","3","True"
"674","14","64","65","5","64","14","5","78","105918.729445306","-91472.2818673555","3657.68261632","3656.4929485321","54","59","664","669","0","3","True"
"675","15","0","65","5","64","15","5","78","105918.729445306","-87828.8339913789","3657.68261632","3656.4929485321","5","10","680","685","3","2","True"
"676","15","1","65","5","63","15","5","78","102558.899842947","-87828.8339913789","3657.68261632","3656.4929485321","6","11","681","686","3","3","True"
"677","15","2","65","5","62","15","5","78","99199.0702405881","-87828.8339913789","3657.68261632","3656.4929485321","7","12","682","687","3","3","True"
"678","15","3","65","5","61","15","5","78","95839.2406382291","-87828.8339913789","3657.68261632","3656.4929485321","8","13","683","688","3","3","True"
"679","15","4","65","5","60","15","5","78","92479.4110358702","-87828.8339913789","3657.68261632","3656.4929485321","9","14","684","689","3","3","True"
"680","15","5","65","5","59","15","5","78","89119.5814335113","-87828.8339913789","3657.68261632","3656.4929485321","10","15","685","690","-1","4","False"
"681","15","6","65","5","58","15","5","78","85759.7518311524","-87828.8339913789","3657.68261632","3656.4929485321","11","16","686","691","-1","3","False"
"682","15","7","65","5","57","15","5","78","82399.9222287935","-87828.8339913789","3657.68261632","3656.4929485321","12","17","687","692","-1","3","False"
"683","15","8","65","5","56","15","5","78","79040.0926264345","-87828.8339913789","3657.68261632","3656.4929485321","13","18","688","693","-1","3","False"
"684","15","9","65","5","55","15","5","78","75680.2630240756","-87828.8339913789","3657.68261632","3656.4929485321","14","19","689","694","-1","3","False"
"685","15","10","65","5","54","15","5","78","72320.4334217167","-87828.8339913789","3657.68261632","3656.4929485321","15","20","690","695","-1","4","False"
"686","15","11","65","5","53","15","5","78","68960.6038193578","-87828.8339913789","3657.68261632","3656.4929485321","16","21","691","696","-1","3","False"
"687","15","12","65","5","52","15","5","78","65600.7742169989","-87828.8339913789","3657.68261632","3656.4929485321","17","22","692","697","-1","3","False"
"688","15","13","65","5","51","15","5","78","62240.9446146399","-87828.8339913789","3657.68261632","3656.4929485321","18","23","693","698","-1","3","False"
"689","15","14","65","5","50","15","5","78","58881.1150122811","-87828.8339913789","3657.68261632","3656.4929485321","19","24","694","699","-1","3","False"
"690","15","15","65","5","49","15","5","78","55521.2854099221","-87828.8339913789","3657.68261632","3656.4929485321","20","25","695","700","3","4","True"
"691","15","16","65","5","48","15","5","78","52161.4558075632","-87828.8339913789","3657.68261632","3656.4929485321","21","26","696","701","3","3","True"
"692","15","17","65","5","47","15","5","78","48801.6262052043","-87828.8339913789","3657.68261632","3656.4929485321","22","27","697","702","3","3","True"
"693","15","18","65","5","46","15","5","78","45441.7966028454","-87828.8339913789","3657.68261632","3656.4929485321","23","28","698","703","3","3","True"
"694","15","19","65","5","45","15","5","78","42081.9670004865","-87828.8339913789","3657.68261632","3656.4929485321","24","29","699","704","3","3","True"
"695","15","20","65","5","44","15","5","78","38722.1373981275","-87828.8339913789","3657.68261632","3656.4929485321","25","30","700","705","-1","4","False"
"696","15","21","65","5","43","15","5","78","35362.3077957686","-87828.8339913789","3657.68261632","3656.4929485321","26","31","701","706","-1","3","False"
"697","15","22","65","5","42","15","5","78","32002.4781934097","-87828.8339913789","3657.68261632","3656.4929485321","27","32","702","707","-1","3","False"
"698","15","23","65","5","41","15","5","78","28642.6485910508","-87828.8339913789","3657.68261632","3656.4929485321","28","33","703","708","-1","3","False"
"699","15","24","65","5","40","15","5","78","25282.8189886919","-87828.8339913789","3657.68261632","3656.4929485321","29","34","704","709","-1","3","False"
"700","15","25","65","5","39","15","5","78","21922.989386333","-87828.8339913789","3657.68261632","3656.4929485321","30","35","705","710","-1","4","False"
"701","15","26","65","5","38","15","5","78","18563.159783974","-87828.8339913789","3657.68261632","3656.4929485321","31","36","706","711","-1","3","False"
"702","15","27","65","5","37","15","5","78","15203.3301816151","-87828.8339913789","3657.68261632","3656.4929485321","32","37","707","712","-1","3","False"
"703","15","28","65","5","36","15","5","78","11843.5005792562","-87828.8339913789","3657.68261632","3656.4929485321","33","38","708","713","-1","3","False"
"704","15","29","65","5","35","15","5","78","8483.67097689729","-87828.8339913789","3657.68261632","3656.4929485321","34","39","709","714","-1","3","False"
"705","15","30","65","5","34","15","5","78","5123.84137453837","-87828.8339913789","3657.68261632","3656.4929485321","35","40","710","715","3","4","True"
"706","15","31","65","5","33","15","5","78","1764.01177217945","-87828.8339913789","3657.68261632","3656.4929485321","36","41","711","716","3","3","True"
"707","15","32","65","5","32","15","5","78","-1595.81783017946","-87828.8339913789","3657.68261632","3656.4929485321","37","42","712","717","3","3","True"
"708","15","33","65","5","31","15","5","78","-4955.64743253838","-87828.8339913789","3657.68261632","3656.4929485321","38","43","713","718","3","3","True"
"709","15","34","65","5","30","15","5","78","-8315.47703489729","-87828.8339913789","3657.68261632","3656.4929485321","39","44","714","719","3","3","True"
"710","15","35","65","5","29","15","5","78","-11675.3066372562","-87828.8339913789","3657.68261632","3656.4929485321","40","45","715","720","-1","4","False"
"711","15","36","65","5","28","15","5","78","-15035.1362396151","-87828.8339913789","3657.68261632","3656.4929485321","41","46","716","721","-1","3","False"
"712","15","37","65","5","27","15","5","78","-18394.965841974","-87828.8339913789","3657.68261632","3656.4929485321","42","47","717","722","-1","3","False"
"713","15","38","65","5","26","15","5","78","-21754.795444333","-87828.8339913789","3657.68261632","3656.4929485321","43","48","718","723","-1","3","False"
"714","15","39","65","5","25","15","5","78","-25114.6250466919","-87828.8339913789","3657.68261632","3656.4929485321","44","49","719","724","-1","3","False"
"715","15","40","65","5","24","15","5","78","-28474.4546490508","-87828.8339913789","3657.68261632","3656.4929485321","45","50","720","725","-1","4","False"
"716","15","41","65","5","23","15","5","78","-31834.2842514097","-87828.8339913789","3657.68261632","3656.4929485321","46","51","721","726","-1","3","False"
"717","15","42","65","5","22","15","5","78","-35194.1138537686","-87828.8339913789","3657.68261632","3656.4929485321","47","52","722","727","-1","3","False"
"718","15","43","65","5","21","15","5","78","-38553.9434561275","-87828.8339913789","3657.68261632","3656.4929485321","48","53","723","728","-1","3","False"
"719","15","44","65","5","20","15","5","78","-41913.7730584865","-87828.8339913789","3657.68261632","3656.4929485321","49","54","724","729","-1","3","False"
"720","15","45","65","5","19","15","5","78","-45273.6026608454","-87828.8339913789","3657.68261632","3656.4929485321","50","55","725","730","3","4","True"
"721","15","46","65","5","18","15","5","78","-48633.4322632043","-87828.8339913789","3657.68261632","3656.4929485321","51","56","726","731","3","3","True"
"722","15","47","65","5","17","15","5","78","-51993.2618655632","-87828.8339913789","3657.68261632","3656.4929485321","52","57","727","732","3","3","True"
"723","15","48","65","5","16","15","5","78","-55353.0914679221","-87828.8339913789","3657.68261632","3656.4929485321","53","58","728","733","3","3","True"
"724","15","49","65","5","15","15","5","78","-58712.921070281","-87828.8339913789","3657.68261632","3656.4929485321","54","59","729","734","3","3","True"
"725","15","50","65","5","14","15","5","78","-62072.75067264","-87828.8339913789","3657.68261632","3656.4929485321","55","60","730","735","-1","4","False"
"726","15","51","65","5","13","15","5","78","-65432.5802749989","-87828.8339913789","3657.68261632","3656.4929485321","56","61","731","736","-1","3","False"
"727","15","52","65","5","12","15","5","78","-68792.4098773578","-87828.8339913789","3657.68261632","3656.4929485321","57","62","732","737","-1","3","False"
"728","15","53","65","5","11","15","5","78","-72152.2394797167","-87828.8339913789","3657.68261632","3656.4929485321","58","63","733","738","-1","3","False"
"729","15","54","65","5","10","15","5","78","-75512.0690820756","-87828.8339913789","3657.68261632","3656.4929485321","59","64","734","739","-1","3","False"
"730","15","55","65","5","9","15","5","78","-78871.8986844345","-87828.8339913789","3657.68261632","3656.4929485321","45","50","720","725","-1","4","False"
"731","15","56","65","5","8","15","5","78","-82231.7282867935","-87828.8339913789","3657.68261632","3656.4929485321","46","51","721","726","-1","3","False"
"732","15","57","65","5","7","15","5","78","-85591.5578891524","-87828.8339913789","3657.68261632","3656.4929485321","47","52","722","727","-1","3","False"
"733","15","58","65","5","6","15","5","78","-88951.3874915113","-87828.8339913789","3657.68261632","3656.4929485321","48","53","723","728","-1","3","False"
"734","15","59","65","5","5","15","5","78","-92311.2170938702","-87828.8339913789","3657.68261632","3656.4929485321","49","54","724","729","-1","3","False"
"735","15","60","65","5","4","15","5","78","-95671.0466962291","-87828.8339913789","3657.68261632","3656.4929485321","50","55","725","730","0","4","True"
"736","15","61","65","5","3","15","5","78","-99030.8762985881","-87828.8339913789","3657.68261632","3656.4929485321","51","56","726","731","0","3","True"
"737","15","62","65","5","2","15","5","78","-102390.705900947","-87828.8339913789","3657.68261632","3656.4929485321","52","57","727","732","0","3","True"
"738","15","63","65","5","1","15","5","78","-105750.535503306","-87828.8339913789","3657.68261632","3656.4929485321","53","58","728","733","0","3","True"
"739","15","64","65","5","0","15","5","78","-109110.365105665","-87828.8339913789","3657.68261632","3656.4929485321","54","59","729","734","0","3","True"
"740","16","0","65","5","0","16","5","78","-109110.365105665","-84185.3937447969","3657.68261632","3656.4929485321","5","10","745","750","3","3","True"
"741","16","1","65","5","1","16","5","78","-105750.535503306","-84185.3937447969","3657.68261632","3656.4929485321","6","11","746","751","3","4","True"
"742","16","2","65","5","2","16","5","78","-102390.705900947","-84185.3937447969","3657.68261632","3656.4929485321","7","12","747","752","3","4","True"
"743","16","3","65","5","3","16","5","78","-99030.8762985881","-84185.3937447969","3657.68261632","3656.4929485321","8","13","748","753","3","4","True"
"744","16","4","65","5","4","16","5","78","-95671.0466962291","-84185.3937447969","3657.68261632","3656.4929485321","9","14","749","754","3","6","True"
"745","16","5","65","5","5","16","5","78","-92311.2170938702","-84185.3937447969","3657.68261632","3656.4929485321","10","15","750","755","-1","4","False"
"746","16","6","65","5","6","16","5","78","-88951.3874915113","-84185.3937447969","3657.68261632","3656.4929485321","11","16","751","756","-1","4","False"
"747","16","7","65","5","7","16","5","78","-85591.5578891524","-84185.3937447969","3657.68261632","3656.4929485321","12","17","752","757","-1","4","False"
"748","16","8","65","5","8","16","5","78","-82231.7282867935","-84185.3937447969","3657.68261632","3656.4929485321","13","18","753","758","-1","4","False"
"749","16","9","65","5","9","16","5","78","-78871.8986844345","-84185.3937447969","3657.68261632","3656.4929485321","14","19","754","759","-1","6","False"
"750","16","10","65","5","10","16","5","78","-75512.0690820756","-84185.3937447969","3657.68261632","3656.4929485321","15","20","755","760","-1","4","False"
"751","16","11","65","5","11","16","5","78","-72152.2394797167","-84185.3937447969","3657.68261632","3656.4929485321","16","21","756","761","-1","4","False"
"752","16","12","65","5","12","16","5","78","-68792.4098773578","-84185.3937447969","3657.68261632","3656.4929485321","17","22","757","762","-1","4","False"
"753","16","13","65","5","13","16","5","78","-65432.5802749989","-84185.3937447969","3657.68261632","3656.4929485321","18","23","758","763","-1","4","False"
"754","16","14","65","5","14","16","5","78","-62072.75067264","-84185.3937447969","3657.68261632","3656.4929485321","19","24","759","764","-1","6","False"
"755","16","15","65","5","15","16","5","78","-58712.921070281","-84185.3937447969","3657.68261632","3656.4929485321","20","25","760","765","3","4","True"
"756","16","16","65","5","16","16","5","78","-55353.0914679221","-84185.3937447969","3657.68261632","3656.4929485321","21","26","761","766","3","4","True"
"757","16","17","65","5","17","16","5","78","-51993.2618655632","-84185.3937447969","3657.68261632","3656.4929485321","22","27","762","767","3","4","True"
"758","16","18","65","5","18","16","5","78","-48633.4322632043","-84185.3937447969","3657.68261632","3656.4929485321","23","28","763","768","3","4","True"
"759","16","19","65","5","19","16","5","78","-45273.6026608454","-84185.3937447969","3657.68261632","3656.4929485321","24","29","764","769","3","6","True"
"760","16","20","65","5","20","16","5","78","-41913.7730584865","-84185.3937447969","3657.68261632","3656.4929485321","25","30","765","770","-1","4","False"
"761","16","21","65","5","21","16","5","78","-38553.9434561275","-84185.3937447969","3657.68261632","3656.4929485321","26","31","766","771","-1","4","False"
"762","16","22","65","5","22","16","5","78","-35194.1138537686","-84185.3937447969","3657.68261632","3656.4929485321","27","32","767","772","-1","4","False"
"763","16","23","65","5","23","16","5","78","-31834.2842514097","-84185.3937447969","3657.68261632","3656.4929485321","28","33","768","773","-1","4","False"
"764","16","24","65","5","24","16","5","78","-28474.4546490508","-84185.3937447969","3657.68261632","3656.4929485321","29","34","769","774","-1","6","False"
"765","16","25","65","5","25","16","5","78","-25114.6250466919","-84185.3937447969","3657.68261632","3656.4929485321","30","35","770","775","-1","4","False"
"766","16","26","65","5","26","16","5","78","-21754.795444333","-84185.3937447969","3657.68261632","3656.4929485321","31","36","771","776","-1","4","False"
"767","16","27","65","5","27","16","5","78","-18394.965841974","-84185.3937447969","3657.68261632","3656.4929485321","32","37","772","777","-1","4","False"
"768","16","28","65","5","28","16","5","78","-15035.1362396151","-84185.3937447969","3657.68261632","3656.4929485321","33","38","773","778","-1","4","False"
"769","16","29","65","5","29","16","5","78","-11675.3066372562","-84185.3937447969","3657.68261632","3656.4929485321","34","39","774","779","-1","6","False"
"770","16","30","65","5","30","16","5","78","-8315.47703489729","-84185.3937447969","3657.68261632","3656.4929485321","35","40","775","780","3","4","True"
"771","16","31","65","5","31","16","5","78","-4955.64743253838","-84185.3937447969","3657.68261632","3656.4929485321","36","41","776","781","3","4","True"
"772","16","32","65","5","32","16","5","78","-1595.81783017946","-84185.3937447969","3657.68261632","3656.4929485321","37","42","777","782","3","4","True"
"773","16","33","65","5","33","16","5","78","1764.01177217945","-84185.3937447969","3657.68261632","3656.4929485321","38","43","778","783","3","4","True"
"774","16","34","65","5","34","16","5","78","5123.84137453837","-84185.3937447969","3657.68261632","3656.4929485321","39","44","779","784","3","6","True"
"775","16","35","65","5","35","16","5","78","8483.67097689729","-84185.3937447969","3657.68261632","3656.4929485321","40","45","780","785","-1","4","False"
"776","16","36","65","5","36","16","5","78","11843.5005792562","-84185.3937447969","3657.68261632","3656.4929485321","41","46","781","786","-1","4","False"
"777","16","37","65","5","37","16","5","78","15203.3301816151","-84185.3937447969","3657.68261632","3656.4929485321","42","47","782","787","-1","4","False"
"778","16","38","65","5","38","16","5","78","18563.159783974","-84185.3937447969","3657.68261632","3656.4929485321","43","48","783","788","-1","4","False"
"779","16","39","65","5","39","16","5","78","21922.989386333","-84185.3937447969","3657.68261632","3656.4929485321","44","49","784","789","-1","6","False"
"780","16","40","65","5","40","16","5","78","25282.8189886919","-84185.3937447969","3657.68261632","3656.4929485321","45","50","785","790","-1","4","False"
"781","16","41","65","5","41","16","5","78","28642.6485910508","-84185.3937447969","3657.68261632","3656.4929485321","46","51","786","791","-1","4","False"
"782","16","42","65","5","42","16","5","78","32002.4781934097","-84185.3937447969","3657.68261632","3656.4929485321","47","52","787","792","-1","4","False"
"783","16","43","65","5","43","16","5","78","35362.3077957686","-84185.3937447969","3657.68261632","3656.4929485321","48","53","788","793","-1","4","False"
"784","16","44","65","5","44","16","5","78","38722.1373981275","-84185.3937447969","3657.68261632","3656.4929485321","49","54","789","794","-1","6","False"
"785","16","45","65","5","45","16","5","78","42081.9670004865","-84185.3937447969","3657.68261632","3656.4929485321","50","55","790","795","3","4","True"
"786","16","46","65","5","46","16","5","78","45441.7966028454","-84185.3937447969","3657.68261632","3656.4929485321","51","56","791","796","3","4","True"
"787","16","47","65","5","47","16","5","78","48801.6262052043","-84185.3937447969","3657.68261632","3656.4929485321","52","57","792","797","3","4","True"
"788","16","48","65","5","48","16","5","78","52161.4558075632","-84185.3937447969","3657.68261632","3656.4929485321","53","58","793","798","3","4","True"
"789","16","49","65","5","49","16","5","78","55521.2854099221","-84185.3937447969","3657.68261632","3656.4929485321","54","59","794","799","3","6","True"
"790","16","50","65","5","50","16","5","78","58881.1150122811","-84185.3937447969","3657.68261632","3656.4929485321","55","60","795","800","-1","4","False"
"791","16","51","65","5","51","16","5","78","62240.9446146399","-84185.3937447969","3657.68261632","3656.4929485321","56","61","796","801","-1","4","False"
"792","16","52","65","5","52","16","5","78","65600.7742169989","-84185.3937447969","3657.68261632","3656.4929485321","57","62","797","802","-1","4","False"
"793","16","53","65","5","53","16","5","78","68960.6038193578","-84185.3937447969","3657.68261632","3656.4929485321","58","63","798","803","-1","4","False"
"794","16","54","65","5","54","16","5","78","72320.4334217167","-84185.3937447969","3657.68261632","3656.4929485321","59","64","799","804","-1","6","False"
"795","16","55","65","5","55","16","5","78","75680.2630240756","-84185.3937447969","3657.68261632","3656.4929485321","45","50","785","790","-1","4","False"
"796","16","56","65","5","56","16","5","78","79040.0926264345","-84185.3937447969","3657.68261632","3656.4929485321","46","51","786","791","-1","4","False"
"797","16","57","65","5","57","16","5","78","82399.9222287935","-84185.3937447969","3657.68261632","3656.4929485321","47","52","787","792","-1","4","False"
"798","16","58","65","5","58","16","5","78","85759.7518311524","-84185.3937447969","3657.68261632","3656.4929485321","48","53","788","793","-1","4","False"
"799","16","59","65","5","59","16","5","78","89119.5814335113","-84185.3937447969","3657.68261632","3656.4929485321","49","54","789","794","-1","6","False"
"800","16","60","65","5","60","16","5","78","92479.4110358702","-84185.3937447969","3657.68261632","3656.4929485321","50","55","790","795","0","4","True"
"801","16","61","65","5","61","16","5","78","95839.2406382291","-84185.3937447969","3657.68261632","3656.4929485321","51","56","791","796","0","4","True"
"802","16","62","65","5","62","16","5","78","99199.0702405881","-84185.3937447969","3657.68261632","3656.4929485321","52","57","792","797","0","4","True"
"803","16","63","65","5","63","16","5","78","102558.899842947","-84185.3937447969","3657.68261632","3656.4929485321","53","58","793","798","0","4","True"
"804","16","64","65","5","64","16","5","78","105918.729445306","-84185.3937447969","3657.68261632","3656.4929485321","54","59","794","799","0","4","True"
"805","17","0","65","5","64","17","5","78","105918.729445306","-80541.9458688203","3657.68261632","3656.4929485321","5","10","810","815","3","2","True"
"806","17","1","65","5","63","17","5","78","102558.899842947","-80541.9458688203","3657.68261632","3656.4929485321","6","11","811","816","3","3","True"
"807","17","2","65","5","62","17","5","78","99199.0702405881","-80541.9458688203","3657.68261632","3656.4929485321","7","12","812","817","3","3","True"
"808","17","3","65","5","61","17","5","78","95839.2406382291","-80541.9458688203","3657.68261632","3656.4929485321","8","13","813","818","3","3","True"
"809","17","4","65","5","60","17","5","78","92479.4110358702","-80541.9458688203","3657.68261632","3656.4929485321","9","14","814","819","3","3","True"
"810","17","5","65","5","59","17","5","78","89119.5814335113","-80541.9458688203","3657.68261632","3656.4929485321","10","15","815","820","-1","4","False"
"811","17","6","65","5","58","17","5","78","85759.7518311524","-80541.9458688203","3657.68261632","3656.4929485321","11","16","816","821","-1","3","False"
"812","17","7","65","5","57","17","5","78","82399.9222287935","-80541.9458688203","3657.68261632","3656.4929485321","12","17","817","822","-1","3","False"
"813","17","8","65","5","56","17","5","78","79040.0926264345","-80541.9458688203","3657.68261632","3656.4929485321","13","18","818","823","-1","3","False"
"814","17","9","65","5","55","17","5","78","75680.2630240756","-80541.9458688203","3657.68261632","3656.4929485321","14","19","819","824","-1","3","False"
"815","17","10","65","5","54","17","5","78","72320.4334217167","-80541.9458688203","3657.68261632","3656.4929485321","15","20","820","825","-1","4","False"
"816","17","11","65","5","53","17","5","78","68960.6038193578","-80541.9458688203","3657.68261632","3656.4929485321","16","21","821","826","-1","3","False"
"817","17","12","65","5","52","17","5","78","65600.7742169989","-80541.9458688203","3657.68261632","3656.4929485321","17","22","822","827","-1","3","False"
"818","17","13","65","5","51","17","5","78","62240.9446146399","-80541.9458688203","3657.68261632","3656.4929485321","18","23","823","828","-1","3","False"
"819","17","14","65","5","50","17","5","78","58881.1150122811","-80541.9458688203","3657.68261632","3656.4929485321","19","24","824","829","-1","3","False"
"820","17","15","65","5","49","17","5","78","55521.2854099221","-80541.9458688203","3657.68261632","3656.4929485321","20","25","825","830","3","4","True"
"821","17","16","65","5","48","17","5","78","52161.4558075632","-80541.9458688203","3657.68261632","3656.4929485321","21","26","826","831","3","3","True"
"822","17","17","65","5","47","17","5","78","48801.6262052043","-80541.9458688203","3657.68261632","3656.4929485321","22","27","827","832","3","3","True"
"823","17","18","65","5","46","17","5","78","45441.7966028454","-80541.9458688203","3657.68261632","3656.4929485321","23","28","828","833","3","3","True"
"824","17","19","65","5","45","17","5","78","42081.9670004865","-80541.9458688203","3657.68261632","3656.4929485321","24","29","829","834","3","3","True"
"825","17","20","65","5","44","17","5","78","38722.1373981275","-80541.9458688203","3657.68261632","3656.4929485321","25","30","830","835","-1","4","False"
"826","17","21","65","5","43","17","5","78","35362.3077957686","-80541.9458688203","3657.68261632","3656.4929485321","26","31","831","836","-1","3","False"
"827","17","22","65","5","42","17","5","78","32002.4781934097","-80541.9458688203","3657.68261632","3656.4929485321","27","32","832","837","-1","3","False"
"828","17","23","65","5","41","17","5","78","28642.6485910508","-80541.9458688203","3657.68261632","3656.4929485321","28","33","833","838","-1","3","False"
"829","17","24","65","5","40","17","5","78","25282.8189886919","-80541.9458688203","3657.68261632","3656.4929485321","29","34","834","839","-1","3","False"
"830","17","25","65","5","39","17","5","78","21922.989386333","-80541.9458688203","3657.68261632","3656.4929485321","30","35","835","840","-1","4","False"
"831","17","26","65","5","38","17","5","78","18563.159783974","-80541.9458688203","3657.68261632","3656.4929485321","31","36","836","841","-1","3","False"
"832","17","27","65","5","37","17","5","78","15203.3301816151","-80541.9458688203","3657.68261632","3656.4929485321","32","37","837","842","-1","3","False"
"833","17","28","65","5","36","17","5","78","11843.5005792562","-80541.9458688203","3657.68261632","3656.4929485321","33","38","838","843","-1","3","False"
"834","17","29","65","5","35","17","5","78","8483.67097689729","-80541.9458688203","3657.68261632","3656.4929485321","34","39","839","844","-1","3","False"
"835","17","30","65","5","34","17","5","78","5123.84137453837","-80541.9458688203","3657.68261632","3656.4929485321","35","40","840","845","3","4","True"
"836","17","31","65","5","33","17","5","78","1764.01177217945","-80541.9458688203","3657.68261632","3656.4929485321","36","41","841","846","3","3","True"
"837","17","32","65","5","32","17","5","78","-1595.81783017946","-80541.9458688203","3657.68261632","3656.4929485321","37","42","842","847","3","3","True"
"838","17","33","65","5","31","17","5","78","-4955.64743253838","-80541.9458688203","3657.68261632","3656.4929485321","38","43","843","848","3","3","True"
"839","17","34","65","5","30","17","5","78","-8315.47703489729","-80541.9458688203","3657.68261632","3656.4929485321","39","44","844","849","3","3","True"
"840","17","35","65","5","29","17","5","78","-11675.3066372562","-80541.9458688203","3657.68261632","3656.4929485321","40","45","845","850","-1","4","False"
"841","17","36","65","5","28","17","5","78","-15035.1362396151","-80541.9458688203","3657.68261632","3656.4929485321","41","46","846","851","-1","3","False"
"842","17","37","65","5","27","17","5","78","-18394.965841974","-80541.9458688203","3657.68261632","3656.4929485321","42","47","847","852","-1","3","False"
"843","17","38","65","5","26","17","5","78","-21754.795444333","-80541.9458688203","3657.68261632","3656.4929485321","43","48","848","853","-1","3","False"
"844","17","39","65","5","25","17","5","78","-25114.6250466919","-80541.9458688203","3657.68261632","3656.4929485321","44","49","849","854","-1","3","False"
"845","17","40","65","5","24","17","5","78","-28474.4546490508","-80541.9458688203","3657.68261632","3656.4929485321","45","50","850","855","-1","4","False"
"846","17","41","65","5","23","17","5","78","-31834.2842514097","-80541.9458688203","3657.68261632","3656.4929485321","46","51","851","856","-1","3","False"
"847","17","42","65","5","22","17","5","78","-35194.1138537686","-80541.9458688203","3657.68261632","3656.4929485321","47","52","852","857","-1","3","False"
"848","17","43","65","5","21","17","5","78","-38553.9434561275","-80541.9458688203","3657.68261632","3656.4929485321","48","53","853","858","-1","3","False"
"849","17","44","65","5","20","17","5","78","-41913.7730584865","-80541.9458688203","3657.68261632","3656.4929485321","49","54","854","859","-1","3","False"
"850","17","45","65","5","19","17","5","78","-45273.6026608454","-80541.9458688203","3657.68261632","3656.4929485321","50","55","855","860","3","4","True"
"851","17","46","65","5","18","17","5","78","-48633.4322632043","-80541.9458688203","3657.68261632","3656.4929485321","51","56","856","861","3","3","True"
"852","17","47","65","5","17","17","5","78","-51993.2618655632","-80541.9458688203","3657.68261632","3656.4929485321","52","57","857","862","3","3","True"
"853","17","48","65","5","16","17","5","78","-55353.0914679221","-80541.9458688203","3657.68261632","3656.4929485321","53","58","858","863","3","3","True"
"854","17","49","65","5","15","17","5","78","-58712.921070281","-80541.9458688203","3657.68261632","3656.4929485321","54","59","859","864","3","3","True"
"855","17","50","65","5","14","17","5","78","-62072.75067264","-80541.9458688203","3657.68261632","3656.4929485321","55","60","860","865","-1","4","False"
"856","17","51","65","5","13","17","5","78","-65432.5802749989","-80541.9458688203","3657.68261632","3656.4929485321","56","61","861","866","-1","3","False"
"857","17","52","65","5","12","17","5","78","-68792.4098773578","-80541.9458688203","3657.68261632","3656.4929485321","57","62","862","867","-1","3","False"
"858","17","53","65","5","11","17","5","78","-72152.2394797167","-80541.9458688203","3657.68261632","3656.4929485321","58","63","863","868","-1","3","False"
"859","17","54","65","5","10","17","5","78","-75512.0690820756","-80541.9458688203","3657.68261632","3656.4929485321","59","64","864","869","-1","3","False"
"860","17","55","65","5","9","17","5","78","-78871.8986844345","-80541.9458688203","3657.68261632","3656.4929485321","45","50","850","855","-1","4","False"
"861","17","56","65","5","8","17","5","78","-82231.7282867935","-80541.9458688203","3657.68261632","3656.4929485321","46","51","851","856","-1","3","False"
"862","17","57","65","5","7","17","5","78","-85591.5578891524","-80541.9458688203","3657.68261632","3656.4929485321","47","52","852","857","-1","3","False"
"863","17","58","65","5","6","17","5","78","-88951.3874915113","-80541.9458688203","3657.68261632","3656.4929485321","48","53","853","858","-1","3","False"
"864","17","59","65","5","5","17","5","78","-92311.2170938702","-80541.9458688203","3657.68261632","3656.4929485321","49","54","854","859","-1","3","False"
"865","17","60","65","5","4","17","5","78","-95671.0466962291","-80541.9458688203","3657.68261632","3656.4929485321","50","55","855","860","0","4","True"
"866","17","61","65","5","3","17","5","78","-99030.8762985881","-80541.9458688203","3657.68261632","3656.4929485321","51","56","856","861","0","3","True"
"867","17","62","65","5","2","17","5","78","-102390.705900947","-80541.9458688203","3657.68261632","3656.4929485321","52","57","857","862","0","3","True"
"868","17","63","65","5","1","17","5","78","-105750.535503306","-80541.9458688203","3657.68261632","3656.4929485321","53","58","858","863","0","3","True"
"869","17","64","65","5","0","17","5","78","-109110.365105665","-80541.9458688203","3657.68261632","3656.4929485321","54","59","859","864","0","3","True"
"870","18","0","75","5","0","18","5","78","-125909.513665235","-76898.5056222383","3657.68261632","3656.4929485321","5","10","875","880","3","1","True"
"871","18","1","75","5","1","18","5","78","-122549.684062876","-76898.5056222383","3657.68261632","3656.4929485321","6","11","876","881","3","2","True"
"872","18","2","75","5","2","18","5","78","-119189.854460517","-76898.5056222383","3657.68261632","3656.4929485321","7","12","877","882","3","2","True"
"873","18","3","75","5","3","18","5","78","-115830.024858158","-76898.5056222383","3657.68261632","3656.4929485321","8","13","878","883","3","2","True"
"874","18","4","75","5","4","18","5","78","-112470.195255799","-76898.5056222383","3657.68261632","3656.4929485321","9","14","879","884","3","5","True"
"875","18","5","75","5","5","18","5","78","-109110.365653441","-76898.5056222383","3657.68261632","3656.4929485321","10","15","880","885","-1","4","False"
"876","18","6","75","5","6","18","5","78","-105750.536051082","-76898.5056222383","3657.68261632","3656.4929485321","11","16","881","886","-1","4","False"
"877","18","7","75","5","7","18","5","78","-102390.706448723","-76898.5056222383","3657.68261632","3656.4929485321","12","17","882","887","-1","4","False"
"878","18","8","75","5","8","18","5","78","-99030.8768463638","-76898.5056222383","3657.68261632","3656.4929485321","13","18","883","888","-1","4","False"
"879","18","9","75","5","9","18","5","78","-95671.0472440048","-76898.5056222383","3657.68261632","3656.4929485321","14","19","884","889","-1","6","False"
"880","18","10","75","5","10","18","5","78","-92311.2176416459","-76898.5056222383","3657.68261632","3656.4929485321","15","20","885","890","-1","4","False"
"881","18","11","75","5","11","18","5","78","-88951.388039287","-76898.5056222383","3657.68261632","3656.4929485321","16","21","886","891","-1","4","False"
"882","18","12","75","5","12","18","5","78","-85591.5584369281","-76898.5056222383","3657.68261632","3656.4929485321","17","22","887","892","-1","4","False"
"883","18","13","75","5","13","18","5","78","-82231.7288345692","-76898.5056222383","3657.68261632","3656.4929485321","18","23","888","893","-1","4","False"
"884","18","14","75","5","14","18","5","78","-78871.8992322103","-76898.5056222383","3657.68261632","3656.4929485321","19","24","889","894","-1","6","False"
"885","18","15","75","5","15","18","5","78","-75512.0696298514","-76898.5056222383","3657.68261632","3656.4929485321","20","25","890","895","3","4","True"
"886","18","16","75","5","16","18","5","78","-72152.2400274924","-76898.5056222383","3657.68261632","3656.4929485321","21","26","891","896","3","4","True"
"887","18","17","75","5","17","18","5","78","-68792.4104251335","-76898.5056222383","3657.68261632","3656.4929485321","22","27","892","897","3","4","True"
"888","18","18","75","5","18","18","5","78","-65432.5808227746","-76898.5056222383","3657.68261632","3656.4929485321","23","28","893","898","3","4","True"
"889","18","19","75","5","19","18","5","78","-62072.7512204157","-76898.5056222383","3657.68261632","3656.4929485321","24","29","894","899","3","6","True"
"890","18","20","75","5","20","18","5","78","-58712.9216180568","-76898.5056222383","3657.68261632","3656.4929485321","25","30","895","900","-1","4","False"
"891","18","21","75","5","21","18","5","78","-55353.0920156979","-76898.5056222383","3657.68261632","3656.4929485321","26","31","896","901","-1","4","False"
"892","18","22","75","5","22","18","5","78","-51993.2624133389","-76898.5056222383","3657.68261632","3656.4929485321","27","32","897","902","-1","4","False"
"893","18","23","75","5","23","18","5","78","-48633.43281098","-76898.5056222383","3657.68261632","3656.4929485321","28","33","898","903","-1","4","False"
"894","18","24","75","5","24","18","5","78","-45273.6032086211","-76898.5056222383","3657.68261632","3656.4929485321","29","34","899","904","-1","6","False"
"895","18","25","75","5","25","18","5","78","-41913.7736062622","-76898.5056222383","3657.68261632","3656.4929485321","30","35","900","905","-1","4","False"
"896","18","26","75","5","26","18","5","78","-38553.9440039033","-76898.5056222383","3657.68261632","3656.4929485321","31","36","901","906","-1","4","False"
"897","18","27","75","5","27","18","5","78","-35194.1144015444","-76898.5056222383","3657.68261632","3656.4929485321","32","37","902","907","-1","4","False"
"898","18","28","75","5","28","18","5","78","-31834.2847991854","-76898.5056222383","3657.68261632","3656.4929485321","33","38","903","908","-1","4","False"
"899","18","29","75","5","29","18","5","78","-28474.4551968265","-76898.5056222383","3657.68261632","3656.4929485321","34","39","904","909","-1","6","False"
"900","18","30","75","5","30","18","5","78","-25114.6255944676","-76898.5056222383","3657.68261632","3656.4929485321","35","40","905","910","3","4","True"
"901","18","31","75","5","31","18","5","78","-21754.7959921087","-76898.5056222383","3657.68261632","3656.4929485321","36","41","906","911","3","4","True"
"902","18","32","75","5","32","18","5","78","-18394.9663897498","-76898.5056222383","3657.68261632","3656.4929485321","37","42","907","912","3","4","True"
"903","18","33","75","5","33","18","5","78","-15035.1367873909","-76898.5056222383","3657.68261632","3656.4929485321","38","43","908","913","3","4","True"
"904","18","34","75","5","34","18","5","78","-11675.3071850319","-76898.5056222383","3657.68261632","3656.4929485321","39","44","909","914","3","6","True"
"905","18","35","75","5","35","18","5","78","-8315.47758267302","-76898.5056222383","3657.68261632","3656.4929485321","40","45","910","915","-1","4","False"
"906","18","36","75","5","36","18","5","78","-4955.6479803141","-76898.5056222383","3657.68261632","3656.4929485321","41","46","911","916","-1","4","False"
"907","18","37","75","5","37","18","5","78","-1595.81837795519","-76898.5056222383","3657.68261632","3656.4929485321","42","47","912","917","-1","4","False"
"908","18","38","75","5","38","18","5","78","1764.01122440373","-76898.5056222383","3657.68261632","3656.4929485321","43","48","913","918","-1","4","False"
"909","18","39","75","5","39","18","5","78","5123.84082676264","-76898.5056222383","3657.68261632","3656.4929485321","44","49","914","919","-1","6","False"
"910","18","40","75","5","40","18","5","78","8483.67042912157","-76898.5056222383","3657.68261632","3656.4929485321","45","50","915","920","-1","4","False"
"911","18","41","75","5","41","18","5","78","11843.5000314805","-76898.5056222383","3657.68261632","3656.4929485321","46","51","916","921","-1","4","False"
"912","18","42","75","5","42","18","5","78","15203.3296338394","-76898.5056222383","3657.68261632","3656.4929485321","47","52","917","922","-1","4","False"
"913","18","43","75","5","43","18","5","78","18563.1592361983","-76898.5056222383","3657.68261632","3656.4929485321","48","53","918","923","-1","4","False"
"914","18","44","75","5","44","18","5","78","21922.9888385572","-76898.5056222383","3657.68261632","3656.4929485321","49","54","919","924","-1","6","False"
"915","18","45","75","5","45","18","5","78","25282.8184409162","-76898.5056222383","3657.68261632","3656.4929485321","50","55","920","925","3","4","True"
"916","18","46","75","5","46","18","5","78","28642.6480432751","-76898.5056222383","3657.68261632","3656.4929485321","51","56","921","926","3","4","True"
"917","18","47","75","5","47","18","5","78","32002.477645634","-76898.5056222383","3657.68261632","3656.4929485321","52","57","922","927","3","4","True"
"918","18","48","75","5","48","18","5","78","35362.3072479929","-76898.5056222383","3657.68261632","3656.4929485321","53","58","923","928","3","4","True"
"919","18","49","75","5","49","18","5","78","38722.1368503518","-76898.5056222383","3657.68261632","3656.4929485321","54","59","924","929","3","6","True"
"920","18","50","75","5","50","18","5","78","42081.9664527107","-76898.5056222383","3657.68261632","3656.4929485321","55","60","925","930","-1","4","False"
"921","18","51","75","5","51","18","5","78","45441.7960550696","-76898.5056222383","3657.68261632","3656.4929485321","56","61","926","931","-1","4","False"
"922","18","52","75","5","52","18","5","78","48801.6256574286","-76898.5056222383","3657.68261632","3656.4929485321","57","62","927","932","-1","4","False"
"923","18","53","75","5","53","18","5","78","52161.4552597875","-76898.5056222383","3657.68261632","3656.4929485321","58","63","928","933","-1","4","False"
"924","18","54","75","5","54","18","5","78","55521.2848621464","-76898.5056222383","3657.68261632","3656.4929485321","59","64","929","934","-1","6","False"
"925","18","55","75","5","55","18","5","78","58881.1144645053","-76898.5056222383","3657.68261632","3656.4929485321","60","65","930","935","-1","4","False"
"926","18","56","75","5","56","18","5","78","62240.9440668642","-76898.5056222383","3657.68261632","3656.4929485321","61","66","931","936","-1","4","False"
"927","18","57","75","5","57","18","5","78","65600.7736692231","-76898.5056222383","3657.68261632","3656.4929485321","62","67","932","937","-1","4","False"
"928","18","58","75","5","58","18","5","78","68960.603271582","-76898.5056222383","3657.68261632","3656.4929485321","63","68","933","938","-1","4","False"
"929","18","59","75","5","59","18","5","78","72320.432873941","-76898.5056222383","3657.68261632","3656.4929485321","64","69","934","939","-1","6","False"
"930","18","60","75","5","60","18","5","78","75680.2624762999","-76898.5056222383","3657.68261632","3656.4929485321","65","70","935","940","3","4","True"
"931","18","61","75","5","61","18","5","78","79040.0920786588","-76898.5056222383","3657.68261632","3656.4929485321","66","71","936","941","3","4","True"
"932","18","62","75","5","62","18","5","78","82399.9216810177","-76898.5056222383","3657.68261632","3656.4929485321","67","72","937","942","3","4","True"
"933","18","63","75","5","63","18","5","78","85759.7512833766","-76898.5056222383","3657.68261632","3656.4929485321","68","73","938","943","3","4","True"
"934","18","64","75","5","64","18","5","78","89119.5808857356","-76898.5056222383","3657.68261632","3656.4929485321","59","54","929","924","-1","6","False"
"935","18","65","75","5","65","18","5","78","92479.4104880945","-76898.5056222383","3657.68261632","3656.4929485321","55","60","925","930","-1","4","False"
"936","18","66","75","5","66","18","5","78","95839.2400904534","-76898.5056222383","3657.68261632","3656.4929485321","56","61","926","931","-1","4","False"
"937","18","67","75","5","67","18","5","78","99199.0696928123","-76898.5056222383","3657.68261632","3656.4929485321","57","62","927","932","-1","4","False"
"938","18","68","75","5","68","18","5","78","102558.899295171","-76898.5056222383","3657.68261632","3656.4929485321","58","63","928","933","-1","4","False"
"939","18","69","75","5","69","18","5","78","105918.72889753","-76898.5056222383","3657.68261632","3656.4929485321","59","64","929","934","2","5","True"
"940","18","70","75","5","70","18","5","78","109278.558499889","-76898.5056222383","3657.68261632","3656.4929485321","60","65","930","935","-1","3","False"
"941","18","71","75","5","71","18","5","78","112638.388102248","-76898.5056222383","3657.68261632","3656.4929485321","61","66","931","936","-1","2","False"
"942","18","72","75","5","72","18","5","78","115998.217704607","-76898.5056222383","3657.68261632","3656.4929485321","62","67","932","937","-1","2","False"
"943","18","73","75","5","73","18","5","78","119358.047306966","-76898.5056222383","3657.68261632","3656.4929485321","63","68","933","938","-1","2","False"
"944","18","74","75","5","74","18","5","78","122717.876909325","-76898.5056222383","3657.68261632","3656.4929485321","64","69","934","939","0","2","True"
"945","19","0","75","5","74","19","5","78","122717.876909325","-73255.0577462617","3657.68261632","3656.4929485321","5","10","950","955","3","2","True"
"946","19","1","75","5","73","19","5","78","119358.047306966","-73255.0577462617","3657.68261632","3656.4929485321","6","11","951","956","3","3","True"
"947","19","2","75","5","72","19","5","78","115998.217704607","-73255.0577462617","3657.68261632","3656.4929485321","7","12","952","957","3","3","True"
"948","19","3","75","5","71","19","5","78","112638.388102248","-73255.0577462617","3657.68261632","3656.4929485321","8","13","953","958","3","3","True"
"949","19","4","75","5","70","19","5","78","109278.558499889","-73255.0577462617","3657.68261632","3656.4929485321","9","14","954","959","3","3","True"
"950","19","5","75","5","69","19","5","78","105918.72889753","-73255.0577462617","3657.68261632","3656.4929485321","10","15","955","960","-1","4","False"
"951","19","6","75","5","68","19","5","78","102558.899295171","-73255.0577462617","3657.68261632","3656.4929485321","11","16","956","961","-1","3","False"
"952","19","7","75","5","67","19","5","78","99199.0696928123","-73255.0577462617","3657.68261632","3656.4929485321","12","17","957","962","-1","3","False"
"953","19","8","75","5","66","19","5","78","95839.2400904534","-73255.0577462617","3657.68261632","3656.4929485321","13","18","958","963","-1","3","False"
"954","19","9","75","5","65","19","5","78","92479.4104880945","-73255.0577462617","3657.68261632","3656.4929485321","14","19","959","964","-1","3","False"
"955","19","10","75","5","64","19","5","78","89119.5808857356","-73255.0577462617","3657.68261632","3656.4929485321","15","20","960","965","-1","4","False"
"956","19","11","75","5","63","19","5","78","85759.7512833766","-73255.0577462617","3657.68261632","3656.4929485321","16","21","961","966","-1","3","False"
"957","19","12","75","5","62","19","5","78","82399.9216810177","-73255.0577462617","3657.68261632","3656.4929485321","17","22","962","967","-1","3","False"
"958","19","13","75","5","61","19","5","78","79040.0920786588","-73255.0577462617","3657.68261632","3656.4929485321","18","23","963","968","-1","3","False"
"959","19","14","75","5","60","19","5","78","75680.2624762999","-73255.0577462617","3657.68261632","3656.4929485321","19","24","964","969","-1","3","False"
"960","19","15","75","5","59","19","5","78","72320.432873941","-73255.0577462617","3657.68261632","3656.4929485321","20","25","965","970","3","4","True"
"961","19","16","75","5","58","19","5","78","68960.603271582","-73255.0577462617","3657.68261632","3656.4929485321","21","26","966","971","3","3","True"
"962","19","17","75","5","57","19","5","78","65600.7736692231","-73255.0577462617","3657.68261632","3656.4929485321","22","27","967","972","3","3","True"
"963","19","18","75","5","56","19","5","78","62240.9440668642","-73255.0577462617","3657.68261632","3656.4929485321","23","28","968","973","3","3","True"
"964","19","19","75","5","55","19","5","78","58881.1144645053","-73255.0577462617","3657.68261632","3656.4929485321","24","29","969","974","3","3","True"
"965","19","20","75","5","54","19","5","78","55521.2848621464","-73255.0577462617","3657.68261632","3656.4929485321","25","30","970","975","-1","4","False"
"966","19","21","75","5","53","19","5","78","52161.4552597875","-73255.0577462617","3657.68261632","3656.4929485321","26","31","971","976","-1","3","False"
"967","19","22","75","5","52","19","5","78","48801.6256574286","-73255.0577462617","3657.68261632","3656.4929485321","27","32","972","977","-1","3","False"
"968","19","23","75","5","51","19","5","78","45441.7960550696","-73255.0577462617","3657.68261632","3656.4929485321","28","33","973","978","-1","3","False"
"969","19","24","75","5","50","19","5","78","42081.9664527107","-73255.0577462617","3657.68261632","3656.4929485321","29","34","974","979","-1","3","False"
"970","19","25","75","5","49","19","5","78","38722.1368503518","-73255.0577462617","3657.68261632","3656.4929485321","30","35","975","980","-1","4","False"
"971","19","26","75","5","48","19","5","78","35362.3072479929","-73255.0577462617","3657.68261632","3656.4929485321","31","36","976","981","-1","3","False"
"972","19","27","75","5","47","19","5","78","32002.477645634","-73255.0577462617","3657.68261632","3656.4929485321","32","37","977","982","-1","3","False"
"973","19","28","75","5","46","19","5","78","28642.6480432751","-73255.0577462617","3657.68261632","3656.4929485321","33","38","978","983","-1","3","False"
"974","19","29","75","5","45","19","5","78","25282.8184409162","-73255.0577462617","3657.68261632","3656.4929485321","34","39","979","984","-1","3","False"
"975","19","30","75","5","44","19","5","78","21922.9888385572","-73255.0577462617","3657.68261632","3656.4929485321","35","40","980","985","3","4","True"
"976","19","31","75","5","43","19","5","78","18563.1592361983","-73255.0577462617","3657.68261632","3656.4929485321","36","41","981","986","3","3","True"
"977","19","32","75","5","42","19","5","78","15203.3296338394","-73255.0577462617","3657.68261632","3656.4929485321","37","42","982","987","3","3","True"
"978","19","33","75","5","41","19","5","78","11843.5000314805","-73255.0577462617","3657.68261632","3656.4929485321","38","43","983","988","3","3","True"
"979","19","34","75","5","40","19","5","78","8483.67042912157","-73255.0577462617","3657.68261632","3656.4929485321","39","44","984","989","3","3","True"
"980","19","35","75","5","39","19","5","78","5123.84082676264","-73255.0577462617","3657.68261632","3656.4929485321","40","45","985","990","-1","4","False"
"981","19","36","75","5","38","19","5","78","1764.01122440373","-73255.0577462617","3657.68261632","3656.4929485321","41","46","986","991","-1","3","False"
"982","19","37","75","5","37","19","5","78","-1595.81837795519","-73255.0577462617","3657.68261632","3656.4929485321","42","47","987","992","-1","3","False"
"983","19","38","75","5","36","19","5","78","-4955.6479803141","-73255.0577462617","3657.68261632","3656.4929485321","43","48","988","993","-1","3","False"
"984","19","39","75","5","35","19","5","78","-8315.47758267302","-73255.0577462617","3657.68261632","3656.4929485321","44","49","989","994","-1","3","False"
"985","19","40","75","5","34","19","5","78","-11675.3071850319","-73255.0577462617","3657.68261632","3656.4929485321","45","50","990","995","-1","4","False"
"986","19","41","75","5","33","19","5","78","-15035.1367873909","-73255.0577462617","3657.68261632","3656.4929485321","46","51","991","996","-1","3","False"
"987","19","42","75","5","32","19","5","78","-18394.9663897498","-73255.0577462617","3657.68261632","3656.4929485321","47","52","992","997","-1","3","False"
"988","19","43","75","5","31","19","5","78","-21754.7959921087","-73255.0577462617","3657.68261632","3656.4929485321","48","53","993","998","-1","3","False"
"989","19","44","75","5","30","19","5","78","-25114.6255944676","-73255.0577462617","3657.68261632","3656.4929485321","49","54","994","999","-1","3","False"
"990","19","45","75","5","29","19","5","78","-28474.4551968265","-73255.0577462617","3657.68261632","3656.4929485321","50","55","995","1000","3","4","True"
"991","19","46","75","5","28","19","5","78","-31834.2847991854","-73255.0577462617","3657.68261632","3656.4929485321","51","56","996","1001","3","3","True"
"992","19","47","75","5","27","19","5","78","-35194.1144015444","-73255.0577462617","3657.68261632","3656.4929485321","52","57","997","1002","3","3","True"
"993","19","48","75","5","26","19","5","78","-38553.9440039033","-73255.0577462617","3657.68261632","3656.4929485321","53","58","998","1003","3","3","True"
"994","19","49","75","5","25","19","5","78","-41913.7736062622","-73255.0577462617","3657.68261632","3656.4929485321","54","59","999","1004","3","3","True"
"995","19","50","75","5","24","19","5","78","-45273.6032086211","-73255.0577462617","3657.68261632","3656.4929485321","55","60","1000","1005","-1","4","False"
"996","19","51","75","5","23","19","5","78","-48633.43281098","-73255.0577462617","3657.68261632","3656.4929485321","56","61","1001","1006","-1","3","False"
"997","19","52","75","5","22","19","5","78","-51993.2624133389","-73255.0577462617","3657.68261632","3656.4929485321","57","62","1002","1007","-1","3","False"
"998","19","53","75","5","21","19","5","78","-55353.0920156979","-73255.0577462617","3657.68261632","3656.4929485321","58","63","1003","1008","-1","3","False"
"999","19","54","75","5","20","19","5","78","-58712.9216180568","-73255.0577462617","3657.68261632","3656.4929485321","59","64","1004","1009","-1","3","False"
"1000","19","55","75","5","19","19","5","78","-62072.7512204157","-73255.0577462617","3657.68261632","3656.4929485321","60","65","1005","1010","-1","4","False"
"1001","19","56","75","5","18","19","5","78","-65432.5808227746","-73255.0577462617","3657.68261632","3656.4929485321","61","66","1006","1011","-1","3","False"
"1002","19","57","75","5","17","19","5","78","-68792.4104251335","-73255.0577462617","3657.68261632","3656.4929485321","62","67","1007","1012","-1","3","False"
"1003","19","58","75","5","16","19","5","78","-72152.2400274924","-73255.0577462617","3657.68261632","3656.4929485321","63","68","1008","1013","-1","3","False"
"1004","19","59","75","5","15","19","5","78","-75512.0696298514","-73255.0577462617","3657.68261632","3656.4929485321","64","69","1009","1014","-1","3","False"
"1005","19","60","75","5","14","19","5","78","-78871.8992322103","-73255.0577462617","3657.68261632","3656.4929485321","65","70","1010","1015","3","4","True"
"1006","19","61","75","5","13","19","5","78","-82231.7288345692","-73255.0577462617","3657.68261632","3656.4929485321","66","71","1011","1016","3","3","True"
"1007","19","62","75","5","12","19","5","78","-85591.5584369281","-73255.0577462617","3657.68261632","3656.4929485321","67","72","1012","1017","3","3","True"
"1008","19","63","75","5","11","19","5","78","-88951.388039287","-73255.0577462617","3657.68261632","3656.4929485321","68","73","1013","1018","3","3","True"
"1009","19","64","75","5","10","19","5","78","-92311.2176416459","-73255.0577462617","3657.68261632","3656.4929485321","69","74","1014","1019","3","3","True"
"1010","19","65","75","5","9","19","5","78","-95671.0472440048","-73255.0577462617","3657.68261632","3656.4929485321","55","60","1000","1005","-1","4","False"
"1011","19","66","75","5","8","19","5","78","-99030.8768463638","-73255.0577462617","3657.68261632","3656.4929485321","56","61","1001","1006","-1","3","False"
"1012","19","67","75","5","7","19","5","78","-102390.706448723","-73255.0577462617","3657.68261632","3656.4929485321","57","62","1002","1007","-1","3","False"
"1013","19","68","75","5","6","19","5","78","-105750.536051082","-73255.0577462617","3657.68261632","3656.4929485321","58","63","1003","1008","-1","3","False"
"1014","19","69","75","5","5","19","5","78","-109110.365653441","-73255.0577462617","3657.68261632","3656.4929485321","59","64","1004","1009","-1","3","False"
"1015","19","70","75","5","4","19","5","78","-112470.195255799","-73255.0577462617","3657.68261632","3656.4929485321","60","65","1005","1010","-1","4","False"
"1016","19","71","75","5","3","19","5","78","-115830.024858158","-73255.0577462617","3657.68261632","3656.4929485321","61","66","1006","1011","-1","3","False"
"1017","19","72","75","5","2","19","5","78","-119189.854460517","-73255.0577462617","3657.68261632","3656.4929485321","62","67","1007","1012","-1","3","False"
"1018","19","73","75","5","1","19","5","78","-122549.684062876","-73255.0577462617","3657.68261632","3656.4929485321","63","68","1008","1013","-1","3","False"
"1019","19","74","75","5","0","19","5","78","-125909.513665235","-73255.0577462617","3657.68261632","3656.4929485321","64","69","1009","1014","-1","3","False"
"1020","20","0","75","5","0","20","5","78","-125909.513665235","-69611.6174996797","3657.68261632","3656.4929485321","5","10","1025","1030","3","2","True"
"1021","20","1","75","5","1","20","5","78","-122549.684062876","-69611.6174996797","3657.68261632","3656.4929485321","6","11","1026","1031","3","3","True"
"1022","20","2","75","5","2","20","5","78","-119189.854460517","-69611.6174996797","3657.68261632","3656.4929485321","7","12","1027","1032","3","3","True"
"1023","20","3","75","5","3","20","5","78","-115830.024858158","-69611.6174996797","3657.68261632","3656.4929485321","8","13","1028","1033","3","3","True"
"1024","20","4","75","5","4","20","5","78","-112470.195255799","-69611.6174996797","3657.68261632","3656.4929485321","9","14","1029","1034","3","4","True"
"1025","20","5","75","5","5","20","5","78","-109110.365653441","-69611.6174996797","3657.68261632","3656.4929485321","10","15","1030","1035","-1","3","False"
"1026","20","6","75","5","6","20","5","78","-105750.536051082","-69611.6174996797","3657.68261632","3656.4929485321","11","16","1031","1036","-1","3","False"
"1027","20","7","75","5","7","20","5","78","-102390.706448723","-69611.6174996797","3657.68261632","3656.4929485321","12","17","1032","1037","-1","3","False"
"1028","20","8","75","5","8","20","5","78","-99030.8768463638","-69611.6174996797","3657.68261632","3656.4929485321","13","18","1033","1038","-1","3","False"
"1029","20","9","75","5","9","20","5","78","-95671.0472440048","-69611.6174996797","3657.68261632","3656.4929485321","14","19","1034","1039","-1","4","False"
"1030","20","10","75","5","10","20","5","78","-92311.2176416459","-69611.6174996797","3657.68261632","3656.4929485321","15","20","1035","1040","-1","3","False"
"1031","20","11","75","5","11","20","5","78","-88951.388039287","-69611.6174996797","3657.68261632","3656.4929485321","16","21","1036","1041","-1","3","False"
"1032","20","12","75","5","12","20","5","78","-85591.5584369281","-69611.6174996797","3657.68261632","3656.4929485321","17","22","1037","1042","-1","3","False"
"1033","20","13","75","5","13","20","5","78","-82231.7288345692","-69611.6174996797","3657.68261632","3656.4929485321","18","23","1038","1043","-1","3","False"
"1034","20","14","75","5","14","20","5","78","-78871.8992322103","-69611.6174996797","3657.68261632","3656.4929485321","19","24","1039","1044","-1","4","False"
"1035","20","15","75","5","15","20","5","78","-75512.0696298514","-69611.6174996797","3657.68261632","3656.4929485321","20","25","1040","1045","3","3","True"
"1036","20","16","75","5","16","20","5","78","-72152.2400274924","-69611.6174996797","3657.68261632","3656.4929485321","21","26","1041","1046","3","3","True"
"1037","20","17","75","5","17","20","5","78","-68792.4104251335","-69611.6174996797","3657.68261632","3656.4929485321","22","27","1042","1047","3","3","True"
"1038","20","18","75","5","18","20","5","78","-65432.5808227746","-69611.6174996797","3657.68261632","3656.4929485321","23","28","1043","1048","3","3","True"
"1039","20","19","75","5","19","20","5","78","-62072.7512204157","-69611.6174996797","3657.68261632","3656.4929485321","24","29","1044","1049","3","4","True"
"1040","20","20","75","5","20","20","5","78","-58712.9216180568","-69611.6174996797","3657.68261632","3656.4929485321","25","30","1045","1050","-1","3","False"
"1041","20","21","75","5","21","20","5","78","-55353.0920156979","-69611.6174996797","3657.68261632","3656.4929485321","26","31","1046","1051","-1","3","False"
"1042","20","22","75","5","22","20","5","78","-51993.2624133389","-69611.6174996797","3657.68261632","3656.4929485321","27","32","1047","1052","-1","3","False"
"1043","20","23","75","5","23","20","5","78","-48633.43281098","-69611.6174996797","3657.68261632","3656.4929485321","28","33","1048","1053","-1","3","False"
"1044","20","24","75","5","24","20","5","78","-45273.6032086211","-69611.6174996797","3657.68261632","3656.4929485321","29","34","1049","1054","-1","4","False"
"1045","20","25","75","5","25","20","5","78","-41913.7736062622","-69611.6174996797","3657.68261632","3656.4929485321","30","35","1050","1055","-1","3","False"
"1046","20","26","75","5","26","20","5","78","-38553.9440039033","-69611.6174996797","3657.68261632","3656.4929485321","31","36","1051","1056","-1","3","False"
"1047","20","27","75","5","27","20","5","78","-35194.1144015444","-69611.6174996797","3657.68261632","3656.4929485321","32","37","1052","1057","-1","3","False"
"1048","20","28","75","5","28","20","5","78","-31834.2847991854","-69611.6174996797","3657.68261632","3656.4929485321","33","38","1053","1058","-1","3","False"
"1049","20","29","75","5","29","20","5","78","-28474.4551968265","-69611.6174996797","3657.68261632","3656.4929485321","34","39","1054","1059","-1","4","False"
"1050","20","30","75","5","30","20","5","78","-25114.6255944676","-69611.6174996797","3657.68261632","3656.4929485321","35","40","1055","1060","3","3","True"
"1051","20","31","75","5","31","20","5","78","-21754.7959921087","-69611.6174996797","3657.68261632","3656.4929485321","36","41","1056","1061","3","3","True"
"1052","20","32","75","5","32","20","5","78","-18394.9663897498","-69611.6174996797","3657.68261632","3656.4929485321","37","42","1057","1062","3","3","True"
"1053","20","33","75","5","33","20","5","78","-15035.1367873909","-69611.6174996797","3657.68261632","3656.4929485321","38","43","1058","1063","3","3","True"
"1054","20","34","75","5","34","20","5","78","-11675.3071850319","-69611.6174996797","3657.68261632","3656.4929485321","39","44","1059","1064","3","4","True"
"1055","20","35","75","5","35","20","5","78","-8315.47758267302","-69611.6174996797","3657.68261632","3656.4929485321","40","45","1060","1065","-1","3","False"
"1056","20","36","75","5","36","20","5","78","-4955.6479803141","-69611.6174996797","3657.68261632","3656.4929485321","41","46","1061","1066","-1","3","False"
"1057","20","37","75","5","37","20","5","78","-1595.81837795519","-69611.6174996797","3657.68261632","3656.4929485321","42","47","1062","1067","-1","3","False"
"1058","20","38","75","5","38","20","5","78","1764.01122440373","-69611.6174996797","3657.68261632","3656.4929485321","43","48","1063","1068","-1","3","False"
"1059","20","39","75","5","39","20","5","78","5123.84082676264","-69611.6174996797","3657.68261632","3656.4929485321","44","49","1064","1069","-1","4","False"
"1060","20","40","75","5","40","20","5","78","8483.67042912157","-69611.6174996797","3657.68261632","3656.4929485321","45","50","1065","1070","-1","3","False"
"1061","20","41","75","5","41","20","5","78","11843.5000314805","-69611.6174996797","3657.68261632","3656.4929485321","46","51","1066","1071","-1","3","False"
"1062","20","42","75","5","42","20","5","78","15203.3296338394","-69611.6174996797","3657.68261632","3656.4929485321","47","52","1067","1072","-1","3","False"
"1063","20","43","75","5","43","20","5","78","18563.1592361983","-69611.6174996797","3657.68261632","3656.4929485321","48","53","1068","1073","-1","3","False"
"1064","20","44","75","5","44","20","5","78","21922.9888385572","-69611.6174996797","3657.68261632","3656.4929485321","49","54","1069","1074","-1","4","False"
"1065","20","45","75","5","45","20","5","78","25282.8184409162","-69611.6174996797","3657.68261632","3656.4929485321","50","55","1070","1075","3","3","True"
"1066","20","46","75","5","46","20","5","78","28642.6480432751","-69611.6174996797","3657.68261632","3656.4929485321","51","56","1071","1076","3","3","True"
"1067","20","47","75","5","47","20","5","78","32002.477645634","-69611.6174996797","3657.68261632","3656.4929485321","52","57","1072","1077","3","3","True"
"1068","20","48","75","5","48","20","5","78","35362.3072479929","-69611.6174996797","3657.68261632","3656.4929485321","53","58","1073","1078","3","3","True"
"1069","20","49","75","5","49","20","5","78","38722.1368503518","-69611.6174996797","3657.68261632","3656.4929485321","54","59","1074","1079","3","4","True"
"1070","20","50","75","5","50","20","5","78","42081.9664527107","-69611.6174996797","3657.68261632","3656.4929485321","55","60","1075","1080","-1","3","False"
"1071","20","51","75","5","51","20","5","78","45441.7960550696","-69611.6174996797","3657.68261632","3656.4929485321","56","61","1076","1081","-1","3","False"
"1072","20","52","75","5","52","20","5","78","48801.6256574286","-69611.6174996797","3657.68261632","3656.4929485321","57","62","1077","1082","-1","3","False"
"1073","20","53","75","5","53","20","5","78","52161.4552597875","-69611.6174996797","3657.68261632","3656.4929485321","58","63","1078","1083","-1","3","False"
"1074","20","54","75","5","54","20","5","78","55521.2848621464","-69611.6174996797","3657.68261632","3656.4929485321","59","64","1079","1084","-1","4","False"
"1075","20","55","75","5","55","20","5","78","58881.1144645053","-69611.6174996797","3657.68261632","3656.4929485321","60","65","1080","1085","-1","3","False"
"1076","20","56","75","5","56","20","5","78","62240.9440668642","-69611.6174996797","3657.68261632","3656.4929485321","61","66","1081","1086","-1","3","False"
"1077","20","57","75","5","57","20","5","78","65600.7736692231","-69611.6174996797","3657.68261632","3656.4929485321","62","67","1082","1087","-1","3","False"
"1078","20","58","75","5","58","20","5","78","68960.603271582","-69611.6174996797","3657.68261632","3656.4929485321","63","68","1083","1088","-1","3","False"
"1079","20","59","75","5","59","20","5","78","72320.432873941","-69611.6174996797","3657.68261632","3656.4929485321","64","69","1084","1089","-1","4","False"
"1080","20","60","75","5","60","20","5","78","75680.2624762999","-69611.6174996797","3657.68261632","3656.4929485321","65","70","1085","1090","3","3","True"
"1081","20","61","75","5","61","20","5","78","79040.0920786588","-69611.6174996797","3657.68261632","3656.4929485321","66","71","1086","1091","3","3","True"
"1082","20","62","75","5","62","20","5","78","82399.9216810177","-69611.6174996797","3657.68261632","3656.4929485321","67","72","1087","1092","3","3","True"
"1083","20","63","75","5","63","20","5","78","85759.7512833766","-69611.6174996797","3657.68261632","3656.4929485321","68","73","1088","1093","3","3","True"
"1084","20","64","75","5","64","20","5","78","89119.5808857356","-69611.6174996797","3657.68261632","3656.4929485321","69","74","1089","1094","3","4","True"
"1085","20","65","75","5","65","20","5","78","92479.4104880945","-69611.6174996797","3657.68261632","3656.4929485321","55","60","1075","1080","-1","3","False"
"1086","20","66","75","5","66","20","5","78","95839.2400904534","-69611.6174996797","3657.68261632","3656.4929485321","56","61","1076","1081","-1","3","False"
"1087","20","67","75","5","67","20","5","78","99199.0696928123","-69611.6174996797","3657.68261632","3656.4929485321","57","62","1077","1082","-1","3","False"
"1088","20","68","75","5","68","20","5","78","102558.899295171","-69611.6174996797","3657.68261632","3656.4929485321","58","63","1078","1083","-1","3","False"
"1089","20","69","75","5","69","20","5","78","105918.72889753","-69611.6174996797","3657.68261632","3656.4929485321","59","64","1079","1084","-1","4","False"
"1090","20","70","75","5","70","20","5","78","109278.558499889","-69611.6174996797","3657.68261632","3656.4929485321","60","65","1080","1085","-1","3","False"
"1091","20","71","75","5","71","20","5","78","112638.388102248","-69611.6174996797","3657.68261632","3656.4929485321","61","66","1081","1086","-1","3","False"
"1092","20","72","75","5","72","20","5","78","115998.217704607","-69611.6174996797","3657.68261632","3656.4929485321","62","67","1082","1087","-1","3","False"
"1093","20","73","75","5","73","20","5","78","119358.047306966","-69611.6174996797","3657.68261632","3656.4929485321","63","68","1083","1088","-1","3","False"
"1094","20","74","75","5","74","20","5","78","122717.876909325","-69611.6174996797","3657.68261632","3656.4929485321","64","69","1084","1089","-1","3","False"
"1095","21","0","75","5","74","21","5","78","122717.876909325","-65968.1696237031","3657.68261632","3656.4929485321","5","10","1100","1105","3","3","True"
"1096","21","1","75","5","73","21","5","78","119358.047306966","-65968.1696237031","3657.68261632","3656.4929485321","6","11","1101","1106","3","4","True"
"1097","21","2","75","5","72","21","5","78","115998.217704607","-65968.1696237031","3657.68261632","3656.4929485321","7","12","1102","1107","3","4","True"
"1098","21","3","75","5","71","21","5","78","112638.388102248","-65968.1696237031","3657.68261632","3656.4929485321","8","13","1103","1108","3","4","True"
"1099","21","4","75","5","70","21","5","78","109278.558499889","-65968.1696237031","3657.68261632","3656.4929485321","9","14","1104","1109","3","4","True"
"1100","21","5","75","5","69","21","5","78","105918.72889753","-65968.1696237031","3657.68261632","3656.4929485321","10","15","1105","1110","-1","6","False"
"1101","21","6","75","5","68","21","5","78","102558.899295171","-65968.1696237031","3657.68261632","3656.4929485321","11","16","1106","1111","-1","4","False"
"1102","21","7","75","5","67","21","5","78","99199.0696928123","-65968.1696237031","3657.68261632","3656.4929485321","12","17","1107","1112","-1","4","False"
"1103","21","8","75","5","66","21","5","78","95839.2400904534","-65968.1696237031","3657.68261632","3656.4929485321","13","18","1108","1113","-1","4","False"
"1104","21","9","75","5","65","21","5","78","92479.4104880945","-65968.1696237031","3657.68261632","3656.4929485321","14","19","1109","1114","-1","4","False"
"1105","21","10","75","5","64","21","5","78","89119.5808857356","-65968.1696237031","3657.68261632","3656.4929485321","15","20","1110","1115","-1","6","False"
"1106","21","11","75","5","63","21","5","78","85759.7512833766","-65968.1696237031","3657.68261632","3656.4929485321","16","21","1111","1116","-1","4","False"
"1107","21","12","75","5","62","21","5","78","82399.9216810177","-65968.1696237031","3657.68261632","3656.4929485321","17","22","1112","1117","-1","4","False"
"1108","21","13","75","5","61","21","5","78","79040.0920786588","-65968.1696237031","3657.68261632","3656.4929485321","18","23","1113","1118","-1","4","False"
"1109","21","14","75","5","60","21","5","78","75680.2624762999","-65968.1696237031","3657.68261632","3656.4929485321","19","24","1114","1119","-1","4","False"
"1110","21","15","75","5","59","21","5","78","72320.432873941","-65968.1696237031","3657.68261632","3656.4929485321","20","25","1115","1120","3","6","True"
"1111","21","16","75","5","58","21","5","78","68960.603271582","-65968.1696237031","3657.68261632","3656.4929485321","21","26","1116","1121","3","4","True"
"1112","21","17","75","5","57","21","5","78","65600.7736692231","-65968.1696237031","3657.68261632","3656.4929485321","22","27","1117","1122","3","4","True"
"1113","21","18","75","5","56","21","5","78","62240.9440668642","-65968.1696237031","3657.68261632","3656.4929485321","23","28","1118","1123","3","4","True"
"1114","21","19","75","5","55","21","5","78","58881.1144645053","-65968.1696237031","3657.68261632","3656.4929485321","24","29","1119","1124","3","4","True"
"1115","21","20","75","5","54","21","5","78","55521.2848621464","-65968.1696237031","3657.68261632","3656.4929485321","25","30","1120","1125","-1","6","False"
"1116","21","21","75","5","53","21","5","78","52161.4552597875","-65968.1696237031","3657.68261632","3656.4929485321","26","31","1121","1126","-1","4","False"
"1117","21","22","75","5","52","21","5","78","48801.6256574286","-65968.1696237031","3657.68261632","3656.4929485321","27","32","1122","1127","-1","4","False"
"1118","21","23","75","5","51","21","5","78","45441.7960550696","-65968.1696237031","3657.68261632","3656.4929485321","28","33","1123","1128","-1","4","False"
"1119","21","24","75","5","50","21","5","78","42081.9664527107","-65968.1696237031","3657.68261632","3656.4929485321","29","34","1124","1129","-1","4","False"
"1120","21","25","75","5","49","21","5","78","38722.1368503518","-65968.1696237031","3657.68261632","3656.4929485321","30","35","1125","1130","-1","6","False"
"1121","21","26","75","5","48","21","5","78","35362.3072479929","-65968.1696237031","3657.68261632","3656.4929485321","31","36","1126","1131","-1","4","False"
"1122","21","27","75","5","47","21","5","78","32002.477645634","-65968.1696237031","3657.68261632","3656.4929485321","32","37","1127","1132","-1","4","False"
"1123","21","28","75","5","46","21","5","78","28642.6480432751","-65968.1696237031","3657.68261632","3656.4929485321","33","38","1128","1133","-1","4","False"
"1124","21","29","75","5","45","21","5","78","25282.8184409162","-65968.1696237031","3657.68261632","3656.4929485321","34","39","1129","1134","-1","4","False"
"1125","21","30","75","5","44","21","5","78","21922.9888385572","-65968.1696237031","3657.68261632","3656.4929485321","35","40","1130","1135","3","6","True"
"1126","21","31","75","5","43","21","5","78","18563.1592361983","-65968.1696237031","3657.68261632","3656.4929485321","36","41","1131","1136","3","4","True"
"1127","21","32","75","5","42","21","5","78","15203.3296338394","-65968.1696237031","3657.68261632","3656.4929485321","37","42","1132","1137","3","4","True"
"1128","21","33","75","5","41","21","5","78","11843.5000314805","-65968.1696237031","3657.68261632","3656.4929485321","38","43","1133","1138","3","4","True"
"1129","21","34","75","5","40","21","5","78","8483.67042912157","-65968.1696237031","3657.68261632","3656.4929485321","39","44","1134","1139","3","4","True"
"1130","21","35","75","5","39","21","5","78","5123.84082676264","-65968.1696237031","3657.68261632","3656.4929485321","40","45","1135","1140","-1","6","False"
"1131","21","36","75","5","38","21","5","78","1764.01122440373","-65968.1696237031","3657.68261632","3656.4929485321","41","46","1136","1141","-1","4","False"
"1132","21","37","75","5","37","21","5","78","-1595.81837795519","-65968.1696237031","3657.68261632","3656.4929485321","42","47","1137","1142","-1","4","False"
"1133","21","38","75","5","36","21","5","78","-4955.6479803141","-65968.1696237031","3657.68261632","3656.4929485321","43","48","1138","1143","-1","4","False"
"1134","21","39","75","5","35","21","5","78","-8315.47758267302","-65968.1696237031","3657.68261632","3656.4929485321","44","49","1139","1144","-1","4","False"
"1135","21","40","75","5","34","21","5","78","-11675.3071850319","-65968.1696237031","3657.68261632","3656.4929485321","45","50","1140","1145","-1","6","False"
"1136","21","41","75","5","33","21","5","78","-15035.1367873909","-65968.1696237031","3657.68261632","3656.4929485321","46","51","1141","1146","-1","4","False"
"1137","21","42","75","5","32","21","5","78","-18394.9663897498","-65968.1696237031","3657.68261632","3656.4929485321","47","52","1142","1147","-1","4","False"
"1138","21","43","75","5","31","21","5","78","-21754.7959921087","-65968.1696237031","3657.68261632","3656.4929485321","48","53","1143","1148","-1","4","False"
"1139","21","44","75","5","30","21","5","78","-25114.6255944676","-65968.1696237031","3657.68261632","3656.4929485321","49","54","1144","1149","-1","4","False"
"1140","21","45","75","5","29","21","5","78","-28474.4551968265","-65968.1696237031","3657.68261632","3656.4929485321","50","55","1145","1150","3","6","True"
"1141","21","46","75","5","28","21","5","78","-31834.2847991854","-65968.1696237031","3657.68261632","3656.4929485321","51","56","1146","1151","3","4","True"
"1142","21","47","75","5","27","21","5","78","-35194.1144015444","-65968.1696237031","3657.68261632","3656.4929485321","52","57","1147","1152","3","4","True"
"1143","21","48","75","5","26","21","5","78","-38553.9440039033","-65968.1696237031","3657.68261632","3656.4929485321","53","58","1148","1153","3","4","True"
"1144","21","49","75","5","25","21","5","78","-41913.7736062622","-65968.1696237031","3657.68261632","3656.4929485321","54","59","1149","1154","3","4","True"
"1145","21","50","75","5","24","21","5","78","-45273.6032086211","-65968.1696237031","3657.68261632","3656.4929485321","55","60","1150","1155","-1","6","False"
"1146","21","51","75","5","23","21","5","78","-48633.43281098","-65968.1696237031","3657.68261632","3656.4929485321","56","61","1151","1156","-1","4","False"
"1147","21","52","75","5","22","21","5","78","-51993.2624133389","-65968.1696237031","3657.68261632","3656.4929485321","57","62","1152","1157","-1","4","False"
"1148","21","53","75","5","21","21","5","78","-55353.0920156979","-65968.1696237031","3657.68261632","3656.4929485321","58","63","1153","1158","-1","4","False"
"1149","21","54","75","5","20","21","5","78","-58712.9216180568","-65968.1696237031","3657.68261632","3656.4929485321","59","64","1154","1159","-1","4","False"
"1150","21","55","75","5","19","21","5","78","-62072.7512204157","-65968.1696237031","3657.68261632","3656.4929485321","60","65","1155","1160","-1","6","False"
"1151","21","56","75","5","18","21","5","78","-65432.5808227746","-65968.1696237031","3657.68261632","3656.4929485321","61","66","1156","1161","-1","4","False"
"1152","21","57","75","5","17","21","5","78","-68792.4104251335","-65968.1696237031","3657.68261632","3656.4929485321","62","67","1157","1162","-1","4","False"
"1153","21","58","75","5","16","21","5","78","-72152.2400274924","-65968.1696237031","3657.68261632","3656.4929485321","63","68","1158","1163","-1","4","False"
"1154","21","59","75","5","15","21","5","78","-75512.0696298514","-65968.1696237031","3657.68261632","3656.4929485321","64","69","1159","1164","-1","4","False"
"1155","21","60","75","5","14","21","5","78","-78871.8992322103","-65968.1696237031","3657.68261632","3656.4929485321","65","70","1160","1165","3","6","True"
"1156","21","61","75","5","13","21","5","78","-82231.7288345692","-65968.1696237031","3657.68261632","3656.4929485321","66","71","1161","1166","3","4","True"
"1157","21","62","75","5","12","21","5","78","-85591.5584369281","-65968.1696237031","3657.68261632","3656.4929485321","67","72","1162","1167","3","4","True"
"1158","21","63","75","5","11","21","5","78","-88951.388039287","-65968.1696237031","3657.68261632","3656.4929485321","68","73","1163","1168","3","4","True"
"1159","21","64","75","5","10","21","5","78","-92311.2176416459","-65968.1696237031","3657.68261632","3656.4929485321","69","74","1164","1169","3","4","True"
"1160","21","65","75","5","9","21","5","78","-95671.0472440048","-65968.1696237031","3657.68261632","3656.4929485321","55","60","1150","1155","-1","6","False"
"1161","21","66","75","5","8","21","5","78","-99030.8768463638","-65968.1696237031","3657.68261632","3656.4929485321","56","61","1151","1156","-1","4","False"
"1162","21","67","75","5","7","21","5","78","-102390.706448723","-65968.1696237031","3657.68261632","3656.4929485321","57","62","1152","1157","-1","4","False"
"1163","21","68","75","5","6","21","5","78","-105750.536051082","-65968.1696237031","3657.68261632","3656.4929485321","58","63","1153","1158","-1","4","False"
"1164","21","69","75","5","5","21","5","78","-109110.365653441","-65968.1696237031","3657.68261632","3656.4929485321","59","64","1154","1159","-1","4","False"
"1165","21","70","75","5","4","21","5","78","-112470.195255799","-65968.1696237031","3657.68261632","3656.4929485321","60","65","1155","1160","-1","6","False"
"1166","21","71","75","5","3","21","5","78","-115830.024858158","-65968.1696237031","3657.68261632","3656.4929485321","61","66","1156","1161","-1","4","False"
"1167","21","72","75","5","2","21","5","78","-119189.854460517","-65968.1696237031","3657.68261632","3656.4929485321","62","67","1157","1162","-1","4","False"
"1168","21","73","75","5","1","21","5","78","-122549.684062876","-65968.1696237031","3657.68261632","3656.4929485321","63","68","1158","1163","-1","4","False"
"1169","21","74","75","5","0","21","5","78","-125909.513665235","-65968.1696237031","3657.68261632","3656.4929485321","64","69","1159","1164","-1","4","False"
"1170","22","0","75","5","0","22","5","78","-125909.513665235","-62324.7255624238","3657.68261632","3656.4929485321","5","10","1175","1180","3","2","True"
"1171","22","1","75","5","1","22","5","78","-122549.684062876","-62324.7255624238","3657.68261632","3656.4929485321","6","11","1176","1181","3","3","True"
"1172","22","2","75","5","2","22","5","78","-119189.854460517","-62324.7255624238","3657.68261632","3656.4929485321","7","12","1177","1182","3","3","True"
"1173","22","3","75","5","3","22","5","78","-115830.024858158","-62324.7255624238","3657.68261632","3656.4929485321","8","13","1178","1183","3","3","True"
"1174","22","4","75","5","4","22","5","78","-112470.195255799","-62324.7255624238","3657.68261632","3656.4929485321","9","14","1179","1184","3","4","True"
"1175","22","5","75","5","5","22","5","78","-109110.365653441","-62324.7255624238","3657.68261632","3656.4929485321","10","15","1180","1185","-1","3","False"
"1176","22","6","75","5","6","22","5","78","-105750.536051082","-62324.7255624238","3657.68261632","3656.4929485321","11","16","1181","1186","-1","3","False"
"1177","22","7","75","5","7","22","5","78","-102390.706448723","-62324.7255624238","3657.68261632","3656.4929485321","12","17","1182","1187","-1","3","False"
"1178","22","8","75","5","8","22","5","78","-99030.8768463638","-62324.7255624238","3657.68261632","3656.4929485321","13","18","1183","1188","-1","3","False"
"1179","22","9","75","5","9","22","5","78","-95671.0472440048","-62324.7255624238","3657.68261632","3656.4929485321","14","19","1184","1189","-1","4","False"
"1180","22","10","75","5","10","22","5","78","-92311.2176416459","-62324.7255624238","3657.68261632","3656.4929485321","15","20","1185","1190","-1","3","False"
"1181","22","11","75","5","11","22","5","78","-88951.388039287","-62324.7255624238","3657.68261632","3656.4929485321","16","21","1186","1191","-1","3","False"
"1182","22","12","75","5","12","22","5","78","-85591.5584369281","-62324.7255624238","3657.68261632","3656.4929485321","17","22","1187","1192","-1","3","False"
"1183","22","13","75","5","13","22","5","78","-82231.7288345692","-62324.7255624238","3657.68261632","3656.4929485321","18","23","1188","1193","-1","3","False"
"1184","22","14","75","5","14","22","5","78","-78871.8992322103","-62324.7255624238","3657.68261632","3656.4929485321","19","24","1189","1194","-1","4","False"
"1185","22","15","75","5","15","22","5","78","-75512.0696298514","-62324.7255624238","3657.68261632","3656.4929485321","20","25","1190","1195","3","3","True"
"1186","22","16","75","5","16","22","5","78","-72152.2400274924","-62324.7255624238","3657.68261632","3656.4929485321","21","26","1191","1196","3","3","True"
"1187","22","17","75","5","17","22","5","78","-68792.4104251335","-62324.7255624238","3657.68261632","3656.4929485321","22","27","1192","1197","3","3","True"
"1188","22","18","75","5","18","22","5","78","-65432.5808227746","-62324.7255624238","3657.68261632","3656.4929485321","23","28","1193","1198","3","3","True"
"1189","22","19","75","5","19","22","5","78","-62072.7512204157","-62324.7255624238","3657.68261632","3656.4929485321","24","29","1194","1199","3","4","True"
"1190","22","20","75","5","20","22","5","78","-58712.9216180568","-62324.7255624238","3657.68261632","3656.4929485321","25","30","1195","1200","-1","3","False"
"1191","22","21","75","5","21","22","5","78","-55353.0920156979","-62324.7255624238","3657.68261632","3656.4929485321","26","31","1196","1201","-1","3","False"
"1192","22","22","75","5","22","22","5","78","-51993.2624133389","-62324.7255624238","3657.68261632","3656.4929485321","27","32","1197","1202","-1","3","False"
"1193","22","23","75","5","23","22","5","78","-48633.43281098","-62324.7255624238","3657.68261632","3656.4929485321","28","33","1198","1203","-1","3","False"
"1194","22","24","75","5","24","22","5","78","-45273.6032086211","-62324.7255624238","3657.68261632","3656.4929485321","29","34","1199","1204","-1","4","False"
"1195","22","25","75","5","25","22","5","78","-41913.7736062622","-62324.7255624238","3657.68261632","3656.4929485321","30","35","1200","1205","-1","3","False"
"1196","22","26","75","5","26","22","5","78","-38553.9440039033","-62324.7255624238","3657.68261632","3656.4929485321","31","36","1201","1206","-1","3","False"
"1197","22","27","75","5","27","22","5","78","-35194.1144015444","-62324.7255624238","3657.68261632","3656.4929485321","32","37","1202","1207","-1","3","False"
"1198","22","28","75","5","28","22","5","78","-31834.2847991854","-62324.7255624238","3657.68261632","3656.4929485321","33","38","1203","1208","-1","3","False"
"1199","22","29","75","5","29","22","5","78","-28474.4551968265","-62324.7255624238","3657.68261632","3656.4929485321","34","39","1204","1209","-1","4","False"
"1200","22","30","75","5","30","22","5","78","-25114.6255944676","-62324.7255624238","3657.68261632","3656.4929485321","35","40","1205","1210","3","3","True"
"1201","22","31","75","5","31","22","5","78","-21754.7959921087","-62324.7255624238","3657.68261632","3656.4929485321","36","41","1206","1211","3","3","True"
"1202","22","32","75","5","32","22","5","78","-18394.9663897498","-62324.7255624238","3657.68261632","3656.4929485321","37","42","1207","1212","3","3","True"
"1203","22","33","75","5","33","22","5","78","-15035.1367873909","-62324.7255624238","3657.68261632","3656.4929485321","38","43","1208","1213","3","3","True"
"1204","22","34","75","5","34","22","5","78","-11675.3071850319","-62324.7255624238","3657.68261632","3656.4929485321","39","44","1209","1214","3","4","True"
"1205","22","35","75","5","35","22","5","78","-8315.47758267302","-62324.7255624238","3657.68261632","3656.4929485321","40","45","1210","1215","-1","3","False"
"1206","22","36","75","5","36","22","5","78","-4955.6479803141","-62324.7255624238","3657.68261632","3656.4929485321","41","46","1211","1216","-1","3","False"
"1207","22","37","75","5","37","22","5","78","-1595.81837795519","-62324.7255624238","3657.68261632","3656.4929485321","42","47","1212","1217","-1","3","False"
"1208","22","38","75","5","38","22","5","78","1764.01122440373","-62324.7255624238","3657.68261632","3656.4929485321","43","48","1213","1218","-1","3","False"
"1209","22","39","75","5","39","22","5","78","5123.84082676264","-62324.7255624238","3657.68261632","3656.4929485321","44","49","1214","1219","-1","4","False"
"1210","22","40","75","5","40","22","5","78","8483.67042912157","-62324.7255624238","3657.68261632","3656.4929485321","45","50","1215","1220","-1","3","False"
"1211","22","41","75","5","41","22","5","78","11843.5000314805","-62324.7255624238","3657.68261632","3656.4929485321","46","51","1216","1221","-1","3","False"
"1212","22","42","75","5","42","22","5","78","15203.3296338394","-62324.7255624238","3657.68261632","3656.4929485321","47","52","1217","1222","-1","3","False"
"1213","22","43","75","5","43","22","5","78","18563.1592361983","-62324.7255624238","3657.68261632","3656.4929485321","48","53","1218","1223","-1","3","False"
"1214","22","44","75","5","44","22","5","78","21922.9888385572","-62324.7255624238","3657.68261632","3656.4929485321","49","54","1219","1224","-1","4","False"
"1215","22","45","75","5","45","22","5","78","25282.8184409162","-62324.7255624238","3657.68261632","3656.4929485321","50","55","1220","1225","3","3","True"
"1216","22","46","75","5","46","22","5","78","28642.6480432751","-62324.7255624238","3657.68261632","3656.4929485321","51","56","1221","1226","3","3","True"
"1217","22","47","75","5","47","22","5","78","32002.477645634","-62324.7255624238","3657.68261632","3656.4929485321","52","57","1222","1227","3","3","True"
"1218","22","48","75","5","48","22","5","78","35362.3072479929","-62324.7255624238","3657.68261632","3656.4929485321","53","58","1223","1228","3","3","True"
"1219","22","49","75","5","49","22","5","78","38722.1368503518","-62324.7255624238","3657.68261632","3656.4929485321","54","59","1224","1229","3","4","True"
"1220","22","50","75","5","50","22","5","78","42081.9664527107","-62324.7255624238","3657.68261632","3656.4929485321","55","60","1225","1230","-1","3","False"
"1221","22","51","75","5","51","22","5","78","45441.7960550696","-62324.7255624238","3657.68261632","3656.4929485321","56","61","1226","1231","-1","3","False"
"1222","22","52","75","5","52","22","5","78","48801.6256574286","-62324.7255624238","3657.68261632","3656.4929485321","57","62","1227","1232","-1","3","False"
"1223","22","53","75","5","53","22","5","78","52161.4552597875","-62324.7255624238","3657.68261632","3656.4929485321","58","63","1228","1233","-1","3","False"
"1224","22","54","75","5","54","22","5","78","55521.2848621464","-62324.7255624238","3657.68261632","3656.4929485321","59","64","1229","1234","-1","4","False"
"1225","22","55","75","5","55","22","5","78","58881.1144645053","-62324.7255624238","3657.68261632","3656.4929485321","60","65","1230","1235","-1","3","False"
"1226","22","56","75","5","56","22","5","78","62240.9440668642","-62324.7255624238","3657.68261632","3656.4929485321","61","66","1231","1236","-1","3","False"
"1227","22","57","75","5","57","22","5","78","65600.7736692231","-62324.7255624238","3657.68261632","3656.4929485321","62","67","1232","1237","-1","3","False"
"1228","22","58","75","5","58","22","5","78","68960.603271582","-62324.7255624238","3657.68261632","3656.4929485321","63","68","1233","1238","-1","3","False"
"1229","22","59","75","5","59","22","5","78","72320.432873941","-62324.7255624238","3657.68261632","3656.4929485321","64","69","1234","1239","-1","4","False"
"1230","22","60","75","5","60","22","5","78","75680.2624762999","-62324.7255624238","3657.68261632","3656.4929485321","65","70","1235","1240","3","3","True"
"1231","22","61","75","5","61","22","5","78","79040.0920786588","-62324.7255624238","3657.68261632","3656.4929485321","66","71","1236","1241","3","3","True"
"1232","22","62","75","5","62","22","5","78","82399.9216810177","-62324.7255624238","3657.68261632","3656.4929485321","67","72","1237","1242","3","3","True"
"1233","22","63","75","5","63","22","5","78","85759.7512833766","-62324.7255624238","3657.68261632","3656.4929485321","68","73","1238","1243","3","3","True"
"1234","22","64","75","5","64","22","5","78","89119.5808857356","-62324.7255624238","3657.68261632","3656.4929485321","69","74","1239","1244","3","4","True"
"1235","22","65","75","5","65","22","5","78","92479.4104880945","-62324.7255624238","3657.68261632","3656.4929485321","55","60","1225","1230","-1","3","False"
"1236","22","66","75","5","66","22","5","78","95839.2400904534","-62324.7255624238","3657.68261632","3656.4929485321","56","61","1226","1231","-1","3","False"
"1237","22","67","75","5","67","22","5","78","99199.0696928123","-62324.7255624238","3657.68261632","3656.4929485321","57","62","1227","1232","-1","3","False"
"1238","22","68","75","5","68","22","5","78","102558.899295171","-62324.7255624238","3657.68261632","3656.4929485321","58","63","1228","1233","-1","3","False"
"1239","22","69","75","5","69","22","5","78","105918.72889753","-62324.7255624238","3657.68261632","3656.4929485321","59","64","1229","1234","-1","4","False"
"1240","22","70","75","5","70","22","5","78","109278.558499889","-62324.7255624238","3657.68261632","3656.4929485321","60","65","1230","1235","-1","3","False"
"1241","22","71","75","5","71","22","5","78","112638.388102248","-62324.7255624238","3657.68261632","3656.4929485321","61","66","1231","1236","-1","3","False"
"1242","22","72","75","5","72","22","5","78","115998.217704607","-62324.7255624238","3657.68261632","3656.4929485321","62","67","1232","1237","-1","3","False"
"1243","22","73","75","5","73","22","5","78","119358.047306966","-62324.7255624238","3657.68261632","3656.4929485321","63","68","1233","1238","-1","3","False"
"1244","22","74","75","5","74","22","5","78","122717.876909325","-62324.7255624238","3657.68261632","3656.4929485321","64","69","1234","1239","-1","3","False"
"1245","23","0","75","5","74","23","5","78","122717.876909325","-58681.2853158418","3657.68261632","3656.4929485321","5","10","1250","1255","3","2","True"
"1246","23","1","75","5","73","23","5","78","119358.047306966","-58681.2853158418","3657.68261632","3656.4929485321","6","11","1251","1256","3","3","True"
"1247","23","2","75","5","72","23","5","78","115998.217704607","-58681.2853158418","3657.68261632","3656.4929485321","7","12","1252","1257","3","3","True"
"1248","23","3","75","5","71","23","5","78","112638.388102248","-58681.2853158418","3657.68261632","3656.4929485321","8","13","1253","1258","3","3","True"
"1249","23","4","75","5","70","23","5","78","109278.558499889","-58681.2853158418","3657.68261632","3656.4929485321","9","14","1254","1259","3","3","True"
"1250","23","5","75","5","69","23","5","78","105918.72889753","-58681.2853158418","3657.68261632","3656.4929485321","10","15","1255","1260","-1","4","False"
"1251","23","6","75","5","68","23","5","78","102558.899295171","-58681.2853158418","3657.68261632","3656.4929485321","11","16","1256","1261","-1","3","False"
"1252","23","7","75","5","67","23","5","78","99199.0696928123","-58681.2853158418","3657.68261632","3656.4929485321","12","17","1257","1262","-1","3","False"
"1253","23","8","75","5","66","23","5","78","95839.2400904534","-58681.2853158418","3657.68261632","3656.4929485321","13","18","1258","1263","-1","3","False"
"1254","23","9","75","5","65","23","5","78","92479.4104880945","-58681.2853158418","3657.68261632","3656.4929485321","14","19","1259","1264","-1","3","False"
"1255","23","10","75","5","64","23","5","78","89119.5808857356","-58681.2853158418","3657.68261632","3656.4929485321","15","20","1260","1265","-1","4","False"
"1256","23","11","75","5","63","23","5","78","85759.7512833766","-58681.2853158418","3657.68261632","3656.4929485321","16","21","1261","1266","-1","3","False"
"1257","23","12","75","5","62","23","5","78","82399.9216810177","-58681.2853158418","3657.68261632","3656.4929485321","17","22","1262","1267","-1","3","False"
"1258","23","13","75","5","61","23","5","78","79040.0920786588","-58681.2853158418","3657.68261632","3656.4929485321","18","23","1263","1268","-1","3","False"
"1259","23","14","75","5","60","23","5","78","75680.2624762999","-58681.2853158418","3657.68261632","3656.4929485321","19","24","1264","1269","-1","3","False"
"1260","23","15","75","5","59","23","5","78","72320.432873941","-58681.2853158418","3657.68261632","3656.4929485321","20","25","1265","1270","3","4","True"
"1261","23","16","75","5","58","23","5","78","68960.603271582","-58681.2853158418","3657.68261632","3656.4929485321","21","26","1266","1271","3","3","True"
"1262","23","17","75","5","57","23","5","78","65600.7736692231","-58681.2853158418","3657.68261632","3656.4929485321","22","27","1267","1272","3","3","True"
"1263","23","18","75","5","56","23","5","78","62240.9440668642","-58681.2853158418","3657.68261632","3656.4929485321","23","28","1268","1273","3","3","True"
"1264","23","19","75","5","55","23","5","78","58881.1144645053","-58681.2853158418","3657.68261632","3656.4929485321","24","29","1269","1274","3","3","True"
"1265","23","20","75","5","54","23","5","78","55521.2848621464","-58681.2853158418","3657.68261632","3656.4929485321","25","30","1270","1275","-1","4","False"
"1266","23","21","75","5","53","23","5","78","52161.4552597875","-58681.2853158418","3657.68261632","3656.4929485321","26","31","1271","1276","-1","3","False"
"1267","23","22","75","5","52","23","5","78","48801.6256574286","-58681.2853158418","3657.68261632","3656.4929485321","27","32","1272","1277","-1","3","False"
"1268","23","23","75","5","51","23","5","78","45441.7960550696","-58681.2853158418","3657.68261632","3656.4929485321","28","33","1273","1278","-1","3","False"
"1269","23","24","75","5","50","23","5","78","42081.9664527107","-58681.2853158418","3657.68261632","3656.4929485321","29","34","1274","1279","-1","3","False"
"1270","23","25","75","5","49","23","5","78","38722.1368503518","-58681.2853158418","3657.68261632","3656.4929485321","30","35","1275","1280","-1","4","False"
"1271","23","26","75","5","48","23","5","78","35362.3072479929","-58681.2853158418","3657.68261632","3656.4929485321","31","36","1276","1281","-1","3","False"
"1272","23","27","75","5","47","23","5","78","32002.477645634","-58681.2853158418","3657.68261632","3656.4929485321","32","37","1277","1282","-1","3","False"
"1273","23","28","75","5","46","23","5","78","28642.6480432751","-58681.2853158418","3657.68261632","3656.4929485321","33","38","1278","1283","-1","3","False"
"1274","23","29","75","5","45","23","5","78","25282.8184409162","-58681.2853158418","3657.68261632","3656.4929485321","34","39","1279","1284","-1","3","False"
"1275","23","30","75","5","44","23","5","78","21922.9888385572","-58681.2853158418","3657.68261632","3656.4929485321","35","40","1280","1285","3","4","True"
"1276","23","31","75","5","43","23","5","78","18563.1592361983","-58681.2853158418","3657.68261632","3656.4929485321","36","41","1281","1286","3","3","True"
"1277","23","32","75","5","42","23","5","78","15203.3296338394","-58681.2853158418","3657.68261632","3656.4929485321","37","42","1282","1287","3","3","True"
"1278","23","33","75","5","41","23","5","78","11843.5000314805","-58681.2853158418","3657.68261632","3656.4929485321","38","43","1283","1288","3","3","True"
"1279","23","34","75","5","40","23","5","78","8483.67042912157","-58681.2853158418","3657.68261632","3656.4929485321","39","44","1284","1289","3","3","True"
"1280","23","35","75","5","39","23","5","78","5123.84082676264","-58681.2853158418","3657.68261632","3656.4929485321","40","45","1285","1290","-1","4","False"
"1281","23","36","75","5","38","23","5","78","1764.01122440373","-58681.2853158418","3657.68261632","3656.4929485321","41","46","1286","1291","-1","3","False"
"1282","23","37","75","5","37","23","5","78","-1595.81837795519","-58681.2853158418","3657.68261632","3656.4929485321","42","47","1287","1292","-1","3","False"
"1283","23","38","75","5","36","23","5","78","-4955.6479803141","-58681.2853158418","3657.68261632","3656.4929485321","43","48","1288","1293","-1","3","False"
"1284","23","39","75","5","35","23","5","78","-8315.47758267302","-58681.2853158418","3657.68261632","3656.4929485321","44","49","1289","1294","-1","3","False"
"1285","23","40","75","5","34","23","5","78","-11675.3071850319","-58681.2853158418","3657.68261632","3656.4929485321","45","50","1290","1295","-1","4","False"
"1286","23","41","75","5","33","23","5","78","-15035.1367873909","-58681.2853158418","3657.68261632","3656.4929485321","46","51","1291","1296","-1","3","False"
"1287","23","42","75","5","32","23","5","78","-18394.9663897498","-58681.2853158418","3657.68261632","3656.4929485321","47","52","1292","1297","-1","3","False"
"1288","23","43","75","5","31","23","5","78","-21754.7959921087","-58681.2853158418","3657.68261632","3656.4929485321","48","53","1293","1298","-1","3","False"
"1289","23","44","75","5","30","23","5","78","-25114.6255944676","-58681.2853158418","3657.68261632","3656.4929485321","49","54","1294","1299","-1","3","False"
"1290","23","45","75","5","29","23","5","78","-28474.4551968265","-58681.2853158418","3657.68261632","3656.4929485321","50","55","1295","1300","3","4","True"
"1291","23","46","75","5","28","23","5","78","-31834.2847991854","-58681.2853158418","3657.68261632","3656.4929485321","51","56","1296","1301","3","3","True"
"1292","23","47","75","5","27","23","5","78","-35194.1144015444","-58681.2853158418","3657.68261632","3656.4929485321","52","57","1297","1302","3","3","True"
"1293","23","48","75","5","26","23","5","78","-38553.9440039033","-58681.2853158418","3657.68261632","3656.4929485321","53","58","1298","1303","3","3","True"
"1294","23","49","75","5","25","23","5","78","-41913.7736062622","-58681.2853158418","3657.68261632","3656.4929485321","54","59","1299","1304","3","3","True"
"1295","23","50","75","5","24","23","5","78","-45273.6032086211","-58681.2853158418","3657.68261632","3656.4929485321","55","60","1300","1305","-1","4","False"
"1296","23","51","75","5","23","23","5","78","-48633.43281098","-58681.2853158418","3657.68261632","3656.4929485321","56","61","1301","1306","-1","3","False"
"1297","23","52","75","5","22","23","5","78","-51993.2624133389","-58681.2853158418","3657.68261632","3656.4929485321","57","62","1302","1307","-1","3","False"
"1298","23","53","75","5","21","23","5","78","-55353.0920156979","-58681.2853158418","3657.68261632","3656.4929485321","58","63","1303","1308","-1","3","False"
"1299","23","54","75","5","20","23","5","78","-58712.9216180568","-58681.2853158418","3657.68261632","3656.4929485321","59","64","1304","1309","-1","3","False"
"1300","23","55","75","5","19","23","5","78","-62072.7512204157","-58681.2853158418","3657.68261632","3656.4929485321","60","65","1305","1310","-1","4","False"
"1301","23","56","75","5","18","23","5","78","-65432.5808227746","-58681.2853158418","3657.68261632","3656.4929485321","61","66","1306","1311","-1","3","False"
"1302","23","57","75","5","17","23","5","78","-68792.4104251335","-58681.2853158418","3657.68261632","3656.4929485321","62","67","1307","1312","-1","3","False"
"1303","23","58","75","5","16","23","5","78","-72152.2400274924","-58681.2853158418","3657.68261632","3656.4929485321","63","68","1308","1313","-1","3","False"
"1304","23","59","75","5","15","23","5","78","-75512.0696298514","-58681.2853158418","3657.68261632","3656.4929485321","64","69","1309","1314","-1","3","False"
"1305","23","60","75","5","14","23","5","78","-78871.8992322103","-58681.2853158418","3657.68261632","3656.4929485321","65","70","1310","1315","3","4","True"
"1306","23","61","75","5","13","23","5","78","-82231.7288345692","-58681.2853158418","3657.68261632","3656.4929485321","66","71","1311","1316","3","3","True"
"1307","23","62","75","5","12","23","5","78","-85591.5584369281","-58681.2853158418","3657.68261632","3656.4929485321","67","72","1312","1317","3","3","True"
"1308","23","63","75","5","11","23","5","78","-88951.388039287","-58681.2853158418","3657.68261632","3656.4929485321","68","73","1313","1318","3","3","True"
"1309","23","64","75","5","10","23","5","78","-92311.2176416459","-58681.2853158418","3657.68261632","3656.4929485321","69","74","1314","1319","3","3","True"
"1310","23","65","75","5","9","23","5","78","-95671.0472440048","-58681.2853158418","3657.68261632","3656.4929485321","55","60","1300","1305","-1","4","False"
"1311","23","66","75","5","8","23","5","78","-99030.8768463638","-58681.2853158418","3657.68261632","3656.4929485321","56","61","1301","1306","-1","3","False"
"1312","23","67","75","5","7","23","5","78","-102390.706448723","-58681.2853158418","3657.68261632","3656.4929485321","57","62","1302","1307","-1","3","False"
"1313","23","68","75","5","6","23","5","78","-105750.536051082","-58681.2853158418","3657.68261632","3656.4929485321","58","63","1303","1308","-1","3","False"
"1314","23","69","75","5","5","23","5","78","-109110.365653441","-58681.2853158418","3657.68261632","3656.4929485321","59","64","1304","1309","-1","3","False"
"1315","23","70","75","5","4","23","5","78","-112470.195255799","-58681.2853158418","3657.68261632","3656.4929485321","60","65","1305","1310","-1","4","False"
"1316","23","71","75","5","3","23","5","78","-115830.024858158","-58681.2853158418","3657.68261632","3656.4929485321","61","66","1306","1311","-1","3","False"
"1317","23","72","75","5","2","23","5","78","-119189.854460517","-58681.2853158418","3657.68261632","3656.4929485321","62","67","1307","1312","-1","3","False"
"1318","23","73","75","5","1","23","5","78","-122549.684062876","-58681.2853158418","3657.68261632","3656.4929485321","63","68","1308","1313","-1","3","False"
"1319","23","74","75","5","0","23","5","78","-125909.513665235","-58681.2853158418","3657.68261632","3656.4929485321","64","69","1309","1314","-1","3","False"
"1320","24","0","75","5","0","24","5","78","-125909.513665235","-55037.8412545625","3657.68261632","3656.4929485321","5","10","1325","1330","3","3","True"
"1321","24","1","75","5","1","24","5","78","-122549.684062876","-55037.8412545625","3657.68261632","3656.4929485321","6","11","1326","1331","3","4","True"
"1322","24","2","75","5","2","24","5","78","-119189.854460517","-55037.8412545625","3657.68261632","3656.4929485321","7","12","1327","1332","3","4","True"
"1323","24","3","75","5","3","24","5","78","-115830.024858158","-55037.8412545625","3657.68261632","3656.4929485321","8","13","1328","1333","3","4","True"
"1324","24","4","75","5","4","24","5","78","-112470.195255799","-55037.8412545625","3657.68261632","3656.4929485321","9","14","1329","1334","3","6","True"
"1325","24","5","75","5","5","24","5","78","-109110.365653441","-55037.8412545625","3657.68261632","3656.4929485321","10","15","1330","1335","-1","4","False"
"1326","24","6","75","5","6","24","5","78","-105750.536051082","-55037.8412545625","3657.68261632","3656.4929485321","11","16","1331","1336","-1","4","False"
"1327","24","7","75","5","7","24","5","78","-102390.706448723","-55037.8412545625","3657.68261632","3656.4929485321","12","17","1332","1337","-1","4","False"
"1328","24","8","75","5","8","24","5","78","-99030.8768463638","-55037.8412545625","3657.68261632","3656.4929485321","13","18","1333","1338","-1","4","False"
"1329","24","9","75","5","9","24","5","78","-95671.0472440048","-55037.8412545625","3657.68261632","3656.4929485321","14","19","1334","1339","-1","6","False"
"1330","24","10","75","5","10","24","5","78","-92311.2176416459","-55037.8412545625","3657.68261632","3656.4929485321","15","20","1335","1340","-1","4","False"
"1331","24","11","75","5","11","24","5","78","-88951.388039287","-55037.8412545625","3657.68261632","3656.4929485321","16","21","1336","1341","-1","4","False"
"1332","24","12","75","5","12","24","5","78","-85591.5584369281","-55037.8412545625","3657.68261632","3656.4929485321","17","22","1337","1342","-1","4","False"
"1333","24","13","75","5","13","24","5","78","-82231.7288345692","-55037.8412545625","3657.68261632","3656.4929485321","18","23","1338","1343","-1","4","False"
"1334","24","14","75","5","14","24","5","78","-78871.8992322103","-55037.8412545625","3657.68261632","3656.4929485321","19","24","1339","1344","-1","6","False"
"1335","24","15","75","5","15","24","5","78","-75512.0696298514","-55037.8412545625","3657.68261632","3656.4929485321","20","25","1340","1345","3","4","True"
"1336","24","16","75","5","16","24","5","78","-72152.2400274924","-55037.8412545625","3657.68261632","3656.4929485321","21","26","1341","1346","3","4","True"
"1337","24","17","75","5","17","24","5","78","-68792.4104251335","-55037.8412545625","3657.68261632","3656.4929485321","22","27","1342","1347","3","4","True"
"1338","24","18","75","5","18","24","5","78","-65432.5808227746","-55037.8412545625","3657.68261632","3656.4929485321","23","28","1343","1348","3","4","True"
"1339","24","19","75","5","19","24","5","78","-62072.7512204157","-55037.8412545625","3657.68261632","3656.4929485321","24","29","1344","1349","3","6","True"
"1340","24","20","75","5","20","24","5","78","-58712.9216180568","-55037.8412545625","3657.68261632","3656.4929485321","25","30","1345","1350","-1","4","False"
"1341","24","21","75","5","21","24","5","78","-55353.0920156979","-55037.8412545625","3657.68261632","3656.4929485321","26","31","1346","1351","-1","4","False"
"1342","24","22","75","5","22","24","5","78","-51993.2624133389","-55037.8412545625","3657.68261632","3656.4929485321","27","32","1347","1352","-1","4","False"
"1343","24","23","75","5","23","24","5","78","-48633.43281098","-55037.8412545625","3657.68261632","3656.4929485321","28","33","1348","1353","-1","4","False"
"1344","24","24","75","5","24","24","5","78","-45273.6032086211","-55037.8412545625","3657.68261632","3656.4929485321","29","34","1349","1354","-1","6","False"
"1345","24","25","75","5","25","24","5","78","-41913.7736062622","-55037.8412545625","3657.68261632","3656.4929485321","30","35","1350","1355","-1","4","False"
"1346","24","26","75","5","26","24","5","78","-38553.9440039033","-55037.8412545625","3657.68261632","3656.4929485321","31","36","1351","1356","-1","4","False"
"1347","24","27","75","5","27","24","5","78","-35194.1144015444","-55037.8412545625","3657.68261632","3656.4929485321","32","37","1352","1357","-1","4","False"
"1348","24","28","75","5","28","24","5","78","-31834.2847991854","-55037.8412545625","3657.68261632","3656.4929485321","33","38","1353","1358","-1","4","False"
"1349","24","29","75","5","29","24","5","78","-28474.4551968265","-55037.8412545625","3657.68261632","3656.4929485321","34","39","1354","1359","-1","6","False"
"1350","24","30","75","5","30","24","5","78","-25114.6255944676","-55037.8412545625","3657.68261632","3656.4929485321","35","40","1355","1360","3","4","True"
"1351","24","31","75","5","31","24","5","78","-21754.7959921087","-55037.8412545625","3657.68261632","3656.4929485321","36","41","1356","1361","3","4","True"
"1352","24","32","75","5","32","24","5","78","-18394.9663897498","-55037.8412545625","3657.68261632","3656.4929485321","37","42","1357","1362","3","4","True"
"1353","24","33","75","5","33","24","5","78","-15035.1367873909","-55037.8412545625","3657.68261632","3656.4929485321","38","43","1358","1363","3","4","True"
"1354","24","34","75","5","34","24","5","78","-11675.3071850319","-55037.8412545625","3657.68261632","3656.4929485321","39","44","1359","1364","3","6","True"
"1355","24","35","75","5","35","24","5","78","-8315.47758267302","-55037.8412545625","3657.68261632","3656.4929485321","40","45","1360","1365","-1","4","False"
"1356","24","36","75","5","36","24","5","78","-4955.6479803141","-55037.8412545625","3657.68261632","3656.4929485321","41","46","1361","1366","-1","4","False"
"1357","24","37","75","5","37","24","5","78","-1595.81837795519","-55037.8412545625","3657.68261632","3656.4929485321","42","47","1362","1367","-1","4","False"
"1358","24","38","75","5","38","24","5","78","1764.01122440373","-55037.8412545625","3657.68261632","3656.4929485321","43","48","1363","1368","-1","4","False"
"1359","24","39","75","5","39","24","5","78","5123.84082676264","-55037.8412545625","3657.68261632","3656.4929485321","44","49","1364","1369","-1","6","False"
"1360","24","40","75","5","40","24","5","78","8483.67042912157","-55037.8412545625","3657.68261632","3656.4929485321","45","50","1365","1370","-1","4","False"
"1361","24","41","75","5","41","24","5","78","11843.5000314805","-55037.8412545625","3657.68261632","3656.4929485321","46","51","1366","1371","-1","4","False"
"1362","24","42","75","5","42","24","5","78","15203.3296338394","-55037.8412545625","3657.68261632","3656.4929485321","47","52","1367","1372","-1","4","False"
"1363","24","43","75","5","43","24","5","78","18563.1592361983","-55037.8412545625","3657.68261632","3656.4929485321","48","53","1368","1373","-1","4","False"
"1364","24","44","75","5","44","24","5","78","21922.9888385572","-55037.8412545625","3657.68261632","3656.4929485321","49","54","1369","1374","-1","6","False"
"1365","24","45","75","5","45","24","5","78","25282.8184409162","-55037.8412545625","3657.68261632","3656.4929485321","50","55","1370","1375","3","4","True"
"1366","24","46","75","5","46","24","5","78","28642.6480432751","-55037.8412545625","3657.68261632","3656.4929485321","51","56","1371","1376","3","4","True"
"1367","24","47","75","5","47","24","5","78","32002.477645634","-55037.8412545625","3657.68261632","3656.4929485321","52","57","1372","1377","3","4","True"
"1368","24","48","75","5","48","24","5","78","35362.3072479929","-55037.8412545625","3657.68261632","3656.4929485321","53","58","1373","1378","3","4","True"
"1369","24","49","75","5","49","24","5","78","38722.1368503518","-55037.8412545625","3657.68261632","3656.4929485321","54","59","1374","1379","3","6","True"
"1370","24","50","75","5","50","24","5","78","42081.9664527107","-55037.8412545625","3657.68261632","3656.4929485321","55","60","1375","1380","-1","4","False"
"1371","24","51","75","5","51","24","5","78","45441.7960550696","-55037.8412545625","3657.68261632","3656.4929485321","56","61","1376","1381","-1","4","False"
"1372","24","52","75","5","52","24","5","78","48801.6256574286","-55037.8412545625","3657.68261632","3656.4929485321","57","62","1377","1382","-1","4","False"
"1373","24","53","75","5","53","24","5","78","52161.4552597875","-55037.8412545625","3657.68261632","3656.4929485321","58","63","1378","1383","-1","4","False"
"1374","24","54","75","5","54","24","5","78","55521.2848621464","-55037.8412545625","3657.68261632","3656.4929485321","59","64","1379","1384","-1","6","False"
"1375","24","55","75","5","55","24","5","78","58881.1144645053","-55037.8412545625","3657.68261632","3656.4929485321","60","65","1380","1385","-1","4","False"
"1376","24","56","75","5","56","24","5","78","62240.9440668642","-55037.8412545625","3657.68261632","3656.4929485321","61","66","1381","1386","-1","4","False"
"1377","24","57","75","5","57","24","5","78","65600.7736692231","-55037.8412545625","3657.68261632","3656.4929485321","62","67","1382","1387","-1","4","False"
"1378","24","58","75","5","58","24","5","78","68960.603271582","-55037.8412545625","3657.68261632","3656.4929485321","63","68","1383","1388","-1","4","False"
"1379","24","59","75","5","59","24","5","78","72320.432873941","-55037.8412545625","3657.68261632","3656.4929485321","64","69","1384","1389","-1","6","False"
"1380","24","60","75","5","60","24","5","78","75680.2624762999","-55037.8412545625","3657.68261632","3656.4929485321","65","70","1385","1390","3","4","True"
"1381","24","61","75","5","61","24","5","78","79040.0920786588","-55037.8412545625","3657.68261632","3656.4929485321","66","71","1386","1391","3","4","True"
"1382","24","62","75","5","62","24","5","78","82399.9216810177","-55037.8412545625","3657.68261632","3656.4929485321","67","72","1387","1392","3","4","True"
"1383","24","63","75","5","63","24","5","78","85759.7512833766","-55037.8412545625","3657.68261632","3656.4929485321","68","73","1388","1393","3","4","True"
"1384","24","64","75","5","64","24","5","78","89119.5808857356","-55037.8412545625","3657.68261632","3656.4929485321","69","74","1389","1394","3","6","True"
"1385","24","65","75","5","65","24","5","78","92479.4104880945","-55037.8412545625","3657.68261632","3656.4929485321","55","60","1375","1380","-1","4","False"
"1386","24","66","75","5","66","24","5","78","95839.2400904534","-55037.8412545625","3657.68261632","3656.4929485321","56","61","1376","1381","-1","4","False"
"1387","24","67","75","5","67","24","5","78","99199.0696928123","-55037.8412545625","3657.68261632","3656.4929485321","57","62","1377","1382","-1","4","False"
"1388","24","68","75","5","68","24","5","78","102558.899295171","-55037.8412545625","3657.68261632","3656.4929485321","58","63","1378","1383","-1","4","False"
"1389","24","69","75","5","69","24","5","78","105918.72889753","-55037.8412545625","3657.68261632","3656.4929485321","59","64","1379","1384","-1","6","False"
"1390","24","70","75","5","70","24","5","78","109278.558499889","-55037.8412545625","3657.68261632","3656.4929485321","60","65","1380","1385","-1","4","False"
"1391","24","71","75","5","71","24","5","78","112638.388102248","-55037.8412545625","3657.68261632","3656.4929485321","61","66","1381","1386","-1","4","False"
"1392","24","72","75","5","72","24","5","78","115998.217704607","-55037.8412545625","3657.68261632","3656.4929485321","62","67","1382","1387","-1","4","False"
"1393","24","73","75","5","73","24","5","78","119358.047306966","-55037.8412545625","3657.68261632","3656.4929485321","63","68","1383","1388","-1","4","False"
"1394","24","74","75","5","74","24","5","78","122717.876909325","-55037.8412545625","3657.68261632","3656.4929485321","64","69","1384","1389","-1","4","False"
"1395","25","0","75","5","74","25","5","78","122717.876909325","-51394.3971932832","3657.68261632","3656.4929485321","5","10","1400","1405","3","2","True"
"1396","25","1","75","5","73","25","5","78","119358.047306966","-51394.3971932832","3657.68261632","3656.4929485321","6","11","1401","1406","3","3","True"
"1397","25","2","75","5","72","25","5","78","115998.217704607","-51394.3971932832","3657.68261632","3656.4929485321","7","12","1402","1407","3","3","True"
"1398","25","3","75","5","71","25","5","78","112638.388102248","-51394.3971932832","3657.68261632","3656.4929485321","8","13","1403","1408","3","3","True"
"1399","25","4","75","5","70","25","5","78","109278.558499889","-51394.3971932832","3657.68261632","3656.4929485321","9","14","1404","1409","3","3","True"
"1400","25","5","75","5","69","25","5","78","105918.72889753","-51394.3971932832","3657.68261632","3656.4929485321","10","15","1405","1410","-1","4","False"
"1401","25","6","75","5","68","25","5","78","102558.899295171","-51394.3971932832","3657.68261632","3656.4929485321","11","16","1406","1411","-1","3","False"
"1402","25","7","75","5","67","25","5","78","99199.0696928123","-51394.3971932832","3657.68261632","3656.4929485321","12","17","1407","1412","-1","3","False"
"1403","25","8","75","5","66","25","5","78","95839.2400904534","-51394.3971932832","3657.68261632","3656.4929485321","13","18","1408","1413","-1","3","False"
"1404","25","9","75","5","65","25","5","78","92479.4104880945","-51394.3971932832","3657.68261632","3656.4929485321","14","19","1409","1414","-1","3","False"
"1405","25","10","75","5","64","25","5","78","89119.5808857356","-51394.3971932832","3657.68261632","3656.4929485321","15","20","1410","1415","-1","4","False"
"1406","25","11","75","5","63","25","5","78","85759.7512833766","-51394.3971932832","3657.68261632","3656.4929485321","16","21","1411","1416","-1","3","False"
"1407","25","12","75","5","62","25","5","78","82399.9216810177","-51394.3971932832","3657.68261632","3656.4929485321","17","22","1412","1417","-1","3","False"
"1408","25","13","75","5","61","25","5","78","79040.0920786588","-51394.3971932832","3657.68261632","3656.4929485321","18","23","1413","1418","-1","3","False"
"1409","25","14","75","5","60","25","5","78","75680.2624762999","-51394.3971932832","3657.68261632","3656.4929485321","19","24","1414","1419","-1","3","False"
"1410","25","15","75","5","59","25","5","78","72320.432873941","-51394.3971932832","3657.68261632","3656.4929485321","20","25","1415","1420","3","4","True"
"1411","25","16","75","5","58","25","5","78","68960.603271582","-51394.3971932832","3657.68261632","3656.4929485321","21","26","1416","1421","3","3","True"
"1412","25","17","75","5","57","25","5","78","65600.7736692231","-51394.3971932832","3657.68261632","3656.4929485321","22","27","1417","1422","3","3","True"
"1413","25","18","75","5","56","25","5","78","62240.9440668642","-51394.3971932832","3657.68261632","3656.4929485321","23","28","1418","1423","3","3","True"
"1414","25","19","75","5","55","25","5","78","58881.1144645053","-51394.3971932832","3657.68261632","3656.4929485321","24","29","1419","1424","3","3","True"
"1415","25","20","75","5","54","25","5","78","55521.2848621464","-51394.3971932832","3657.68261632","3656.4929485321","25","30","1420","1425","-1","4","False"
"1416","25","21","75","5","53","25","5","78","52161.4552597875","-51394.3971932832","3657.68261632","3656.4929485321","26","31","1421","1426","-1","3","False"
"1417","25","22","75","5","52","25","5","78","48801.6256574286","-51394.3971932832","3657.68261632","3656.4929485321","27","32","1422","1427","-1","3","False"
"1418","25","23","75","5","51","25","5","78","45441.7960550696","-51394.3971932832","3657.68261632","3656.4929485321","28","33","1423","1428","-1","3","False"
"1419","25","24","75","5","50","25","5","78","42081.9664527107","-51394.3971932832","3657.68261632","3656.4929485321","29","34","1424","1429","-1","3","False"
"1420","25","25","75","5","49","25","5","78","38722.1368503518","-51394.3971932832","3657.68261632","3656.4929485321","30","35","1425","1430","-1","4","False"
"1421","25","26","75","5","48","25","5","78","35362.3072479929","-51394.3971932832","3657.68261632","3656.4929485321","31","36","1426","1431","-1","3","False"
"1422","25","27","75","5","47","25","5","78","32002.477645634","-51394.3971932832","3657.68261632","3656.4929485321","32","37","1427","1432","-1","3","False"
"1423","25","28","75","5","46","25","5","78","28642.6480432751","-51394.3971932832","3657.68261632","3656.4929485321","33","38","1428","1433","-1","3","False"
"1424","25","29","75","5","45","25","5","78","25282.8184409162","-51394.3971932832","3657.68261632","3656.4929485321","34","39","1429","1434","-1","3","False"
"1425","25","30","75","5","44","25","5","78","21922.9888385572","-51394.3971932832","3657.68261632","3656.4929485321","35","40","1430","1435","3","4","True"
"1426","25","31","75","5","43","25","5","78","18563.1592361983","-51394.3971932832","3657.68261632","3656.4929485321","36","41","1431","1436","3","3","True"
"1427","25","32","75","5","42","25","5","78","15203.3296338394","-51394.3971932832","3657.68261632","3656.4929485321","37","42","1432","1437","3","3","True"
"1428","25","33","75","5","41","25","5","78","11843.5000314805","-51394.3971932832","3657.68261632","3656.4929485321","38","43","1433","1438","3","3","True"
"1429","25","34","75","5","40","25","5","78","8483.67042912157","-51394.3971932832","3657.68261632","3656.4929485321","39","44","1434","1439","3","3","True"
"1430","25","35","75","5","39","25","5","78","5123.84082676264","-51394.3971932832","3657.68261632","3656.4929485321","40","45","1435","1440","-1","4","False"
"1431","25","36","75","5","38","25","5","78","1764.01122440373","-51394.3971932832","3657.68261632","3656.4929485321","41","46","1436","1441","-1","3","False"
"1432","25","37","75","5","37","25","5","78","-1595.81837795519","-51394.3971932832","3657.68261632","3656.4929485321","42","47","1437","1442","-1","3","False"
"1433","25","38","75","5","36","25","5","78","-4955.6479803141","-51394.3971932832","3657.68261632","3656.4929485321","43","48","1438","1443","-1","3","False"
"1434","25","39","75","5","35","25","5","78","-8315.47758267302","-51394.3971932832","3657.68261632","3656.4929485321","44","49","1439","1444","-1","3","False"
"1435","25","40","75","5","34","25","5","78","-11675.3071850319","-51394.3971932832","3657.68261632","3656.4929485321","45","50","1440","1445","-1","4","False"
"1436","25","41","75","5","33","25","5","78","-15035.1367873909","-51394.3971932832","3657.68261632","3656.4929485321","46","51","1441","1446","-1","3","False"
"1437","25","42","75","5","32","25","5","78","-18394.9663897498","-51394.3971932832","3657.68261632","3656.4929485321","47","52","1442","1447","-1","3","False"
"1438","25","43","75","5","31","25","5","78","-21754.7959921087","-51394.3971932832","3657.68261632","3656.4929485321","48","53","1443","1448","-1","3","False"
"1439","25","44","75","5","30","25","5","78","-25114.6255944676","-51394.3971932832","3657.68261632","3656.4929485321","49","54","1444","1449","-1","3","False"
"1440","25","45","75","5","29","25","5","78","-28474.4551968265","-51394.3971932832","3657.68261632","3656.4929485321","50","55","1445","1450","3","4","True"
"1441","25","46","75","5","28","25","5","78","-31834.2847991854","-51394.3971932832","3657.68261632","3656.4929485321","51","56","1446","1451","3","3","True"
"1442","25","47","75","5","27","25","5","78","-35194.1144015444","-51394.3971932832","3657.68261632","3656.4929485321","52","57","1447","1452","3","3","True"
"1443","25","48","75","5","26","25","5","78","-38553.9440039033","-51394.3971932832","3657.68261632","3656.4929485321","53","58","1448","1453","3","3","True"
"1444","25","49","75","5","25","25","5","78","-41913.7736062622","-51394.3971932832","3657.68261632","3656.4929485321","54","59","1449","1454","3","3","True"
"1445","25","50","75","5","24","25","5","78","-45273.6032086211","-51394.3971932832","3657.68261632","3656.4929485321","55","60","1450","1455","-1","4","False"
"1446","25","51","75","5","23","25","5","78","-48633.43281098","-51394.3971932832","3657.68261632","3656.4929485321","56","61","1451","1456","-1","3","False"
"1447","25","52","75","5","22","25","5","78","-51993.2624133389","-51394.3971932832","3657.68261632","3656.4929485321","57","62","1452","1457","-1","3","False"
"1448","25","53","75","5","21","25","5","78","-55353.0920156979","-51394.3971932832","3657.68261632","3656.4929485321","58","63","1453","1458","-1","3","False"
"1449","25","54","75","5","20","25","5","78","-58712.9216180568","-51394.3971932832","3657.68261632","3656.4929485321","59","64","1454","1459","-1","3","False"
"1450","25","55","75","5","19","25","5","78","-62072.7512204157","-51394.3971932832","3657.68261632","3656.4929485321","60","65","1455","1460","-1","4","False"
"1451","25","56","75","5","18","25","5","78","-65432.5808227746","-51394.3971932832","3657.68261632","3656.4929485321","61","66","1456","1461","-1","3","False"
"1452","25","57","75","5","17","25","5","78","-68792.4104251335","-51394.3971932832","3657.68261632","3656.4929485321","62","67","1457","1462","-1","3","False"
"1453","25","58","75","5","16","25","5","78","-72152.2400274924","-51394.3971932832","3657.68261632","3656.4929485321","63","68","1458","1463","-1","3","False"
"1454","25","59","75","5","15","25","5","78","-75512.0696298514","-51394.3971932832","3657.68261632","3656.4929485321","64","69","1459","1464","-1","3","False"
"1455","25","60","75","5","14","25","5","78","-78871.8992322103","-51394.3971932832","3657.68261632","3656.4929485321","65","70","1460","1465","3","4","True"
"1456","25","61","75","5","13","25","5","78","-82231.7288345692","-51394.3971932832","3657.68261632","3656.4929485321","66","71","1461","1466","3","3","True"
"1457","25","62","75","5","12","25","5","78","-85591.5584369281","-51394.3971932832","3657.68261632","3656.4929485321","67","72","1462","1467","3","3","True"
"1458","25","63","75","5","11","25","5","78","-88951.388039287","-51394.3971932832","3657.68261632","3656.4929485321","68","73","1463","1468","3","3","True"
"1459","25","64","75","5","10","25","5","78","-92311.2176416459","-51394.3971932832","3657.68261632","3656.4929485321","69","74","1464","1469","3","3","True"
"1460","25","65","75","5","9","25","5","78","-95671.0472440048","-51394.3971932832","3657.68261632","3656.4929485321","55","60","1450","1455","-1","4","False"
"1461","25","66","75","5","8","25","5","78","-99030.8768463638","-51394.3971932832","3657.68261632","3656.4929485321","56","61","1451","1456","-1","3","False"
"1462","25","67","75","5","7","25","5","78","-102390.706448723","-51394.3971932832","3657.68261632","3656.4929485321","57","62","1452","1457","-1","3","False"
"1463","25","68","75","5","6","25","5","78","-105750.536051082","-51394.3971932832","3657.68261632","3656.4929485321","58","63","1453","1458","-1","3","False"
"1464","25","69","75","5","5","25","5","78","-109110.365653441","-51394.3971932832","3657.68261632","3656.4929485321","59","64","1454","1459","-1","3","False"
"1465","25","70","75","5","4","25","5","78","-112470.195255799","-51394.3971932832","3657.68261632","3656.4929485321","60","65","1455","1460","-1","4","False"
"1466","25","71","75","5","3","25","5","78","-115830.024858158","-51394.3971932832","3657.68261632","3656.4929485321","61","66","1456","1461","-1","3","False"
"1467","25","72","75","5","2","25","5","78","-119189.854460517","-51394.3971932832","3657.68261632","3656.4929485321","62","67","1457","1462","-1","3","False"
"1468","25","73","75","5","1","25","5","78","-122549.684062876","-51394.3971932832","3657.68261632","3656.4929485321","63","68","1458","1463","-1","3","False"
"1469","25","74","75","5","0","25","5","78","-125909.513665235","-51394.3971932832","3657.68261632","3656.4929485321","64","69","1459","1464","-1","3","False"
"1470","26","0","75","5","0","26","5","78","-125909.513665235","-47750.9531320039","3657.68261632","3656.4929485321","5","10","1475","1480","3","3","True"
"1471","26","1","75","5","1","26","5","78","-122549.684062876","-47750.9531320039","3657.68261632","3656.4929485321","6","11","1476","1481","3","4","True"
"1472","26","2","75","5","2","26","5","78","-119189.854460517","-47750.9531320039","3657.68261632","3656.4929485321","7","12","1477","1482","3","4","True"
"1473","26","3","75","5","3","26","5","78","-115830.024858158","-47750.9531320039","3657.68261632","3656.4929485321","8","13","1478","1483","3","4","True"
"1474","26","4","75","5","4","26","5","78","-112470.195255799","-47750.9531320039","3657.68261632","3656.4929485321","9","14","1479","1484","3","6","True"
"1475","26","5","75","5","5","26","5","78","-109110.365653441","-47750.9531320039","3657.68261632","3656.4929485321","10","15","1480","1485","-1","4","False"
"1476","26","6","75","5","6","26","5","78","-105750.536051082","-47750.9531320039","3657.68261632","3656.4929485321","11","16","1481","1486","-1","4","False"
"1477","26","7","75","5","7","26","5","78","-102390.706448723","-47750.9531320039","3657.68261632","3656.4929485321","12","17","1482","1487","-1","4","False"
"1478","26","8","75","5","8","26","5","78","-99030.8768463638","-47750.9531320039","3657.68261632","3656.4929485321","13","18","1483","1488","-1","4","False"
"1479","26","9","75","5","9","26","5","78","-95671.0472440048","-47750.9531320039","3657.68261632","3656.4929485321","14","19","1484","1489","-1","6","False"
"1480","26","10","75","5","10","26","5","78","-92311.2176416459","-47750.9531320039","3657.68261632","3656.4929485321","15","20","1485","1490","-1","4","False"
"1481","26","11","75","5","11","26","5","78","-88951.388039287","-47750.9531320039","3657.68261632","3656.4929485321","16","21","1486","1491","-1","4","False"
"1482","26","12","75","5","12","26","5","78","-85591.5584369281","-47750.9531320039","3657.68261632","3656.4929485321","17","22","1487","1492","-1","4","False"
"1483","26","13","75","5","13","26","5","78","-82231.7288345692","-47750.9531320039","3657.68261632","3656.4929485321","18","23","1488","1493","-1","4","False"
"1484","26","14","75","5","14","26","5","78","-78871.8992322103","-47750.9531320039","3657.68261632","3656.4929485321","19","24","1489","1494","-1","6","False"
"1485","26","15","75","5","15","26","5","78","-75512.0696298514","-47750.9531320039","3657.68261632","3656.4929485321","20","25","1490","1495","3","4","True"
"1486","26","16","75","5","16","26","5","78","-72152.2400274924","-47750.9531320039","3657.68261632","3656.4929485321","21","26","1491","1496","3","4","True"
"1487","26","17","75","5","17","26","5","78","-68792.4104251335","-47750.9531320039","3657.68261632","3656.4929485321","22","27","1492","1497","3","4","True"
"1488","26","18","75","5","18","26","5","78","-65432.5808227746","-47750.9531320039","3657.68261632","3656.4929485321","23","28","1493","1498","3","4","True"
"1489","26","19","75","5","19","26","5","78","-62072.7512204157","-47750.9531320039","3657.68261632","3656.4929485321","24","29","1494","1499","3","6","True"
"1490","26","20","75","5","20","26","5","78","-58712.9216180568","-47750.9531320039","3657.68261632","3656.4929485321","25","30","1495","1500","-1","4","False"
"1491","26","21","75","5","21","26","5","78","-55353.0920156979","-47750.9531320039","3657.68261632","3656.4929485321","26","31","1496","1501","-1","4","False"
"1492","26","22","75","5","22","26","5","78","-51993.2624133389","-47750.9531320039","3657.68261632","3656.4929485321","27","32","1497","1502","-1","4","False"
"1493","26","23","75","5","23","26","5","78","-48633.43281098","-47750.9531320039","3657.68261632","3656.4929485321","28","33","1498","1503","-1","4","False"
"1494","26","24","75","5","24","26","5","78","-45273.6032086211","-47750.9531320039","3657.68261632","3656.4929485321","29","34","1499","1504","-1","6","False"
"1495","26","25","75","5","25","26","5","78","-41913.7736062622","-47750.9531320039","3657.68261632","3656.4929485321","30","35","1500","1505","-1","4","False"
"1496","26","26","75","5","26","26","5","78","-38553.9440039033","-47750.9531320039","3657.68261632","3656.4929485321","31","36","1501","1506","-1","4","False"
"1497","26","27","75","5","27","26","5","78","-35194.1144015444","-47750.9531320039","3657.68261632","3656.4929485321","32","37","1502","1507","-1","4","False"
"1498","26","28","75","5","28","26","5","78","-31834.2847991854","-47750.9531320039","3657.68261632","3656.4929485321","33","38","1503","1508","-1","4","False"
"1499","26","29","75","5","29","26","5","78","-28474.4551968265","-47750.9531320039","3657.68261632","3656.4929485321","34","39","1504","1509","-1","6","False"
"1500","26","30","75","5","30","26","5","78","-25114.6255944676","-47750.9531320039","3657.68261632","3656.4929485321","35","40","1505","1510","3","4","True"
"1501","26","31","75","5","31","26","5","78","-21754.7959921087","-47750.9531320039","3657.68261632","3656.4929485321","36","41","1506","1511","3","4","True"
"1502","26","32","75","5","32","26","5","78","-18394.9663897498","-47750.9531320039","3657.68261632","3656.4929485321","37","42","1507","1512","3","4","True"
"1503","26","33","75","5","33","26","5","78","-15035.1367873909","-47750.9531320039","3657.68261632","3656.4929485321","38","43","1508","1513","3","4","True"
"1504","26","34","75","5","34","26","5","78","-11675.3071850319","-47750.9531320039","3657.68261632","3656.4929485321","39","44","1509","1514","3","6","True"
"1505","26","35","75","5","35","26","5","78","-8315.47758267302","-47750.9531320039","3657.68261632","3656.4929485321","40","45","1510","1515","-1","4","False"
"1506","26","36","75","5","36","26","5","78","-4955.6479803141","-47750.9531320039","3657.68261632","3656.4929485321","41","46","1511","1516","-1","4","False"
"1507","26","37","75","5","37","26","5","78","-1595.81837795519","-47750.9531320039","3657.68261632","3656.4929485321","42","47","1512","1517","-1","4","False"
"1508","26","38","75","5","38","26","5","78","1764.01122440373","-47750.9531320039","3657.68261632","3656.4929485321","43","48","1513","1518","-1","4","False"
"1509","26","39","75","5","39","26","5","78","5123.84082676264","-47750.9531320039","3657.68261632","3656.4929485321","44","49","1514","1519","-1","6","False"
"1510","26","40","75","5","40","26","5","78","8483.67042912157","-47750.9531320039","3657.68261632","3656.4929485321","45","50","1515","1520","-1","4","False"
"1511","26","41","75","5","41","26","5","78","11843.5000314805","-47750.9531320039","3657.68261632","3656.4929485321","46","51","1516","1521","-1","4","False"
"1512","26","42","75","5","42","26","5","78","15203.3296338394","-47750.9531320039","3657.68261632","3656.4929485321","47","52","1517","1522","-1","4","False"
"1513","26","43","75","5","43","26","5","78","18563.1592361983","-47750.9531320039","3657.68261632","3656.4929485321","48","53","1518","1523","-1","4","False"
"1514","26","44","75","5","44","26","5","78","21922.9888385572","-47750.9531320039","3657.68261632","3656.4929485321","49","54","1519","1524","-1","6","False"
"1515","26","45","75","5","45","26","5","78","25282.8184409162","-47750.9531320039","3657.68261632","3656.4929485321","50","55","1520","1525","3","4","True"
"1516","26","46","75","5","46","26","5","78","28642.6480432751","-47750.9531320039","3657.68261632","3656.4929485321","51","56","1521","1526","3","4","True"
"1517","26","47","75","5","47","26","5","78","32002.477645634","-47750.9531320039","3657.68261632","3656.4929485321","52","57","1522","1527","3","4","True"
"1518","26","48","75","5","48","26","5","78","35362.3072479929","-47750.9531320039","3657.68261632","3656.4929485321","53","58","1523","1528","3","4","True"
"1519","26","49","75","5","49","26","5","78","38722.1368503518","-47750.9531320039","3657.68261632","3656.4929485321","54","59","1524","1529","3","6","True"
"1520","26","50","75","5","50","26","5","78","42081.9664527107","-47750.9531320039","3657.68261632","3656.4929485321","55","60","1525","1530","-1","4","False"
"1521","26","51","75","5","51","26","5","78","45441.7960550696","-47750.9531320039","3657.68261632","3656.4929485321","56","61","1526","1531","-1","4","False"
"1522","26","52","75","5","52","26","5","78","48801.6256574286","-47750.9531320039","3657.68261632","3656.4929485321","57","62","1527","1532","-1","4","False"
"1523","26","53","75","5","53","26","5","78","52161.4552597875","-47750.9531320039","3657.68261632","3656.4929485321","58","63","1528","1533","-1","4","False"
"1524","26","54","75","5","54","26","5","78","55521.2848621464","-47750.9531320039","3657.68261632","3656.4929485321","59","64","1529","1534","-1","6","False"
"1525","26","55","75","5","55","26","5","78","58881.1144645053","-47750.9531320039","3657.68261632","3656.4929485321","60","65","1530","1535","-1","4","False"
"1526","26","56","75","5","56","26","5","78","62240.9440668642","-47750.9531320039","3657.68261632","3656.4929485321","61","66","1531","1536","-1","4","False"
"1527","26","57","75","5","57","26","5","78","65600.7736692231","-47750.9531320039","3657.68261632","3656.4929485321","62","67","1532","1537","-1","4","False"
"1528","26","58","75","5","58","26","5","78","68960.603271582","-47750.9531320039","3657.68261632","3656.4929485321","63","68","1533","1538","-1","4","False"
"1529","26","59","75","5","59","26","5","78","72320.432873941","-47750.9531320039","3657.68261632","3656.4929485321","64","69","1534","1539","-1","6","False"
"1530","26","60","75","5","60","26","5","78","75680.2624762999","-47750.9531320039","3657.68261632","3656.4929485321","65","70","1535","1540","3","4","True"
"1531","26","61","75","5","61","26","5","78","79040.0920786588","-47750.9531320039","3657.68261632","3656.4929485321","66","71","1536","1541","3","4","True"
"1532","26","62","75","5","62","26","5","78","82399.9216810177","-47750.9531320039","3657.68261632","3656.4929485321","67","72","1537","1542","3","4","True"
"1533","26","63","75","5","63","26","5","78","85759.7512833766","-47750.9531320039","3657.68261632","3656.4929485321","68","73","1538","1543","3","4","True"
"1534","26","64","75","5","64","26","5","78","89119.5808857356","-47750.9531320039","3657.68261632","3656.4929485321","69","74","1539","1544","3","6","True"
"1535","26","65","75","5","65","26","5","78","92479.4104880945","-47750.9531320039","3657.68261632","3656.4929485321","55","60","1525","1530","-1","4","False"
"1536","26","66","75","5","66","26","5","78","95839.2400904534","-47750.9531320039","3657.68261632","3656.4929485321","56","61","1526","1531","-1","4","False"
"1537","26","67","75","5","67","26","5","78","99199.0696928123","-47750.9531320039","3657.68261632","3656.4929485321","57","62","1527","1532","-1","4","False"
"1538","26","68","75","5","68","26","5","78","102558.899295171","-47750.9531320039","3657.68261632","3656.4929485321","58","63","1528","1533","-1","4","False"
"1539","26","69","75","5","69","26","5","78","105918.72889753","-47750.9531320039","3657.68261632","3656.4929485321","59","64","1529","1534","-1","6","False"
"1540","26","70","75","5","70","26","5","78","109278.558499889","-47750.9531320039","3657.68261632","3656.4929485321","60","65","1530","1535","-1","4","False"
"1541","26","71","75","5","71","26","5","78","112638.388102248","-47750.9531320039","3657.68261632","3656.4929485321","61","66","1531","1536","-1","4","False"
"1542","26","72","75","5","72","26","5","78","115998.217704607","-47750.9531320039","3657.68261632","3656.4929485321","62","67","1532","1537","-1","4","False"
"1543","26","73","75","5","73","26","5","78","119358.047306966","-47750.9531320039","3657.68261632","3656.4929485321","63","68","1533","1538","-1","4","False"
"1544","26","74","75","5","74","26","5","78","122717.876909325","-47750.9531320039","3657.68261632","3656.4929485321","64","69","1534","1539","-1","4","False"
"1545","27","0","75","5","74","27","5","78","122717.876909325","-44107.5090707246","3657.68261632","3656.4929485321","5","10","1550","1555","3","2","True"
"1546","27","1","75","5","73","27","5","78","119358.047306966","-44107.5090707246","3657.68261632","3656.4929485321","6","11","1551","1556","3","3","True"
"1547","27","2","75","5","72","27","5","78","115998.217704607","-44107.5090707246","3657.68261632","3656.4929485321","7","12","1552","1557","3","3","True"
"1548","27","3","75","5","71","27","5","78","112638.388102248","-44107.5090707246","3657.68261632","3656.4929485321","8","13","1553","1558","3","3","True"
"1549","27","4","75","5","70","27","5","78","109278.558499889","-44107.5090707246","3657.68261632","3656.4929485321","9","14","1554","1559","3","3","True"
"1550","27","5","75","5","69","27","5","78","105918.72889753","-44107.5090707246","3657.68261632","3656.4929485321","10","15","1555","1560","-1","4","False"
"1551","27","6","75","5","68","27","5","78","102558.899295171","-44107.5090707246","3657.68261632","3656.4929485321","11","16","1556","1561","-1","3","False"
"1552","27","7","75","5","67","27","5","78","99199.0696928123","-44107.5090707246","3657.68261632","3656.4929485321","12","17","1557","1562","-1","3","False"
"1553","27","8","75","5","66","27","5","78","95839.2400904534","-44107.5090707246","3657.68261632","3656.4929485321","13","18","1558","1563","-1","3","False"
"1554","27","9","75","5","65","27","5","78","92479.4104880945","-44107.5090707246","3657.68261632","3656.4929485321","14","19","1559","1564","-1","3","False"
"1555","27","10","75","5","64","27","5","78","89119.5808857356","-44107.5090707246","3657.68261632","3656.4929485321","15","20","1560","1565","-1","4","False"
"1556","27","11","75","5","63","27","5","78","85759.7512833766","-44107.5090707246","3657.68261632","3656.4929485321","16","21","1561","1566","-1","3","False"
"1557","27","12","75","5","62","27","5","78","82399.9216810177","-44107.5090707246","3657.68261632","3656.4929485321","17","22","1562","1567","-1","3","False"
"1558","27","13","75","5","61","27","5","78","79040.0920786588","-44107.5090707246","3657.68261632","3656.4929485321","18","23","1563","1568","-1","3","False"
"1559","27","14","75","5","60","27","5","78","75680.2624762999","-44107.5090707246","3657.68261632","3656.4929485321","19","24","1564","1569","-1","3","False"
"1560","27","15","75","5","59","27","5","78","72320.432873941","-44107.5090707246","3657.68261632","3656.4929485321","20","25","1565","1570","3","4","True"
"1561","27","16","75","5","58","27","5","78","68960.603271582","-44107.5090707246","3657.68261632","3656.4929485321","21","26","1566","1571","3","3","True"
"1562","27","17","75","5","57","27","5","78","65600.7736692231","-44107.5090707246","3657.68261632","3656.4929485321","22","27","1567","1572","3","3","True"
"1563","27","18","75","5","56","27","5","78","62240.9440668642","-44107.5090707246","3657.68261632","3656.4929485321","23","28","1568","1573","3","3","True"
"1564","27","19","75","5","55","27","5","78","58881.1144645053","-44107.5090707246","3657.68261632","3656.4929485321","24","29","1569","1574","3","3","True"
"1565","27","20","75","5","54","27","5","78","55521.2848621464","-44107.5090707246","3657.68261632","3656.4929485321","25","30","1570","1575","-1","4","False"
"1566","27","21","75","5","53","27","5","78","52161.4552597875","-44107.5090707246","3657.68261632","3656.4929485321","26","31","1571","1576","-1","3","False"
"1567","27","22","75","5","52","27","5","78","48801.6256574286","-44107.5090707246","3657.68261632","3656.4929485321","27","32","1572","1577","-1","3","False"
"1568","27","23","75","5","51","27","5","78","45441.7960550696","-44107.5090707246","3657.68261632","3656.4929485321","28","33","1573","1578","-1","3","False"
"1569","27","24","75","5","50","27","5","78","42081.9664527107","-44107.5090707246","3657.68261632","3656.4929485321","29","34","1574","1579","-1","3","False"
"1570","27","25","75","5","49","27","5","78","38722.1368503518","-44107.5090707246","3657.68261632","3656.4929485321","30","35","1575","1580","-1","4","False"
"1571","27","26","75","5","48","27","5","78","35362.3072479929","-44107.5090707246","3657.68261632","3656.4929485321","31","36","1576","1581","-1","3","False"
"1572","27","27","75","5","47","27","5","78","32002.477645634","-44107.5090707246","3657.68261632","3656.4929485321","32","37","1577","1582","-1","3","False"
"1573","27","28","75","5","46","27","5","78","28642.6480432751","-44107.5090707246","3657.68261632","3656.4929485321","33","38","1578","1583","-1","3","False"
"1574","27","29","75","5","45","27","5","78","25282.8184409162","-44107.5090707246","3657.68261632","3656.4929485321","34","39","1579","1584","-1","3","False"
"1575","27","30","75","5","44","27","5","78","21922.9888385572","-44107.5090707246","3657.68261632","3656.4929485321","35","40","1580","1585","3","4","True"
"1576","27","31","75","5","43","27","5","78","18563.1592361983","-44107.5090707246","3657.68261632","3656.4929485321","36","41","1581","1586","3","3","True"
"1577","27","32","75","5","42","27","5","78","15203.3296338394","-44107.5090707246","3657.68261632","3656.4929485321","37","42","1582","1587","3","3","True"
"1578","27","33","75","5","41","27","5","78","11843.5000314805","-44107.5090707246","3657.68261632","3656.4929485321","38","43","1583","1588","3","3","True"
"1579","27","34","75","5","40","27","5","78","8483.67042912157","-44107.5090707246","3657.68261632","3656.4929485321","39","44","1584","1589","3","3","True"
"1580","27","35","75","5","39","27","5","78","5123.84082676264","-44107.5090707246","3657.68261632","3656.4929485321","40","45","1585","1590","-1","4","False"
"1581","27","36","75","5","38","27","5","78","1764.01122440373","-44107.5090707246","3657.68261632","3656.4929485321","41","46","1586","1591","-1","3","False"
"1582","27","37","75","5","37","27","5","78","-1595.81837795519","-44107.5090707246","3657.68261632","3656.4929485321","42","47","1587","1592","-1","3","False"
"1583","27","38","75","5","36","27","5","78","-4955.6479803141","-44107.5090707246","3657.68261632","3656.4929485321","43","48","1588","1593","-1","3","False"
"1584","27","39","75","5","35","27","5","78","-8315.47758267302","-44107.5090707246","3657.68261632","3656.4929485321","44","49","1589","1594","-1","3","False"
"1585","27","40","75","5","34","27","5","78","-11675.3071850319","-44107.5090707246","3657.68261632","3656.4929485321","45","50","1590","1595","-1","4","False"
"1586","27","41","75","5","33","27","5","78","-15035.1367873909","-44107.5090707246","3657.68261632","3656.4929485321","46","51","1591","1596","-1","3","False"
"1587","27","42","75","5","32","27","5","78","-18394.9663897498","-44107.5090707246","3657.68261632","3656.4929485321","47","52","1592","1597","-1","3","False"
"1588","27","43","75","5","31","27","5","78","-21754.7959921087","-44107.5090707246","3657.68261632","3656.4929485321","48","53","1593","1598","-1","3","False"
"1589","27","44","75","5","30","27","5","78","-25114.6255944676","-44107.5090707246","3657.68261632","3656.4929485321","49","54","1594","1599","-1","3","False"
"1590","27","45","75","5","29","27","5","78","-28474.4551968265","-44107.5090707246","3657.68261632","3656.4929485321","50","55","1595","1600","3","4","True"
"1591","27","46","75","5","28","27","5","78","-31834.2847991854","-44107.5090707246","3657.68261632","3656.4929485321","51","56","1596","1601","3","3","True"
"1592","27","47","75","5","27","27","5","78","-35194.1144015444","-44107.5090707246","3657.68261632","3656.4929485321","52","57","1597","1602","3","3","True"
"1593","27","48","75","5","26","27","5","78","-38553.9440039033","-44107.5090707246","3657.68261632","3656.4929485321","53","58","1598","1603","3","3","True"
"1594","27","49","75","5","25","27","5","78","-41913.7736062622","-44107.5090707246","3657.68261632","3656.4929485321","54","59","1599","1604","3","3","True"
"1595","27","50","75","5","24","27","5","78","-45273.6032086211","-44107.5090707246","3657.68261632","3656.4929485321","55","60","1600","1605","-1","4","False"
"1596","27","51","75","5","23","27","5","78","-48633.43281098","-44107.5090707246","3657.68261632","3656.4929485321","56","61","1601","1606","-1","3","False"
"1597","27","52","75","5","22","27","5","78","-51993.2624133389","-44107.5090707246","3657.68261632","3656.4929485321","57","62","1602","1607","-1","3","False"
"1598","27","53","75","5","21","27","5","78","-55353.0920156979","-44107.5090707246","3657.68261632","3656.4929485321","58","63","1603","1608","-1","3","False"
"1599","27","54","75","5","20","27","5","78","-58712.9216180568","-44107.5090707246","3657.68261632","3656.4929485321","59","64","1604","1609","-1","3","False"
"1600","27","55","75","5","19","27","5","78","-62072.7512204157","-44107.5090707246","3657.68261632","3656.4929485321","60","65","1605","1610","-1","4","False"
"1601","27","56","75","5","18","27","5","78","-65432.5808227746","-44107.5090707246","3657.68261632","3656.4929485321","61","66","1606","1611","-1","3","False"
"1602","27","57","75","5","17","27","5","78","-68792.4104251335","-44107.5090707246","3657.68261632","3656.4929485321","62","67","1607","1612","-1","3","False"
"1603","27","58","75","5","16","27","5","78","-72152.2400274924","-44107.5090707246","3657.68261632","3656.4929485321","63","68","1608","1613","-1","3","False"
"1604","27","59","75","5","15","27","5","78","-75512.0696298514","-44107.5090707246","3657.68261632","3656.4929485321","64","69","1609","1614","-1","3","False"
"1605","27","60","75","5","14","27","5","78","-78871.8992322103","-44107.5090707246","3657.68261632","3656.4929485321","65","70","1610","1615","3","4","True"
"1606","27","61","75","5","13","27","5","78","-82231.7288345692","-44107.5090707246","3657.68261632","3656.4929485321","66","71","1611","1616","3","3","True"
"1607","27","62","75","5","12","27","5","78","-85591.5584369281","-44107.5090707246","3657.68261632","3656.4929485321","67","72","1612","1617","3","3","True"
"1608","27","63","75","5","11","27","5","78","-88951.388039287","-44107.5090707246","3657.68261632","3656.4929485321","68","73","1613","1618","3","3","True"
"1609","27","64","75","5","10","27","5","78","-92311.2176416459","-44107.5090707246","3657.68261632","3656.4929485321","69","74","1614","1619","3","3","True"
"1610","27","65","75","5","9","27","5","78","-95671.0472440048","-44107.5090707246","3657.68261632","3656.4929485321","55","60","1600","1605","-1","4","False"
"1611","27","66","75","5","8","27","5","78","-99030.8768463638","-44107.5090707246","3657.68261632","3656.4929485321","56","61","1601","1606","-1","3","False"
"1612","27","67","75","5","7","27","5","78","-102390.706448723","-44107.5090707246","3657.68261632","3656.4929485321","57","62","1602","1607","-1","3","False"
"1613","27","68","75","5","6","27","5","78","-105750.536051082","-44107.5090707246","3657.68261632","3656.4929485321","58","63","1603","1608","-1","3","False"
"1614","27","69","75","5","5","27","5","78","-109110.365653441","-44107.5090707246","3657.68261632","3656.4929485321","59","64","1604","1609","-1","3","False"
"1615","27","70","75","5","4","27","5","78","-112470.195255799","-44107.5090707246","3657.68261632","3656.4929485321","60","65","1605","1610","-1","4","False"
"1616","27","71","75","5","3","27","5","78","-115830.024858158","-44107.5090707246","3657.68261632","3656.4929485321","61","66","1606","1611","-1","3","False"
"1617","27","72","75","5","2","27","5","78","-119189.854460517","-44107.5090707246","3657.68261632","3656.4929485321","62","67","1607","1612","-1","3","False"
"1618","27","73","75","5","1","27","5","78","-122549.684062876","-44107.5090707246","3657.68261632","3656.4929485321","63","68","1608","1613","-1","3","False"
"1619","27","74","75","5","0","27","5","78","-125909.513665235","-44107.5090707246","3657.68261632","3656.4929485321","64","69","1609","1614","-1","3","False"
"1620","28","0","75","5","0","28","5","78","-125909.513665235","-40464.0650094453","3657.68261632","3656.4929485321","5","10","1625","1630","3","2","True"
"1621","28","1","75","5","1","28","5","78","-122549.684062876","-40464.0650094453","3657.68261632","3656.4929485321","6","11","1626","1631","3","3","True"
"1622","28","2","75","5","2","28","5","78","-119189.854460517","-40464.0650094453","3657.68261632","3656.4929485321","7","12","1627","1632","3","3","True"
"1623","28","3","75","5","3","28","5","78","-115830.024858158","-40464.0650094453","3657.68261632","3656.4929485321","8","13","1628","1633","3","3","True"
"1624","28","4","75","5","4","28","5","78","-112470.195255799","-40464.0650094453","3657.68261632","3656.4929485321","9","14","1629","1634","3","4","True"
"1625","28","5","75","5","5","28","5","78","-109110.365653441","-40464.0650094453","3657.68261632","3656.4929485321","10","15","1630","1635","-1","3","False"
"1626","28","6","75","5","6","28","5","78","-105750.536051082","-40464.0650094453","3657.68261632","3656.4929485321","11","16","1631","1636","-1","3","False"
"1627","28","7","75","5","7","28","5","78","-102390.706448723","-40464.0650094453","3657.68261632","3656.4929485321","12","17","1632","1637","-1","3","False"
"1628","28","8","75","5","8","28","5","78","-99030.8768463638","-40464.0650094453","3657.68261632","3656.4929485321","13","18","1633","1638","-1","3","False"
"1629","28","9","75","5","9","28","5","78","-95671.0472440048","-40464.0650094453","3657.68261632","3656.4929485321","14","19","1634","1639","-1","4","False"
"1630","28","10","75","5","10","28","5","78","-92311.2176416459","-40464.0650094453","3657.68261632","3656.4929485321","15","20","1635","1640","-1","3","False"
"1631","28","11","75","5","11","28","5","78","-88951.388039287","-40464.0650094453","3657.68261632","3656.4929485321","16","21","1636","1641","-1","3","False"
"1632","28","12","75","5","12","28","5","78","-85591.5584369281","-40464.0650094453","3657.68261632","3656.4929485321","17","22","1637","1642","-1","3","False"
"1633","28","13","75","5","13","28","5","78","-82231.7288345692","-40464.0650094453","3657.68261632","3656.4929485321","18","23","1638","1643","-1","3","False"
"1634","28","14","75","5","14","28","5","78","-78871.8992322103","-40464.0650094453","3657.68261632","3656.4929485321","19","24","1639","1644","-1","4","False"
"1635","28","15","75","5","15","28","5","78","-75512.0696298514","-40464.0650094453","3657.68261632","3656.4929485321","20","25","1640","1645","3","3","True"
"1636","28","16","75","5","16","28","5","78","-72152.2400274924","-40464.0650094453","3657.68261632","3656.4929485321","21","26","1641","1646","3","3","True"
"1637","28","17","75","5","17","28","5","78","-68792.4104251335","-40464.0650094453","3657.68261632","3656.4929485321","22","27","1642","1647","3","3","True"
"1638","28","18","75","5","18","28","5","78","-65432.5808227746","-40464.0650094453","3657.68261632","3656.4929485321","23","28","1643","1648","3","3","True"
"1639","28","19","75","5","19","28","5","78","-62072.7512204157","-40464.0650094453","3657.68261632","3656.4929485321","24","29","1644","1649","3","4","True"
"1640","28","20","75","5","20","28","5","78","-58712.9216180568","-40464.0650094453","3657.68261632","3656.4929485321","25","30","1645","1650","-1","3","False"
"1641","28","21","75","5","21","28","5","78","-55353.0920156979","-40464.0650094453","3657.68261632","3656.4929485321","26","31","1646","1651","-1","3","False"
"1642","28","22","75","5","22","28","5","78","-51993.2624133389","-40464.0650094453","3657.68261632","3656.4929485321","27","32","1647","1652","-1","3","False"
"1643","28","23","75","5","23","28","5","78","-48633.43281098","-40464.0650094453","3657.68261632","3656.4929485321","28","33","1648","1653","-1","3","False"
"1644","28","24","75","5","24","28","5","78","-45273.6032086211","-40464.0650094453","3657.68261632","3656.4929485321","29","34","1649","1654","-1","4","False"
"1645","28","25","75","5","25","28","5","78","-41913.7736062622","-40464.0650094453","3657.68261632","3656.4929485321","30","35","1650","1655","-1","3","False"
"1646","28","26","75","5","26","28","5","78","-38553.9440039033","-40464.0650094453","3657.68261632","3656.4929485321","31","36","1651","1656","-1","3","False"
"1647","28","27","75","5","27","28","5","78","-35194.1144015444","-40464.0650094453","3657.68261632","3656.4929485321","32","37","1652","1657","-1","3","False"
"1648","28","28","75","5","28","28","5","78","-31834.2847991854","-40464.0650094453","3657.68261632","3656.4929485321","33","38","1653","1658","-1","3","False"
"1649","28","29","75","5","29","28","5","78","-28474.4551968265","-40464.0650094453","3657.68261632","3656.4929485321","34","39","1654","1659","-1","4","False"
"1650","28","30","75","5","30","28","5","78","-25114.6255944676","-40464.0650094453","3657.68261632","3656.4929485321","35","40","1655","1660","3","3","True"
"1651","28","31","75","5","31","28","5","78","-21754.7959921087","-40464.0650094453","3657.68261632","3656.4929485321","36","41","1656","1661","3","3","True"
"1652","28","32","75","5","32","28","5","78","-18394.9663897498","-40464.0650094453","3657.68261632","3656.4929485321","37","42","1657","1662","3","3","True"
"1653","28","33","75","5","33","28","5","78","-15035.1367873909","-40464.0650094453","3657.68261632","3656.4929485321","38","43","1658","1663","3","3","True"
"1654","28","34","75","5","34","28","5","78","-11675.3071850319","-40464.0650094453","3657.68261632","3656.4929485321","39","44","1659","1664","3","4","True"
"1655","28","35","75","5","35","28","5","78","-8315.47758267302","-40464.0650094453","3657.68261632","3656.4929485321","40","45","1660","1665","-1","3","False"
"1656","28","36","75","5","36","28","5","78","-4955.6479803141","-40464.0650094453","3657.68261632","3656.4929485321","41","46","1661","1666","-1","3","False"
"1657","28","37","75","5","37","28","5","78","-1595.81837795519","-40464.0650094453","3657.68261632","3656.4929485321","42","47","1662","1667","-1","3","False"
"1658","28","38","75","5","38","28","5","78","1764.01122440373","-40464.0650094453","3657.68261632","3656.4929485321","43","48","1663","1668","-1","3","False"
"1659","28","39","75","5","39","28","5","78","5123.84082676264","-40464.0650094453","3657.68261632","3656.4929485321","44","49","1664","1669","-1","4","False"
"1660","28","40","75","5","40","28","5","78","8483.67042912157","-40464.0650094453","3657.68261632","3656.4929485321","45","50","1665","1670","-1","3","False"
"1661","28","41","75","5","41","28","5","78","11843.5000314805","-40464.0650094453","3657.68261632","3656.4929485321","46","51","1666","1671","-1","3","False"
"1662","28","42","75","5","42","28","5","78","15203.3296338394","-40464.0650094453","3657.68261632","3656.4929485321","47","52","1667","1672","-1","3","False"
"1663","28","43","75","5","43","28","5","78","18563.1592361983","-40464.0650094453","3657.68261632","3656.4929485321","48","53","1668","1673","-1","3","False"
"1664","28","44","75","5","44","28","5","78","21922.9888385572","-40464.0650094453","3657.68261632","3656.4929485321","49","54","1669","1674","-1","4","False"
"1665","28","45","75","5","45","28","5","78","25282.8184409162","-40464.0650094453","3657.68261632","3656.4929485321","50","55","1670","1675","3","3","True"
"1666","28","46","75","5","46","28","5","78","28642.6480432751","-40464.0650094453","3657.68261632","3656.4929485321","51","56","1671","1676","3","3","True"
"1667","28","47","75","5","47","28","5","78","32002.477645634","-40464.0650094453","3657.68261632","3656.4929485321","52","57","1672","1677","3","3","True"
"1668","28","48","75","5","48","28","5","78","35362.3072479929","-40464.0650094453","3657.68261632","3656.4929485321","53","58","1673","1678","3","3","True"
"1669","28","49","75","5","49","28","5","78","38722.1368503518","-40464.0650094453","3657.68261632","3656.4929485321","54","59","1674","1679","3","4","True"
"1670","28","50","75","5","50","28","5","78","42081.9664527107","-40464.0650094453","3657.68261632","3656.4929485321","55","60","1675","1680","-1","3","False"
"1671","28","51","75","5","51","28","5","78","45441.7960550696","-40464.0650094453","3657.68261632","3656.4929485321","56","61","1676","1681","-1","3","False"
"1672","28","52","75","5","52","28","5","78","48801.6256574286","-40464.0650094453","3657.68261632","3656.4929485321","57","62","1677","1682","-1","3","False"
"1673","28","53","75","5","53","28","5","78","52161.4552597875","-40464.0650094453","3657.68261632","3656.4929485321","58","63","1678","1683","-1","3","False"
"1674","28","54","75","5","54","28","5","78","55521.2848621464","-40464.0650094453","3657.68261632","3656.4929485321","59","64","1679","1684","-1","4","False"
"1675","28","55","75","5","55","28","5","78","58881.1144645053","-40464.0650094453","3657.68261632","3656.4929485321","60","65","1680","1685","-1","3","False"
"1676","28","56","75","5","56","28","5","78","62240.9440668642","-40464.0650094453","3657.68261632","3656.4929485321","61","66","1681","1686","-1","3","False"
"1677","28","57","75","5","57","28","5","78","65600.7736692231","-40464.0650094453","3657.68261632","3656.4929485321","62","67","1682","1687","-1","3","False"
"1678","28","58","75","5","58","28","5","78","68960.603271582","-40464.0650094453","3657.68261632","3656.4929485321","63","68","1683","1688","-1","3","False"
"1679","28","59","75","5","59","28","5","78","72320.432873941","-40464.0650094453","3657.68261632","3656.4929485321","64","69","1684","1689","-1","4","False"
"1680","28","60","75","5","60","28","5","78","75680.2624762999","-40464.0650094453","3657.68261632","3656.4929485321","65","70","1685","1690","3","3","True"
"1681","28","61","75","5","61","28","5","78","79040.0920786588","-40464.0650094453","3657.68261632","3656.4929485321","66","71","1686","1691","3","3","True"
"1682","28","62","75","5","62","28","5","78","82399.9216810177","-40464.0650094453","3657.68261632","3656.4929485321","67","72","1687","1692","3","3","True"
"1683","28","63","75","5","63","28","5","78","85759.7512833766","-40464.0650094453","3657.68261632","3656.4929485321","68","73","1688","1693","3","3","True"
"1684","28","64","75","5","64","28","5","78","89119.5808857356","-40464.0650094453","3657.68261632","3656.4929485321","69","74","1689","1694","3","4","True"
"1685","28","65","75","5","65","28","5","78","92479.4104880945","-40464.0650094453","3657.68261632","3656.4929485321","55","60","1675","1680","-1","3","False"
"1686","28","66","75","5","66","28","5","78","95839.2400904534","-40464.0650094453","3657.68261632","3656.4929485321","56","61","1676","1681","-1","3","False"
"1687","28","67","75","5","67","28","5","78","99199.0696928123","-40464.0650094453","3657.68261632","3656.4929485321","57","62","1677","1682","-1","3","False"
"1688","28","68","75","5","68","28","5","78","102558.899295171","-40464.0650094453","3657.68261632","3656.4929485321","58","63","1678","1683","-1","3","False"
"1689","28","69","75","5","69","28","5","78","105918.72889753","-40464.0650094453","3657.68261632","3656.4929485321","59","64","1679","1684","-1","4","False"
"1690","28","70","75","5","70","28","5","78","109278.558499889","-40464.0650094453","3657.68261632","3656.4929485321","60","65","1680","1685","-1","3","False"
"1691","28","71","75","5","71","28","5","78","112638.388102248","-40464.0650094453","3657.68261632","3656.4929485321","61","66","1681","1686","-1","3","False"
"1692","28","72","75","5","72","28","5","78","115998.217704607","-40464.0650094453","3657.68261632","3656.4929485321","62","67","1682","1687","-1","3","False"
"1693","28","73","75","5","73","28","5","78","119358.047306966","-40464.0650094453","3657.68261632","3656.4929485321","63","68","1683","1688","-1","3","False"
"1694","28","74","75","5","74","28","5","78","122717.876909325","-40464.0650094453","3657.68261632","3656.4929485321","64","69","1684","1689","-1","3","False"
"1695","29","0","80","5","79","29","5","78","122717.876361549","-36820.620948166","3657.68261632","3656.4929485321","5","10","1700","1705","3","3","True"
"1696","29","1","80","5","78","29","5","78","119358.04675919","-36820.620948166","3657.68261632","3656.4929485321","6","11","1701","1706","3","4","True"
"1697","29","2","80","5","77","29","5","78","115998.217156831","-36820.620948166","3657.68261632","3656.4929485321","7","12","1702","1707","3","4","True"
"1698","29","3","80","5","76","29","5","78","112638.387554472","-36820.620948166","3657.68261632","3656.4929485321","8","13","1703","1708","3","4","True"
"1699","29","4","80","5","75","29","5","78","109278.557952113","-36820.620948166","3657.68261632","3656.4929485321","9","14","1704","1709","3","4","True"
"1700","29","5","80","5","74","29","5","78","105918.728349754","-36820.620948166","3657.68261632","3656.4929485321","10","15","1705","1710","-1","6","False"
"1701","29","6","80","5","73","29","5","78","102558.898747396","-36820.620948166","3657.68261632","3656.4929485321","11","16","1706","1711","-1","4","False"
"1702","29","7","80","5","72","29","5","78","99199.0691450366","-36820.620948166","3657.68261632","3656.4929485321","12","17","1707","1712","-1","4","False"
"1703","29","8","80","5","71","29","5","78","95839.2395426777","-36820.620948166","3657.68261632","3656.4929485321","13","18","1708","1713","-1","4","False"
"1704","29","9","80","5","70","29","5","78","92479.4099403188","-36820.620948166","3657.68261632","3656.4929485321","14","19","1709","1714","-1","4","False"
"1705","29","10","80","5","69","29","5","78","89119.5803379599","-36820.620948166","3657.68261632","3656.4929485321","15","20","1710","1715","-1","6","False"
"1706","29","11","80","5","68","29","5","78","85759.7507356009","-36820.620948166","3657.68261632","3656.4929485321","16","21","1711","1716","-1","4","False"
"1707","29","12","80","5","67","29","5","78","82399.921133242","-36820.620948166","3657.68261632","3656.4929485321","17","22","1712","1717","-1","4","False"
"1708","29","13","80","5","66","29","5","78","79040.0915308831","-36820.620948166","3657.68261632","3656.4929485321","18","23","1713","1718","-1","4","False"
"1709","29","14","80","5","65","29","5","78","75680.2619285242","-36820.620948166","3657.68261632","3656.4929485321","19","24","1714","1719","-1","4","False"
"1710","29","15","80","5","64","29","5","78","72320.4323261653","-36820.620948166","3657.68261632","3656.4929485321","20","25","1715","1720","3","6","True"
"1711","29","16","80","5","63","29","5","78","68960.6027238063","-36820.620948166","3657.68261632","3656.4929485321","21","26","1716","1721","3","4","True"
"1712","29","17","80","5","62","29","5","78","65600.7731214474","-36820.620948166","3657.68261632","3656.4929485321","22","27","1717","1722","3","4","True"
"1713","29","18","80","5","61","29","5","78","62240.9435190885","-36820.620948166","3657.68261632","3656.4929485321","23","28","1718","1723","3","4","True"
"1714","29","19","80","5","60","29","5","78","58881.1139167296","-36820.620948166","3657.68261632","3656.4929485321","24","29","1719","1724","3","4","True"
"1715","29","20","80","5","59","29","5","78","55521.2843143707","-36820.620948166","3657.68261632","3656.4929485321","25","30","1720","1725","-1","6","False"
"1716","29","21","80","5","58","29","5","78","52161.4547120117","-36820.620948166","3657.68261632","3656.4929485321","26","31","1721","1726","-1","4","False"
"1717","29","22","80","5","57","29","5","78","48801.6251096528","-36820.620948166","3657.68261632","3656.4929485321","27","32","1722","1727","-1","4","False"
"1718","29","23","80","5","56","29","5","78","45441.7955072939","-36820.620948166","3657.68261632","3656.4929485321","28","33","1723","1728","-1","4","False"
"1719","29","24","80","5","55","29","5","78","42081.965904935","-36820.620948166","3657.68261632","3656.4929485321","29","34","1724","1729","-1","4","False"
"1720","29","25","80","5","54","29","5","78","38722.1363025761","-36820.620948166","3657.68261632","3656.4929485321","30","35","1725","1730","-1","6","False"
"1721","29","26","80","5","53","29","5","78","35362.3067002172","-36820.620948166","3657.68261632","3656.4929485321","31","36","1726","1731","-1","4","False"
"1722","29","27","80","5","52","29","5","78","32002.4770978583","-36820.620948166","3657.68261632","3656.4929485321","32","37","1727","1732","-1","4","False"
"1723","29","28","80","5","51","29","5","78","28642.6474954993","-36820.620948166","3657.68261632","3656.4929485321","33","38","1728","1733","-1","4","False"
"1724","29","29","80","5","50","29","5","78","25282.8178931404","-36820.620948166","3657.68261632","3656.4929485321","34","39","1729","1734","-1","4","False"
"1725","29","30","80","5","49","29","5","78","21922.9882907815","-36820.620948166","3657.68261632","3656.4929485321","35","40","1730","1735","3","6","True"
"1726","29","31","80","5","48","29","5","78","18563.1586884226","-36820.620948166","3657.68261632","3656.4929485321","36","41","1731","1736","3","4","True"
"1727","29","32","80","5","47","29","5","78","15203.3290860637","-36820.620948166","3657.68261632","3656.4929485321","37","42","1732","1737","3","4","True"
"1728","29","33","80","5","46","29","5","78","11843.4994837047","-36820.620948166","3657.68261632","3656.4929485321","38","43","1733","1738","3","4","True"
"1729","29","34","80","5","45","29","5","78","8483.66988134584","-36820.620948166","3657.68261632","3656.4929485321","39","44","1734","1739","3","4","True"
"1730","29","35","80","5","44","29","5","78","5123.84027898691","-36820.620948166","3657.68261632","3656.4929485321","40","45","1735","1740","-1","6","False"
"1731","29","36","80","5","43","29","5","78","1764.01067662801","-36820.620948166","3657.68261632","3656.4929485321","41","46","1736","1741","-1","4","False"
"1732","29","37","80","5","42","29","5","78","-1595.81892573092","-36820.620948166","3657.68261632","3656.4929485321","42","47","1737","1742","-1","4","False"
"1733","29","38","80","5","41","29","5","78","-4955.64852808984","-36820.620948166","3657.68261632","3656.4929485321","43","48","1738","1743","-1","4","False"
"1734","29","39","80","5","40","29","5","78","-8315.47813044874","-36820.620948166","3657.68261632","3656.4929485321","44","49","1739","1744","-1","4","False"
"1735","29","40","80","5","39","29","5","78","-11675.3077328077","-36820.620948166","3657.68261632","3656.4929485321","45","50","1740","1745","-1","6","False"
"1736","29","41","80","5","38","29","5","78","-15035.1373351666","-36820.620948166","3657.68261632","3656.4929485321","46","51","1741","1746","-1","4","False"
"1737","29","42","80","5","37","29","5","78","-18394.9669375255","-36820.620948166","3657.68261632","3656.4929485321","47","52","1742","1747","-1","4","False"
"1738","29","43","80","5","36","29","5","78","-21754.7965398844","-36820.620948166","3657.68261632","3656.4929485321","48","53","1743","1748","-1","4","False"
"1739","29","44","80","5","35","29","5","78","-25114.6261422433","-36820.620948166","3657.68261632","3656.4929485321","49","54","1744","1749","-1","4","False"
"1740","29","45","80","5","34","29","5","78","-28474.4557446023","-36820.620948166","3657.68261632","3656.4929485321","50","55","1745","1750","3","6","True"
"1741","29","46","80","5","33","29","5","78","-31834.2853469612","-36820.620948166","3657.68261632","3656.4929485321","51","56","1746","1751","3","4","True"
"1742","29","47","80","5","32","29","5","78","-35194.1149493201","-36820.620948166","3657.68261632","3656.4929485321","52","57","1747","1752","3","4","True"
"1743","29","48","80","5","31","29","5","78","-38553.944551679","-36820.620948166","3657.68261632","3656.4929485321","53","58","1748","1753","3","4","True"
"1744","29","49","80","5","30","29","5","78","-41913.7741540379","-36820.620948166","3657.68261632","3656.4929485321","54","59","1749","1754","3","4","True"
"1745","29","50","80","5","29","29","5","78","-45273.6037563968","-36820.620948166","3657.68261632","3656.4929485321","55","60","1750","1755","-1","6","False"
"1746","29","51","80","5","28","29","5","78","-48633.4333587558","-36820.620948166","3657.68261632","3656.4929485321","56","61","1751","1756","-1","4","False"
"1747","29","52","80","5","27","29","5","78","-51993.2629611147","-36820.620948166","3657.68261632","3656.4929485321","57","62","1752","1757","-1","4","False"
"1748","29","53","80","5","26","29","5","78","-55353.0925634736","-36820.620948166","3657.68261632","3656.4929485321","58","63","1753","1758","-1","4","False"
"1749","29","54","80","5","25","29","5","78","-58712.9221658325","-36820.620948166","3657.68261632","3656.4929485321","59","64","1754","1759","-1","4","False"
"1750","29","55","80","5","24","29","5","78","-62072.7517681914","-36820.620948166","3657.68261632","3656.4929485321","60","65","1755","1760","-1","6","False"
"1751","29","56","80","5","23","29","5","78","-65432.5813705503","-36820.620948166","3657.68261632","3656.4929485321","61","66","1756","1761","-1","4","False"
"1752","29","57","80","5","22","29","5","78","-68792.4109729092","-36820.620948166","3657.68261632","3656.4929485321","62","67","1757","1762","-1","4","False"
"1753","29","58","80","5","21","29","5","78","-72152.2405752682","-36820.620948166","3657.68261632","3656.4929485321","63","68","1758","1763","-1","4","False"
"1754","29","59","80","5","20","29","5","78","-75512.0701776271","-36820.620948166","3657.68261632","3656.4929485321","64","69","1759","1764","-1","4","False"
"1755","29","60","80","5","19","29","5","78","-78871.899779986","-36820.620948166","3657.68261632","3656.4929485321","65","70","1760","1765","3","6","True"
"1756","29","61","80","5","18","29","5","78","-82231.7293823449","-36820.620948166","3657.68261632","3656.4929485321","66","71","1761","1766","3","4","True"
"1757","29","62","80","5","17","29","5","78","-85591.5589847038","-36820.620948166","3657.68261632","3656.4929485321","67","72","1762","1767","3","4","True"
"1758","29","63","80","5","16","29","5","78","-88951.3885870628","-36820.620948166","3657.68261632","3656.4929485321","68","73","1763","1768","3","4","True"
"1759","29","64","80","5","15","29","5","78","-92311.2181894217","-36820.620948166","3657.68261632","3656.4929485321","69","74","1764","1769","3","4","True"
"1760","29","65","80","5","14","29","5","78","-95671.0477917806","-36820.620948166","3657.68261632","3656.4929485321","70","75","1765","1770","-1","6","False"
"1761","29","66","80","5","13","29","5","78","-99030.8773941395","-36820.620948166","3657.68261632","3656.4929485321","71","76","1766","1771","-1","4","False"
"1762","29","67","80","5","12","29","5","78","-102390.706996498","-36820.620948166","3657.68261632","3656.4929485321","72","77","1767","1772","-1","4","False"
"1763","29","68","80","5","11","29","5","78","-105750.536598857","-36820.620948166","3657.68261632","3656.4929485321","73","78","1768","1773","-1","4","False"
"1764","29","69","80","5","10","29","5","78","-109110.366201216","-36820.620948166","3657.68261632","3656.4929485321","74","79","1769","1774","-1","4","False"
"1765","29","70","80","5","9","29","5","78","-112470.195803575","-36820.620948166","3657.68261632","3656.4929485321","60","65","1755","1760","-1","6","False"
"1766","29","71","80","5","8","29","5","78","-115830.025405934","-36820.620948166","3657.68261632","3656.4929485321","61","66","1756","1761","-1","4","False"
"1767","29","72","80","5","7","29","5","78","-119189.855008293","-36820.620948166","3657.68261632","3656.4929485321","62","67","1757","1762","-1","4","False"
"1768","29","73","80","5","6","29","5","78","-122549.684610652","-36820.620948166","3657.68261632","3656.4929485321","63","68","1758","1763","-1","4","False"
"1769","29","74","80","5","5","29","5","78","-125909.514213011","-36820.620948166","3657.68261632","3656.4929485321","64","69","1759","1764","-1","4","False"
"1770","29","75","80","5","4","29","5","78","-129269.34381537","-36820.620948166","3657.68261632","3656.4929485321","65","70","1760","1765","0","5","True"
"1771","29","76","80","5","3","29","5","78","-132629.173417729","-36820.620948166","3657.68261632","3656.4929485321","66","71","1761","1766","0","2","True"
"1772","29","77","80","5","2","29","5","78","-135989.003020088","-36820.620948166","3657.68261632","3656.4929485321","67","72","1762","1767","0","2","True"
"1773","29","78","80","5","1","29","5","78","-139348.832622446","-36820.620948166","3657.68261632","3656.4929485321","68","73","1763","1768","0","2","True"
"1774","29","79","80","5","0","29","5","78","-142708.662224805","-36820.620948166","3657.68261632","3656.4929485321","69","74","1764","1769","0","2","True"
"1775","30","0","80","5","0","30","5","78","-142708.662224805","-33177.1768868867","3657.68261632","3656.4929485321","5","10","1780","1785","3","2","True"
"1776","30","1","80","5","1","30","5","78","-139348.832622446","-33177.1768868867","3657.68261632","3656.4929485321","6","11","1781","1786","3","3","True"
"1777","30","2","80","5","2","30","5","78","-135989.003020088","-33177.1768868867","3657.68261632","3656.4929485321","7","12","1782","1787","3","3","True"
"1778","30","3","80","5","3","30","5","78","-132629.173417729","-33177.1768868867","3657.68261632","3656.4929485321","8","13","1783","1788","3","3","True"
"1779","30","4","80","5","4","30","5","78","-129269.34381537","-33177.1768868867","3657.68261632","3656.4929485321","9","14","1784","1789","3","4","True"
"1780","30","5","80","5","5","30","5","78","-125909.514213011","-33177.1768868867","3657.68261632","3656.4929485321","10","15","1785","1790","-1","3","False"
"1781","30","6","80","5","6","30","5","78","-122549.684610652","-33177.1768868867","3657.68261632","3656.4929485321","11","16","1786","1791","-1","3","False"
"1782","30","7","80","5","7","30","5","78","-119189.855008293","-33177.1768868867","3657.68261632","3656.4929485321","12","17","1787","1792","-1","3","False"
"1783","30","8","80","5","8","30","5","78","-115830.025405934","-33177.1768868867","3657.68261632","3656.4929485321","13","18","1788","1793","-1","3","False"
"1784","30","9","80","5","9","30","5","78","-112470.195803575","-33177.1768868867","3657.68261632","3656.4929485321","14","19","1789","1794","-1","4","False"
"1785","30","10","80","5","10","30","5","78","-109110.366201216","-33177.1768868867","3657.68261632","3656.4929485321","15","20","1790","1795","-1","3","False"
"1786","30","11","80","5","11","30","5","78","-105750.536598857","-33177.1768868867","3657.68261632","3656.4929485321","16","21","1791","1796","-1","3","False"
"1787","30","12","80","5","12","30","5","78","-102390.706996498","-33177.1768868867","3657.68261632","3656.4929485321","17","22","1792","1797","-1","3","False"
"1788","30","13","80","5","13","30","5","78","-99030.8773941395","-33177.1768868867","3657.68261632","3656.4929485321","18","23","1793","1798","-1","3","False"
"1789","30","14","80","5","14","30","5","78","-95671.0477917806","-33177.1768868867","3657.68261632","3656.4929485321","19","24","1794","1799","-1","4","False"
"1790","30","15","80","5","15","30","5","78","-92311.2181894217","-33177.1768868867","3657.68261632","3656.4929485321","20","25","1795","1800","3","3","True"
"1791","30","16","80","5","16","30","5","78","-88951.3885870628","-33177.1768868867","3657.68261632","3656.4929485321","21","26","1796","1801","3","3","True"
"1792","30","17","80","5","17","30","5","78","-85591.5589847038","-33177.1768868867","3657.68261632","3656.4929485321","22","27","1797","1802","3","3","True"
"1793","30","18","80","5","18","30","5","78","-82231.7293823449","-33177.1768868867","3657.68261632","3656.4929485321","23","28","1798","1803","3","3","True"
"1794","30","19","80","5","19","30","5","78","-78871.899779986","-33177.1768868867","3657.68261632","3656.4929485321","24","29","1799","1804","3","4","True"
"1795","30","20","80","5","20","30","5","78","-75512.0701776271","-33177.1768868867","3657.68261632","3656.4929485321","25","30","1800","1805","-1","3","False"
"1796","30","21","80","5","21","30","5","78","-72152.2405752682","-33177.1768868867","3657.68261632","3656.4929485321","26","31","1801","1806","-1","3","False"
"1797","30","22","80","5","22","30","5","78","-68792.4109729092","-33177.1768868867","3657.68261632","3656.4929485321","27","32","1802","1807","-1","3","False"
"1798","30","23","80","5","23","30","5","78","-65432.5813705503","-33177.1768868867","3657.68261632","3656.4929485321","28","33","1803","1808","-1","3","False"
"1799","30","24","80","5","24","30","5","78","-62072.7517681914","-33177.1768868867","3657.68261632","3656.4929485321","29","34","1804","1809","-1","4","False"
"1800","30","25","80","5","25","30","5","78","-58712.9221658325","-33177.1768868867","3657.68261632","3656.4929485321","30","35","1805","1810","-1","3","False"
"1801","30","26","80","5","26","30","5","78","-55353.0925634736","-33177.1768868867","3657.68261632","3656.4929485321","31","36","1806","1811","-1","3","False"
"1802","30","27","80","5","27","30","5","78","-51993.2629611147","-33177.1768868867","3657.68261632","3656.4929485321","32","37","1807","1812","-1","3","False"
"1803","30","28","80","5","28","30","5","78","-48633.4333587558","-33177.1768868867","3657.68261632","3656.4929485321","33","38","1808","1813","-1","3","False"
"1804","30","29","80","5","29","30","5","78","-45273.6037563968","-33177.1768868867","3657.68261632","3656.4929485321","34","39","1809","1814","-1","4","False"
"1805","30","30","80","5","30","30","5","78","-41913.7741540379","-33177.1768868867","3657.68261632","3656.4929485321","35","40","1810","1815","3","3","True"
"1806","30","31","80","5","31","30","5","78","-38553.944551679","-33177.1768868867","3657.68261632","3656.4929485321","36","41","1811","1816","3","3","True"
"1807","30","32","80","5","32","30","5","78","-35194.1149493201","-33177.1768868867","3657.68261632","3656.4929485321","37","42","1812","1817","3","3","True"
"1808","30","33","80","5","33","30","5","78","-31834.2853469612","-33177.1768868867","3657.68261632","3656.4929485321","38","43","1813","1818","3","3","True"
"1809","30","34","80","5","34","30","5","78","-28474.4557446023","-33177.1768868867","3657.68261632","3656.4929485321","39","44","1814","1819","3","4","True"
"1810","30","35","80","5","35","30","5","78","-25114.6261422433","-33177.1768868867","3657.68261632","3656.4929485321","40","45","1815","1820","-1","3","False"
"1811","30","36","80","5","36","30","5","78","-21754.7965398844","-33177.1768868867","3657.68261632","3656.4929485321","41","46","1816","1821","-1","3","False"
"1812","30","37","80","5","37","30","5","78","-18394.9669375255","-33177.1768868867","3657.68261632","3656.4929485321","42","47","1817","1822","-1","3","False"
"1813","30","38","80","5","38","30","5","78","-15035.1373351666","-33177.1768868867","3657.68261632","3656.4929485321","43","48","1818","1823","-1","3","False"
"1814","30","39","80","5","39","30","5","78","-11675.3077328077","-33177.1768868867","3657.68261632","3656.4929485321","44","49","1819","1824","-1","4","False"
"1815","30","40","80","5","40","30","5","78","-8315.47813044874","-33177.1768868867","3657.68261632","3656.4929485321","45","50","1820","1825","-1","3","False"
"1816","30","41","80","5","41","30","5","78","-4955.64852808984","-33177.1768868867","3657.68261632","3656.4929485321","46","51","1821","1826","-1","3","False"
"1817","30","42","80","5","42","30","5","78","-1595.81892573092","-33177.1768868867","3657.68261632","3656.4929485321","47","52","1822","1827","-1","3","False"
"1818","30","43","80","5","43","30","5","78","1764.01067662801","-33177.1768868867","3657.68261632","3656.4929485321","48","53","1823","1828","-1","3","False"
"1819","30","44","80","5","44","30","5","78","5123.84027898691","-33177.1768868867","3657.68261632","3656.4929485321","49","54","1824","1829","-1","4","False"
"1820","30","45","80","5","45","30","5","78","8483.66988134584","-33177.1768868867","3657.68261632","3656.4929485321","50","55","1825","1830","3","3","True"
"1821","30","46","80","5","46","30","5","78","11843.4994837047","-33177.1768868867","3657.68261632","3656.4929485321","51","56","1826","1831","3","3","True"
"1822","30","47","80","5","47","30","5","78","15203.3290860637","-33177.1768868867","3657.68261632","3656.4929485321","52","57","1827","1832","3","3","True"
"1823","30","48","80","5","48","30","5","78","18563.1586884226","-33177.1768868867","3657.68261632","3656.4929485321","53","58","1828","1833","3","3","True"
"1824","30","49","80","5","49","30","5","78","21922.9882907815","-33177.1768868867","3657.68261632","3656.4929485321","54","59","1829","1834","3","4","True"
"1825","30","50","80","5","50","30","5","78","25282.8178931404","-33177.1768868867","3657.68261632","3656.4929485321","55","60","1830","1835","-1","3","False"
"1826","30","51","80","5","51","30","5","78","28642.6474954993","-33177.1768868867","3657.68261632","3656.4929485321","56","61","1831","1836","-1","3","False"
"1827","30","52","80","5","52","30","5","78","32002.4770978583","-33177.1768868867","3657.68261632","3656.4929485321","57","62","1832","1837","-1","3","False"
"1828","30","53","80","5","53","30","5","78","35362.3067002172","-33177.1768868867","3657.68261632","3656.4929485321","58","63","1833","1838","-1","3","False"
"1829","30","54","80","5","54","30","5","78","38722.1363025761","-33177.1768868867","3657.68261632","3656.4929485321","59","64","1834","1839","-1","4","False"
"1830","30","55","80","5","55","30","5","78","42081.965904935","-33177.1768868867","3657.68261632","3656.4929485321","60","65","1835","1840","-1","3","False"
"1831","30","56","80","5","56","30","5","78","45441.7955072939","-33177.1768868867","3657.68261632","3656.4929485321","61","66","1836","1841","-1","3","False"
"1832","30","57","80","5","57","30","5","78","48801.6251096528","-33177.1768868867","3657.68261632","3656.4929485321","62","67","1837","1842","-1","3","False"
"1833","30","58","80","5","58","30","5","78","52161.4547120117","-33177.1768868867","3657.68261632","3656.4929485321","63","68","1838","1843","-1","3","False"
"1834","30","59","80","5","59","30","5","78","55521.2843143707","-33177.1768868867","3657.68261632","3656.4929485321","64","69","1839","1844","-1","4","False"
"1835","30","60","80","5","60","30","5","78","58881.1139167296","-33177.1768868867","3657.68261632","3656.4929485321","65","70","1840","1845","3","3","True"
"1836","30","61","80","5","61","30","5","78","62240.9435190885","-33177.1768868867","3657.68261632","3656.4929485321","66","71","1841","1846","3","3","True"
"1837","30","62","80","5","62","30","5","78","65600.7731214474","-33177.1768868867","3657.68261632","3656.4929485321","67","72","1842","1847","3","3","True"
"1838","30","63","80","5","63","30","5","78","68960.6027238063","-33177.1768868867","3657.68261632","3656.4929485321","68","73","1843","1848","3","3","True"
"1839","30","64","80","5","64","30","5","78","72320.4323261653","-33177.1768868867","3657.68261632","3656.4929485321","69","74","1844","1849","3","4","True"
"1840","30","65","80","5","65","30","5","78","75680.2619285242","-33177.1768868867","3657.68261632","3656.4929485321","70","75","1845","1850","-1","3","False"
"1841","30","66","80","5","66","30","5","78","79040.0915308831","-33177.1768868867","3657.68261632","3656.4929485321","71","76","1846","1851","-1","3","False"
"1842","30","67","80","5","67","30","5","78","82399.921133242","-33177.1768868867","3657.68261632","3656.4929485321","72","77","1847","1852","-1","3","False"
"1843","30","68","80","5","68","30","5","78","85759.7507356009","-33177.1768868867","3657.68261632","3656.4929485321","73","78","1848","1853","-1","3","False"
"1844","30","69","80","5","69","30","5","78","89119.5803379599","-33177.1768868867","3657.68261632","3656.4929485321","74","79","1849","1854","-1","4","False"
"1845","30","70","80","5","70","30","5","78","92479.4099403188","-33177.1768868867","3657.68261632","3656.4929485321","60","65","1835","1840","-1","3","False"
"1846","30","71","80","5","71","30","5","78","95839.2395426777","-33177.1768868867","3657.68261632","3656.4929485321","61","66","1836","1841","-1","3","False"
"1847","30","72","80","5","72","30","5","78","99199.0691450366","-33177.1768868867","3657.68261632","3656.4929485321","62","67","1837","1842","-1","3","False"
"1848","30","73","80","5","73","30","5","78","102558.898747396","-33177.1768868867","3657.68261632","3656.4929485321","63","68","1838","1843","-1","3","False"
"1849","30","74","80","5","74","30","5","78","105918.728349754","-33177.1768868867","3657.68261632","3656.4929485321","64","69","1839","1844","-1","4","False"
"1850","30","75","80","5","75","30","5","78","109278.557952113","-33177.1768868867","3657.68261632","3656.4929485321","65","70","1840","1845","0","3","True"
"1851","30","76","80","5","76","30","5","78","112638.387554472","-33177.1768868867","3657.68261632","3656.4929485321","66","71","1841","1846","0","3","True"
"1852","30","77","80","5","77","30","5","78","115998.217156831","-33177.1768868867","3657.68261632","3656.4929485321","67","72","1842","1847","0","3","True"
"1853","30","78","80","5","78","30","5","78","119358.04675919","-33177.1768868867","3657.68261632","3656.4929485321","68","73","1843","1848","0","3","True"
"1854","30","79","80","5","79","30","5","78","122717.876361549","-33177.1768868867","3657.68261632","3656.4929485321","69","74","1844","1849","0","3","True"
"1855","31","0","80","5","79","31","5","78","122717.876361549","-29533.7328256074","3657.68261632","3656.4929485321","5","10","1860","1865","3","2","True"
"1856","31","1","80","5","78","31","5","78","119358.04675919","-29533.7328256074","3657.68261632","3656.4929485321","6","11","1861","1866","3","3","True"
"1857","31","2","80","5","77","31","5","78","115998.217156831","-29533.7328256074","3657.68261632","3656.4929485321","7","12","1862","1867","3","3","True"
"1858","31","3","80","5","76","31","5","78","112638.387554472","-29533.7328256074","3657.68261632","3656.4929485321","8","13","1863","1868","3","3","True"
"1859","31","4","80","5","75","31","5","78","109278.557952113","-29533.7328256074","3657.68261632","3656.4929485321","9","14","1864","1869","3","3","True"
"1860","31","5","80","5","74","31","5","78","105918.728349754","-29533.7328256074","3657.68261632","3656.4929485321","10","15","1865","1870","-1","4","False"
"1861","31","6","80","5","73","31","5","78","102558.898747396","-29533.7328256074","3657.68261632","3656.4929485321","11","16","1866","1871","-1","3","False"
"1862","31","7","80","5","72","31","5","78","99199.0691450366","-29533.7328256074","3657.68261632","3656.4929485321","12","17","1867","1872","-1","3","False"
"1863","31","8","80","5","71","31","5","78","95839.2395426777","-29533.7328256074","3657.68261632","3656.4929485321","13","18","1868","1873","-1","3","False"
"1864","31","9","80","5","70","31","5","78","92479.4099403188","-29533.7328256074","3657.68261632","3656.4929485321","14","19","1869","1874","-1","3","False"
"1865","31","10","80","5","69","31","5","78","89119.5803379599","-29533.7328256074","3657.68261632","3656.4929485321","15","20","1870","1875","-1","4","False"
"1866","31","11","80","5","68","31","5","78","85759.7507356009","-29533.7328256074","3657.68261632","3656.4929485321","16","21","1871","1876","-1","3","False"
"1867","31","12","80","5","67","31","5","78","82399.921133242","-29533.7328256074","3657.68261632","3656.4929485321","17","22","1872","1877","-1","3","False"
"1868","31","13","80","5","66","31","5","78","79040.0915308831","-29533.7328256074","3657.68261632","3656.4929485321","18","23","1873","1878","-1","3","False"
"1869","31","14","80","5","65","31","5","78","75680.2619285242","-29533.7328256074","3657.68261632","3656.4929485321","19","24","1874","1879","-1","3","False"
"1870","31","15","80","5","64","31","5","78","72320.4323261653","-29533.7328256074","3657.68261632","3656.4929485321","20","25","1875","1880","3","4","True"
"1871","31","16","80","5","63","31","5","78","68960.6027238063","-29533.7328256074","3657.68261632","3656.4929485321","21","26","1876","1881","3","3","True"
"1872","31","17","80","5","62","31","5","78","65600.7731214474","-29533.7328256074","3657.68261632","3656.4929485321","22","27","1877","1882","3","3","True"
"1873","31","18","80","5","61","31","5","78","62240.9435190885","-29533.7328256074","3657.68261632","3656.4929485321","23","28","1878","1883","3","3","True"
"1874","31","19","80","5","60","31","5","78","58881.1139167296","-29533.7328256074","3657.68261632","3656.4929485321","24","29","1879","1884","3","3","True"
"1875","31","20","80","5","59","31","5","78","55521.2843143707","-29533.7328256074","3657.68261632","3656.4929485321","25","30","1880","1885","-1","4","False"
"1876","31","21","80","5","58","31","5","78","52161.4547120117","-29533.7328256074","3657.68261632","3656.4929485321","26","31","1881","1886","-1","3","False"
"1877","31","22","80","5","57","31","5","78","48801.6251096528","-29533.7328256074","3657.68261632","3656.4929485321","27","32","1882","1887","-1","3","False"
"1878","31","23","80","5","56","31","5","78","45441.7955072939","-29533.7328256074","3657.68261632","3656.4929485321","28","33","1883","1888","-1","3","False"
"1879","31","24","80","5","55","31","5","78","42081.965904935","-29533.7328256074","3657.68261632","3656.4929485321","29","34","1884","1889","-1","3","False"
"1880","31","25","80","5","54","31","5","78","38722.1363025761","-29533.7328256074","3657.68261632","3656.4929485321","30","35","1885","1890","-1","4","False"
"1881","31","26","80","5","53","31","5","78","35362.3067002172","-29533.7328256074","3657.68261632","3656.4929485321","31","36","1886","1891","-1","3","False"
"1882","31","27","80","5","52","31","5","78","32002.4770978583","-29533.7328256074","3657.68261632","3656.4929485321","32","37","1887","1892","-1","3","False"
"1883","31","28","80","5","51","31","5","78","28642.6474954993","-29533.7328256074","3657.68261632","3656.4929485321","33","38","1888","1893","-1","3","False"
"1884","31","29","80","5","50","31","5","78","25282.8178931404","-29533.7328256074","3657.68261632","3656.4929485321","34","39","1889","1894","-1","3","False"
"1885","31","30","80","5","49","31","5","78","21922.9882907815","-29533.7328256074","3657.68261632","3656.4929485321","35","40","1890","1895","3","4","True"
"1886","31","31","80","5","48","31","5","78","18563.1586884226","-29533.7328256074","3657.68261632","3656.4929485321","36","41","1891","1896","3","3","True"
"1887","31","32","80","5","47","31","5","78","15203.3290860637","-29533.7328256074","3657.68261632","3656.4929485321","37","42","1892","1897","3","3","True"
"1888","31","33","80","5","46","31","5","78","11843.4994837047","-29533.7328256074","3657.68261632","3656.4929485321","38","43","1893","1898","3","3","True"
"1889","31","34","80","5","45","31","5","78","8483.66988134584","-29533.7328256074","3657.68261632","3656.4929485321","39","44","1894","1899","3","3","True"
"1890","31","35","80","5","44","31","5","78","5123.84027898691","-29533.7328256074","3657.68261632","3656.4929485321","40","45","1895","1900","-1","4","False"
"1891","31","36","80","5","43","31","5","78","1764.01067662801","-29533.7328256074","3657.68261632","3656.4929485321","41","46","1896","1901","-1","3","False"
"1892","31","37","80","5","42","31","5","78","-1595.81892573092","-29533.7328256074","3657.68261632","3656.4929485321","42","47","1897","1902","-1","3","False"
"1893","31","38","80","5","41","31","5","78","-4955.64852808984","-29533.7328256074","3657.68261632","3656.4929485321","43","48","1898","1903","-1","3","False"
"1894","31","39","80","5","40","31","5","78","-8315.47813044874","-29533.7328256074","3657.68261632","3656.4929485321","44","49","1899","1904","-1","3","False"
"1895","31","40","80","5","39","31","5","78","-11675.3077328077","-29533.7328256074","3657.68261632","3656.4929485321","45","50","1900","1905","-1","4","False"
"1896","31","41","80","5","38","31","5","78","-15035.1373351666","-29533.7328256074","3657.68261632","3656.4929485321","46","51","1901","1906","-1","3","False"
"1897","31","42","80","5","37","31","5","78","-18394.9669375255","-29533.7328256074","3657.68261632","3656.4929485321","47","52","1902","1907","-1","3","False"
"1898","31","43","80","5","36","31","5","78","-21754.7965398844","-29533.7328256074","3657.68261632","3656.4929485321","48","53","1903","1908","-1","3","False"
"1899","31","44","80","5","35","31","5","78","-25114.6261422433","-29533.7328256074","3657.68261632","3656.4929485321","49","54","1904","1909","-1","3","False"
"1900","31","45","80","5","34","31","5","78","-28474.4557446023","-29533.7328256074","3657.68261632","3656.4929485321","50","55","1905","1910","3","4","True"
"1901","31","46","80","5","33","31","5","78","-31834.2853469612","-29533.7328256074","3657.68261632","3656.4929485321","51","56","1906","1911","3","3","True"
"1902","31","47","80","5","32","31","5","78","-35194.1149493201","-29533.7328256074","3657.68261632","3656.4929485321","52","57","1907","1912","3","3","True"
"1903","31","48","80","5","31","31","5","78","-38553.944551679","-29533.7328256074","3657.68261632","3656.4929485321","53","58","1908","1913","3","3","True"
"1904","31","49","80","5","30","31","5","78","-41913.7741540379","-29533.7328256074","3657.68261632","3656.4929485321","54","59","1909","1914","3","3","True"
"1905","31","50","80","5","29","31","5","78","-45273.6037563968","-29533.7328256074","3657.68261632","3656.4929485321","55","60","1910","1915","-1","4","False"
"1906","31","51","80","5","28","31","5","78","-48633.4333587558","-29533.7328256074","3657.68261632","3656.4929485321","56","61","1911","1916","-1","3","False"
"1907","31","52","80","5","27","31","5","78","-51993.2629611147","-29533.7328256074","3657.68261632","3656.4929485321","57","62","1912","1917","-1","3","False"
"1908","31","53","80","5","26","31","5","78","-55353.0925634736","-29533.7328256074","3657.68261632","3656.4929485321","58","63","1913","1918","-1","3","False"
"1909","31","54","80","5","25","31","5","78","-58712.9221658325","-29533.7328256074","3657.68261632","3656.4929485321","59","64","1914","1919","-1","3","False"
"1910","31","55","80","5","24","31","5","78","-62072.7517681914","-29533.7328256074","3657.68261632","3656.4929485321","60","65","1915","1920","-1","4","False"
"1911","31","56","80","5","23","31","5","78","-65432.5813705503","-29533.7328256074","3657.68261632","3656.4929485321","61","66","1916","1921","-1","3","False"
"1912","31","57","80","5","22","31","5","78","-68792.4109729092","-29533.7328256074","3657.68261632","3656.4929485321","62","67","1917","1922","-1","3","False"
"1913","31","58","80","5","21","31","5","78","-72152.2405752682","-29533.7328256074","3657.68261632","3656.4929485321","63","68","1918","1923","-1","3","False"
"1914","31","59","80","5","20","31","5","78","-75512.0701776271","-29533.7328256074","3657.68261632","3656.4929485321","64","69","1919","1924","-1","3","False"
"1915","31","60","80","5","19","31","5","78","-78871.899779986","-29533.7328256074","3657.68261632","3656.4929485321","65","70","1920","1925","3","4","True"
"1916","31","61","80","5","18","31","5","78","-82231.7293823449","-29533.7328256074","3657.68261632","3656.4929485321","66","71","1921","1926","3","3","True"
"1917","31","62","80","5","17","31","5","78","-85591.5589847038","-29533.7328256074","3657.68261632","3656.4929485321","67","72","1922","1927","3","3","True"
"1918","31","63","80","5","16","31","5","78","-88951.3885870628","-29533.7328256074","3657.68261632","3656.4929485321","68","73","1923","1928","3","3","True"
"1919","31","64","80","5","15","31","5","78","-92311.2181894217","-29533.7328256074","3657.68261632","3656.4929485321","69","74","1924","1929","3","3","True"
"1920","31","65","80","5","14","31","5","78","-95671.0477917806","-29533.7328256074","3657.68261632","3656.4929485321","70","75","1925","1930","-1","4","False"
"1921","31","66","80","5","13","31","5","78","-99030.8773941395","-29533.7328256074","3657.68261632","3656.4929485321","71","76","1926","1931","-1","3","False"
"1922","31","67","80","5","12","31","5","78","-102390.706996498","-29533.7328256074","3657.68261632","3656.4929485321","72","77","1927","1932","-1","3","False"
"1923","31","68","80","5","11","31","5","78","-105750.536598857","-29533.7328256074","3657.68261632","3656.4929485321","73","78","1928","1933","-1","3","False"
"1924","31","69","80","5","10","31","5","78","-109110.366201216","-29533.7328256074","3657.68261632","3656.4929485321","74","79","1929","1934","-1","3","False"
"1925","31","70","80","5","9","31","5","78","-112470.195803575","-29533.7328256074","3657.68261632","3656.4929485321","60","65","1915","1920","-1","4","False"
"1926","31","71","80","5","8","31","5","78","-115830.025405934","-29533.7328256074","3657.68261632","3656.4929485321","61","66","1916","1921","-1","3","False"
"1927","31","72","80","5","7","31","5","78","-119189.855008293","-29533.7328256074","3657.68261632","3656.4929485321","62","67","1917","1922","-1","3","False"
"1928","31","73","80","5","6","31","5","78","-122549.684610652","-29533.7328256074","3657.68261632","3656.4929485321","63","68","1918","1923","-1","3","False"
"1929","31","74","80","5","5","31","5","78","-125909.514213011","-29533.7328256074","3657.68261632","3656.4929485321","64","69","1919","1924","-1","3","False"
"1930","31","75","80","5","4","31","5","78","-129269.34381537","-29533.7328256074","3657.68261632","3656.4929485321","65","70","1920","1925","0","4","True"
"1931","31","76","80","5","3","31","5","78","-132629.173417729","-29533.7328256074","3657.68261632","3656.4929485321","66","71","1921","1926","0","3","True"
"1932","31","77","80","5","2","31","5","78","-135989.003020088","-29533.7328256074","3657.68261632","3656.4929485321","67","72","1922","1927","0","3","True"
"1933","31","78","80","5","1","31","5","78","-139348.832622446","-29533.7328256074","3657.68261632","3656.4929485321","68","73","1923","1928","0","3","True"
"1934","31","79","80","5","0","31","5","78","-142708.662224805","-29533.7328256074","3657.68261632","3656.4929485321","69","74","1924","1929","0","3","True"
"1935","32","0","85","5","0","32","5","78","-142708.662224805","-25890.2887643281","3657.68261632","3656.4929485321","5","10","1940","1945","3","3","True"
"1936","32","1","85","5","1","32","5","78","-139348.832622446","-25890.2887643281","3657.68261632","3656.4929485321","6","11","1941","1946","3","4","True"
"1937","32","2","85","5","2","32","5","78","-135989.003020088","-25890.2887643281","3657.68261632","3656.4929485321","7","12","1942","1947","3","4","True"
"1938","32","3","85","5","3","32","5","78","-132629.173417729","-25890.2887643281","3657.68261632","3656.4929485321","8","13","1943","1948","3","4","True"
"1939","32","4","85","5","4","32","5","78","-129269.34381537","-25890.2887643281","3657.68261632","3656.4929485321","9","14","1944","1949","3","6","True"
"1940","32","5","85","5","5","32","5","78","-125909.514213011","-25890.2887643281","3657.68261632","3656.4929485321","10","15","1945","1950","-1","4","False"
"1941","32","6","85","5","6","32","5","78","-122549.684610652","-25890.2887643281","3657.68261632","3656.4929485321","11","16","1946","1951","-1","4","False"
"1942","32","7","85","5","7","32","5","78","-119189.855008293","-25890.2887643281","3657.68261632","3656.4929485321","12","17","1947","1952","-1","4","False"
"1943","32","8","85","5","8","32","5","78","-115830.025405934","-25890.2887643281","3657.68261632","3656.4929485321","13","18","1948","1953","-1","4","False"
"1944","32","9","85","5","9","32","5","78","-112470.195803575","-25890.2887643281","3657.68261632","3656.4929485321","14","19","1949","1954","-1","6","False"
"1945","32","10","85","5","10","32","5","78","-109110.366201216","-25890.2887643281","3657.68261632","3656.4929485321","15","20","1950","1955","-1","4","False"
"1946","32","11","85","5","11","32","5","78","-105750.536598857","-25890.2887643281","3657.68261632","3656.4929485321","16","21","1951","1956","-1","4","False"
"1947","32","12","85","5","12","32","5","78","-102390.706996498","-25890.2887643281","3657.68261632","3656.4929485321","17","22","1952","1957","-1","4","False"
"1948","32","13","85","5","13","32","5","78","-99030.8773941395","-25890.2887643281","3657.68261632","3656.4929485321","18","23","1953","1958","-1","4","False"
"1949","32","14","85","5","14","32","5","78","-95671.0477917806","-25890.2887643281","3657.68261632","3656.4929485321","19","24","1954","1959","-1","6","False"
"1950","32","15","85","5","15","32","5","78","-92311.2181894217","-25890.2887643281","3657.68261632","3656.4929485321","20","25","1955","1960","3","4","True"
"1951","32","16","85","5","16","32","5","78","-88951.3885870628","-25890.2887643281","3657.68261632","3656.4929485321","21","26","1956","1961","3","4","True"
"1952","32","17","85","5","17","32","5","78","-85591.5589847038","-25890.2887643281","3657.68261632","3656.4929485321","22","27","1957","1962","3","4","True"
"1953","32","18","85","5","18","32","5","78","-82231.7293823449","-25890.2887643281","3657.68261632","3656.4929485321","23","28","1958","1963","3","4","True"
"1954","32","19","85","5","19","32","5","78","-78871.899779986","-25890.2887643281","3657.68261632","3656.4929485321","24","29","1959","1964","3","6","True"
"1955","32","20","85","5","20","32","5","78","-75512.0701776271","-25890.2887643281","3657.68261632","3656.4929485321","25","30","1960","1965","-1","4","False"
"1956","32","21","85","5","21","32","5","78","-72152.2405752682","-25890.2887643281","3657.68261632","3656.4929485321","26","31","1961","1966","-1","4","False"
"1957","32","22","85","5","22","32","5","78","-68792.4109729092","-25890.2887643281","3657.68261632","3656.4929485321","27","32","1962","1967","-1","4","False"
"1958","32","23","85","5","23","32","5","78","-65432.5813705503","-25890.2887643281","3657.68261632","3656.4929485321","28","33","1963","1968","-1","4","False"
"1959","32","24","85","5","24","32","5","78","-62072.7517681914","-25890.2887643281","3657.68261632","3656.4929485321","29","34","1964","1969","-1","6","False"
"1960","32","25","85","5","25","32","5","78","-58712.9221658325","-25890.2887643281","3657.68261632","3656.4929485321","30","35","1965","1970","-1","4","False"
"1961","32","26","85","5","26","32","5","78","-55353.0925634736","-25890.2887643281","3657.68261632","3656.4929485321","31","36","1966","1971","-1","4","False"
"1962","32","27","85","5","27","32","5","78","-51993.2629611147","-25890.2887643281","3657.68261632","3656.4929485321","32","37","1967","1972","-1","4","False"
"1963","32","28","85","5","28","32","5","78","-48633.4333587558","-25890.2887643281","3657.68261632","3656.4929485321","33","38","1968","1973","-1","4","False"
"1964","32","29","85","5","29","32","5","78","-45273.6037563968","-25890.2887643281","3657.68261632","3656.4929485321","34","39","1969","1974","-1","6","False"
"1965","32","30","85","5","30","32","5","78","-41913.7741540379","-25890.2887643281","3657.68261632","3656.4929485321","35","40","1970","1975","3","4","True"
"1966","32","31","85","5","31","32","5","78","-38553.944551679","-25890.2887643281","3657.68261632","3656.4929485321","36","41","1971","1976","3","4","True"
"1967","32","32","85","5","32","32","5","78","-35194.1149493201","-25890.2887643281","3657.68261632","3656.4929485321","37","42","1972","1977","3","4","True"
"1968","32","33","85","5","33","32","5","78","-31834.2853469612","-25890.2887643281","3657.68261632","3656.4929485321","38","43","1973","1978","3","4","True"
"1969","32","34","85","5","34","32","5","78","-28474.4557446023","-25890.2887643281","3657.68261632","3656.4929485321","39","44","1974","1979","3","6","True"
"1970","32","35","85","5","35","32","5","78","-25114.6261422433","-25890.2887643281","3657.68261632","3656.4929485321","40","45","1975","1980","-1","4","False"
"1971","32","36","85","5","36","32","5","78","-21754.7965398844","-25890.2887643281","3657.68261632","3656.4929485321","41","46","1976","1981","-1","4","False"
"1972","32","37","85","5","37","32","5","78","-18394.9669375255","-25890.2887643281","3657.68261632","3656.4929485321","42","47","1977","1982","-1","4","False"
"1973","32","38","85","5","38","32","5","78","-15035.1373351666","-25890.2887643281","3657.68261632","3656.4929485321","43","48","1978","1983","-1","4","False"
"1974","32","39","85","5","39","32","5","78","-11675.3077328077","-25890.2887643281","3657.68261632","3656.4929485321","44","49","1979","1984","-1","6","False"
"1975","32","40","85","5","40","32","5","78","-8315.47813044874","-25890.2887643281","3657.68261632","3656.4929485321","45","50","1980","1985","-1","4","False"
"1976","32","41","85","5","41","32","5","78","-4955.64852808984","-25890.2887643281","3657.68261632","3656.4929485321","46","51","1981","1986","-1","4","False"
"1977","32","42","85","5","42","32","5","78","-1595.81892573092","-25890.2887643281","3657.68261632","3656.4929485321","47","52","1982","1987","-1","4","False"
"1978","32","43","85","5","43","32","5","78","1764.01067662801","-25890.2887643281","3657.68261632","3656.4929485321","48","53","1983","1988","-1","4","False"
"1979","32","44","85","5","44","32","5","78","5123.84027898691","-25890.2887643281","3657.68261632","3656.4929485321","49","54","1984","1989","-1","6","False"
"1980","32","45","85","5","45","32","5","78","8483.66988134584","-25890.2887643281","3657.68261632","3656.4929485321","50","55","1985","1990","3","4","True"
"1981","32","46","85","5","46","32","5","78","11843.4994837047","-25890.2887643281","3657.68261632","3656.4929485321","51","56","1986","1991","3","4","True"
"1982","32","47","85","5","47","32","5","78","15203.3290860637","-25890.2887643281","3657.68261632","3656.4929485321","52","57","1987","1992","3","4","True"
"1983","32","48","85","5","48","32","5","78","18563.1586884226","-25890.2887643281","3657.68261632","3656.4929485321","53","58","1988","1993","3","4","True"
"1984","32","49","85","5","49","32","5","78","21922.9882907815","-25890.2887643281","3657.68261632","3656.4929485321","54","59","1989","1994","3","6","True"
"1985","32","50","85","5","50","32","5","78","25282.8178931404","-25890.2887643281","3657.68261632","3656.4929485321","55","60","1990","1995","-1","4","False"
"1986","32","51","85","5","51","32","5","78","28642.6474954993","-25890.2887643281","3657.68261632","3656.4929485321","56","61","1991","1996","-1","4","False"
"1987","32","52","85","5","52","32","5","78","32002.4770978583","-25890.2887643281","3657.68261632","3656.4929485321","57","62","1992","1997","-1","4","False"
"1988","32","53","85","5","53","32","5","78","35362.3067002172","-25890.2887643281","3657.68261632","3656.4929485321","58","63","1993","1998","-1","4","False"
"1989","32","54","85","5","54","32","5","78","38722.1363025761","-25890.2887643281","3657.68261632","3656.4929485321","59","64","1994","1999","-1","6","False"
"1990","32","55","85","5","55","32","5","78","42081.965904935","-25890.2887643281","3657.68261632","3656.4929485321","60","65","1995","2000","-1","4","False"
"1991","32","56","85","5","56","32","5","78","45441.7955072939","-25890.2887643281","3657.68261632","3656.4929485321","61","66","1996","2001","-1","4","False"
"1992","32","57","85","5","57","32","5","78","48801.6251096528","-25890.2887643281","3657.68261632","3656.4929485321","62","67","1997","2002","-1","4","False"
"1993","32","58","85","5","58","32","5","78","52161.4547120117","-25890.2887643281","3657.68261632","3656.4929485321","63","68","1998","2003","-1","4","False"
"1994","32","59","85","5","59","32","5","78","55521.2843143707","-25890.2887643281","3657.68261632","3656.4929485321","64","69","1999","2004","-1","6","False"
"1995","32","60","85","5","60","32","5","78","58881.1139167296","-25890.2887643281","3657.68261632","3656.4929485321","65","70","2000","2005","3","4","True"
"1996","32","61","85","5","61","32","5","78","62240.9435190885","-25890.2887643281","3657.68261632","3656.4929485321","66","71","2001","2006","3","4","True"
"1997","32","62","85","5","62","32","5","78","65600.7731214474","-25890.2887643281","3657.68261632","3656.4929485321","67","72","2002","2007","3","4","True"
"1998","32","63","85","5","63","32","5","78","68960.6027238063","-25890.2887643281","3657.68261632","3656.4929485321","68","73","2003","2008","3","4","True"
"1999","32","64","85","5","64","32","5","78","72320.4323261653","-25890.2887643281","3657.68261632","3656.4929485321","69","74","2004","2009","3","6","True"
"2000","32","65","85","5","65","32","5","78","75680.2619285242","-25890.2887643281","3657.68261632","3656.4929485321","70","75","2005","2010","-1","4","False"
"2001","32","66","85","5","66","32","5","78","79040.0915308831","-25890.2887643281","3657.68261632","3656.4929485321","71","76","2006","2011","-1","4","False"
"2002","32","67","85","5","67","32","5","78","82399.921133242","-25890.2887643281","3657.68261632","3656.4929485321","72","77","2007","2012","-1","4","False"
"2003","32","68","85","5","68","32","5","78","85759.7507356009","-25890.2887643281","3657.68261632","3656.4929485321","73","78","2008","2013","-1","4","False"
"2004","32","69","85","5","69","32","5","78","89119.5803379599","-25890.2887643281","3657.68261632","3656.4929485321","74","79","2009","2014","-1","6","False"
"2005","32","70","85","5","70","32","5","78","92479.4099403188","-25890.2887643281","3657.68261632","3656.4929485321","75","80","2010","2015","-1","4","False"
"2006","32","71","85","5","71","32","5","78","95839.2395426777","-25890.2887643281","3657.68261632","3656.4929485321","76","81","2011","2016","-1","4","False"
"2007","32","72","85","5","72","32","5","78","99199.0691450366","-25890.2887643281","3657.68261632","3656.4929485321","77","82","2012","2017","-1","4","False"
"2008","32","73","85","5","73","32","5","78","102558.898747396","-25890.2887643281","3657.68261632","3656.4929485321","78","83","2013","2018","-1","4","False"
"2009","32","74","85","5","74","32","5","78","105918.728349754","-25890.2887643281","3657.68261632","3656.4929485321","79","84","2014","2019","-1","6","False"
"2010","32","75","85","5","75","32","5","78","109278.557952113","-25890.2887643281","3657.68261632","3656.4929485321","65","70","2000","2005","-1","4","False"
"2011","32","76","85","5","76","32","5","78","112638.387554472","-25890.2887643281","3657.68261632","3656.4929485321","66","71","2001","2006","-1","4","False"
"2012","32","77","85","5","77","32","5","78","115998.217156831","-25890.2887643281","3657.68261632","3656.4929485321","67","72","2002","2007","-1","4","False"
"2013","32","78","85","5","78","32","5","78","119358.04675919","-25890.2887643281","3657.68261632","3656.4929485321","68","73","2003","2008","-1","4","False"
"2014","32","79","85","5","79","32","5","78","122717.876361549","-25890.2887643281","3657.68261632","3656.4929485321","69","74","2004","2009","-1","5","False"
"2015","32","80","85","5","80","32","5","78","126077.705963908","-25890.2887643281","3657.68261632","3656.4929485321","70","75","2005","2010","2","3","True"
"2016","32","81","85","5","81","32","5","78","129437.535566267","-25890.2887643281","3657.68261632","3656.4929485321","71","76","2006","2011","2","2","True"
"2017","32","82","85","5","82","32","5","78","132797.365168626","-25890.2887643281","3657.68261632","3656.4929485321","72","77","2007","2012","2","2","True"
"2018","32","83","85","5","83","32","5","78","136157.194770985","-25890.2887643281","3657.68261632","3656.4929485321","73","78","2008","2013","2","2","True"
"2019","32","84","85","5","84","32","5","78","139517.024373344","-25890.2887643281","3657.68261632","3656.4929485321","74","79","2009","2014","2","2","True"
"2020","33","0","85","5","84","33","5","78","139517.024373344","-22246.8447030488","3657.68261632","3656.4929485321","5","10","2025","2030","3","2","True"
"2021","33","1","85","5","83","33","5","78","136157.194770985","-22246.8447030488","3657.68261632","3656.4929485321","6","11","2026","2031","3","3","True"
"2022","33","2","85","5","82","33","5","78","132797.365168626","-22246.8447030488","3657.68261632","3656.4929485321","7","12","2027","2032","3","3","True"
"2023","33","3","85","5","81","33","5","78","129437.535566267","-22246.8447030488","3657.68261632","3656.4929485321","8","13","2028","2033","3","3","True"
"2024","33","4","85","5","80","33","5","78","126077.705963908","-22246.8447030488","3657.68261632","3656.4929485321","9","14","2029","2034","3","3","True"
"2025","33","5","85","5","79","33","5","78","122717.876361549","-22246.8447030488","3657.68261632","3656.4929485321","10","15","2030","2035","-1","4","False"
"2026","33","6","85","5","78","33","5","78","119358.04675919","-22246.8447030488","3657.68261632","3656.4929485321","11","16","2031","2036","-1","3","False"
"2027","33","7","85","5","77","33","5","78","115998.217156831","-22246.8447030488","3657.68261632","3656.4929485321","12","17","2032","2037","-1","3","False"
"2028","33","8","85","5","76","33","5","78","112638.387554472","-22246.8447030488","3657.68261632","3656.4929485321","13","18","2033","2038","-1","3","False"
"2029","33","9","85","5","75","33","5","78","109278.557952113","-22246.8447030488","3657.68261632","3656.4929485321","14","19","2034","2039","-1","3","False"
"2030","33","10","85","5","74","33","5","78","105918.728349754","-22246.8447030488","3657.68261632","3656.4929485321","15","20","2035","2040","-1","4","False"
"2031","33","11","85","5","73","33","5","78","102558.898747396","-22246.8447030488","3657.68261632","3656.4929485321","16","21","2036","2041","-1","3","False"
"2032","33","12","85","5","72","33","5","78","99199.0691450366","-22246.8447030488","3657.68261632","3656.4929485321","17","22","2037","2042","-1","3","False"
"2033","33","13","85","5","71","33","5","78","95839.2395426777","-22246.8447030488","3657.68261632","3656.4929485321","18","23","2038","2043","-1","3","False"
"2034","33","14","85","5","70","33","5","78","92479.4099403188","-22246.8447030488","3657.68261632","3656.4929485321","19","24","2039","2044","-1","3","False"
"2035","33","15","85","5","69","33","5","78","89119.5803379599","-22246.8447030488","3657.68261632","3656.4929485321","20","25","2040","2045","3","4","True"
"2036","33","16","85","5","68","33","5","78","85759.7507356009","-22246.8447030488","3657.68261632","3656.4929485321","21","26","2041","2046","3","3","True"
"2037","33","17","85","5","67","33","5","78","82399.921133242","-22246.8447030488","3657.68261632","3656.4929485321","22","27","2042","2047","3","3","True"
"2038","33","18","85","5","66","33","5","78","79040.0915308831","-22246.8447030488","3657.68261632","3656.4929485321","23","28","2043","2048","3","3","True"
"2039","33","19","85","5","65","33","5","78","75680.2619285242","-22246.8447030488","3657.68261632","3656.4929485321","24","29","2044","2049","3","3","True"
"2040","33","20","85","5","64","33","5","78","72320.4323261653","-22246.8447030488","3657.68261632","3656.4929485321","25","30","2045","2050","-1","4","False"
"2041","33","21","85","5","63","33","5","78","68960.6027238063","-22246.8447030488","3657.68261632","3656.4929485321","26","31","2046","2051","-1","3","False"
"2042","33","22","85","5","62","33","5","78","65600.7731214474","-22246.8447030488","3657.68261632","3656.4929485321","27","32","2047","2052","-1","3","False"
"2043","33","23","85","5","61","33","5","78","62240.9435190885","-22246.8447030488","3657.68261632","3656.4929485321","28","33","2048","2053","-1","3","False"
"2044","33","24","85","5","60","33","5","78","58881.1139167296","-22246.8447030488","3657.68261632","3656.4929485321","29","34","2049","2054","-1","3","False"
"2045","33","25","85","5","59","33","5","78","55521.2843143707","-22246.8447030488","3657.68261632","3656.4929485321","30","35","2050","2055","-1","4","False"
"2046","33","26","85","5","58","33","5","78","52161.4547120117","-22246.8447030488","3657.68261632","3656.4929485321","31","36","2051","2056","-1","3","False"
"2047","33","27","85","5","57","33","5","78","48801.6251096528","-22246.8447030488","3657.68261632","3656.4929485321","32","37","2052","2057","-1","3","False"
"2048","33","28","85","5","56","33","5","78","45441.7955072939","-22246.8447030488","3657.68261632","3656.4929485321","33","38","2053","2058","-1","3","False"
"2049","33","29","85","5","55","33","5","78","42081.965904935","-22246.8447030488","3657.68261632","3656.4929485321","34","39","2054","2059","-1","3","False"
"2050","33","30","85","5","54","33","5","78","38722.1363025761","-22246.8447030488","3657.68261632","3656.4929485321","35","40","2055","2060","3","4","True"
"2051","33","31","85","5","53","33","5","78","35362.3067002172","-22246.8447030488","3657.68261632","3656.4929485321","36","41","2056","2061","3","3","True"
"2052","33","32","85","5","52","33","5","78","32002.4770978583","-22246.8447030488","3657.68261632","3656.4929485321","37","42","2057","2062","3","3","True"
"2053","33","33","85","5","51","33","5","78","28642.6474954993","-22246.8447030488","3657.68261632","3656.4929485321","38","43","2058","2063","3","3","True"
"2054","33","34","85","5","50","33","5","78","25282.8178931404","-22246.8447030488","3657.68261632","3656.4929485321","39","44","2059","2064","3","3","True"
"2055","33","35","85","5","49","33","5","78","21922.9882907815","-22246.8447030488","3657.68261632","3656.4929485321","40","45","2060","2065","-1","4","False"
"2056","33","36","85","5","48","33","5","78","18563.1586884226","-22246.8447030488","3657.68261632","3656.4929485321","41","46","2061","2066","-1","3","False"
"2057","33","37","85","5","47","33","5","78","15203.3290860637","-22246.8447030488","3657.68261632","3656.4929485321","42","47","2062","2067","-1","3","False"
"2058","33","38","85","5","46","33","5","78","11843.4994837047","-22246.8447030488","3657.68261632","3656.4929485321","43","48","2063","2068","-1","3","False"
"2059","33","39","85","5","45","33","5","78","8483.66988134584","-22246.8447030488","3657.68261632","3656.4929485321","44","49","2064","2069","-1","3","False"
"2060","33","40","85","5","44","33","5","78","5123.84027898691","-22246.8447030488","3657.68261632","3656.4929485321","45","50","2065","2070","-1","4","False"
"2061","33","41","85","5","43","33","5","78","1764.01067662801","-22246.8447030488","3657.68261632","3656.4929485321","46","51","2066","2071","-1","3","False"
"2062","33","42","85","5","42","33","5","78","-1595.81892573092","-22246.8447030488","3657.68261632","3656.4929485321","47","52","2067","2072","-1","3","False"
"2063","33","43","85","5","41","33","5","78","-4955.64852808984","-22246.8447030488","3657.68261632","3656.4929485321","48","53","2068","2073","-1","3","False"
"2064","33","44","85","5","40","33","5","78","-8315.47813044874","-22246.8447030488","3657.68261632","3656.4929485321","49","54","2069","2074","-1","3","False"
"2065","33","45","85","5","39","33","5","78","-11675.3077328077","-22246.8447030488","3657.68261632","3656.4929485321","50","55","2070","2075","3","4","True"
"2066","33","46","85","5","38","33","5","78","-15035.1373351666","-22246.8447030488","3657.68261632","3656.4929485321","51","56","2071","2076","3","3","True"
"2067","33","47","85","5","37","33","5","78","-18394.9669375255","-22246.8447030488","3657.68261632","3656.4929485321","52","57","2072","2077","3","3","True"
"2068","33","48","85","5","36","33","5","78","-21754.7965398844","-22246.8447030488","3657.68261632","3656.4929485321","53","58","2073","2078","3","3","True"
"2069","33","49","85","5","35","33","5","78","-25114.6261422433","-22246.8447030488","3657.68261632","3656.4929485321","54","59","2074","2079","3","3","True"
"2070","33","50","85","5","34","33","5","78","-28474.4557446023","-22246.8447030488","3657.68261632","3656.4929485321","55","60","2075","2080","-1","4","False"
"2071","33","51","85","5","33","33","5","78","-31834.2853469612","-22246.8447030488","3657.68261632","3656.4929485321","56","61","2076","2081","-1","3","False"
"2072","33","52","85","5","32","33","5","78","-35194.1149493201","-22246.8447030488","3657.68261632","3656.4929485321","57","62","2077","2082","-1","3","False"
"2073","33","53","85","5","31","33","5","78","-38553.944551679","-22246.8447030488","3657.68261632","3656.4929485321","58","63","2078","2083","-1","3","False"
"2074","33","54","85","5","30","33","5","78","-41913.7741540379","-22246.8447030488","3657.68261632","3656.4929485321","59","64","2079","2084","-1","3","False"
"2075","33","55","85","5","29","33","5","78","-45273.6037563968","-22246.8447030488","3657.68261632","3656.4929485321","60","65","2080","2085","-1","4","False"
"2076","33","56","85","5","28","33","5","78","-48633.4333587558","-22246.8447030488","3657.68261632","3656.4929485321","61","66","2081","2086","-1","3","False"
"2077","33","57","85","5","27","33","5","78","-51993.2629611147","-22246.8447030488","3657.68261632","3656.4929485321","62","67","2082","2087","-1","3","False"
"2078","33","58","85","5","26","33","5","78","-55353.0925634736","-22246.8447030488","3657.68261632","3656.4929485321","63","68","2083","2088","-1","3","False"
"2079","33","59","85","5","25","33","5","78","-58712.9221658325","-22246.8447030488","3657.68261632","3656.4929485321","64","69","2084","2089","-1","3","False"
"2080","33","60","85","5","24","33","5","78","-62072.7517681914","-22246.8447030488","3657.68261632","3656.4929485321","65","70","2085","2090","3","4","True"
"2081","33","61","85","5","23","33","5","78","-65432.5813705503","-22246.8447030488","3657.68261632","3656.4929485321","66","71","2086","2091","3","3","True"
"2082","33","62","85","5","22","33","5","78","-68792.4109729092","-22246.8447030488","3657.68261632","3656.4929485321","67","72","2087","2092","3","3","True"
"2083","33","63","85","5","21","33","5","78","-72152.2405752682","-22246.8447030488","3657.68261632","3656.4929485321","68","73","2088","2093","3","3","True"
"2084","33","64","85","5","20","33","5","78","-75512.0701776271","-22246.8447030488","3657.68261632","3656.4929485321","69","74","2089","2094","3","3","True"
"2085","33","65","85","5","19","33","5","78","-78871.899779986","-22246.8447030488","3657.68261632","3656.4929485321","70","75","2090","2095","-1","4","False"
"2086","33","66","85","5","18","33","5","78","-82231.7293823449","-22246.8447030488","3657.68261632","3656.4929485321","71","76","2091","2096","-1","3","False"
"2087","33","67","85","5","17","33","5","78","-85591.5589847038","-22246.8447030488","3657.68261632","3656.4929485321","72","77","2092","2097","-1","3","False"
"2088","33","68","85","5","16","33","5","78","-88951.3885870628","-22246.8447030488","3657.68261632","3656.4929485321","73","78","2093","2098","-1","3","False"
"2089","33","69","85","5","15","33","5","78","-92311.2181894217","-22246.8447030488","3657.68261632","3656.4929485321","74","79","2094","2099","-1","3","False"
"2090","33","70","85","5","14","33","5","78","-95671.0477917806","-22246.8447030488","3657.68261632","3656.4929485321","75","80","2095","2100","-1","4","False"
"2091","33","71","85","5","13","33","5","78","-99030.8773941395","-22246.8447030488","3657.68261632","3656.4929485321","76","81","2096","2101","-1","3","False"
"2092","33","72","85","5","12","33","5","78","-102390.706996498","-22246.8447030488","3657.68261632","3656.4929485321","77","82","2097","2102","-1","3","False"
"2093","33","73","85","5","11","33","5","78","-105750.536598857","-22246.8447030488","3657.68261632","3656.4929485321","78","83","2098","2103","-1","3","False"
"2094","33","74","85","5","10","33","5","78","-109110.366201216","-22246.8447030488","3657.68261632","3656.4929485321","79","84","2099","2104","-1","3","False"
"2095","33","75","85","5","9","33","5","78","-112470.195803575","-22246.8447030488","3657.68261632","3656.4929485321","65","70","2085","2090","-1","4","False"
"2096","33","76","85","5","8","33","5","78","-115830.025405934","-22246.8447030488","3657.68261632","3656.4929485321","66","71","2086","2091","-1","3","False"
"2097","33","77","85","5","7","33","5","78","-119189.855008293","-22246.8447030488","3657.68261632","3656.4929485321","67","72","2087","2092","-1","3","False"
"2098","33","78","85","5","6","33","5","78","-122549.684610652","-22246.8447030488","3657.68261632","3656.4929485321","68","73","2088","2093","-1","3","False"
"2099","33","79","85","5","5","33","5","78","-125909.514213011","-22246.8447030488","3657.68261632","3656.4929485321","69","74","2089","2094","-1","3","False"
"2100","33","80","85","5","4","33","5","78","-129269.34381537","-22246.8447030488","3657.68261632","3656.4929485321","70","75","2090","2095","2","4","True"
"2101","33","81","85","5","3","33","5","78","-132629.173417729","-22246.8447030488","3657.68261632","3656.4929485321","71","76","2091","2096","2","3","True"
"2102","33","82","85","5","2","33","5","78","-135989.003020088","-22246.8447030488","3657.68261632","3656.4929485321","72","77","2092","2097","2","3","True"
"2103","33","83","85","5","1","33","5","78","-139348.832622446","-22246.8447030488","3657.68261632","3656.4929485321","73","78","2093","2098","2","3","True"
"2104","33","84","85","5","0","33","5","78","-142708.662224805","-22246.8447030488","3657.68261632","3656.4929485321","74","79","2094","2099","2","3","True"
"2105","34","0","85","5","0","34","5","78","-142708.662224805","-18603.4006417695","3657.68261632","3656.4929485321","5","10","2110","2115","3","3","True"
"2106","34","1","85","5","1","34","5","78","-139348.832622446","-18603.4006417695","3657.68261632","3656.4929485321","6","11","2111","2116","3","4","True"
"2107","34","2","85","5","2","34","5","78","-135989.003020088","-18603.4006417695","3657.68261632","3656.4929485321","7","12","2112","2117","3","4","True"
"2108","34","3","85","5","3","34","5","78","-132629.173417729","-18603.4006417695","3657.68261632","3656.4929485321","8","13","2113","2118","3","4","True"
"2109","34","4","85","5","4","34","5","78","-129269.34381537","-18603.4006417695","3657.68261632","3656.4929485321","9","14","2114","2119","3","6","True"
"2110","34","5","85","5","5","34","5","78","-125909.514213011","-18603.4006417695","3657.68261632","3656.4929485321","10","15","2115","2120","-1","4","False"
"2111","34","6","85","5","6","34","5","78","-122549.684610652","-18603.4006417695","3657.68261632","3656.4929485321","11","16","2116","2121","-1","4","False"
"2112","34","7","85","5","7","34","5","78","-119189.855008293","-18603.4006417695","3657.68261632","3656.4929485321","12","17","2117","2122","-1","4","False"
"2113","34","8","85","5","8","34","5","78","-115830.025405934","-18603.4006417695","3657.68261632","3656.4929485321","13","18","2118","2123","-1","4","False"
"2114","34","9","85","5","9","34","5","78","-112470.195803575","-18603.4006417695","3657.68261632","3656.4929485321","14","19","2119","2124","-1","6","False"
"2115","34","10","85","5","10","34","5","78","-109110.366201216","-18603.4006417695","3657.68261632","3656.4929485321","15","20","2120","2125","-1","4","False"
"2116","34","11","85","5","11","34","5","78","-105750.536598857","-18603.4006417695","3657.68261632","3656.4929485321","16","21","2121","2126","-1","4","False"
"2117","34","12","85","5","12","34","5","78","-102390.706996498","-18603.4006417695","3657.68261632","3656.4929485321","17","22","2122","2127","-1","4","False"
"2118","34","13","85","5","13","34","5","78","-99030.8773941395","-18603.4006417695","3657.68261632","3656.4929485321","18","23","2123","2128","-1","4","False"
"2119","34","14","85","5","14","34","5","78","-95671.0477917806","-18603.4006417695","3657.68261632","3656.4929485321","19","24","2124","2129","-1","6","False"
"2120","34","15","85","5","15","34","5","78","-92311.2181894217","-18603.4006417695","3657.68261632","3656.4929485321","20","25","2125","2130","3","4","True"
"2121","34","16","85","5","16","34","5","78","-88951.3885870628","-18603.4006417695","3657.68261632","3656.4929485321","21","26","2126","2131","3","4","True"
"2122","34","17","85","5","17","34","5","78","-85591.5589847038","-18603.4006417695","3657.68261632","3656.4929485321","22","27","2127","2132","3","4","True"
"2123","34","18","85","5","18","34","5","78","-82231.7293823449","-18603.4006417695","3657.68261632","3656.4929485321","23","28","2128","2133","3","4","True"
"2124","34","19","85","5","19","34","5","78","-78871.899779986","-18603.4006417695","3657.68261632","3656.4929485321","24","29","2129","2134","3","6","True"
"2125","34","20","85","5","20","34","5","78","-75512.0701776271","-18603.4006417695","3657.68261632","3656.4929485321","25","30","2130","2135","-1","4","False"
"2126","34","21","85","5","21","34","5","78","-72152.2405752682","-18603.4006417695","3657.68261632","3656.4929485321","26","31","2131","2136","-1","4","False"
"2127","34","22","85","5","22","34","5","78","-68792.4109729092","-18603.4006417695","3657.68261632","3656.4929485321","27","32","2132","2137","-1","4","False"
"2128","34","23","85","5","23","34","5","78","-65432.5813705503","-18603.4006417695","3657.68261632","3656.4929485321","28","33","2133","2138","-1","4","False"
"2129","34","24","85","5","24","34","5","78","-62072.7517681914","-18603.4006417695","3657.68261632","3656.4929485321","29","34","2134","2139","-1","6","False"
"2130","34","25","85","5","25","34","5","78","-58712.9221658325","-18603.4006417695","3657.68261632","3656.4929485321","30","35","2135","2140","-1","4","False"
"2131","34","26","85","5","26","34","5","78","-55353.0925634736","-18603.4006417695","3657.68261632","3656.4929485321","31","36","2136","2141","-1","4","False"
"2132","34","27","85","5","27","34","5","78","-51993.2629611147","-18603.4006417695","3657.68261632","3656.4929485321","32","37","2137","2142","-1","4","False"
"2133","34","28","85","5","28","34","5","78","-48633.4333587558","-18603.4006417695","3657.68261632","3656.4929485321","33","38","2138","2143","-1","4","False"
"2134","34","29","85","5","29","34","5","78","-45273.6037563968","-18603.4006417695","3657.68261632","3656.4929485321","34","39","2139","2144","-1","6","False"
"2135","34","30","85","5","30","34","5","78","-41913.7741540379","-18603.4006417695","3657.68261632","3656.4929485321","35","40","2140","2145","3","4","True"
"2136","34","31","85","5","31","34","5","78","-38553.944551679","-18603.4006417695","3657.68261632","3656.4929485321","36","41","2141","2146","3","4","True"
"2137","34","32","85","5","32","34","5","78","-35194.1149493201","-18603.4006417695","3657.68261632","3656.4929485321","37","42","2142","2147","3","4","True"
"2138","34","33","85","5","33","34","5","78","-31834.2853469612","-18603.4006417695","3657.68261632","3656.4929485321","38","43","2143","2148","3","4","True"
"2139","34","34","85","5","34","34","5","78","-28474.4557446023","-18603.4006417695","3657.68261632","3656.4929485321","39","44","2144","2149","3","6","True"
"2140","34","35","85","5","35","34","5","78","-25114.6261422433","-18603.4006417695","3657.68261632","3656.4929485321","40","45","2145","2150","-1","4","False"
"2141","34","36","85","5","36","34","5","78","-21754.7965398844","-18603.4006417695","3657.68261632","3656.4929485321","41","46","2146","2151","-1","4","False"
"2142","34","37","85","5","37","34","5","78","-18394.9669375255","-18603.4006417695","3657.68261632","3656.4929485321","42","47","2147","2152","-1","4","False"
"2143","34","38","85","5","38","34","5","78","-15035.1373351666","-18603.4006417695","3657.68261632","3656.4929485321","43","48","2148","2153","-1","4","False"
"2144","34","39","85","5","39","34","5","78","-11675.3077328077","-18603.4006417695","3657.68261632","3656.4929485321","44","49","2149","2154","-1","6","False"
"2145","34","40","85","5","40","34","5","78","-8315.47813044874","-18603.4006417695","3657.68261632","3656.4929485321","45","50","2150","2155","-1","4","False"
"2146","34","41","85","5","41","34","5","78","-4955.64852808984","-18603.4006417695","3657.68261632","3656.4929485321","46","51","2151","2156","-1","4","False"
"2147","34","42","85","5","42","34","5","78","-1595.81892573092","-18603.4006417695","3657.68261632","3656.4929485321","47","52","2152","2157","-1","4","False"
"2148","34","43","85","5","43","34","5","78","1764.01067662801","-18603.4006417695","3657.68261632","3656.4929485321","48","53","2153","2158","-1","4","False"
"2149","34","44","85","5","44","34","5","78","5123.84027898691","-18603.4006417695","3657.68261632","3656.4929485321","49","54","2154","2159","-1","6","False"
"2150","34","45","85","5","45","34","5","78","8483.66988134584","-18603.4006417695","3657.68261632","3656.4929485321","50","55","2155","2160","3","4","True"
"2151","34","46","85","5","46","34","5","78","11843.4994837047","-18603.4006417695","3657.68261632","3656.4929485321","51","56","2156","2161","3","4","True"
"2152","34","47","85","5","47","34","5","78","15203.3290860637","-18603.4006417695","3657.68261632","3656.4929485321","52","57","2157","2162","3","4","True"
"2153","34","48","85","5","48","34","5","78","18563.1586884226","-18603.4006417695","3657.68261632","3656.4929485321","53","58","2158","2163","3","4","True"
"2154","34","49","85","5","49","34","5","78","21922.9882907815","-18603.4006417695","3657.68261632","3656.4929485321","54","59","2159","2164","3","6","True"
"2155","34","50","85","5","50","34","5","78","25282.8178931404","-18603.4006417695","3657.68261632","3656.4929485321","55","60","2160","2165","-1","4","False"
"2156","34","51","85","5","51","34","5","78","28642.6474954993","-18603.4006417695","3657.68261632","3656.4929485321","56","61","2161","2166","-1","4","False"
"2157","34","52","85","5","52","34","5","78","32002.4770978583","-18603.4006417695","3657.68261632","3656.4929485321","57","62","2162","2167","-1","4","False"
"2158","34","53","85","5","53","34","5","78","35362.3067002172","-18603.4006417695","3657.68261632","3656.4929485321","58","63","2163","2168","-1","4","False"
"2159","34","54","85","5","54","34","5","78","38722.1363025761","-18603.4006417695","3657.68261632","3656.4929485321","59","64","2164","2169","-1","6","False"
"2160","34","55","85","5","55","34","5","78","42081.965904935","-18603.4006417695","3657.68261632","3656.4929485321","60","65","2165","2170","-1","4","False"
"2161","34","56","85","5","56","34","5","78","45441.7955072939","-18603.4006417695","3657.68261632","3656.4929485321","61","66","2166","2171","-1","4","False"
"2162","34","57","85","5","57","34","5","78","48801.6251096528","-18603.4006417695","3657.68261632","3656.4929485321","62","67","2167","2172","-1","4","False"
"2163","34","58","85","5","58","34","5","78","52161.4547120117","-18603.4006417695","3657.68261632","3656.4929485321","63","68","2168","2173","-1","4","False"
"2164","34","59","85","5","59","34","5","78","55521.2843143707","-18603.4006417695","3657.68261632","3656.4929485321","64","69","2169","2174","-1","6","False"
"2165","34","60","85","5","60","34","5","78","58881.1139167296","-18603.4006417695","3657.68261632","3656.4929485321","65","70","2170","2175","3","4","True"
"2166","34","61","85","5","61","34","5","78","62240.9435190885","-18603.4006417695","3657.68261632","3656.4929485321","66","71","2171","2176","3","4","True"
"2167","34","62","85","5","62","34","5","78","65600.7731214474","-18603.4006417695","3657.68261632","3656.4929485321","67","72","2172","2177","3","4","True"
"2168","34","63","85","5","63","34","5","78","68960.6027238063","-18603.4006417695","3657.68261632","3656.4929485321","68","73","2173","2178","3","4","True"
"2169","34","64","85","5","64","34","5","78","72320.4323261653","-18603.4006417695","3657.68261632","3656.4929485321","69","74","2174","2179","3","6","True"
"2170","34","65","85","5","65","34","5","78","75680.2619285242","-18603.4006417695","3657.68261632","3656.4929485321","70","75","2175","2180","-1","4","False"
"2171","34","66","85","5","66","34","5","78","79040.0915308831","-18603.4006417695","3657.68261632","3656.4929485321","71","76","2176","2181","-1","4","False"
"2172","34","67","85","5","67","34","5","78","82399.921133242","-18603.4006417695","3657.68261632","3656.4929485321","72","77","2177","2182","-1","4","False"
"2173","34","68","85","5","68","34","5","78","85759.7507356009","-18603.4006417695","3657.68261632","3656.4929485321","73","78","2178","2183","-1","4","False"
"2174","34","69","85","5","69","34","5","78","89119.5803379599","-18603.4006417695","3657.68261632","3656.4929485321","74","79","2179","2184","-1","6","False"
"2175","34","70","85","5","70","34","5","78","92479.4099403188","-18603.4006417695","3657.68261632","3656.4929485321","75","80","2180","2185","-1","4","False"
"2176","34","71","85","5","71","34","5","78","95839.2395426777","-18603.4006417695","3657.68261632","3656.4929485321","76","81","2181","2186","-1","4","False"
"2177","34","72","85","5","72","34","5","78","99199.0691450366","-18603.4006417695","3657.68261632","3656.4929485321","77","82","2182","2187","-1","4","False"
"2178","34","73","85","5","73","34","5","78","102558.898747396","-18603.4006417695","3657.68261632","3656.4929485321","78","83","2183","2188","-1","4","False"
"2179","34","74","85","5","74","34","5","78","105918.728349754","-18603.4006417695","3657.68261632","3656.4929485321","79","84","2184","2189","-1","6","False"
"2180","34","75","85","5","75","34","5","78","109278.557952113","-18603.4006417695","3657.68261632","3656.4929485321","65","70","2170","2175","-1","4","False"
"2181","34","76","85","5","76","34","5","78","112638.387554472","-18603.4006417695","3657.68261632","3656.4929485321","66","71","2171","2176","-1","4","False"
"2182","34","77","85","5","77","34","5","78","115998.217156831","-18603.4006417695","3657.68261632","3656.4929485321","67","72","2172","2177","-1","4","False"
"2183","34","78","85","5","78","34","5","78","119358.04675919","-18603.4006417695","3657.68261632","3656.4929485321","68","73","2173","2178","-1","4","False"
"2184","34","79","85","5","79","34","5","78","122717.876361549","-18603.4006417695","3657.68261632","3656.4929485321","69","74","2174","2179","-1","6","False"
"2185","34","80","85","5","80","34","5","78","126077.705963908","-18603.4006417695","3657.68261632","3656.4929485321","70","75","2175","2180","2","4","True"
"2186","34","81","85","5","81","34","5","78","129437.535566267","-18603.4006417695","3657.68261632","3656.4929485321","71","76","2176","2181","2","4","True"
"2187","34","82","85","5","82","34","5","78","132797.365168626","-18603.4006417695","3657.68261632","3656.4929485321","72","77","2177","2182","2","4","True"
"2188","34","83","85","5","83","34","5","78","136157.194770985","-18603.4006417695","3657.68261632","3656.4929485321","73","78","2178","2183","2","4","True"
"2189","34","84","85","5","84","34","5","78","139517.024373344","-18603.4006417695","3657.68261632","3656.4929485321","74","79","2179","2184","2","4","True"
"2190","35","0","85","5","84","35","5","78","139517.024373344","-14959.9565804902","3657.68261632","3656.4929485321","5","10","2195","2200","3","2","True"
"2191","35","1","85","5","83","35","5","78","136157.194770985","-14959.9565804902","3657.68261632","3656.4929485321","6","11","2196","2201","3","3","True"
"2192","35","2","85","5","82","35","5","78","132797.365168626","-14959.9565804902","3657.68261632","3656.4929485321","7","12","2197","2202","3","3","True"
"2193","35","3","85","5","81","35","5","78","129437.535566267","-14959.9565804902","3657.68261632","3656.4929485321","8","13","2198","2203","3","3","True"
"2194","35","4","85","5","80","35","5","78","126077.705963908","-14959.9565804902","3657.68261632","3656.4929485321","9","14","2199","2204","3","3","True"
"2195","35","5","85","5","79","35","5","78","122717.876361549","-14959.9565804902","3657.68261632","3656.4929485321","10","15","2200","2205","-1","4","False"
"2196","35","6","85","5","78","35","5","78","119358.04675919","-14959.9565804902","3657.68261632","3656.4929485321","11","16","2201","2206","-1","3","False"
"2197","35","7","85","5","77","35","5","78","115998.217156831","-14959.9565804902","3657.68261632","3656.4929485321","12","17","2202","2207","-1","3","False"
"2198","35","8","85","5","76","35","5","78","112638.387554472","-14959.9565804902","3657.68261632","3656.4929485321","13","18","2203","2208","-1","3","False"
"2199","35","9","85","5","75","35","5","78","109278.557952113","-14959.9565804902","3657.68261632","3656.4929485321","14","19","2204","2209","-1","3","False"
"2200","35","10","85","5","74","35","5","78","105918.728349754","-14959.9565804902","3657.68261632","3656.4929485321","15","20","2205","2210","-1","4","False"
"2201","35","11","85","5","73","35","5","78","102558.898747396","-14959.9565804902","3657.68261632","3656.4929485321","16","21","2206","2211","-1","3","False"
"2202","35","12","85","5","72","35","5","78","99199.0691450366","-14959.9565804902","3657.68261632","3656.4929485321","17","22","2207","2212","-1","3","False"
"2203","35","13","85","5","71","35","5","78","95839.2395426777","-14959.9565804902","3657.68261632","3656.4929485321","18","23","2208","2213","-1","3","False"
"2204","35","14","85","5","70","35","5","78","92479.4099403188","-14959.9565804902","3657.68261632","3656.4929485321","19","24","2209","2214","-1","3","False"
"2205","35","15","85","5","69","35","5","78","89119.5803379599","-14959.9565804902","3657.68261632","3656.4929485321","20","25","2210","2215","3","4","True"
"2206","35","16","85","5","68","35","5","78","85759.7507356009","-14959.9565804902","3657.68261632","3656.4929485321","21","26","2211","2216","3","3","True"
"2207","35","17","85","5","67","35","5","78","82399.921133242","-14959.9565804902","3657.68261632","3656.4929485321","22","27","2212","2217","3","3","True"
"2208","35","18","85","5","66","35","5","78","79040.0915308831","-14959.9565804902","3657.68261632","3656.4929485321","23","28","2213","2218","3","3","True"
"2209","35","19","85","5","65","35","5","78","75680.2619285242","-14959.9565804902","3657.68261632","3656.4929485321","24","29","2214","2219","3","3","True"
"2210","35","20","85","5","64","35","5","78","72320.4323261653","-14959.9565804902","3657.68261632","3656.4929485321","25","30","2215","2220","-1","4","False"
"2211","35","21","85","5","63","35","5","78","68960.6027238063","-14959.9565804902","3657.68261632","3656.4929485321","26","31","2216","2221","-1","3","False"
"2212","35","22","85","5","62","35","5","78","65600.7731214474","-14959.9565804902","3657.68261632","3656.4929485321","27","32","2217","2222","-1","3","False"
"2213","35","23","85","5","61","35","5","78","62240.9435190885","-14959.9565804902","3657.68261632","3656.4929485321","28","33","2218","2223","-1","3","False"
"2214","35","24","85","5","60","35","5","78","58881.1139167296","-14959.9565804902","3657.68261632","3656.4929485321","29","34","2219","2224","-1","3","False"
"2215","35","25","85","5","59","35","5","78","55521.2843143707","-14959.9565804902","3657.68261632","3656.4929485321","30","35","2220","2225","-1","4","False"
"2216","35","26","85","5","58","35","5","78","52161.4547120117","-14959.9565804902","3657.68261632","3656.4929485321","31","36","2221","2226","-1","3","False"
"2217","35","27","85","5","57","35","5","78","48801.6251096528","-14959.9565804902","3657.68261632","3656.4929485321","32","37","2222","2227","-1","3","False"
"2218","35","28","85","5","56","35","5","78","45441.7955072939","-14959.9565804902","3657.68261632","3656.4929485321","33","38","2223","2228","-1","3","False"
"2219","35","29","85","5","55","35","5","78","42081.965904935","-14959.9565804902","3657.68261632","3656.4929485321","34","39","2224","2229","-1","3","False"
"2220","35","30","85","5","54","35","5","78","38722.1363025761","-14959.9565804902","3657.68261632","3656.4929485321","35","40","2225","2230","3","4","True"
"2221","35","31","85","5","53","35","5","78","35362.3067002172","-14959.9565804902","3657.68261632","3656.4929485321","36","41","2226","2231","3","3","True"
"2222","35","32","85","5","52","35","5","78","32002.4770978583","-14959.9565804902","3657.68261632","3656.4929485321","37","42","2227","2232","3","3","True"
"2223","35","33","85","5","51","35","5","78","28642.6474954993","-14959.9565804902","3657.68261632","3656.4929485321","38","43","2228","2233","3","3","True"
"2224","35","34","85","5","50","35","5","78","25282.8178931404","-14959.9565804902","3657.68261632","3656.4929485321","39","44","2229","2234","3","3","True"
"2225","35","35","85","5","49","35","5","78","21922.9882907815","-14959.9565804902","3657.68261632","3656.4929485321","40","45","2230","2235","-1","4","False"
"2226","35","36","85","5","48","35","5","78","18563.1586884226","-14959.9565804902","3657.68261632","3656.4929485321","41","46","2231","2236","-1","3","False"
"2227","35","37","85","5","47","35","5","78","15203.3290860637","-14959.9565804902","3657.68261632","3656.4929485321","42","47","2232","2237","-1","3","False"
"2228","35","38","85","5","46","35","5","78","11843.4994837047","-14959.9565804902","3657.68261632","3656.4929485321","43","48","2233","2238","-1","3","False"
"2229","35","39","85","5","45","35","5","78","8483.66988134584","-14959.9565804902","3657.68261632","3656.4929485321","44","49","2234","2239","-1","3","False"
"2230","35","40","85","5","44","35","5","78","5123.84027898691","-14959.9565804902","3657.68261632","3656.4929485321","45","50","2235","2240","-1","4","False"
"2231","35","41","85","5","43","35","5","78","1764.01067662801","-14959.9565804902","3657.68261632","3656.4929485321","46","51","2236","2241","-1","3","False"
"2232","35","42","85","5","42","35","5","78","-1595.81892573092","-14959.9565804902","3657.68261632","3656.4929485321","47","52","2237","2242","-1","3","False"
"2233","35","43","85","5","41","35","5","78","-4955.64852808984","-14959.9565804902","3657.68261632","3656.4929485321","48","53","2238","2243","-1","3","False"
"2234","35","44","85","5","40","35","5","78","-8315.47813044874","-14959.9565804902","3657.68261632","3656.4929485321","49","54","2239","2244","-1","3","False"
"2235","35","45","85","5","39","35","5","78","-11675.3077328077","-14959.9565804902","3657.68261632","3656.4929485321","50","55","2240","2245","3","4","True"
"2236","35","46","85","5","38","35","5","78","-15035.1373351666","-14959.9565804902","3657.68261632","3656.4929485321","51","56","2241","2246","3","3","True"
"2237","35","47","85","5","37","35","5","78","-18394.9669375255","-14959.9565804902","3657.68261632","3656.4929485321","52","57","2242","2247","3","3","True"
"2238","35","48","85","5","36","35","5","78","-21754.7965398844","-14959.9565804902","3657.68261632","3656.4929485321","53","58","2243","2248","3","3","True"
"2239","35","49","85","5","35","35","5","78","-25114.6261422433","-14959.9565804902","3657.68261632","3656.4929485321","54","59","2244","2249","3","3","True"
"2240","35","50","85","5","34","35","5","78","-28474.4557446023","-14959.9565804902","3657.68261632","3656.4929485321","55","60","2245","2250","-1","4","False"
"2241","35","51","85","5","33","35","5","78","-31834.2853469612","-14959.9565804902","3657.68261632","3656.4929485321","56","61","2246","2251","-1","3","False"
"2242","35","52","85","5","32","35","5","78","-35194.1149493201","-14959.9565804902","3657.68261632","3656.4929485321","57","62","2247","2252","-1","3","False"
"2243","35","53","85","5","31","35","5","78","-38553.944551679","-14959.9565804902","3657.68261632","3656.4929485321","58","63","2248","2253","-1","3","False"
"2244","35","54","85","5","30","35","5","78","-41913.7741540379","-14959.9565804902","3657.68261632","3656.4929485321","59","64","2249","2254","-1","3","False"
"2245","35","55","85","5","29","35","5","78","-45273.6037563968","-14959.9565804902","3657.68261632","3656.4929485321","60","65","2250","2255","-1","4","False"
"2246","35","56","85","5","28","35","5","78","-48633.4333587558","-14959.9565804902","3657.68261632","3656.4929485321","61","66","2251","2256","-1","3","False"
"2247","35","57","85","5","27","35","5","78","-51993.2629611147","-14959.9565804902","3657.68261632","3656.4929485321","62","67","2252","2257","-1","3","False"
"2248","35","58","85","5","26","35","5","78","-55353.0925634736","-14959.9565804902","3657.68261632","3656.4929485321","63","68","2253","2258","-1","3","False"
"2249","35","59","85","5","25","35","5","78","-58712.9221658325","-14959.9565804902","3657.68261632","3656.4929485321","64","69","2254","2259","-1","3","False"
"2250","35","60","85","5","24","35","5","78","-62072.7517681914","-14959.9565804902","3657.68261632","3656.4929485321","65","70","2255","2260","3","4","True"
"2251","35","61","85","5","23","35","5","78","-65432.5813705503","-14959.9565804902","3657.68261632","3656.4929485321","66","71","2256","2261","3","3","True"
"2252","35","62","85","5","22","35","5","78","-68792.4109729092","-14959.9565804902","3657.68261632","3656.4929485321","67","72","2257","2262","3","3","True"
"2253","35","63","85","5","21","35","5","78","-72152.2405752682","-14959.9565804902","3657.68261632","3656.4929485321","68","73","2258","2263","3","3","True"
"2254","35","64","85","5","20","35","5","78","-75512.0701776271","-14959.9565804902","3657.68261632","3656.4929485321","69","74","2259","2264","3","3","True"
"2255","35","65","85","5","19","35","5","78","-78871.899779986","-14959.9565804902","3657.68261632","3656.4929485321","70","75","2260","2265","-1","4","False"
"2256","35","66","85","5","18","35","5","78","-82231.7293823449","-14959.9565804902","3657.68261632","3656.4929485321","71","76","2261","2266","-1","3","False"
"2257","35","67","85","5","17","35","5","78","-85591.5589847038","-14959.9565804902","3657.68261632","3656.4929485321","72","77","2262","2267","-1","3","False"
"2258","35","68","85","5","16","35","5","78","-88951.3885870628","-14959.9565804902","3657.68261632","3656.4929485321","73","78","2263","2268","-1","3","False"
"2259","35","69","85","5","15","35","5","78","-92311.2181894217","-14959.9565804902","3657.68261632","3656.4929485321","74","79","2264","2269","-1","3","False"
"2260","35","70","85","5","14","35","5","78","-95671.0477917806","-14959.9565804902","3657.68261632","3656.4929485321","75","80","2265","2270","-1","4","False"
"2261","35","71","85","5","13","35","5","78","-99030.8773941395","-14959.9565804902","3657.68261632","3656.4929485321","76","81","2266","2271","-1","3","False"
"2262","35","72","85","5","12","35","5","78","-102390.706996498","-14959.9565804902","3657.68261632","3656.4929485321","77","82","2267","2272","-1","3","False"
"2263","35","73","85","5","11","35","5","78","-105750.536598857","-14959.9565804902","3657.68261632","3656.4929485321","78","83","2268","2273","-1","3","False"
"2264","35","74","85","5","10","35","5","78","-109110.366201216","-14959.9565804902","3657.68261632","3656.4929485321","79","84","2269","2274","-1","3","False"
"2265","35","75","85","5","9","35","5","78","-112470.195803575","-14959.9565804902","3657.68261632","3656.4929485321","65","70","2255","2260","-1","4","False"
"2266","35","76","85","5","8","35","5","78","-115830.025405934","-14959.9565804902","3657.68261632","3656.4929485321","66","71","2256","2261","-1","3","False"
"2267","35","77","85","5","7","35","5","78","-119189.855008293","-14959.9565804902","3657.68261632","3656.4929485321","67","72","2257","2262","-1","3","False"
"2268","35","78","85","5","6","35","5","78","-122549.684610652","-14959.9565804902","3657.68261632","3656.4929485321","68","73","2258","2263","-1","3","False"
"2269","35","79","85","5","5","35","5","78","-125909.514213011","-14959.9565804902","3657.68261632","3656.4929485321","69","74","2259","2264","-1","3","False"
"2270","35","80","85","5","4","35","5","78","-129269.34381537","-14959.9565804902","3657.68261632","3656.4929485321","70","75","2260","2265","2","4","True"
"2271","35","81","85","5","3","35","5","78","-132629.173417729","-14959.9565804902","3657.68261632","3656.4929485321","71","76","2261","2266","2","3","True"
"2272","35","82","85","5","2","35","5","78","-135989.003020088","-14959.9565804902","3657.68261632","3656.4929485321","72","77","2262","2267","2","3","True"
"2273","35","83","85","5","1","35","5","78","-139348.832622446","-14959.9565804902","3657.68261632","3656.4929485321","73","78","2263","2268","2","3","True"
"2274","35","84","85","5","0","35","5","78","-142708.662224805","-14959.9565804902","3657.68261632","3656.4929485321","74","79","2264","2269","2","3","True"
"2275","36","0","85","5","0","36","5","78","-142708.662224805","-11316.5125192109","3657.68261632","3656.4929485321","5","10","2280","2285","3","2","True"
"2276","36","1","85","5","1","36","5","78","-139348.832622446","-11316.5125192109","3657.68261632","3656.4929485321","6","11","2281","2286","3","3","True"
"2277","36","2","85","5","2","36","5","78","-135989.003020088","-11316.5125192109","3657.68261632","3656.4929485321","7","12","2282","2287","3","3","True"
"2278","36","3","85","5","3","36","5","78","-132629.173417729","-11316.5125192109","3657.68261632","3656.4929485321","8","13","2283","2288","3","3","True"
"2279","36","4","85","5","4","36","5","78","-129269.34381537","-11316.5125192109","3657.68261632","3656.4929485321","9","14","2284","2289","3","4","True"
"2280","36","5","85","5","5","36","5","78","-125909.514213011","-11316.5125192109","3657.68261632","3656.4929485321","10","15","2285","2290","-1","3","False"
"2281","36","6","85","5","6","36","5","78","-122549.684610652","-11316.5125192109","3657.68261632","3656.4929485321","11","16","2286","2291","-1","3","False"
"2282","36","7","85","5","7","36","5","78","-119189.855008293","-11316.5125192109","3657.68261632","3656.4929485321","12","17","2287","2292","-1","3","False"
"2283","36","8","85","5","8","36","5","78","-115830.025405934","-11316.5125192109","3657.68261632","3656.4929485321","13","18","2288","2293","-1","3","False"
"2284","36","9","85","5","9","36","5","78","-112470.195803575","-11316.5125192109","3657.68261632","3656.4929485321","14","19","2289","2294","-1","4","False"
"2285","36","10","85","5","10","36","5","78","-109110.366201216","-11316.5125192109","3657.68261632","3656.4929485321","15","20","2290","2295","-1","3","False"
"2286","36","11","85","5","11","36","5","78","-105750.536598857","-11316.5125192109","3657.68261632","3656.4929485321","16","21","2291","2296","-1","3","False"
"2287","36","12","85","5","12","36","5","78","-102390.706996498","-11316.5125192109","3657.68261632","3656.4929485321","17","22","2292","2297","-1","3","False"
"2288","36","13","85","5","13","36","5","78","-99030.8773941395","-11316.5125192109","3657.68261632","3656.4929485321","18","23","2293","2298","-1","3","False"
"2289","36","14","85","5","14","36","5","78","-95671.0477917806","-11316.5125192109","3657.68261632","3656.4929485321","19","24","2294","2299","-1","4","False"
"2290","36","15","85","5","15","36","5","78","-92311.2181894217","-11316.5125192109","3657.68261632","3656.4929485321","20","25","2295","2300","3","3","True"
"2291","36","16","85","5","16","36","5","78","-88951.3885870628","-11316.5125192109","3657.68261632","3656.4929485321","21","26","2296","2301","3","3","True"
"2292","36","17","85","5","17","36","5","78","-85591.5589847038","-11316.5125192109","3657.68261632","3656.4929485321","22","27","2297","2302","3","3","True"
"2293","36","18","85","5","18","36","5","78","-82231.7293823449","-11316.5125192109","3657.68261632","3656.4929485321","23","28","2298","2303","3","3","True"
"2294","36","19","85","5","19","36","5","78","-78871.899779986","-11316.5125192109","3657.68261632","3656.4929485321","24","29","2299","2304","3","4","True"
"2295","36","20","85","5","20","36","5","78","-75512.0701776271","-11316.5125192109","3657.68261632","3656.4929485321","25","30","2300","2305","-1","3","False"
"2296","36","21","85","5","21","36","5","78","-72152.2405752682","-11316.5125192109","3657.68261632","3656.4929485321","26","31","2301","2306","-1","3","False"
"2297","36","22","85","5","22","36","5","78","-68792.4109729092","-11316.5125192109","3657.68261632","3656.4929485321","27","32","2302","2307","-1","3","False"
"2298","36","23","85","5","23","36","5","78","-65432.5813705503","-11316.5125192109","3657.68261632","3656.4929485321","28","33","2303","2308","-1","3","False"
"2299","36","24","85","5","24","36","5","78","-62072.7517681914","-11316.5125192109","3657.68261632","3656.4929485321","29","34","2304","2309","-1","4","False"
"2300","36","25","85","5","25","36","5","78","-58712.9221658325","-11316.5125192109","3657.68261632","3656.4929485321","30","35","2305","2310","-1","3","False"
"2301","36","26","85","5","26","36","5","78","-55353.0925634736","-11316.5125192109","3657.68261632","3656.4929485321","31","36","2306","2311","-1","3","False"
"2302","36","27","85","5","27","36","5","78","-51993.2629611147","-11316.5125192109","3657.68261632","3656.4929485321","32","37","2307","2312","-1","3","False"
"2303","36","28","85","5","28","36","5","78","-48633.4333587558","-11316.5125192109","3657.68261632","3656.4929485321","33","38","2308","2313","-1","3","False"
"2304","36","29","85","5","29","36","5","78","-45273.6037563968","-11316.5125192109","3657.68261632","3656.4929485321","34","39","2309","2314","-1","4","False"
"2305","36","30","85","5","30","36","5","78","-41913.7741540379","-11316.5125192109","3657.68261632","3656.4929485321","35","40","2310","2315","3","3","True"
"2306","36","31","85","5","31","36","5","78","-38553.944551679","-11316.5125192109","3657.68261632","3656.4929485321","36","41","2311","2316","3","3","True"
"2307","36","32","85","5","32","36","5","78","-35194.1149493201","-11316.5125192109","3657.68261632","3656.4929485321","37","42","2312","2317","3","3","True"
"2308","36","33","85","5","33","36","5","78","-31834.2853469612","-11316.5125192109","3657.68261632","3656.4929485321","38","43","2313","2318","3","3","True"
"2309","36","34","85","5","34","36","5","78","-28474.4557446023","-11316.5125192109","3657.68261632","3656.4929485321","39","44","2314","2319","3","4","True"
"2310","36","35","85","5","35","36","5","78","-25114.6261422433","-11316.5125192109","3657.68261632","3656.4929485321","40","45","2315","2320","-1","3","False"
"2311","36","36","85","5","36","36","5","78","-21754.7965398844","-11316.5125192109","3657.68261632","3656.4929485321","41","46","2316","2321","-1","3","False"
"2312","36","37","85","5","37","36","5","78","-18394.9669375255","-11316.5125192109","3657.68261632","3656.4929485321","42","47","2317","2322","-1","3","False"
"2313","36","38","85","5","38","36","5","78","-15035.1373351666","-11316.5125192109","3657.68261632","3656.4929485321","43","48","2318","2323","-1","3","False"
"2314","36","39","85","5","39","36","5","78","-11675.3077328077","-11316.5125192109","3657.68261632","3656.4929485321","44","49","2319","2324","-1","4","False"
"2315","36","40","85","5","40","36","5","78","-8315.47813044874","-11316.5125192109","3657.68261632","3656.4929485321","45","50","2320","2325","-1","3","False"
"2316","36","41","85","5","41","36","5","78","-4955.64852808984","-11316.5125192109","3657.68261632","3656.4929485321","46","51","2321","2326","-1","3","False"
"2317","36","42","85","5","42","36","5","78","-1595.81892573092","-11316.5125192109","3657.68261632","3656.4929485321","47","52","2322","2327","-1","3","False"
"2318","36","43","85","5","43","36","5","78","1764.01067662801","-11316.5125192109","3657.68261632","3656.4929485321","48","53","2323","2328","-1","3","False"
"2319","36","44","85","5","44","36","5","78","5123.84027898691","-11316.5125192109","3657.68261632","3656.4929485321","49","54","2324","2329","-1","4","False"
"2320","36","45","85","5","45","36","5","78","8483.66988134584","-11316.5125192109","3657.68261632","3656.4929485321","50","55","2325","2330","3","3","True"
"2321","36","46","85","5","46","36","5","78","11843.4994837047","-11316.5125192109","3657.68261632","3656.4929485321","51","56","2326","2331","3","3","True"
"2322","36","47","85","5","47","36","5","78","15203.3290860637","-11316.5125192109","3657.68261632","3656.4929485321","52","57","2327","2332","3","3","True"
"2323","36","48","85","5","48","36","5","78","18563.1586884226","-11316.5125192109","3657.68261632","3656.4929485321","53","58","2328","2333","3","3","True"
"2324","36","49","85","5","49","36","5","78","21922.9882907815","-11316.5125192109","3657.68261632","3656.4929485321","54","59","2329","2334","3","4","True"
"2325","36","50","85","5","50","36","5","78","25282.8178931404","-11316.5125192109","3657.68261632","3656.4929485321","55","60","2330","2335","-1","3","False"
"2326","36","51","85","5","51","36","5","78","28642.6474954993","-11316.5125192109","3657.68261632","3656.4929485321","56","61","2331","2336","-1","3","False"
"2327","36","52","85","5","52","36","5","78","32002.4770978583","-11316.5125192109","3657.68261632","3656.4929485321","57","62","2332","2337","-1","3","False"
"2328","36","53","85","5","53","36","5","78","35362.3067002172","-11316.5125192109","3657.68261632","3656.4929485321","58","63","2333","2338","-1","3","False"
"2329","36","54","85","5","54","36","5","78","38722.1363025761","-11316.5125192109","3657.68261632","3656.4929485321","59","64","2334","2339","-1","4","False"
"2330","36","55","85","5","55","36","5","78","42081.965904935","-11316.5125192109","3657.68261632","3656.4929485321","60","65","2335","2340","-1","3","False"
"2331","36","56","85","5","56","36","5","78","45441.7955072939","-11316.5125192109","3657.68261632","3656.4929485321","61","66","2336","2341","-1","3","False"
"2332","36","57","85","5","57","36","5","78","48801.6251096528","-11316.5125192109","3657.68261632","3656.4929485321","62","67","2337","2342","-1","3","False"
"2333","36","58","85","5","58","36","5","78","52161.4547120117","-11316.5125192109","3657.68261632","3656.4929485321","63","68","2338","2343","-1","3","False"
"2334","36","59","85","5","59","36","5","78","55521.2843143707","-11316.5125192109","3657.68261632","3656.4929485321","64","69","2339","2344","-1","4","False"
"2335","36","60","85","5","60","36","5","78","58881.1139167296","-11316.5125192109","3657.68261632","3656.4929485321","65","70","2340","2345","3","3","True"
"2336","36","61","85","5","61","36","5","78","62240.9435190885","-11316.5125192109","3657.68261632","3656.4929485321","66","71","2341","2346","3","3","True"
"2337","36","62","85","5","62","36","5","78","65600.7731214474","-11316.5125192109","3657.68261632","3656.4929485321","67","72","2342","2347","3","3","True"
"2338","36","63","85","5","63","36","5","78","68960.6027238063","-11316.5125192109","3657.68261632","3656.4929485321","68","73","2343","2348","3","3","True"
"2339","36","64","85","5","64","36","5","78","72320.4323261653","-11316.5125192109","3657.68261632","3656.4929485321","69","74","2344","2349","3","4","True"
"2340","36","65","85","5","65","36","5","78","75680.2619285242","-11316.5125192109","3657.68261632","3656.4929485321","70","75","2345","2350","-1","3","False"
"2341","36","66","85","5","66","36","5","78","79040.0915308831","-11316.5125192109","3657.68261632","3656.4929485321","71","76","2346","2351","-1","3","False"
"2342","36","67","85","5","67","36","5","78","82399.921133242","-11316.5125192109","3657.68261632","3656.4929485321","72","77","2347","2352","-1","3","False"
"2343","36","68","85","5","68","36","5","78","85759.7507356009","-11316.5125192109","3657.68261632","3656.4929485321","73","78","2348","2353","-1","3","False"
"2344","36","69","85","5","69","36","5","78","89119.5803379599","-11316.5125192109","3657.68261632","3656.4929485321","74","79","2349","2354","-1","4","False"
"2345","36","70","85","5","70","36","5","78","92479.4099403188","-11316.5125192109","3657.68261632","3656.4929485321","75","80","2350","2355","-1","3","False"
"2346","36","71","85","5","71","36","5","78","95839.2395426777","-11316.5125192109","3657.68261632","3656.4929485321","76","81","2351","2356","-1","3","False"
"2347","36","72","85","5","72","36","5","78","99199.0691450366","-11316.5125192109","3657.68261632","3656.4929485321","77","82","2352","2357","-1","3","False"
"2348","36","73","85","5","73","36","5","78","102558.898747396","-11316.5125192109","3657.68261632","3656.4929485321","78","83","2353","2358","-1","3","False"
"2349","36","74","85","5","74","36","5","78","105918.728349754","-11316.5125192109","3657.68261632","3656.4929485321","79","84","2354","2359","-1","4","False"
"2350","36","75","85","5","75","36","5","78","109278.557952113","-11316.5125192109","3657.68261632","3656.4929485321","65","70","2340","2345","-1","3","False"
"2351","36","76","85","5","76","36","5","78","112638.387554472","-11316.5125192109","3657.68261632","3656.4929485321","66","71","2341","2346","-1","3","False"
"2352","36","77","85","5","77","36","5","78","115998.217156831","-11316.5125192109","3657.68261632","3656.4929485321","67","72","2342","2347","-1","3","False"
"2353","36","78","85","5","78","36","5","78","119358.04675919","-11316.5125192109","3657.68261632","3656.4929485321","68","73","2343","2348","-1","3","False"
"2354","36","79","85","5","79","36","5","78","122717.876361549","-11316.5125192109","3657.68261632","3656.4929485321","69","74","2344","2349","-1","4","False"
"2355","36","80","85","5","80","36","5","78","126077.705963908","-11316.5125192109","3657.68261632","3656.4929485321","70","75","2345","2350","2","3","True"
"2356","36","81","85","5","81","36","5","78","129437.535566267","-11316.5125192109","3657.68261632","3656.4929485321","71","76","2346","2351","2","3","True"
"2357","36","82","85","5","82","36","5","78","132797.365168626","-11316.5125192109","3657.68261632","3656.4929485321","72","77","2347","2352","2","3","True"
"2358","36","83","85","5","83","36","5","78","136157.194770985","-11316.5125192109","3657.68261632","3656.4929485321","73","78","2348","2353","2","3","True"
"2359","36","84","85","5","84","36","5","78","139517.024373344","-11316.5125192109","3657.68261632","3656.4929485321","74","79","2349","2354","2","3","True"
"2360","37","0","85","5","84","37","5","78","139517.024373344","-7673.06845793164","3657.68261632","3656.4929485321","5","10","2365","2370","3","3","True"
"2361","37","1","85","5","83","37","5","78","136157.194770985","-7673.06845793164","3657.68261632","3656.4929485321","6","11","2366","2371","3","4","True"
"2362","37","2","85","5","82","37","5","78","132797.365168626","-7673.06845793164","3657.68261632","3656.4929485321","7","12","2367","2372","3","4","True"
"2363","37","3","85","5","81","37","5","78","129437.535566267","-7673.06845793164","3657.68261632","3656.4929485321","8","13","2368","2373","3","4","True"
"2364","37","4","85","5","80","37","5","78","126077.705963908","-7673.06845793164","3657.68261632","3656.4929485321","9","14","2369","2374","3","4","True"
"2365","37","5","85","5","79","37","5","78","122717.876361549","-7673.06845793164","3657.68261632","3656.4929485321","10","15","2370","2375","-1","6","False"
"2366","37","6","85","5","78","37","5","78","119358.04675919","-7673.06845793164","3657.68261632","3656.4929485321","11","16","2371","2376","-1","4","False"
"2367","37","7","85","5","77","37","5","78","115998.217156831","-7673.06845793164","3657.68261632","3656.4929485321","12","17","2372","2377","-1","4","False"
"2368","37","8","85","5","76","37","5","78","112638.387554472","-7673.06845793164","3657.68261632","3656.4929485321","13","18","2373","2378","-1","4","False"
"2369","37","9","85","5","75","37","5","78","109278.557952113","-7673.06845793164","3657.68261632","3656.4929485321","14","19","2374","2379","-1","4","False"
"2370","37","10","85","5","74","37","5","78","105918.728349754","-7673.06845793164","3657.68261632","3656.4929485321","15","20","2375","2380","-1","6","False"
"2371","37","11","85","5","73","37","5","78","102558.898747396","-7673.06845793164","3657.68261632","3656.4929485321","16","21","2376","2381","-1","4","False"
"2372","37","12","85","5","72","37","5","78","99199.0691450366","-7673.06845793164","3657.68261632","3656.4929485321","17","22","2377","2382","-1","4","False"
"2373","37","13","85","5","71","37","5","78","95839.2395426777","-7673.06845793164","3657.68261632","3656.4929485321","18","23","2378","2383","-1","4","False"
"2374","37","14","85","5","70","37","5","78","92479.4099403188","-7673.06845793164","3657.68261632","3656.4929485321","19","24","2379","2384","-1","4","False"
"2375","37","15","85","5","69","37","5","78","89119.5803379599","-7673.06845793164","3657.68261632","3656.4929485321","20","25","2380","2385","3","6","True"
"2376","37","16","85","5","68","37","5","78","85759.7507356009","-7673.06845793164","3657.68261632","3656.4929485321","21","26","2381","2386","3","4","True"
"2377","37","17","85","5","67","37","5","78","82399.921133242","-7673.06845793164","3657.68261632","3656.4929485321","22","27","2382","2387","3","4","True"
"2378","37","18","85","5","66","37","5","78","79040.0915308831","-7673.06845793164","3657.68261632","3656.4929485321","23","28","2383","2388","3","4","True"
"2379","37","19","85","5","65","37","5","78","75680.2619285242","-7673.06845793164","3657.68261632","3656.4929485321","24","29","2384","2389","3","4","True"
"2380","37","20","85","5","64","37","5","78","72320.4323261653","-7673.06845793164","3657.68261632","3656.4929485321","25","30","2385","2390","-1","6","False"
"2381","37","21","85","5","63","37","5","78","68960.6027238063","-7673.06845793164","3657.68261632","3656.4929485321","26","31","2386","2391","-1","4","False"
"2382","37","22","85","5","62","37","5","78","65600.7731214474","-7673.06845793164","3657.68261632","3656.4929485321","27","32","2387","2392","-1","4","False"
"2383","37","23","85","5","61","37","5","78","62240.9435190885","-7673.06845793164","3657.68261632","3656.4929485321","28","33","2388","2393","-1","4","False"
"2384","37","24","85","5","60","37","5","78","58881.1139167296","-7673.06845793164","3657.68261632","3656.4929485321","29","34","2389","2394","-1","4","False"
"2385","37","25","85","5","59","37","5","78","55521.2843143707","-7673.06845793164","3657.68261632","3656.4929485321","30","35","2390","2395","-1","6","False"
"2386","37","26","85","5","58","37","5","78","52161.4547120117","-7673.06845793164","3657.68261632","3656.4929485321","31","36","2391","2396","-1","4","False"
"2387","37","27","85","5","57","37","5","78","48801.6251096528","-7673.06845793164","3657.68261632","3656.4929485321","32","37","2392","2397","-1","4","False"
"2388","37","28","85","5","56","37","5","78","45441.7955072939","-7673.06845793164","3657.68261632","3656.4929485321","33","38","2393","2398","-1","4","False"
"2389","37","29","85","5","55","37","5","78","42081.965904935","-7673.06845793164","3657.68261632","3656.4929485321","34","39","2394","2399","-1","4","False"
"2390","37","30","85","5","54","37","5","78","38722.1363025761","-7673.06845793164","3657.68261632","3656.4929485321","35","40","2395","2400","3","6","True"
"2391","37","31","85","5","53","37","5","78","35362.3067002172","-7673.06845793164","3657.68261632","3656.4929485321","36","41","2396","2401","3","4","True"
"2392","37","32","85","5","52","37","5","78","32002.4770978583","-7673.06845793164","3657.68261632","3656.4929485321","37","42","2397","2402","3","4","True"
"2393","37","33","85","5","51","37","5","78","28642.6474954993","-7673.06845793164","3657.68261632","3656.4929485321","38","43","2398","2403","3","4","True"
"2394","37","34","85","5","50","37","5","78","25282.8178931404","-7673.06845793164","3657.68261632","3656.4929485321","39","44","2399","2404","3","4","True"
"2395","37","35","85","5","49","37","5","78","21922.9882907815","-7673.06845793164","3657.68261632","3656.4929485321","40","45","2400","2405","-1","6","False"
"2396","37","36","85","5","48","37","5","78","18563.1586884226","-7673.06845793164","3657.68261632","3656.4929485321","41","46","2401","2406","-1","4","False"
"2397","37","37","85","5","47","37","5","78","15203.3290860637","-7673.06845793164","3657.68261632","3656.4929485321","42","47","2402","2407","-1","4","False"
"2398","37","38","85","5","46","37","5","78","11843.4994837047","-7673.06845793164","3657.68261632","3656.4929485321","43","48","2403","2408","-1","4","False"
"2399","37","39","85","5","45","37","5","78","8483.66988134584","-7673.06845793164","3657.68261632","3656.4929485321","44","49","2404","2409","-1","4","False"
"2400","37","40","85","5","44","37","5","78","5123.84027898691","-7673.06845793164","3657.68261632","3656.4929485321","45","50","2405","2410","-1","6","False"
"2401","37","41","85","5","43","37","5","78","1764.01067662801","-7673.06845793164","3657.68261632","3656.4929485321","46","51","2406","2411","-1","4","False"
"2402","37","42","85","5","42","37","5","78","-1595.81892573092","-7673.06845793164","3657.68261632","3656.4929485321","47","52","2407","2412","-1","4","False"
"2403","37","43","85","5","41","37","5","78","-4955.64852808984","-7673.06845793164","3657.68261632","3656.4929485321","48","53","2408","2413","-1","4","False"
"2404","37","44","85","5","40","37","5","78","-8315.47813044874","-7673.06845793164","3657.68261632","3656.4929485321","49","54","2409","2414","-1","4","False"
"2405","37","45","85","5","39","37","5","78","-11675.3077328077","-7673.06845793164","3657.68261632","3656.4929485321","50","55","2410","2415","3","6","True"
"2406","37","46","85","5","38","37","5","78","-15035.1373351666","-7673.06845793164","3657.68261632","3656.4929485321","51","56","2411","2416","3","4","True"
"2407","37","47","85","5","37","37","5","78","-18394.9669375255","-7673.06845793164","3657.68261632","3656.4929485321","52","57","2412","2417","3","4","True"
"2408","37","48","85","5","36","37","5","78","-21754.7965398844","-7673.06845793164","3657.68261632","3656.4929485321","53","58","2413","2418","3","4","True"
"2409","37","49","85","5","35","37","5","78","-25114.6261422433","-7673.06845793164","3657.68261632","3656.4929485321","54","59","2414","2419","3","4","True"
"2410","37","50","85","5","34","37","5","78","-28474.4557446023","-7673.06845793164","3657.68261632","3656.4929485321","55","60","2415","2420","-1","6","False"
"2411","37","51","85","5","33","37","5","78","-31834.2853469612","-7673.06845793164","3657.68261632","3656.4929485321","56","61","2416","2421","-1","4","False"
"2412","37","52","85","5","32","37","5","78","-35194.1149493201","-7673.06845793164","3657.68261632","3656.4929485321","57","62","2417","2422","-1","4","False"
"2413","37","53","85","5","31","37","5","78","-38553.944551679","-7673.06845793164","3657.68261632","3656.4929485321","58","63","2418","2423","-1","4","False"
"2414","37","54","85","5","30","37","5","78","-41913.7741540379","-7673.06845793164","3657.68261632","3656.4929485321","59","64","2419","2424","-1","4","False"
"2415","37","55","85","5","29","37","5","78","-45273.6037563968","-7673.06845793164","3657.68261632","3656.4929485321","60","65","2420","2425","-1","6","False"
"2416","37","56","85","5","28","37","5","78","-48633.4333587558","-7673.06845793164","3657.68261632","3656.4929485321","61","66","2421","2426","-1","4","False"
"2417","37","57","85","5","27","37","5","78","-51993.2629611147","-7673.06845793164","3657.68261632","3656.4929485321","62","67","2422","2427","-1","4","False"
"2418","37","58","85","5","26","37","5","78","-55353.0925634736","-7673.06845793164","3657.68261632","3656.4929485321","63","68","2423","2428","-1","4","False"
"2419","37","59","85","5","25","37","5","78","-58712.9221658325","-7673.06845793164","3657.68261632","3656.4929485321","64","69","2424","2429","-1","4","False"
"2420","37","60","85","5","24","37","5","78","-62072.7517681914","-7673.06845793164","3657.68261632","3656.4929485321","65","70","2425","2430","3","6","True"
"2421","37","61","85","5","23","37","5","78","-65432.5813705503","-7673.06845793164","3657.68261632","3656.4929485321","66","71","2426","2431","3","4","True"
"2422","37","62","85","5","22","37","5","78","-68792.4109729092","-7673.06845793164","3657.68261632","3656.4929485321","67","72","2427","2432","3","4","True"
"2423","37","63","85","5","21","37","5","78","-72152.2405752682","-7673.06845793164","3657.68261632","3656.4929485321","68","73","2428","2433","3","4","True"
"2424","37","64","85","5","20","37","5","78","-75512.0701776271","-7673.06845793164","3657.68261632","3656.4929485321","69","74","2429","2434","3","4","True"
"2425","37","65","85","5","19","37","5","78","-78871.899779986","-7673.06845793164","3657.68261632","3656.4929485321","70","75","2430","2435","-1","6","False"
"2426","37","66","85","5","18","37","5","78","-82231.7293823449","-7673.06845793164","3657.68261632","3656.4929485321","71","76","2431","2436","-1","4","False"
"2427","37","67","85","5","17","37","5","78","-85591.5589847038","-7673.06845793164","3657.68261632","3656.4929485321","72","77","2432","2437","-1","4","False"
"2428","37","68","85","5","16","37","5","78","-88951.3885870628","-7673.06845793164","3657.68261632","3656.4929485321","73","78","2433","2438","-1","4","False"
"2429","37","69","85","5","15","37","5","78","-92311.2181894217","-7673.06845793164","3657.68261632","3656.4929485321","74","79","2434","2439","-1","4","False"
"2430","37","70","85","5","14","37","5","78","-95671.0477917806","-7673.06845793164","3657.68261632","3656.4929485321","75","80","2435","2440","-1","6","False"
"2431","37","71","85","5","13","37","5","78","-99030.8773941395","-7673.06845793164","3657.68261632","3656.4929485321","76","81","2436","2441","-1","4","False"
"2432","37","72","85","5","12","37","5","78","-102390.706996498","-7673.06845793164","3657.68261632","3656.4929485321","77","82","2437","2442","-1","4","False"
"2433","37","73","85","5","11","37","5","78","-105750.536598857","-7673.06845793164","3657.68261632","3656.4929485321","78","83","2438","2443","-1","4","False"
"2434","37","74","85","5","10","37","5","78","-109110.366201216","-7673.06845793164","3657.68261632","3656.4929485321","79","84","2439","2444","-1","4","False"
"2435","37","75","85","5","9","37","5","78","-112470.195803575","-7673.06845793164","3657.68261632","3656.4929485321","65","70","2425","2430","-1","6","False"
"2436","37","76","85","5","8","37","5","78","-115830.025405934","-7673.06845793164","3657.68261632","3656.4929485321","66","71","2426","2431","-1","4","False"
"2437","37","77","85","5","7","37","5","78","-119189.855008293","-7673.06845793164","3657.68261632","3656.4929485321","67","72","2427","2432","-1","4","False"
"2438","37","78","85","5","6","37","5","78","-122549.684610652","-7673.06845793164","3657.68261632","3656.4929485321","68","73","2428","2433","-1","4","False"
"2439","37","79","85","5","5","37","5","78","-125909.514213011","-7673.06845793164","3657.68261632","3656.4929485321","69","74","2429","2434","-1","4","False"
"2440","37","80","85","5","4","37","5","78","-129269.34381537","-7673.06845793164","3657.68261632","3656.4929485321","70","75","2430","2435","2","6","True"
"2441","37","81","85","5","3","37","5","78","-132629.173417729","-7673.06845793164","3657.68261632","3656.4929485321","71","76","2431","2436","2","4","True"
"2442","37","82","85","5","2","37","5","78","-135989.003020088","-7673.06845793164","3657.68261632","3656.4929485321","72","77","2432","2437","2","4","True"
"2443","37","83","85","5","1","37","5","78","-139348.832622446","-7673.06845793164","3657.68261632","3656.4929485321","73","78","2433","2438","2","4","True"
"2444","37","84","85","5","0","37","5","78","-142708.662224805","-7673.06845793164","3657.68261632","3656.4929485321","74","79","2434","2439","2","4","True"
"2445","38","0","85","5","0","38","5","78","-142708.662224805","-4029.62463507092","3657.68261632","3656.4929485321","5","10","2450","2455","3","2","True"
"2446","38","1","85","5","1","38","5","78","-139348.832622446","-4029.62463507092","3657.68261632","3656.4929485321","6","11","2451","2456","3","3","True"
"2447","38","2","85","5","2","38","5","78","-135989.003020088","-4029.62463507092","3657.68261632","3656.4929485321","7","12","2452","2457","3","3","True"
"2448","38","3","85","5","3","38","5","78","-132629.173417729","-4029.62463507092","3657.68261632","3656.4929485321","8","13","2453","2458","3","3","True"
"2449","38","4","85","5","4","38","5","78","-129269.34381537","-4029.62463507092","3657.68261632","3656.4929485321","9","14","2454","2459","3","4","True"
"2450","38","5","85","5","5","38","5","78","-125909.514213011","-4029.62463507092","3657.68261632","3656.4929485321","10","15","2455","2460","-1","3","False"
"2451","38","6","85","5","6","38","5","78","-122549.684610652","-4029.62463507092","3657.68261632","3656.4929485321","11","16","2456","2461","-1","3","False"
"2452","38","7","85","5","7","38","5","78","-119189.855008293","-4029.62463507092","3657.68261632","3656.4929485321","12","17","2457","2462","-1","3","False"
"2453","38","8","85","5","8","38","5","78","-115830.025405934","-4029.62463507092","3657.68261632","3656.4929485321","13","18","2458","2463","-1","3","False"
"2454","38","9","85","5","9","38","5","78","-112470.195803575","-4029.62463507092","3657.68261632","3656.4929485321","14","19","2459","2464","-1","4","False"
"2455","38","10","85","5","10","38","5","78","-109110.366201216","-4029.62463507092","3657.68261632","3656.4929485321","15","20","2460","2465","-1","3","False"
"2456","38","11","85","5","11","38","5","78","-105750.536598857","-4029.62463507092","3657.68261632","3656.4929485321","16","21","2461","2466","-1","3","False"
"2457","38","12","85","5","12","38","5","78","-102390.706996498","-4029.62463507092","3657.68261632","3656.4929485321","17","22","2462","2467","-1","3","False"
"2458","38","13","85","5","13","38","5","78","-99030.8773941395","-4029.62463507092","3657.68261632","3656.4929485321","18","23","2463","2468","-1","3","False"
"2459","38","14","85","5","14","38","5","78","-95671.0477917806","-4029.62463507092","3657.68261632","3656.4929485321","19","24","2464","2469","-1","4","False"
"2460","38","15","85","5","15","38","5","78","-92311.2181894217","-4029.62463507092","3657.68261632","3656.4929485321","20","25","2465","2470","3","3","True"
"2461","38","16","85","5","16","38","5","78","-88951.3885870628","-4029.62463507092","3657.68261632","3656.4929485321","21","26","2466","2471","3","3","True"
"2462","38","17","85","5","17","38","5","78","-85591.5589847038","-4029.62463507092","3657.68261632","3656.4929485321","22","27","2467","2472","3","3","True"
"2463","38","18","85","5","18","38","5","78","-82231.7293823449","-4029.62463507092","3657.68261632","3656.4929485321","23","28","2468","2473","3","3","True"
"2464","38","19","85","5","19","38","5","78","-78871.899779986","-4029.62463507092","3657.68261632","3656.4929485321","24","29","2469","2474","3","4","True"
"2465","38","20","85","5","20","38","5","78","-75512.0701776271","-4029.62463507092","3657.68261632","3656.4929485321","25","30","2470","2475","-1","3","False"
"2466","38","21","85","5","21","38","5","78","-72152.2405752682","-4029.62463507092","3657.68261632","3656.4929485321","26","31","2471","2476","-1","3","False"
"2467","38","22","85","5","22","38","5","78","-68792.4109729092","-4029.62463507092","3657.68261632","3656.4929485321","27","32","2472","2477","-1","3","False"
"2468","38","23","85","5","23","38","5","78","-65432.5813705503","-4029.62463507092","3657.68261632","3656.4929485321","28","33","2473","2478","-1","3","False"
"2469","38","24","85","5","24","38","5","78","-62072.7517681914","-4029.62463507092","3657.68261632","3656.4929485321","29","34","2474","2479","-1","4","False"
"2470","38","25","85","5","25","38","5","78","-58712.9221658325","-4029.62463507092","3657.68261632","3656.4929485321","30","35","2475","2480","-1","3","False"
"2471","38","26","85","5","26","38","5","78","-55353.0925634736","-4029.62463507092","3657.68261632","3656.4929485321","31","36","2476","2481","-1","3","False"
"2472","38","27","85","5","27","38","5","78","-51993.2629611147","-4029.62463507092","3657.68261632","3656.4929485321","32","37","2477","2482","-1","3","False"
"2473","38","28","85","5","28","38","5","78","-48633.4333587558","-4029.62463507092","3657.68261632","3656.4929485321","33","38","2478","2483","-1","3","False"
"2474","38","29","85","5","29","38","5","78","-45273.6037563968","-4029.62463507092","3657.68261632","3656.4929485321","34","39","2479","2484","-1","4","False"
"2475","38","30","85","5","30","38","5","78","-41913.7741540379","-4029.62463507092","3657.68261632","3656.4929485321","35","40","2480","2485","3","3","True"
"2476","38","31","85","5","31","38","5","78","-38553.944551679","-4029.62463507092","3657.68261632","3656.4929485321","36","41","2481","2486","3","3","True"
"2477","38","32","85","5","32","38","5","78","-35194.1149493201","-4029.62463507092","3657.68261632","3656.4929485321","37","42","2482","2487","3","3","True"
"2478","38","33","85","5","33","38","5","78","-31834.2853469612","-4029.62463507092","3657.68261632","3656.4929485321","38","43","2483","2488","3","3","True"
"2479","38","34","85","5","34","38","5","78","-28474.4557446023","-4029.62463507092","3657.68261632","3656.4929485321","39","44","2484","2489","3","4","True"
"2480","38","35","85","5","35","38","5","78","-25114.6261422433","-4029.62463507092","3657.68261632","3656.4929485321","40","45","2485","2490","-1","3","False"
"2481","38","36","85","5","36","38","5","78","-21754.7965398844","-4029.62463507092","3657.68261632","3656.4929485321","41","46","2486","2491","-1","3","False"
"2482","38","37","85","5","37","38","5","78","-18394.9669375255","-4029.62463507092","3657.68261632","3656.4929485321","42","47","2487","2492","-1","3","False"
"2483","38","38","85","5","38","38","5","78","-15035.1373351666","-4029.62463507092","3657.68261632","3656.4929485321","43","48","2488","2493","-1","3","False"
"2484","38","39","85","5","39","38","5","78","-11675.3077328077","-4029.62463507092","3657.68261632","3656.4929485321","44","49","2489","2494","-1","4","False"
"2485","38","40","85","5","40","38","5","78","-8315.47813044874","-4029.62463507092","3657.68261632","3656.4929485321","45","50","2490","2495","-1","3","False"
"2486","38","41","85","5","41","38","5","78","-4955.64852808984","-4029.62463507092","3657.68261632","3656.4929485321","46","51","2491","2496","-1","3","False"
"2487","38","42","85","5","42","38","5","78","-1595.81892573092","-4029.62463507092","3657.68261632","3656.4929485321","47","52","2492","2497","-1","3","False"
"2488","38","43","85","5","43","38","5","78","1764.01067662801","-4029.62463507092","3657.68261632","3656.4929485321","48","53","2493","2498","-1","3","False"
"2489","38","44","85","5","44","38","5","78","5123.84027898691","-4029.62463507092","3657.68261632","3656.4929485321","49","54","2494","2499","-1","4","False"
"2490","38","45","85","5","45","38","5","78","8483.66988134584","-4029.62463507092","3657.68261632","3656.4929485321","50","55","2495","2500","3","3","True"
"2491","38","46","85","5","46","38","5","78","11843.4994837047","-4029.62463507092","3657.68261632","3656.4929485321","51","56","2496","2501","3","3","True"
"2492","38","47","85","5","47","38","5","78","15203.3290860637","-4029.62463507092","3657.68261632","3656.4929485321","52","57","2497","2502","3","3","True"
"2493","38","48","85","5","48","38","5","78","18563.1586884226","-4029.62463507092","3657.68261632","3656.4929485321","53","58","2498","2503","3","3","True"
"2494","38","49","85","5","49","38","5","78","21922.9882907815","-4029.62463507092","3657.68261632","3656.4929485321","54","59","2499","2504","3","4","True"
"2495","38","50","85","5","50","38","5","78","25282.8178931404","-4029.62463507092","3657.68261632","3656.4929485321","55","60","2500","2505","-1","3","False"
"2496","38","51","85","5","51","38","5","78","28642.6474954993","-4029.62463507092","3657.68261632","3656.4929485321","56","61","2501","2506","-1","3","False"
"2497","38","52","85","5","52","38","5","78","32002.4770978583","-4029.62463507092","3657.68261632","3656.4929485321","57","62","2502","2507","-1","3","False"
"2498","38","53","85","5","53","38","5","78","35362.3067002172","-4029.62463507092","3657.68261632","3656.4929485321","58","63","2503","2508","-1","3","False"
"2499","38","54","85","5","54","38","5","78","38722.1363025761","-4029.62463507092","3657.68261632","3656.4929485321","59","64","2504","2509","-1","4","False"
"2500","38","55","85","5","55","38","5","78","42081.965904935","-4029.62463507092","3657.68261632","3656.4929485321","60","65","2505","2510","-1","3","False"
"2501","38","56","85","5","56","38","5","78","45441.7955072939","-4029.62463507092","3657.68261632","3656.4929485321","61","66","2506","2511","-1","3","False"
"2502","38","57","85","5","57","38","5","78","48801.6251096528","-4029.62463507092","3657.68261632","3656.4929485321","62","67","2507","2512","-1","3","False"
"2503","38","58","85","5","58","38","5","78","52161.4547120117","-4029.62463507092","3657.68261632","3656.4929485321","63","68","2508","2513","-1","3","False"
"2504","38","59","85","5","59","38","5","78","55521.2843143707","-4029.62463507092","3657.68261632","3656.4929485321","64","69","2509","2514","-1","4","False"
"2505","38","60","85","5","60","38","5","78","58881.1139167296","-4029.62463507092","3657.68261632","3656.4929485321","65","70","2510","2515","3","3","True"
"2506","38","61","85","5","61","38","5","78","62240.9435190885","-4029.62463507092","3657.68261632","3656.4929485321","66","71","2511","2516","3","3","True"
"2507","38","62","85","5","62","38","5","78","65600.7731214474","-4029.62463507092","3657.68261632","3656.4929485321","67","72","2512","2517","3","3","True"
"2508","38","63","85","5","63","38","5","78","68960.6027238063","-4029.62463507092","3657.68261632","3656.4929485321","68","73","2513","2518","3","3","True"
"2509","38","64","85","5","64","38","5","78","72320.4323261653","-4029.62463507092","3657.68261632","3656.4929485321","69","74","2514","2519","3","4","True"
"2510","38","65","85","5","65","38","5","78","75680.2619285242","-4029.62463507092","3657.68261632","3656.4929485321","70","75","2515","2520","-1","3","False"
"2511","38","66","85","5","66","38","5","78","79040.0915308831","-4029.62463507092","3657.68261632","3656.4929485321","71","76","2516","2521","-1","3","False"
"2512","38","67","85","5","67","38","5","78","82399.921133242","-4029.62463507092","3657.68261632","3656.4929485321","72","77","2517","2522","-1","3","False"
"2513","38","68","85","5","68","38","5","78","85759.7507356009","-4029.62463507092","3657.68261632","3656.4929485321","73","78","2518","2523","-1","3","False"
"2514","38","69","85","5","69","38","5","78","89119.5803379599","-4029.62463507092","3657.68261632","3656.4929485321","74","79","2519","2524","-1","4","False"
"2515","38","70","85","5","70","38","5","78","92479.4099403188","-4029.62463507092","3657.68261632","3656.4929485321","75","80","2520","2525","-1","3","False"
"2516","38","71","85","5","71","38","5","78","95839.2395426777","-4029.62463507092","3657.68261632","3656.4929485321","76","81","2521","2526","-1","3","False"
"2517","38","72","85","5","72","38","5","78","99199.0691450366","-4029.62463507092","3657.68261632","3656.4929485321","77","82","2522","2527","-1","3","False"
"2518","38","73","85","5","73","38","5","78","102558.898747396","-4029.62463507092","3657.68261632","3656.4929485321","78","83","2523","2528","-1","3","False"
"2519","38","74","85","5","74","38","5","78","105918.728349754","-4029.62463507092","3657.68261632","3656.4929485321","79","84","2524","2529","-1","4","False"
"2520","38","75","85","5","75","38","5","78","109278.557952113","-4029.62463507092","3657.68261632","3656.4929485321","65","70","2510","2515","-1","3","False"
"2521","38","76","85","5","76","38","5","78","112638.387554472","-4029.62463507092","3657.68261632","3656.4929485321","66","71","2511","2516","-1","3","False"
"2522","38","77","85","5","77","38","5","78","115998.217156831","-4029.62463507092","3657.68261632","3656.4929485321","67","72","2512","2517","-1","3","False"
"2523","38","78","85","5","78","38","5","78","119358.04675919","-4029.62463507092","3657.68261632","3656.4929485321","68","73","2513","2518","-1","3","False"
"2524","38","79","85","5","79","38","5","78","122717.876361549","-4029.62463507092","3657.68261632","3656.4929485321","69","74","2514","2519","-1","4","False"
"2525","38","80","85","5","80","38","5","78","126077.705963908","-4029.62463507092","3657.68261632","3656.4929485321","70","75","2515","2520","2","3","True"
"2526","38","81","85","5","81","38","5","78","129437.535566267","-4029.62463507092","3657.68261632","3656.4929485321","71","76","2516","2521","2","3","True"
"2527","38","82","85","5","82","38","5","78","132797.365168626","-4029.62463507092","3657.68261632","3656.4929485321","72","77","2517","2522","2","3","True"
"2528","38","83","85","5","83","38","5","78","136157.194770985","-4029.62463507092","3657.68261632","3656.4929485321","73","78","2518","2523","2","3","True"
"2529","38","84","85","5","84","38","5","78","139517.024373344","-4029.62463507092","3657.68261632","3656.4929485321","74","79","2519","2524","2","3","True"
"2530","39","0","85","5","84","39","5","78","139517.024373344","-386.180573791626","3657.68261632","3656.4929485321","5","10","2535","2540","3","2","True"
"2531","39","1","85","5","83","39","5","78","136157.194770985","-386.180573791626","3657.68261632","3656.4929485321","6","11","2536","2541","3","3","True"
"2532","39","2","85","5","82","39","5","78","132797.365168626","-386.180573791626","3657.68261632","3656.4929485321","7","12","2537","2542","3","3","True"
"2533","39","3","85","5","81","39","5","78","129437.535566267","-386.180573791626","3657.68261632","3656.4929485321","8","13","2538","2543","3","3","True"
"2534","39","4","85","5","80","39","5","78","126077.705963908","-386.180573791626","3657.68261632","3656.4929485321","9","14","2539","2544","3","3","True"
"2535","39","5","85","5","79","39","5","78","122717.876361549","-386.180573791626","3657.68261632","3656.4929485321","10","15","2540","2545","-1","4","False"
"2536","39","6","85","5","78","39","5","78","119358.04675919","-386.180573791626","3657.68261632","3656.4929485321","11","16","2541","2546","-1","3","False"
"2537","39","7","85","5","77","39","5","78","115998.217156831","-386.180573791626","3657.68261632","3656.4929485321","12","17","2542","2547","-1","3","False"
"2538","39","8","85","5","76","39","5","78","112638.387554472","-386.180573791626","3657.68261632","3656.4929485321","13","18","2543","2548","-1","3","False"
"2539","39","9","85","5","75","39","5","78","109278.557952113","-386.180573791626","3657.68261632","3656.4929485321","14","19","2544","2549","-1","3","False"
"2540","39","10","85","5","74","39","5","78","105918.728349754","-386.180573791626","3657.68261632","3656.4929485321","15","20","2545","2550","-1","4","False"
"2541","39","11","85","5","73","39","5","78","102558.898747396","-386.180573791626","3657.68261632","3656.4929485321","16","21","2546","2551","-1","3","False"
"2542","39","12","85","5","72","39","5","78","99199.0691450366","-386.180573791626","3657.68261632","3656.4929485321","17","22","2547","2552","-1","3","False"
"2543","39","13","85","5","71","39","5","78","95839.2395426777","-386.180573791626","3657.68261632","3656.4929485321","18","23","2548","2553","-1","3","False"
"2544","39","14","85","5","70","39","5","78","92479.4099403188","-386.180573791626","3657.68261632","3656.4929485321","19","24","2549","2554","-1","3","False"
"2545","39","15","85","5","69","39","5","78","89119.5803379599","-386.180573791626","3657.68261632","3656.4929485321","20","25","2550","2555","3","4","True"
"2546","39","16","85","5","68","39","5","78","85759.7507356009","-386.180573791626","3657.68261632","3656.4929485321","21","26","2551","2556","3","3","True"
"2547","39","17","85","5","67","39","5","78","82399.921133242","-386.180573791626","3657.68261632","3656.4929485321","22","27","2552","2557","3","3","True"
"2548","39","18","85","5","66","39","5","78","79040.0915308831","-386.180573791626","3657.68261632","3656.4929485321","23","28","2553","2558","3","3","True"
"2549","39","19","85","5","65","39","5","78","75680.2619285242","-386.180573791626","3657.68261632","3656.4929485321","24","29","2554","2559","3","3","True"
"2550","39","20","85","5","64","39","5","78","72320.4323261653","-386.180573791626","3657.68261632","3656.4929485321","25","30","2555","2560","-1","4","False"
"2551","39","21","85","5","63","39","5","78","68960.6027238063","-386.180573791626","3657.68261632","3656.4929485321","26","31","2556","2561","-1","3","False"
"2552","39","22","85","5","62","39","5","78","65600.7731214474","-386.180573791626","3657.68261632","3656.4929485321","27","32","2557","2562","-1","3","False"
"2553","39","23","85","5","61","39","5","78","62240.9435190885","-386.180573791626","3657.68261632","3656.4929485321","28","33","2558","2563","-1","3","False"
"2554","39","24","85","5","60","39","5","78","58881.1139167296","-386.180573791626","3657.68261632","3656.4929485321","29","34","2559","2564","-1","3","False"
"2555","39","25","85","5","59","39","5","78","55521.2843143707","-386.180573791626","3657.68261632","3656.4929485321","30","35","2560","2565","-1","4","False"
"2556","39","26","85","5","58","39","5","78","52161.4547120117","-386.180573791626","3657.68261632","3656.4929485321","31","36","2561","2566","-1","3","False"
"2557","39","27","85","5","57","39","5","78","48801.6251096528","-386.180573791626","3657.68261632","3656.4929485321","32","37","2562","2567","-1","3","False"
"2558","39","28","85","5","56","39","5","78","45441.7955072939","-386.180573791626","3657.68261632","3656.4929485321","33","38","2563","2568","-1","3","False"
"2559","39","29","85","5","55","39","5","78","42081.965904935","-386.180573791626","3657.68261632","3656.4929485321","34","39","2564","2569","-1","3","False"
"2560","39","30","85","5","54","39","5","78","38722.1363025761","-386.180573791626","3657.68261632","3656.4929485321","35","40","2565","2570","3","4","True"
"2561","39","31","85","5","53","39","5","78","35362.3067002172","-386.180573791626","3657.68261632","3656.4929485321","36","41","2566","2571","3","3","True"
"2562","39","32","85","5","52","39","5","78","32002.4770978583","-386.180573791626","3657.68261632","3656.4929485321","37","42","2567","2572","3","3","True"
"2563","39","33","85","5","51","39","5","78","28642.6474954993","-386.180573791626","3657.68261632","3656.4929485321","38","43","2568","2573","3","3","True"
"2564","39","34","85","5","50","39","5","78","25282.8178931404","-386.180573791626","3657.68261632","3656.4929485321","39","44","2569","2574","3","3","True"
"2565","39","35","85","5","49","39","5","78","21922.9882907815","-386.180573791626","3657.68261632","3656.4929485321","40","45","2570","2575","-1","4","False"
"2566","39","36","85","5","48","39","5","78","18563.1586884226","-386.180573791626","3657.68261632","3656.4929485321","41","46","2571","2576","-1","3","False"
"2567","39","37","85","5","47","39","5","78","15203.3290860637","-386.180573791626","3657.68261632","3656.4929485321","42","47","2572","2577","-1","3","False"
"2568","39","38","85","5","46","39","5","78","11843.4994837047","-386.180573791626","3657.68261632","3656.4929485321","43","48","2573","2578","-1","3","False"
"2569","39","39","85","5","45","39","5","78","8483.66988134584","-386.180573791626","3657.68261632","3656.4929485321","44","49","2574","2579","-1","3","False"
"2570","39","40","85","5","44","39","5","78","5123.84027898691","-386.180573791626","3657.68261632","3656.4929485321","45","50","2575","2580","-1","4","False"
"2571","39","41","85","5","43","39","5","78","1764.01067662801","-386.180573791626","3657.68261632","3656.4929485321","46","51","2576","2581","-1","3","False"
"2572","39","42","85","5","42","39","5","78","-1595.81892573092","-386.180573791626","3657.68261632","3656.4929485321","47","52","2577","2582","-1","3","False"
"2573","39","43","85","5","41","39","5","78","-4955.64852808984","-386.180573791626","3657.68261632","3656.4929485321","48","53","2578","2583","-1","3","False"
"2574","39","44","85","5","40","39","5","78","-8315.47813044874","-386.180573791626","3657.68261632","3656.4929485321","49","54","2579","2584","-1","3","False"
"2575","39","45","85","5","39","39","5","78","-11675.3077328077","-386.180573791626","3657.68261632","3656.4929485321","50","55","2580","2585","3","4","True"
"2576","39","46","85","5","38","39","5","78","-15035.1373351666","-386.180573791626","3657.68261632","3656.4929485321","51","56","2581","2586","3","3","True"
"2577","39","47","85","5","37","39","5","78","-18394.9669375255","-386.180573791626","3657.68261632","3656.4929485321","52","57","2582","2587","3","3","True"
"2578","39","48","85","5","36","39","5","78","-21754.7965398844","-386.180573791626","3657.68261632","3656.4929485321","53","58","2583","2588","3","3","True"
"2579","39","49","85","5","35","39","5","78","-25114.6261422433","-386.180573791626","3657.68261632","3656.4929485321","54","59","2584","2589","3","3","True"
"2580","39","50","85","5","34","39","5","78","-28474.4557446023","-386.180573791626","3657.68261632","3656.4929485321","55","60","2585","2590","-1","4","False"
"2581","39","51","85","5","33","39","5","78","-31834.2853469612","-386.180573791626","3657.68261632","3656.4929485321","56","61","2586","2591","-1","3","False"
"2582","39","52","85","5","32","39","5","78","-35194.1149493201","-386.180573791626","3657.68261632","3656.4929485321","57","62","2587","2592","-1","3","False"
"2583","39","53","85","5","31","39","5","78","-38553.944551679","-386.180573791626","3657.68261632","3656.4929485321","58","63","2588","2593","-1","3","False"
"2584","39","54","85","5","30","39","5","78","-41913.7741540379","-386.180573791626","3657.68261632","3656.4929485321","59","64","2589","2594","-1","3","False"
"2585","39","55","85","5","29","39","5","78","-45273.6037563968","-386.180573791626","3657.68261632","3656.4929485321","60","65","2590","2595","-1","4","False"
"2586","39","56","85","5","28","39","5","78","-48633.4333587558","-386.180573791626","3657.68261632","3656.4929485321","61","66","2591","2596","-1","3","False"
"2587","39","57","85","5","27","39","5","78","-51993.2629611147","-386.180573791626","3657.68261632","3656.4929485321","62","67","2592","2597","-1","3","False"
"2588","39","58","85","5","26","39","5","78","-55353.0925634736","-386.180573791626","3657.68261632","3656.4929485321","63","68","2593","2598","-1","3","False"
"2589","39","59","85","5","25","39","5","78","-58712.9221658325","-386.180573791626","3657.68261632","3656.4929485321","64","69","2594","2599","-1","3","False"
"2590","39","60","85","5","24","39","5","78","-62072.7517681914","-386.180573791626","3657.68261632","3656.4929485321","65","70","2595","2600","3","4","True"
"2591","39","61","85","5","23","39","5","78","-65432.5813705503","-386.180573791626","3657.68261632","3656.4929485321","66","71","2596","2601","3","3","True"
"2592","39","62","85","5","22","39","5","78","-68792.4109729092","-386.180573791626","3657.68261632","3656.4929485321","67","72","2597","2602","3","3","True"
"2593","39","63","85","5","21","39","5","78","-72152.2405752682","-386.180573791626","3657.68261632","3656.4929485321","68","73","2598","2603","3","3","True"
"2594","39","64","85","5","20","39","5","78","-75512.0701776271","-386.180573791626","3657.68261632","3656.4929485321","69","74","2599","2604","3","3","True"
"2595","39","65","85","5","19","39","5","78","-78871.899779986","-386.180573791626","3657.68261632","3656.4929485321","70","75","2600","2605","-1","4","False"
"2596","39","66","85","5","18","39","5","78","-82231.7293823449","-386.180573791626","3657.68261632","3656.4929485321","71","76","2601","2606","-1","3","False"
"2597","39","67","85","5","17","39","5","78","-85591.5589847038","-386.180573791626","3657.68261632","3656.4929485321","72","77","2602","2607","-1","3","False"
"2598","39","68","85","5","16","39","5","78","-88951.3885870628","-386.180573791626","3657.68261632","3656.4929485321","73","78","2603","2608","-1","3","False"
"2599","39","69","85","5","15","39","5","78","-92311.2181894217","-386.180573791626","3657.68261632","3656.4929485321","74","79","2604","2609","-1","3","False"
"2600","39","70","85","5","14","39","5","78","-95671.0477917806","-386.180573791626","3657.68261632","3656.4929485321","75","80","2605","2610","-1","4","False"
"2601","39","71","85","5","13","39","5","78","-99030.8773941395","-386.180573791626","3657.68261632","3656.4929485321","76","81","2606","2611","-1","3","False"
"2602","39","72","85","5","12","39","5","78","-102390.706996498","-386.180573791626","3657.68261632","3656.4929485321","77","82","2607","2612","-1","3","False"
"2603","39","73","85","5","11","39","5","78","-105750.536598857","-386.180573791626","3657.68261632","3656.4929485321","78","83","2608","2613","-1","3","False"
"2604","39","74","85","5","10","39","5","78","-109110.366201216","-386.180573791626","3657.68261632","3656.4929485321","79","84","2609","2614","-1","3","False"
"2605","39","75","85","5","9","39","5","78","-112470.195803575","-386.180573791626","3657.68261632","3656.4929485321","65","70","2595","2600","-1","4","False"
"2606","39","76","85","5","8","39","5","78","-115830.025405934","-386.180573791626","3657.68261632","3656.4929485321","66","71","2596","2601","-1","3","False"
"2607","39","77","85","5","7","39","5","78","-119189.855008293","-386.180573791626","3657.68261632","3656.4929485321","67","72","2597","2602","-1","3","False"
"2608","39","78","85","5","6","39","5","78","-122549.684610652","-386.180573791626","3657.68261632","3656.4929485321","68","73","2598","2603","-1","3","False"
"2609","39","79","85","5","5","39","5","78","-125909.514213011","-386.180573791626","3657.68261632","3656.4929485321","69","74","2599","2604","-1","3","False"
"2610","39","80","85","5","4","39","5","78","-129269.34381537","-386.180573791626","3657.68261632","3656.4929485321","70","75","2600","2605","2","4","True"
"2611","39","81","85","5","3","39","5","78","-132629.173417729","-386.180573791626","3657.68261632","3656.4929485321","71","76","2601","2606","2","3","True"
"2612","39","82","85","5","2","39","5","78","-135989.003020088","-386.180573791626","3657.68261632","3656.4929485321","72","77","2602","2607","2","3","True"
"2613","39","83","85","5","1","39","5","78","-139348.832622446","-386.180573791626","3657.68261632","3656.4929485321","73","78","2603","2608","2","3","True"
"2614","39","84","85","5","0","39","5","78","-142708.662224805","-386.180573791626","3657.68261632","3656.4929485321","74","79","2604","2609","2","3","True"
"2615","40","0","85","5","0","40","5","78","-142708.662224805","3257.26324906909","3657.68261632","3656.4929485321","5","10","2620","2625","3","3","True"
"2616","40","1","85","5","1","40","5","78","-139348.832622446","3257.26324906909","3657.68261632","3656.4929485321","6","11","2621","2626","3","4","True"
"2617","40","2","85","5","2","40","5","78","-135989.003020088","3257.26324906909","3657.68261632","3656.4929485321","7","12","2622","2627","3","4","True"
"2618","40","3","85","5","3","40","5","78","-132629.173417729","3257.26324906909","3657.68261632","3656.4929485321","8","13","2623","2628","3","4","True"
"2619","40","4","85","5","4","40","5","78","-129269.34381537","3257.26324906909","3657.68261632","3656.4929485321","9","14","2624","2629","3","6","True"
"2620","40","5","85","5","5","40","5","78","-125909.514213011","3257.26324906909","3657.68261632","3656.4929485321","10","15","2625","2630","-1","4","False"
"2621","40","6","85","5","6","40","5","78","-122549.684610652","3257.26324906909","3657.68261632","3656.4929485321","11","16","2626","2631","-1","4","False"
"2622","40","7","85","5","7","40","5","78","-119189.855008293","3257.26324906909","3657.68261632","3656.4929485321","12","17","2627","2632","-1","4","False"
"2623","40","8","85","5","8","40","5","78","-115830.025405934","3257.26324906909","3657.68261632","3656.4929485321","13","18","2628","2633","-1","4","False"
"2624","40","9","85","5","9","40","5","78","-112470.195803575","3257.26324906909","3657.68261632","3656.4929485321","14","19","2629","2634","-1","6","False"
"2625","40","10","85","5","10","40","5","78","-109110.366201216","3257.26324906909","3657.68261632","3656.4929485321","15","20","2630","2635","-1","4","False"
"2626","40","11","85","5","11","40","5","78","-105750.536598857","3257.26324906909","3657.68261632","3656.4929485321","16","21","2631","2636","-1","4","False"
"2627","40","12","85","5","12","40","5","78","-102390.706996498","3257.26324906909","3657.68261632","3656.4929485321","17","22","2632","2637","-1","4","False"
"2628","40","13","85","5","13","40","5","78","-99030.8773941395","3257.26324906909","3657.68261632","3656.4929485321","18","23","2633","2638","-1","4","False"
"2629","40","14","85","5","14","40","5","78","-95671.0477917806","3257.26324906909","3657.68261632","3656.4929485321","19","24","2634","2639","-1","6","False"
"2630","40","15","85","5","15","40","5","78","-92311.2181894217","3257.26324906909","3657.68261632","3656.4929485321","20","25","2635","2640","3","4","True"
"2631","40","16","85","5","16","40","5","78","-88951.3885870628","3257.26324906909","3657.68261632","3656.4929485321","21","26","2636","2641","3","4","True"
"2632","40","17","85","5","17","40","5","78","-85591.5589847038","3257.26324906909","3657.68261632","3656.4929485321","22","27","2637","2642","3","4","True"
"2633","40","18","85","5","18","40","5","78","-82231.7293823449","3257.26324906909","3657.68261632","3656.4929485321","23","28","2638","2643","3","4","True"
"2634","40","19","85","5","19","40","5","78","-78871.899779986","3257.26324906909","3657.68261632","3656.4929485321","24","29","2639","2644","3","6","True"
"2635","40","20","85","5","20","40","5","78","-75512.0701776271","3257.26324906909","3657.68261632","3656.4929485321","25","30","2640","2645","-1","4","False"
"2636","40","21","85","5","21","40","5","78","-72152.2405752682","3257.26324906909","3657.68261632","3656.4929485321","26","31","2641","2646","-1","4","False"
"2637","40","22","85","5","22","40","5","78","-68792.4109729092","3257.26324906909","3657.68261632","3656.4929485321","27","32","2642","2647","-1","4","False"
"2638","40","23","85","5","23","40","5","78","-65432.5813705503","3257.26324906909","3657.68261632","3656.4929485321","28","33","2643","2648","-1","4","False"
"2639","40","24","85","5","24","40","5","78","-62072.7517681914","3257.26324906909","3657.68261632","3656.4929485321","29","34","2644","2649","-1","6","False"
"2640","40","25","85","5","25","40","5","78","-58712.9221658325","3257.26324906909","3657.68261632","3656.4929485321","30","35","2645","2650","-1","4","False"
"2641","40","26","85","5","26","40","5","78","-55353.0925634736","3257.26324906909","3657.68261632","3656.4929485321","31","36","2646","2651","-1","4","False"
"2642","40","27","85","5","27","40","5","78","-51993.2629611147","3257.26324906909","3657.68261632","3656.4929485321","32","37","2647","2652","-1","4","False"
"2643","40","28","85","5","28","40","5","78","-48633.4333587558","3257.26324906909","3657.68261632","3656.4929485321","33","38","2648","2653","-1","4","False"
"2644","40","29","85","5","29","40","5","78","-45273.6037563968","3257.26324906909","3657.68261632","3656.4929485321","34","39","2649","2654","-1","6","False"
"2645","40","30","85","5","30","40","5","78","-41913.7741540379","3257.26324906909","3657.68261632","3656.4929485321","35","40","2650","2655","3","4","True"
"2646","40","31","85","5","31","40","5","78","-38553.944551679","3257.26324906909","3657.68261632","3656.4929485321","36","41","2651","2656","3","4","True"
"2647","40","32","85","5","32","40","5","78","-35194.1149493201","3257.26324906909","3657.68261632","3656.4929485321","37","42","2652","2657","3","4","True"
"2648","40","33","85","5","33","40","5","78","-31834.2853469612","3257.26324906909","3657.68261632","3656.4929485321","38","43","2653","2658","3","4","True"
"2649","40","34","85","5","34","40","5","78","-28474.4557446023","3257.26324906909","3657.68261632","3656.4929485321","39","44","2654","2659","3","6","True"
"2650","40","35","85","5","35","40","5","78","-25114.6261422433","3257.26324906909","3657.68261632","3656.4929485321","40","45","2655","2660","-1","4","False"
"2651","40","36","85","5","36","40","5","78","-21754.7965398844","3257.26324906909","3657.68261632","3656.4929485321","41","46","2656","2661","-1","4","False"
"2652","40","37","85","5","37","40","5","78","-18394.9669375255","3257.26324906909","3657.68261632","3656.4929485321","42","47","2657","2662","-1","4","False"
"2653","40","38","85","5","38","40","5","78","-15035.1373351666","3257.26324906909","3657.68261632","3656.4929485321","43","48","2658","2663","-1","4","False"
"2654","40","39","85","5","39","40","5","78","-11675.3077328077","3257.26324906909","3657.68261632","3656.4929485321","44","49","2659","2664","-1","6","False"
"2655","40","40","85","5","40","40","5","78","-8315.47813044874","3257.26324906909","3657.68261632","3656.4929485321","45","50","2660","2665","-1","4","False"
"2656","40","41","85","5","41","40","5","78","-4955.64852808984","3257.26324906909","3657.68261632","3656.4929485321","46","51","2661","2666","-1","4","False"
"2657","40","42","85","5","42","40","5","78","-1595.81892573092","3257.26324906909","3657.68261632","3656.4929485321","47","52","2662","2667","-1","4","False"
"2658","40","43","85","5","43","40","5","78","1764.01067662801","3257.26324906909","3657.68261632","3656.4929485321","48","53","2663","2668","-1","4","False"
"2659","40","44","85","5","44","40","5","78","5123.84027898691","3257.26324906909","3657.68261632","3656.4929485321","49","54","2664","2669","-1","6","False"
"2660","40","45","85","5","45","40","5","78","8483.66988134584","3257.26324906909","3657.68261632","3656.4929485321","50","55","2665","2670","3","4","True"
"2661","40","46","85","5","46","40","5","78","11843.4994837047","3257.26324906909","3657.68261632","3656.4929485321","51","56","2666","2671","3","4","True"
"2662","40","47","85","5","47","40","5","78","15203.3290860637","3257.26324906909","3657.68261632","3656.4929485321","52","57","2667","2672","3","4","True"
"2663","40","48","85","5","48","40","5","78","18563.1586884226","3257.26324906909","3657.68261632","3656.4929485321","53","58","2668","2673","3","4","True"
"2664","40","49","85","5","49","40","5","78","21922.9882907815","3257.26324906909","3657.68261632","3656.4929485321","54","59","2669","2674","3","6","True"
"2665","40","50","85","5","50","40","5","78","25282.8178931404","3257.26324906909","3657.68261632","3656.4929485321","55","60","2670","2675","-1","4","False"
"2666","40","51","85","5","51","40","5","78","28642.6474954993","3257.26324906909","3657.68261632","3656.4929485321","56","61","2671","2676","-1","4","False"
"2667","40","52","85","5","52","40","5","78","32002.4770978583","3257.26324906909","3657.68261632","3656.4929485321","57","62","2672","2677","-1","4","False"
"2668","40","53","85","5","53","40","5","78","35362.3067002172","3257.26324906909","3657.68261632","3656.4929485321","58","63","2673","2678","-1","4","False"
"2669","40","54","85","5","54","40","5","78","38722.1363025761","3257.26324906909","3657.68261632","3656.4929485321","59","64","2674","2679","-1","6","False"
"2670","40","55","85","5","55","40","5","78","42081.965904935","3257.26324906909","3657.68261632","3656.4929485321","60","65","2675","2680","-1","4","False"
"2671","40","56","85","5","56","40","5","78","45441.7955072939","3257.26324906909","3657.68261632","3656.4929485321","61","66","2676","2681","-1","4","False"
"2672","40","57","85","5","57","40","5","78","48801.6251096528","3257.26324906909","3657.68261632","3656.4929485321","62","67","2677","2682","-1","4","False"
"2673","40","58","85","5","58","40","5","78","52161.4547120117","3257.26324906909","3657.68261632","3656.4929485321","63","68","2678","2683","-1","4","False"
"2674","40","59","85","5","59","40","5","78","55521.2843143707","3257.26324906909","3657.68261632","3656.4929485321","64","69","2679","2684","-1","6","False"
"2675","40","60","85","5","60","40","5","78","58881.1139167296","3257.26324906909","3657.68261632","3656.4929485321","65","70","2680","2685","3","4","True"
"2676","40","61","85","5","61","40","5","78","62240.9435190885","3257.26324906909","3657.68261632","3656.4929485321","66","71","2681","2686","3","4","True"
"2677","40","62","85","5","62","40","5","78","65600.7731214474","3257.26324906909","3657.68261632","3656.4929485321","67","72","2682","2687","3","4","True"
"2678","40","63","85","5","63","40","5","78","68960.6027238063","3257.26324906909","3657.68261632","3656.4929485321","68","73","2683","2688","3","4","True"
"2679","40","64","85","5","64","40","5","78","72320.4323261653","3257.26324906909","3657.68261632","3656.4929485321","69","74","2684","2689","3","6","True"
"2680","40","65","85","5","65","40","5","78","75680.2619285242","3257.26324906909","3657.68261632","3656.4929485321","70","75","2685","2690","-1","4","False"
"2681","40","66","85","5","66","40","5","78","79040.0915308831","3257.26324906909","3657.68261632","3656.4929485321","71","76","2686","2691","-1","4","False"
"2682","40","67","85","5","67","40","5","78","82399.921133242","3257.26324906909","3657.68261632","3656.4929485321","72","77","2687","2692","-1","4","False"
"2683","40","68","85","5","68","40","5","78","85759.7507356009","3257.26324906909","3657.68261632","3656.4929485321","73","78","2688","2693","-1","4","False"
"2684","40","69","85","5","69","40","5","78","89119.5803379599","3257.26324906909","3657.68261632","3656.4929485321","74","79","2689","2694","-1","6","False"
"2685","40","70","85","5","70","40","5","78","92479.4099403188","3257.26324906909","3657.68261632","3656.4929485321","75","80","2690","2695","-1","4","False"
"2686","40","71","85","5","71","40","5","78","95839.2395426777","3257.26324906909","3657.68261632","3656.4929485321","76","81","2691","2696","-1","4","False"
"2687","40","72","85","5","72","40","5","78","99199.0691450366","3257.26324906909","3657.68261632","3656.4929485321","77","82","2692","2697","-1","4","False"
"2688","40","73","85","5","73","40","5","78","102558.898747396","3257.26324906909","3657.68261632","3656.4929485321","78","83","2693","2698","-1","4","False"
"2689","40","74","85","5","74","40","5","78","105918.728349754","3257.26324906909","3657.68261632","3656.4929485321","79","84","2694","2699","-1","6","False"
"2690","40","75","85","5","75","40","5","78","109278.557952113","3257.26324906909","3657.68261632","3656.4929485321","65","70","2680","2685","-1","4","False"
"2691","40","76","85","5","76","40","5","78","112638.387554472","3257.26324906909","3657.68261632","3656.4929485321","66","71","2681","2686","-1","4","False"
"2692","40","77","85","5","77","40","5","78","115998.217156831","3257.26324906909","3657.68261632","3656.4929485321","67","72","2682","2687","-1","4","False"
"2693","40","78","85","5","78","40","5","78","119358.04675919","3257.26324906909","3657.68261632","3656.4929485321","68","73","2683","2688","-1","4","False"
"2694","40","79","85","5","79","40","5","78","122717.876361549","3257.26324906909","3657.68261632","3656.4929485321","69","74","2684","2689","-1","6","False"
"2695","40","80","85","5","80","40","5","78","126077.705963908","3257.26324906909","3657.68261632","3656.4929485321","70","75","2685","2690","2","4","True"
"2696","40","81","85","5","81","40","5","78","129437.535566267","3257.26324906909","3657.68261632","3656.4929485321","71","76","2686","2691","2","4","True"
"2697","40","82","85","5","82","40","5","78","132797.365168626","3257.26324906909","3657.68261632","3656.4929485321","72","77","2687","2692","2","4","True"
"2698","40","83","85","5","83","40","5","78","136157.194770985","3257.26324906909","3657.68261632","3656.4929485321","73","78","2688","2693","2","4","True"
"2699","40","84","85","5","84","40","5","78","139517.024373344","3257.26324906909","3657.68261632","3656.4929485321","74","79","2689","2694","2","4","True"
"2700","41","0","85","5","84","41","5","78","139517.024373344","6900.70683351123","3657.68261632","3656.4929485321","5","10","2705","2710","3","2","True"
"2701","41","1","85","5","83","41","5","78","136157.194770985","6900.70683351123","3657.68261632","3656.4929485321","6","11","2706","2711","3","3","True"
"2702","41","2","85","5","82","41","5","78","132797.365168626","6900.70683351123","3657.68261632","3656.4929485321","7","12","2707","2712","3","3","True"
"2703","41","3","85","5","81","41","5","78","129437.535566267","6900.70683351123","3657.68261632","3656.4929485321","8","13","2708","2713","3","3","True"
"2704","41","4","85","5","80","41","5","78","126077.705963908","6900.70683351123","3657.68261632","3656.4929485321","9","14","2709","2714","3","3","True"
"2705","41","5","85","5","79","41","5","78","122717.876361549","6900.70683351123","3657.68261632","3656.4929485321","10","15","2710","2715","-1","4","False"
"2706","41","6","85","5","78","41","5","78","119358.04675919","6900.70683351123","3657.68261632","3656.4929485321","11","16","2711","2716","-1","3","False"
"2707","41","7","85","5","77","41","5","78","115998.217156831","6900.70683351123","3657.68261632","3656.4929485321","12","17","2712","2717","-1","3","False"
"2708","41","8","85","5","76","41","5","78","112638.387554472","6900.70683351123","3657.68261632","3656.4929485321","13","18","2713","2718","-1","3","False"
"2709","41","9","85","5","75","41","5","78","109278.557952113","6900.70683351123","3657.68261632","3656.4929485321","14","19","2714","2719","-1","3","False"
"2710","41","10","85","5","74","41","5","78","105918.728349754","6900.70683351123","3657.68261632","3656.4929485321","15","20","2715","2720","-1","4","False"
"2711","41","11","85","5","73","41","5","78","102558.898747396","6900.70683351123","3657.68261632","3656.4929485321","16","21","2716","2721","-1","3","False"
"2712","41","12","85","5","72","41","5","78","99199.0691450366","6900.70683351123","3657.68261632","3656.4929485321","17","22","2717","2722","-1","3","False"
"2713","41","13","85","5","71","41","5","78","95839.2395426777","6900.70683351123","3657.68261632","3656.4929485321","18","23","2718","2723","-1","3","False"
"2714","41","14","85","5","70","41","5","78","92479.4099403188","6900.70683351123","3657.68261632","3656.4929485321","19","24","2719","2724","-1","3","False"
"2715","41","15","85","5","69","41","5","78","89119.5803379599","6900.70683351123","3657.68261632","3656.4929485321","20","25","2720","2725","3","4","True"
"2716","41","16","85","5","68","41","5","78","85759.7507356009","6900.70683351123","3657.68261632","3656.4929485321","21","26","2721","2726","3","3","True"
"2717","41","17","85","5","67","41","5","78","82399.921133242","6900.70683351123","3657.68261632","3656.4929485321","22","27","2722","2727","3","3","True"
"2718","41","18","85","5","66","41","5","78","79040.0915308831","6900.70683351123","3657.68261632","3656.4929485321","23","28","2723","2728","3","3","True"
"2719","41","19","85","5","65","41","5","78","75680.2619285242","6900.70683351123","3657.68261632","3656.4929485321","24","29","2724","2729","3","3","True"
"2720","41","20","85","5","64","41","5","78","72320.4323261653","6900.70683351123","3657.68261632","3656.4929485321","25","30","2725","2730","-1","4","False"
"2721","41","21","85","5","63","41","5","78","68960.6027238063","6900.70683351123","3657.68261632","3656.4929485321","26","31","2726","2731","-1","3","False"
"2722","41","22","85","5","62","41","5","78","65600.7731214474","6900.70683351123","3657.68261632","3656.4929485321","27","32","2727","2732","-1","3","False"
"2723","41","23","85","5","61","41","5","78","62240.9435190885","6900.70683351123","3657.68261632","3656.4929485321","28","33","2728","2733","-1","3","False"
"2724","41","24","85","5","60","41","5","78","58881.1139167296","6900.70683351123","3657.68261632","3656.4929485321","29","34","2729","2734","-1","3","False"
"2725","41","25","85","5","59","41","5","78","55521.2843143707","6900.70683351123","3657.68261632","3656.4929485321","30","35","2730","2735","-1","4","False"
"2726","41","26","85","5","58","41","5","78","52161.4547120117","6900.70683351123","3657.68261632","3656.4929485321","31","36","2731","2736","-1","3","False"
"2727","41","27","85","5","57","41","5","78","48801.6251096528","6900.70683351123","3657.68261632","3656.4929485321","32","37","2732","2737","-1","3","False"
"2728","41","28","85","5","56","41","5","78","45441.7955072939","6900.70683351123","3657.68261632","3656.4929485321","33","38","2733","2738","-1","3","False"
"2729","41","29","85","5","55","41","5","78","42081.965904935","6900.70683351123","3657.68261632","3656.4929485321","34","39","2734","2739","-1","3","False"
"2730","41","30","85","5","54","41","5","78","38722.1363025761","6900.70683351123","3657.68261632","3656.4929485321","35","40","2735","2740","3","4","True"
"2731","41","31","85","5","53","41","5","78","35362.3067002172","6900.70683351123","3657.68261632","3656.4929485321","36","41","2736","2741","3","3","True"
"2732","41","32","85","5","52","41","5","78","32002.4770978583","6900.70683351123","3657.68261632","3656.4929485321","37","42","2737","2742","3","3","True"
"2733","41","33","85","5","51","41","5","78","28642.6474954993","6900.70683351123","3657.68261632","3656.4929485321","38","43","2738","2743","3","3","True"
"2734","41","34","85","5","50","41","5","78","25282.8178931404","6900.70683351123","3657.68261632","3656.4929485321","39","44","2739","2744","3","3","True"
"2735","41","35","85","5","49","41","5","78","21922.9882907815","6900.70683351123","3657.68261632","3656.4929485321","40","45","2740","2745","-1","4","False"
"2736","41","36","85","5","48","41","5","78","18563.1586884226","6900.70683351123","3657.68261632","3656.4929485321","41","46","2741","2746","-1","3","False"
"2737","41","37","85","5","47","41","5","78","15203.3290860637","6900.70683351123","3657.68261632","3656.4929485321","42","47","2742","2747","-1","3","False"
"2738","41","38","85","5","46","41","5","78","11843.4994837047","6900.70683351123","3657.68261632","3656.4929485321","43","48","2743","2748","-1","3","False"
"2739","41","39","85","5","45","41","5","78","8483.66988134584","6900.70683351123","3657.68261632","3656.4929485321","44","49","2744","2749","-1","3","False"
"2740","41","40","85","5","44","41","5","78","5123.84027898691","6900.70683351123","3657.68261632","3656.4929485321","45","50","2745","2750","-1","4","False"
"2741","41","41","85","5","43","41","5","78","1764.01067662801","6900.70683351123","3657.68261632","3656.4929485321","46","51","2746","2751","-1","3","False"
"2742","41","42","85","5","42","41","5","78","-1595.81892573092","6900.70683351123","3657.68261632","3656.4929485321","47","52","2747","2752","-1","3","False"
"2743","41","43","85","5","41","41","5","78","-4955.64852808984","6900.70683351123","3657.68261632","3656.4929485321","48","53","2748","2753","-1","3","False"
"2744","41","44","85","5","40","41","5","78","-8315.47813044874","6900.70683351123","3657.68261632","3656.4929485321","49","54","2749","2754","-1","3","False"
"2745","41","45","85","5","39","41","5","78","-11675.3077328077","6900.70683351123","3657.68261632","3656.4929485321","50","55","2750","2755","3","4","True"
"2746","41","46","85","5","38","41","5","78","-15035.1373351666","6900.70683351123","3657.68261632","3656.4929485321","51","56","2751","2756","3","3","True"
"2747","41","47","85","5","37","41","5","78","-18394.9669375255","6900.70683351123","3657.68261632","3656.4929485321","52","57","2752","2757","3","3","True"
"2748","41","48","85","5","36","41","5","78","-21754.7965398844","6900.70683351123","3657.68261632","3656.4929485321","53","58","2753","2758","3","3","True"
"2749","41","49","85","5","35","41","5","78","-25114.6261422433","6900.70683351123","3657.68261632","3656.4929485321","54","59","2754","2759","3","3","True"
"2750","41","50","85","5","34","41","5","78","-28474.4557446023","6900.70683351123","3657.68261632","3656.4929485321","55","60","2755","2760","-1","4","False"
"2751","41","51","85","5","33","41","5","78","-31834.2853469612","6900.70683351123","3657.68261632","3656.4929485321","56","61","2756","2761","-1","3","False"
"2752","41","52","85","5","32","41","5","78","-35194.1149493201","6900.70683351123","3657.68261632","3656.4929485321","57","62","2757","2762","-1","3","False"
"2753","41","53","85","5","31","41","5","78","-38553.944551679","6900.70683351123","3657.68261632","3656.4929485321","58","63","2758","2763","-1","3","False"
"2754","41","54","85","5","30","41","5","78","-41913.7741540379","6900.70683351123","3657.68261632","3656.4929485321","59","64","2759","2764","-1","3","False"
"2755","41","55","85","5","29","41","5","78","-45273.6037563968","6900.70683351123","3657.68261632","3656.4929485321","60","65","2760","2765","-1","4","False"
"2756","41","56","85","5","28","41","5","78","-48633.4333587558","6900.70683351123","3657.68261632","3656.4929485321","61","66","2761","2766","-1","3","False"
"2757","41","57","85","5","27","41","5","78","-51993.2629611147","6900.70683351123","3657.68261632","3656.4929485321","62","67","2762","2767","-1","3","False"
"2758","41","58","85","5","26","41","5","78","-55353.0925634736","6900.70683351123","3657.68261632","3656.4929485321","63","68","2763","2768","-1","3","False"
"2759","41","59","85","5","25","41","5","78","-58712.9221658325","6900.70683351123","3657.68261632","3656.4929485321","64","69","2764","2769","-1","3","False"
"2760","41","60","85","5","24","41","5","78","-62072.7517681914","6900.70683351123","3657.68261632","3656.4929485321","65","70","2765","2770","3","4","True"
"2761","41","61","85","5","23","41","5","78","-65432.5813705503","6900.70683351123","3657.68261632","3656.4929485321","66","71","2766","2771","3","3","True"
"2762","41","62","85","5","22","41","5","78","-68792.4109729092","6900.70683351123","3657.68261632","3656.4929485321","67","72","2767","2772","3","3","True"
"2763","41","63","85","5","21","41","5","78","-72152.2405752682","6900.70683351123","3657.68261632","3656.4929485321","68","73","2768","2773","3","3","True"
"2764","41","64","85","5","20","41","5","78","-75512.0701776271","6900.70683351123","3657.68261632","3656.4929485321","69","74","2769","2774","3","3","True"
"2765","41","65","85","5","19","41","5","78","-78871.899779986","6900.70683351123","3657.68261632","3656.4929485321","70","75","2770","2775","-1","4","False"
"2766","41","66","85","5","18","41","5","78","-82231.7293823449","6900.70683351123","3657.68261632","3656.4929485321","71","76","2771","2776","-1","3","False"
"2767","41","67","85","5","17","41","5","78","-85591.5589847038","6900.70683351123","3657.68261632","3656.4929485321","72","77","2772","2777","-1","3","False"
"2768","41","68","85","5","16","41","5","78","-88951.3885870628","6900.70683351123","3657.68261632","3656.4929485321","73","78","2773","2778","-1","3","False"
"2769","41","69","85","5","15","41","5","78","-92311.2181894217","6900.70683351123","3657.68261632","3656.4929485321","74","79","2774","2779","-1","3","False"
"2770","41","70","85","5","14","41","5","78","-95671.0477917806","6900.70683351123","3657.68261632","3656.4929485321","75","80","2775","2780","-1","4","False"
"2771","41","71","85","5","13","41","5","78","-99030.8773941395","6900.70683351123","3657.68261632","3656.4929485321","76","81","2776","2781","-1","3","False"
"2772","41","72","85","5","12","41","5","78","-102390.706996498","6900.70683351123","3657.68261632","3656.4929485321","77","82","2777","2782","-1","3","False"
"2773","41","73","85","5","11","41","5","78","-105750.536598857","6900.70683351123","3657.68261632","3656.4929485321","78","83","2778","2783","-1","3","False"
"2774","41","74","85","5","10","41","5","78","-109110.366201216","6900.70683351123","3657.68261632","3656.4929485321","79","84","2779","2784","-1","3","False"
"2775","41","75","85","5","9","41","5","78","-112470.195803575","6900.70683351123","3657.68261632","3656.4929485321","65","70","2765","2770","-1","4","False"
"2776","41","76","85","5","8","41","5","78","-115830.025405934","6900.70683351123","3657.68261632","3656.4929485321","66","71","2766","2771","-1","3","False"
"2777","41","77","85","5","7","41","5","78","-119189.855008293","6900.70683351123","3657.68261632","3656.4929485321","67","72","2767","2772","-1","3","False"
"2778","41","78","85","5","6","41","5","78","-122549.684610652","6900.70683351123","3657.68261632","3656.4929485321","68","73","2768","2773","-1","3","False"
"2779","41","79","85","5","5","41","5","78","-125909.514213011","6900.70683351123","3657.68261632","3656.4929485321","69","74","2769","2774","-1","3","False"
"2780","41","80","85","5","4","41","5","78","-129269.34381537","6900.70683351123","3657.68261632","3656.4929485321","70","75","2770","2775","2","4","True"
"2781","41","81","85","5","3","41","5","78","-132629.173417729","6900.70683351123","3657.68261632","3656.4929485321","71","76","2771","2776","2","3","True"
"2782","41","82","85","5","2","41","5","78","-135989.003020088","6900.70683351123","3657.68261632","3656.4929485321","72","77","2772","2777","2","3","True"
"2783","41","83","85","5","1","41","5","78","-139348.832622446","6900.70683351123","3657.68261632","3656.4929485321","73","78","2773","2778","2","3","True"
"2784","41","84","85","5","0","41","5","78","-142708.662224805","6900.70683351123","3657.68261632","3656.4929485321","74","79","2774","2779","2","3","True"
"2785","42","0","85","5","0","42","5","78","-142708.662224805","10544.1508947905","3657.68261632","3656.4929485321","5","10","2790","2795","3","2","True"
"2786","42","1","85","5","1","42","5","78","-139348.832622446","10544.1508947905","3657.68261632","3656.4929485321","6","11","2791","2796","3","3","True"
"2787","42","2","85","5","2","42","5","78","-135989.003020088","10544.1508947905","3657.68261632","3656.4929485321","7","12","2792","2797","3","3","True"
"2788","42","3","85","5","3","42","5","78","-132629.173417729","10544.1508947905","3657.68261632","3656.4929485321","8","13","2793","2798","3","3","True"
"2789","42","4","85","5","4","42","5","78","-129269.34381537","10544.1508947905","3657.68261632","3656.4929485321","9","14","2794","2799","3","4","True"
"2790","42","5","85","5","5","42","5","78","-125909.514213011","10544.1508947905","3657.68261632","3656.4929485321","10","15","2795","2800","-1","3","False"
"2791","42","6","85","5","6","42","5","78","-122549.684610652","10544.1508947905","3657.68261632","3656.4929485321","11","16","2796","2801","-1","3","False"
"2792","42","7","85","5","7","42","5","78","-119189.855008293","10544.1508947905","3657.68261632","3656.4929485321","12","17","2797","2802","-1","3","False"
"2793","42","8","85","5","8","42","5","78","-115830.025405934","10544.1508947905","3657.68261632","3656.4929485321","13","18","2798","2803","-1","3","False"
"2794","42","9","85","5","9","42","5","78","-112470.195803575","10544.1508947905","3657.68261632","3656.4929485321","14","19","2799","2804","-1","4","False"
"2795","42","10","85","5","10","42","5","78","-109110.366201216","10544.1508947905","3657.68261632","3656.4929485321","15","20","2800","2805","-1","3","False"
"2796","42","11","85","5","11","42","5","78","-105750.536598857","10544.1508947905","3657.68261632","3656.4929485321","16","21","2801","2806","-1","3","False"
"2797","42","12","85","5","12","42","5","78","-102390.706996498","10544.1508947905","3657.68261632","3656.4929485321","17","22","2802","2807","-1","3","False"
"2798","42","13","85","5","13","42","5","78","-99030.8773941395","10544.1508947905","3657.68261632","3656.4929485321","18","23","2803","2808","-1","3","False"
"2799","42","14","85","5","14","42","5","78","-95671.0477917806","10544.1508947905","3657.68261632","3656.4929485321","19","24","2804","2809","-1","4","False"
"2800","42","15","85","5","15","42","5","78","-92311.2181894217","10544.1508947905","3657.68261632","3656.4929485321","20","25","2805","2810","3","3","True"
"2801","42","16","85","5","16","42","5","78","-88951.3885870628","10544.1508947905","3657.68261632","3656.4929485321","21","26","2806","2811","3","3","True"
"2802","42","17","85","5","17","42","5","78","-85591.5589847038","10544.1508947905","3657.68261632","3656.4929485321","22","27","2807","2812","3","3","True"
"2803","42","18","85","5","18","42","5","78","-82231.7293823449","10544.1508947905","3657.68261632","3656.4929485321","23","28","2808","2813","3","3","True"
"2804","42","19","85","5","19","42","5","78","-78871.899779986","10544.1508947905","3657.68261632","3656.4929485321","24","29","2809","2814","3","4","True"
"2805","42","20","85","5","20","42","5","78","-75512.0701776271","10544.1508947905","3657.68261632","3656.4929485321","25","30","2810","2815","-1","3","False"
"2806","42","21","85","5","21","42","5","78","-72152.2405752682","10544.1508947905","3657.68261632","3656.4929485321","26","31","2811","2816","-1","3","False"
"2807","42","22","85","5","22","42","5","78","-68792.4109729092","10544.1508947905","3657.68261632","3656.4929485321","27","32","2812","2817","-1","3","False"
"2808","42","23","85","5","23","42","5","78","-65432.5813705503","10544.1508947905","3657.68261632","3656.4929485321","28","33","2813","2818","-1","3","False"
"2809","42","24","85","5","24","42","5","78","-62072.7517681914","10544.1508947905","3657.68261632","3656.4929485321","29","34","2814","2819","-1","4","False"
"2810","42","25","85","5","25","42","5","78","-58712.9221658325","10544.1508947905","3657.68261632","3656.4929485321","30","35","2815","2820","-1","3","False"
"2811","42","26","85","5","26","42","5","78","-55353.0925634736","10544.1508947905","3657.68261632","3656.4929485321","31","36","2816","2821","-1","3","False"
"2812","42","27","85","5","27","42","5","78","-51993.2629611147","10544.1508947905","3657.68261632","3656.4929485321","32","37","2817","2822","-1","3","False"
"2813","42","28","85","5","28","42","5","78","-48633.4333587558","10544.1508947905","3657.68261632","3656.4929485321","33","38","2818","2823","-1","3","False"
"2814","42","29","85","5","29","42","5","78","-45273.6037563968","10544.1508947905","3657.68261632","3656.4929485321","34","39","2819","2824","-1","4","False"
"2815","42","30","85","5","30","42","5","78","-41913.7741540379","10544.1508947905","3657.68261632","3656.4929485321","35","40","2820","2825","3","3","True"
"2816","42","31","85","5","31","42","5","78","-38553.944551679","10544.1508947905","3657.68261632","3656.4929485321","36","41","2821","2826","3","3","True"
"2817","42","32","85","5","32","42","5","78","-35194.1149493201","10544.1508947905","3657.68261632","3656.4929485321","37","42","2822","2827","3","3","True"
"2818","42","33","85","5","33","42","5","78","-31834.2853469612","10544.1508947905","3657.68261632","3656.4929485321","38","43","2823","2828","3","3","True"
"2819","42","34","85","5","34","42","5","78","-28474.4557446023","10544.1508947905","3657.68261632","3656.4929485321","39","44","2824","2829","3","4","True"
"2820","42","35","85","5","35","42","5","78","-25114.6261422433","10544.1508947905","3657.68261632","3656.4929485321","40","45","2825","2830","-1","3","False"
"2821","42","36","85","5","36","42","5","78","-21754.7965398844","10544.1508947905","3657.68261632","3656.4929485321","41","46","2826","2831","-1","3","False"
"2822","42","37","85","5","37","42","5","78","-18394.9669375255","10544.1508947905","3657.68261632","3656.4929485321","42","47","2827","2832","-1","3","False"
"2823","42","38","85","5","38","42","5","78","-15035.1373351666","10544.1508947905","3657.68261632","3656.4929485321","43","48","2828","2833","-1","3","False"
"2824","42","39","85","5","39","42","5","78","-11675.3077328077","10544.1508947905","3657.68261632","3656.4929485321","44","49","2829","2834","-1","4","False"
"2825","42","40","85","5","40","42","5","78","-8315.47813044874","10544.1508947905","3657.68261632","3656.4929485321","45","50","2830","2835","-1","3","False"
"2826","42","41","85","5","41","42","5","78","-4955.64852808984","10544.1508947905","3657.68261632","3656.4929485321","46","51","2831","2836","-1","3","False"
"2827","42","42","85","5","42","42","5","78","-1595.81892573092","10544.1508947905","3657.68261632","3656.4929485321","47","52","2832","2837","-1","3","False"
"2828","42","43","85","5","43","42","5","78","1764.01067662801","10544.1508947905","3657.68261632","3656.4929485321","48","53","2833","2838","-1","3","False"
"2829","42","44","85","5","44","42","5","78","5123.84027898691","10544.1508947905","3657.68261632","3656.4929485321","49","54","2834","2839","-1","4","False"
"2830","42","45","85","5","45","42","5","78","8483.66988134584","10544.1508947905","3657.68261632","3656.4929485321","50","55","2835","2840","3","3","True"
"2831","42","46","85","5","46","42","5","78","11843.4994837047","10544.1508947905","3657.68261632","3656.4929485321","51","56","2836","2841","3","3","True"
"2832","42","47","85","5","47","42","5","78","15203.3290860637","10544.1508947905","3657.68261632","3656.4929485321","52","57","2837","2842","3","3","True"
"2833","42","48","85","5","48","42","5","78","18563.1586884226","10544.1508947905","3657.68261632","3656.4929485321","53","58","2838","2843","3","3","True"
"2834","42","49","85","5","49","42","5","78","21922.9882907815","10544.1508947905","3657.68261632","3656.4929485321","54","59","2839","2844","3","4","True"
"2835","42","50","85","5","50","42","5","78","25282.8178931404","10544.1508947905","3657.68261632","3656.4929485321","55","60","2840","2845","-1","3","False"
"2836","42","51","85","5","51","42","5","78","28642.6474954993","10544.1508947905","3657.68261632","3656.4929485321","56","61","2841","2846","-1","3","False"
"2837","42","52","85","5","52","42","5","78","32002.4770978583","10544.1508947905","3657.68261632","3656.4929485321","57","62","2842","2847","-1","3","False"
"2838","42","53","85","5","53","42","5","78","35362.3067002172","10544.1508947905","3657.68261632","3656.4929485321","58","63","2843","2848","-1","3","False"
"2839","42","54","85","5","54","42","5","78","38722.1363025761","10544.1508947905","3657.68261632","3656.4929485321","59","64","2844","2849","-1","4","False"
"2840","42","55","85","5","55","42","5","78","42081.965904935","10544.1508947905","3657.68261632","3656.4929485321","60","65","2845","2850","-1","3","False"
"2841","42","56","85","5","56","42","5","78","45441.7955072939","10544.1508947905","3657.68261632","3656.4929485321","61","66","2846","2851","-1","3","False"
"2842","42","57","85","5","57","42","5","78","48801.6251096528","10544.1508947905","3657.68261632","3656.4929485321","62","67","2847","2852","-1","3","False"
"2843","42","58","85","5","58","42","5","78","52161.4547120117","10544.1508947905","3657.68261632","3656.4929485321","63","68","2848","2853","-1","3","False"
"2844","42","59","85","5","59","42","5","78","55521.2843143707","10544.1508947905","3657.68261632","3656.4929485321","64","69","2849","2854","-1","4","False"
"2845","42","60","85","5","60","42","5","78","58881.1139167296","10544.1508947905","3657.68261632","3656.4929485321","65","70","2850","2855","3","3","True"
"2846","42","61","85","5","61","42","5","78","62240.9435190885","10544.1508947905","3657.68261632","3656.4929485321","66","71","2851","2856","3","3","True"
"2847","42","62","85","5","62","42","5","78","65600.7731214474","10544.1508947905","3657.68261632","3656.4929485321","67","72","2852","2857","3","3","True"
"2848","42","63","85","5","63","42","5","78","68960.6027238063","10544.1508947905","3657.68261632","3656.4929485321","68","73","2853","2858","3","3","True"
"2849","42","64","85","5","64","42","5","78","72320.4323261653","10544.1508947905","3657.68261632","3656.4929485321","69","74","2854","2859","3","4","True"
"2850","42","65","85","5","65","42","5","78","75680.2619285242","10544.1508947905","3657.68261632","3656.4929485321","70","75","2855","2860","-1","3","False"
"2851","42","66","85","5","66","42","5","78","79040.0915308831","10544.1508947905","3657.68261632","3656.4929485321","71","76","2856","2861","-1","3","False"
"2852","42","67","85","5","67","42","5","78","82399.921133242","10544.1508947905","3657.68261632","3656.4929485321","72","77","2857","2862","-1","3","False"
"2853","42","68","85","5","68","42","5","78","85759.7507356009","10544.1508947905","3657.68261632","3656.4929485321","73","78","2858","2863","-1","3","False"
"2854","42","69","85","5","69","42","5","78","89119.5803379599","10544.1508947905","3657.68261632","3656.4929485321","74","79","2859","2864","-1","4","False"
"2855","42","70","85","5","70","42","5","78","92479.4099403188","10544.1508947905","3657.68261632","3656.4929485321","75","80","2860","2865","-1","3","False"
"2856","42","71","85","5","71","42","5","78","95839.2395426777","10544.1508947905","3657.68261632","3656.4929485321","76","81","2861","2866","-1","3","False"
"2857","42","72","85","5","72","42","5","78","99199.0691450366","10544.1508947905","3657.68261632","3656.4929485321","77","82","2862","2867","-1","3","False"
"2858","42","73","85","5","73","42","5","78","102558.898747396","10544.1508947905","3657.68261632","3656.4929485321","78","83","2863","2868","-1","3","False"
"2859","42","74","85","5","74","42","5","78","105918.728349754","10544.1508947905","3657.68261632","3656.4929485321","79","84","2864","2869","-1","4","False"
"2860","42","75","85","5","75","42","5","78","109278.557952113","10544.1508947905","3657.68261632","3656.4929485321","65","70","2850","2855","-1","3","False"
"2861","42","76","85","5","76","42","5","78","112638.387554472","10544.1508947905","3657.68261632","3656.4929485321","66","71","2851","2856","-1","3","False"
"2862","42","77","85","5","77","42","5","78","115998.217156831","10544.1508947905","3657.68261632","3656.4929485321","67","72","2852","2857","-1","3","False"
"2863","42","78","85","5","78","42","5","78","119358.04675919","10544.1508947905","3657.68261632","3656.4929485321","68","73","2853","2858","-1","3","False"
"2864","42","79","85","5","79","42","5","78","122717.876361549","10544.1508947905","3657.68261632","3656.4929485321","69","74","2854","2859","-1","4","False"
"2865","42","80","85","5","80","42","5","78","126077.705963908","10544.1508947905","3657.68261632","3656.4929485321","70","75","2855","2860","2","3","True"
"2866","42","81","85","5","81","42","5","78","129437.535566267","10544.1508947905","3657.68261632","3656.4929485321","71","76","2856","2861","2","3","True"
"2867","42","82","85","5","82","42","5","78","132797.365168626","10544.1508947905","3657.68261632","3656.4929485321","72","77","2857","2862","2","3","True"
"2868","42","83","85","5","83","42","5","78","136157.194770985","10544.1508947905","3657.68261632","3656.4929485321","73","78","2858","2863","2","3","True"
"2869","42","84","85","5","84","42","5","78","139517.024373344","10544.1508947905","3657.68261632","3656.4929485321","74","79","2859","2864","2","3","True"
"2870","43","0","85","5","84","43","5","78","139517.024373344","14187.5959097441","3657.68261632","3656.4929485321","5","10","2875","2880","3","3","True"
"2871","43","1","85","5","83","43","5","78","136157.194770985","14187.5959097441","3657.68261632","3656.4929485321","6","11","2876","2881","3","4","True"
"2872","43","2","85","5","82","43","5","78","132797.365168626","14187.5959097441","3657.68261632","3656.4929485321","7","12","2877","2882","3","4","True"
"2873","43","3","85","5","81","43","5","78","129437.535566267","14187.5959097441","3657.68261632","3656.4929485321","8","13","2878","2883","3","4","True"
"2874","43","4","85","5","80","43","5","78","126077.705963908","14187.5959097441","3657.68261632","3656.4929485321","9","14","2879","2884","3","4","True"
"2875","43","5","85","5","79","43","5","78","122717.876361549","14187.5959097441","3657.68261632","3656.4929485321","10","15","2880","2885","-1","6","False"
"2876","43","6","85","5","78","43","5","78","119358.04675919","14187.5959097441","3657.68261632","3656.4929485321","11","16","2881","2886","-1","4","False"
"2877","43","7","85","5","77","43","5","78","115998.217156831","14187.5959097441","3657.68261632","3656.4929485321","12","17","2882","2887","-1","4","False"
"2878","43","8","85","5","76","43","5","78","112638.387554472","14187.5959097441","3657.68261632","3656.4929485321","13","18","2883","2888","-1","4","False"
"2879","43","9","85","5","75","43","5","78","109278.557952113","14187.5959097441","3657.68261632","3656.4929485321","14","19","2884","2889","-1","4","False"
"2880","43","10","85","5","74","43","5","78","105918.728349754","14187.5959097441","3657.68261632","3656.4929485321","15","20","2885","2890","-1","6","False"
"2881","43","11","85","5","73","43","5","78","102558.898747396","14187.5959097441","3657.68261632","3656.4929485321","16","21","2886","2891","-1","4","False"
"2882","43","12","85","5","72","43","5","78","99199.0691450366","14187.5959097441","3657.68261632","3656.4929485321","17","22","2887","2892","-1","4","False"
"2883","43","13","85","5","71","43","5","78","95839.2395426777","14187.5959097441","3657.68261632","3656.4929485321","18","23","2888","2893","-1","4","False"
"2884","43","14","85","5","70","43","5","78","92479.4099403188","14187.5959097441","3657.68261632","3656.4929485321","19","24","2889","2894","-1","4","False"
"2885","43","15","85","5","69","43","5","78","89119.5803379599","14187.5959097441","3657.68261632","3656.4929485321","20","25","2890","2895","3","6","True"
"2886","43","16","85","5","68","43","5","78","85759.7507356009","14187.5959097441","3657.68261632","3656.4929485321","21","26","2891","2896","3","4","True"
"2887","43","17","85","5","67","43","5","78","82399.921133242","14187.5959097441","3657.68261632","3656.4929485321","22","27","2892","2897","3","4","True"
"2888","43","18","85","5","66","43","5","78","79040.0915308831","14187.5959097441","3657.68261632","3656.4929485321","23","28","2893","2898","3","4","True"
"2889","43","19","85","5","65","43","5","78","75680.2619285242","14187.5959097441","3657.68261632","3656.4929485321","24","29","2894","2899","3","4","True"
"2890","43","20","85","5","64","43","5","78","72320.4323261653","14187.5959097441","3657.68261632","3656.4929485321","25","30","2895","2900","-1","6","False"
"2891","43","21","85","5","63","43","5","78","68960.6027238063","14187.5959097441","3657.68261632","3656.4929485321","26","31","2896","2901","-1","4","False"
"2892","43","22","85","5","62","43","5","78","65600.7731214474","14187.5959097441","3657.68261632","3656.4929485321","27","32","2897","2902","-1","4","False"
"2893","43","23","85","5","61","43","5","78","62240.9435190885","14187.5959097441","3657.68261632","3656.4929485321","28","33","2898","2903","-1","4","False"
"2894","43","24","85","5","60","43","5","78","58881.1139167296","14187.5959097441","3657.68261632","3656.4929485321","29","34","2899","2904","-1","4","False"
"2895","43","25","85","5","59","43","5","78","55521.2843143707","14187.5959097441","3657.68261632","3656.4929485321","30","35","2900","2905","-1","6","False"
"2896","43","26","85","5","58","43","5","78","52161.4547120117","14187.5959097441","3657.68261632","3656.4929485321","31","36","2901","2906","-1","4","False"
"2897","43","27","85","5","57","43","5","78","48801.6251096528","14187.5959097441","3657.68261632","3656.4929485321","32","37","2902","2907","-1","4","False"
"2898","43","28","85","5","56","43","5","78","45441.7955072939","14187.5959097441","3657.68261632","3656.4929485321","33","38","2903","2908","-1","4","False"
"2899","43","29","85","5","55","43","5","78","42081.965904935","14187.5959097441","3657.68261632","3656.4929485321","34","39","2904","2909","-1","4","False"
"2900","43","30","85","5","54","43","5","78","38722.1363025761","14187.5959097441","3657.68261632","3656.4929485321","35","40","2905","2910","3","6","True"
"2901","43","31","85","5","53","43","5","78","35362.3067002172","14187.5959097441","3657.68261632","3656.4929485321","36","41","2906","2911","3","4","True"
"2902","43","32","85","5","52","43","5","78","32002.4770978583","14187.5959097441","3657.68261632","3656.4929485321","37","42","2907","2912","3","4","True"
"2903","43","33","85","5","51","43","5","78","28642.6474954993","14187.5959097441","3657.68261632","3656.4929485321","38","43","2908","2913","3","4","True"
"2904","43","34","85","5","50","43","5","78","25282.8178931404","14187.5959097441","3657.68261632","3656.4929485321","39","44","2909","2914","3","4","True"
"2905","43","35","85","5","49","43","5","78","21922.9882907815","14187.5959097441","3657.68261632","3656.4929485321","40","45","2910","2915","-1","6","False"
"2906","43","36","85","5","48","43","5","78","18563.1586884226","14187.5959097441","3657.68261632","3656.4929485321","41","46","2911","2916","-1","4","False"
"2907","43","37","85","5","47","43","5","78","15203.3290860637","14187.5959097441","3657.68261632","3656.4929485321","42","47","2912","2917","-1","4","False"
"2908","43","38","85","5","46","43","5","78","11843.4994837047","14187.5959097441","3657.68261632","3656.4929485321","43","48","2913","2918","-1","4","False"
"2909","43","39","85","5","45","43","5","78","8483.66988134584","14187.5959097441","3657.68261632","3656.4929485321","44","49","2914","2919","-1","4","False"
"2910","43","40","85","5","44","43","5","78","5123.84027898691","14187.5959097441","3657.68261632","3656.4929485321","45","50","2915","2920","-1","6","False"
"2911","43","41","85","5","43","43","5","78","1764.01067662801","14187.5959097441","3657.68261632","3656.4929485321","46","51","2916","2921","-1","4","False"
"2912","43","42","85","5","42","43","5","78","-1595.81892573092","14187.5959097441","3657.68261632","3656.4929485321","47","52","2917","2922","-1","4","False"
"2913","43","43","85","5","41","43","5","78","-4955.64852808984","14187.5959097441","3657.68261632","3656.4929485321","48","53","2918","2923","-1","4","False"
"2914","43","44","85","5","40","43","5","78","-8315.47813044874","14187.5959097441","3657.68261632","3656.4929485321","49","54","2919","2924","-1","4","False"
"2915","43","45","85","5","39","43","5","78","-11675.3077328077","14187.5959097441","3657.68261632","3656.4929485321","50","55","2920","2925","3","6","True"
"2916","43","46","85","5","38","43","5","78","-15035.1373351666","14187.5959097441","3657.68261632","3656.4929485321","51","56","2921","2926","3","4","True"
"2917","43","47","85","5","37","43","5","78","-18394.9669375255","14187.5959097441","3657.68261632","3656.4929485321","52","57","2922","2927","3","4","True"
"2918","43","48","85","5","36","43","5","78","-21754.7965398844","14187.5959097441","3657.68261632","3656.4929485321","53","58","2923","2928","3","4","True"
"2919","43","49","85","5","35","43","5","78","-25114.6261422433","14187.5959097441","3657.68261632","3656.4929485321","54","59","2924","2929","3","4","True"
"2920","43","50","85","5","34","43","5","78","-28474.4557446023","14187.5959097441","3657.68261632","3656.4929485321","55","60","2925","2930","-1","6","False"
"2921","43","51","85","5","33","43","5","78","-31834.2853469612","14187.5959097441","3657.68261632","3656.4929485321","56","61","2926","2931","-1","4","False"
"2922","43","52","85","5","32","43","5","78","-35194.1149493201","14187.5959097441","3657.68261632","3656.4929485321","57","62","2927","2932","-1","4","False"
"2923","43","53","85","5","31","43","5","78","-38553.944551679","14187.5959097441","3657.68261632","3656.4929485321","58","63","2928","2933","-1","4","False"
"2924","43","54","85","5","30","43","5","78","-41913.7741540379","14187.5959097441","3657.68261632","3656.4929485321","59","64","2929","2934","-1","4","False"
"2925","43","55","85","5","29","43","5","78","-45273.6037563968","14187.5959097441","3657.68261632","3656.4929485321","60","65","2930","2935","-1","6","False"
"2926","43","56","85","5","28","43","5","78","-48633.4333587558","14187.5959097441","3657.68261632","3656.4929485321","61","66","2931","2936","-1","4","False"
"2927","43","57","85","5","27","43","5","78","-51993.2629611147","14187.5959097441","3657.68261632","3656.4929485321","62","67","2932","2937","-1","4","False"
"2928","43","58","85","5","26","43","5","78","-55353.0925634736","14187.5959097441","3657.68261632","3656.4929485321","63","68","2933","2938","-1","4","False"
"2929","43","59","85","5","25","43","5","78","-58712.9221658325","14187.5959097441","3657.68261632","3656.4929485321","64","69","2934","2939","-1","4","False"
"2930","43","60","85","5","24","43","5","78","-62072.7517681914","14187.5959097441","3657.68261632","3656.4929485321","65","70","2935","2940","3","6","True"
"2931","43","61","85","5","23","43","5","78","-65432.5813705503","14187.5959097441","3657.68261632","3656.4929485321","66","71","2936","2941","3","4","True"
"2932","43","62","85","5","22","43","5","78","-68792.4109729092","14187.5959097441","3657.68261632","3656.4929485321","67","72","2937","2942","3","4","True"
"2933","43","63","85","5","21","43","5","78","-72152.2405752682","14187.5959097441","3657.68261632","3656.4929485321","68","73","2938","2943","3","4","True"
"2934","43","64","85","5","20","43","5","78","-75512.0701776271","14187.5959097441","3657.68261632","3656.4929485321","69","74","2939","2944","3","4","True"
"2935","43","65","85","5","19","43","5","78","-78871.899779986","14187.5959097441","3657.68261632","3656.4929485321","70","75","2940","2945","-1","6","False"
"2936","43","66","85","5","18","43","5","78","-82231.7293823449","14187.5959097441","3657.68261632","3656.4929485321","71","76","2941","2946","-1","4","False"
"2937","43","67","85","5","17","43","5","78","-85591.5589847038","14187.5959097441","3657.68261632","3656.4929485321","72","77","2942","2947","-1","4","False"
"2938","43","68","85","5","16","43","5","78","-88951.3885870628","14187.5959097441","3657.68261632","3656.4929485321","73","78","2943","2948","-1","4","False"
"2939","43","69","85","5","15","43","5","78","-92311.2181894217","14187.5959097441","3657.68261632","3656.4929485321","74","79","2944","2949","-1","4","False"
"2940","43","70","85","5","14","43","5","78","-95671.0477917806","14187.5959097441","3657.68261632","3656.4929485321","75","80","2945","2950","-1","6","False"
"2941","43","71","85","5","13","43","5","78","-99030.8773941395","14187.5959097441","3657.68261632","3656.4929485321","76","81","2946","2951","-1","4","False"
"2942","43","72","85","5","12","43","5","78","-102390.706996498","14187.5959097441","3657.68261632","3656.4929485321","77","82","2947","2952","-1","4","False"
"2943","43","73","85","5","11","43","5","78","-105750.536598857","14187.5959097441","3657.68261632","3656.4929485321","78","83","2948","2953","-1","4","False"
"2944","43","74","85","5","10","43","5","78","-109110.366201216","14187.5959097441","3657.68261632","3656.4929485321","79","84","2949","2954","-1","4","False"
"2945","43","75","85","5","9","43","5","78","-112470.195803575","14187.5959097441","3657.68261632","3656.4929485321","65","70","2935","2940","-1","6","False"
"2946","43","76","85","5","8","43","5","78","-115830.025405934","14187.5959097441","3657.68261632","3656.4929485321","66","71","2936","2941","-1","4","False"
"2947","43","77","85","5","7","43","5","78","-119189.855008293","14187.5959097441","3657.68261632","3656.4929485321","67","72","2937","2942","-1","4","False"
"2948","43","78","85","5","6","43","5","78","-122549.684610652","14187.5959097441","3657.68261632","3656.4929485321","68","73","2938","2943","-1","4","False"
"2949","43","79","85","5","5","43","5","78","-125909.514213011","14187.5959097441","3657.68261632","3656.4929485321","69","74","2939","2944","-1","4","False"
"2950","43","80","85","5","4","43","5","78","-129269.34381537","14187.5959097441","3657.68261632","3656.4929485321","70","75","2940","2945","2","6","True"
"2951","43","81","85","5","3","43","5","78","-132629.173417729","14187.5959097441","3657.68261632","3656.4929485321","71","76","2941","2946","2","4","True"
"2952","43","82","85","5","2","43","5","78","-135989.003020088","14187.5959097441","3657.68261632","3656.4929485321","72","77","2942","2947","2","4","True"
"2953","43","83","85","5","1","43","5","78","-139348.832622446","14187.5959097441","3657.68261632","3656.4929485321","73","78","2943","2948","2","4","True"
"2954","43","84","85","5","0","43","5","78","-142708.662224805","14187.5959097441","3657.68261632","3656.4929485321","74","79","2944","2949","2","4","True"
"2955","44","0","85","5","0","44","5","78","-142708.662224805","17831.0399710234","3657.68261632","3656.4929485321","5","10","2960","2965","3","2","True"
"2956","44","1","85","5","1","44","5","78","-139348.832622446","17831.0399710234","3657.68261632","3656.4929485321","6","11","2961","2966","3","3","True"
"2957","44","2","85","5","2","44","5","78","-135989.003020088","17831.0399710234","3657.68261632","3656.4929485321","7","12","2962","2967","3","3","True"
"2958","44","3","85","5","3","44","5","78","-132629.173417729","17831.0399710234","3657.68261632","3656.4929485321","8","13","2963","2968","3","3","True"
"2959","44","4","85","5","4","44","5","78","-129269.34381537","17831.0399710234","3657.68261632","3656.4929485321","9","14","2964","2969","3","4","True"
"2960","44","5","85","5","5","44","5","78","-125909.514213011","17831.0399710234","3657.68261632","3656.4929485321","10","15","2965","2970","-1","3","False"
"2961","44","6","85","5","6","44","5","78","-122549.684610652","17831.0399710234","3657.68261632","3656.4929485321","11","16","2966","2971","-1","3","False"
"2962","44","7","85","5","7","44","5","78","-119189.855008293","17831.0399710234","3657.68261632","3656.4929485321","12","17","2967","2972","-1","3","False"
"2963","44","8","85","5","8","44","5","78","-115830.025405934","17831.0399710234","3657.68261632","3656.4929485321","13","18","2968","2973","-1","3","False"
"2964","44","9","85","5","9","44","5","78","-112470.195803575","17831.0399710234","3657.68261632","3656.4929485321","14","19","2969","2974","-1","4","False"
"2965","44","10","85","5","10","44","5","78","-109110.366201216","17831.0399710234","3657.68261632","3656.4929485321","15","20","2970","2975","-1","3","False"
"2966","44","11","85","5","11","44","5","78","-105750.536598857","17831.0399710234","3657.68261632","3656.4929485321","16","21","2971","2976","-1","3","False"
"2967","44","12","85","5","12","44","5","78","-102390.706996498","17831.0399710234","3657.68261632","3656.4929485321","17","22","2972","2977","-1","3","False"
"2968","44","13","85","5","13","44","5","78","-99030.8773941395","17831.0399710234","3657.68261632","3656.4929485321","18","23","2973","2978","-1","3","False"
"2969","44","14","85","5","14","44","5","78","-95671.0477917806","17831.0399710234","3657.68261632","3656.4929485321","19","24","2974","2979","-1","4","False"
"2970","44","15","85","5","15","44","5","78","-92311.2181894217","17831.0399710234","3657.68261632","3656.4929485321","20","25","2975","2980","3","3","True"
"2971","44","16","85","5","16","44","5","78","-88951.3885870628","17831.0399710234","3657.68261632","3656.4929485321","21","26","2976","2981","3","3","True"
"2972","44","17","85","5","17","44","5","78","-85591.5589847038","17831.0399710234","3657.68261632","3656.4929485321","22","27","2977","2982","3","3","True"
"2973","44","18","85","5","18","44","5","78","-82231.7293823449","17831.0399710234","3657.68261632","3656.4929485321","23","28","2978","2983","3","3","True"
"2974","44","19","85","5","19","44","5","78","-78871.899779986","17831.0399710234","3657.68261632","3656.4929485321","24","29","2979","2984","3","4","True"
"2975","44","20","85","5","20","44","5","78","-75512.0701776271","17831.0399710234","3657.68261632","3656.4929485321","25","30","2980","2985","-1","3","False"
"2976","44","21","85","5","21","44","5","78","-72152.2405752682","17831.0399710234","3657.68261632","3656.4929485321","26","31","2981","2986","-1","3","False"
"2977","44","22","85","5","22","44","5","78","-68792.4109729092","17831.0399710234","3657.68261632","3656.4929485321","27","32","2982","2987","-1","3","False"
"2978","44","23","85","5","23","44","5","78","-65432.5813705503","17831.0399710234","3657.68261632","3656.4929485321","28","33","2983","2988","-1","3","False"
"2979","44","24","85","5","24","44","5","78","-62072.7517681914","17831.0399710234","3657.68261632","3656.4929485321","29","34","2984","2989","-1","4","False"
"2980","44","25","85","5","25","44","5","78","-58712.9221658325","17831.0399710234","3657.68261632","3656.4929485321","30","35","2985","2990","-1","3","False"
"2981","44","26","85","5","26","44","5","78","-55353.0925634736","17831.0399710234","3657.68261632","3656.4929485321","31","36","2986","2991","-1","3","False"
"2982","44","27","85","5","27","44","5","78","-51993.2629611147","17831.0399710234","3657.68261632","3656.4929485321","32","37","2987","2992","-1","3","False"
"2983","44","28","85","5","28","44","5","78","-48633.4333587558","17831.0399710234","3657.68261632","3656.4929485321","33","38","2988","2993","-1","3","False"
"2984","44","29","85","5","29","44","5","78","-45273.6037563968","17831.0399710234","3657.68261632","3656.4929485321","34","39","2989","2994","-1","4","False"
"2985","44","30","85","5","30","44","5","78","-41913.7741540379","17831.0399710234","3657.68261632","3656.4929485321","35","40","2990","2995","3","3","True"
"2986","44","31","85","5","31","44","5","78","-38553.944551679","17831.0399710234","3657.68261632","3656.4929485321","36","41","2991","2996","3","3","True"
"2987","44","32","85","5","32","44","5","78","-35194.1149493201","17831.0399710234","3657.68261632","3656.4929485321","37","42","2992","2997","3","3","True"
"2988","44","33","85","5","33","44","5","78","-31834.2853469612","17831.0399710234","3657.68261632","3656.4929485321","38","43","2993","2998","3","3","True"
"2989","44","34","85","5","34","44","5","78","-28474.4557446023","17831.0399710234","3657.68261632","3656.4929485321","39","44","2994","2999","3","4","True"
"2990","44","35","85","5","35","44","5","78","-25114.6261422433","17831.0399710234","3657.68261632","3656.4929485321","40","45","2995","3000","-1","3","False"
"2991","44","36","85","5","36","44","5","78","-21754.7965398844","17831.0399710234","3657.68261632","3656.4929485321","41","46","2996","3001","-1","3","False"
"2992","44","37","85","5","37","44","5","78","-18394.9669375255","17831.0399710234","3657.68261632","3656.4929485321","42","47","2997","3002","-1","3","False"
"2993","44","38","85","5","38","44","5","78","-15035.1373351666","17831.0399710234","3657.68261632","3656.4929485321","43","48","2998","3003","-1","3","False"
"2994","44","39","85","5","39","44","5","78","-11675.3077328077","17831.0399710234","3657.68261632","3656.4929485321","44","49","2999","3004","-1","4","False"
"2995","44","40","85","5","40","44","5","78","-8315.47813044874","17831.0399710234","3657.68261632","3656.4929485321","45","50","3000","3005","-1","3","False"
"2996","44","41","85","5","41","44","5","78","-4955.64852808984","17831.0399710234","3657.68261632","3656.4929485321","46","51","3001","3006","-1","3","False"
"2997","44","42","85","5","42","44","5","78","-1595.81892573092","17831.0399710234","3657.68261632","3656.4929485321","47","52","3002","3007","-1","3","False"
"2998","44","43","85","5","43","44","5","78","1764.01067662801","17831.0399710234","3657.68261632","3656.4929485321","48","53","3003","3008","-1","3","False"
"2999","44","44","85","5","44","44","5","78","5123.84027898691","17831.0399710234","3657.68261632","3656.4929485321","49","54","3004","3009","-1","4","False"
"3000","44","45","85","5","45","44","5","78","8483.66988134584","17831.0399710234","3657.68261632","3656.4929485321","50","55","3005","3010","3","3","True"
"3001","44","46","85","5","46","44","5","78","11843.4994837047","17831.0399710234","3657.68261632","3656.4929485321","51","56","3006","3011","3","3","True"
"3002","44","47","85","5","47","44","5","78","15203.3290860637","17831.0399710234","3657.68261632","3656.4929485321","52","57","3007","3012","3","3","True"
"3003","44","48","85","5","48","44","5","78","18563.1586884226","17831.0399710234","3657.68261632","3656.4929485321","53","58","3008","3013","3","3","True"
"3004","44","49","85","5","49","44","5","78","21922.9882907815","17831.0399710234","3657.68261632","3656.4929485321","54","59","3009","3014","3","4","True"
"3005","44","50","85","5","50","44","5","78","25282.8178931404","17831.0399710234","3657.68261632","3656.4929485321","55","60","3010","3015","-1","3","False"
"3006","44","51","85","5","51","44","5","78","28642.6474954993","17831.0399710234","3657.68261632","3656.4929485321","56","61","3011","3016","-1","3","False"
"3007","44","52","85","5","52","44","5","78","32002.4770978583","17831.0399710234","3657.68261632","3656.4929485321","57","62","3012","3017","-1","3","False"
"3008","44","53","85","5","53","44","5","78","35362.3067002172","17831.0399710234","3657.68261632","3656.4929485321","58","63","3013","3018","-1","3","False"
"3009","44","54","85","5","54","44","5","78","38722.1363025761","17831.0399710234","3657.68261632","3656.4929485321","59","64","3014","3019","-1","4","False"
"3010","44","55","85","5","55","44","5","78","42081.965904935","17831.0399710234","3657.68261632","3656.4929485321","60","65","3015","3020","-1","3","False"
"3011","44","56","85","5","56","44","5","78","45441.7955072939","17831.0399710234","3657.68261632","3656.4929485321","61","66","3016","3021","-1","3","False"
"3012","44","57","85","5","57","44","5","78","48801.6251096528","17831.0399710234","3657.68261632","3656.4929485321","62","67","3017","3022","-1","3","False"
"3013","44","58","85","5","58","44","5","78","52161.4547120117","17831.0399710234","3657.68261632","3656.4929485321","63","68","3018","3023","-1","3","False"
"3014","44","59","85","5","59","44","5","78","55521.2843143707","17831.0399710234","3657.68261632","3656.4929485321","64","69","3019","3024","-1","4","False"
"3015","44","60","85","5","60","44","5","78","58881.1139167296","17831.0399710234","3657.68261632","3656.4929485321","65","70","3020","3025","3","3","True"
"3016","44","61","85","5","61","44","5","78","62240.9435190885","17831.0399710234","3657.68261632","3656.4929485321","66","71","3021","3026","3","3","True"
"3017","44","62","85","5","62","44","5","78","65600.7731214474","17831.0399710234","3657.68261632","3656.4929485321","67","72","3022","3027","3","3","True"
"3018","44","63","85","5","63","44","5","78","68960.6027238063","17831.0399710234","3657.68261632","3656.4929485321","68","73","3023","3028","3","3","True"
"3019","44","64","85","5","64","44","5","78","72320.4323261653","17831.0399710234","3657.68261632","3656.4929485321","69","74","3024","3029","3","4","True"
"3020","44","65","85","5","65","44","5","78","75680.2619285242","17831.0399710234","3657.68261632","3656.4929485321","70","75","3025","3030","-1","3","False"
"3021","44","66","85","5","66","44","5","78","79040.0915308831","17831.0399710234","3657.68261632","3656.4929485321","71","76","3026","3031","-1","3","False"
"3022","44","67","85","5","67","44","5","78","82399.921133242","17831.0399710234","3657.68261632","3656.4929485321","72","77","3027","3032","-1","3","False"
"3023","44","68","85","5","68","44","5","78","85759.7507356009","17831.0399710234","3657.68261632","3656.4929485321","73","78","3028","3033","-1","3","False"
"3024","44","69","85","5","69","44","5","78","89119.5803379599","17831.0399710234","3657.68261632","3656.4929485321","74","79","3029","3034","-1","4","False"
"3025","44","70","85","5","70","44","5","78","92479.4099403188","17831.0399710234","3657.68261632","3656.4929485321","75","80","3030","3035","-1","3","False"
"3026","44","71","85","5","71","44","5","78","95839.2395426777","17831.0399710234","3657.68261632","3656.4929485321","76","81","3031","3036","-1","3","False"
"3027","44","72","85","5","72","44","5","78","99199.0691450366","17831.0399710234","3657.68261632","3656.4929485321","77","82","3032","3037","-1","3","False"
"3028","44","73","85","5","73","44","5","78","102558.898747396","17831.0399710234","3657.68261632","3656.4929485321","78","83","3033","3038","-1","3","False"
"3029","44","74","85","5","74","44","5","78","105918.728349754","17831.0399710234","3657.68261632","3656.4929485321","79","84","3034","3039","-1","4","False"
"3030","44","75","85","5","75","44","5","78","109278.557952113","17831.0399710234","3657.68261632","3656.4929485321","65","70","3020","3025","-1","3","False"
"3031","44","76","85","5","76","44","5","78","112638.387554472","17831.0399710234","3657.68261632","3656.4929485321","66","71","3021","3026","-1","3","False"
"3032","44","77","85","5","77","44","5","78","115998.217156831","17831.0399710234","3657.68261632","3656.4929485321","67","72","3022","3027","-1","3","False"
"3033","44","78","85","5","78","44","5","78","119358.04675919","17831.0399710234","3657.68261632","3656.4929485321","68","73","3023","3028","-1","3","False"
"3034","44","79","85","5","79","44","5","78","122717.876361549","17831.0399710234","3657.68261632","3656.4929485321","69","74","3024","3029","-1","4","False"
"3035","44","80","85","5","80","44","5","78","126077.705963908","17831.0399710234","3657.68261632","3656.4929485321","70","75","3025","3030","2","3","True"
"3036","44","81","85","5","81","44","5","78","129437.535566267","17831.0399710234","3657.68261632","3656.4929485321","71","76","3026","3031","2","3","True"
"3037","44","82","85","5","82","44","5","78","132797.365168626","17831.0399710234","3657.68261632","3656.4929485321","72","77","3027","3032","2","3","True"
"3038","44","83","85","5","83","44","5","78","136157.194770985","17831.0399710234","3657.68261632","3656.4929485321","73","78","3028","3033","2","3","True"
"3039","44","84","85","5","84","44","5","78","139517.024373344","17831.0399710234","3657.68261632","3656.4929485321","74","79","3029","3034","2","3","True"
"3040","45","0","85","5","84","45","5","78","139517.024373344","21474.4821249541","3657.68261632","3656.4929485321","5","10","3045","3050","3","2","True"
"3041","45","1","85","5","83","45","5","78","136157.194770985","21474.4821249541","3657.68261632","3656.4929485321","6","11","3046","3051","3","3","True"
"3042","45","2","85","5","82","45","5","78","132797.365168626","21474.4821249541","3657.68261632","3656.4929485321","7","12","3047","3052","3","3","True"
"3043","45","3","85","5","81","45","5","78","129437.535566267","21474.4821249541","3657.68261632","3656.4929485321","8","13","3048","3053","3","3","True"
"3044","45","4","85","5","80","45","5","78","126077.705963908","21474.4821249541","3657.68261632","3656.4929485321","9","14","3049","3054","3","3","True"
"3045","45","5","85","5","79","45","5","78","122717.876361549","21474.4821249541","3657.68261632","3656.4929485321","10","15","3050","3055","-1","5","False"
"3046","45","6","85","5","78","45","5","78","119358.04675919","21474.4821249541","3657.68261632","3656.4929485321","11","16","3051","3056","-1","4","False"
"3047","45","7","85","5","77","45","5","78","115998.217156831","21474.4821249541","3657.68261632","3656.4929485321","12","17","3052","3057","-1","4","False"
"3048","45","8","85","5","76","45","5","78","112638.387554472","21474.4821249541","3657.68261632","3656.4929485321","13","18","3053","3058","-1","4","False"
"3049","45","9","85","5","75","45","5","78","109278.557952113","21474.4821249541","3657.68261632","3656.4929485321","14","19","3054","3059","-1","4","False"
"3050","45","10","85","5","74","45","5","78","105918.728349754","21474.4821249541","3657.68261632","3656.4929485321","15","20","3055","3060","-1","6","False"
"3051","45","11","85","5","73","45","5","78","102558.898747396","21474.4821249541","3657.68261632","3656.4929485321","16","21","3056","3061","-1","4","False"
"3052","45","12","85","5","72","45","5","78","99199.0691450366","21474.4821249541","3657.68261632","3656.4929485321","17","22","3057","3062","-1","4","False"
"3053","45","13","85","5","71","45","5","78","95839.2395426777","21474.4821249541","3657.68261632","3656.4929485321","18","23","3058","3063","-1","4","False"
"3054","45","14","85","5","70","45","5","78","92479.4099403188","21474.4821249541","3657.68261632","3656.4929485321","19","24","3059","3064","-1","4","False"
"3055","45","15","85","5","69","45","5","78","89119.5803379599","21474.4821249541","3657.68261632","3656.4929485321","20","25","3060","3065","3","6","True"
"3056","45","16","85","5","68","45","5","78","85759.7507356009","21474.4821249541","3657.68261632","3656.4929485321","21","26","3061","3066","3","4","True"
"3057","45","17","85","5","67","45","5","78","82399.921133242","21474.4821249541","3657.68261632","3656.4929485321","22","27","3062","3067","3","4","True"
"3058","45","18","85","5","66","45","5","78","79040.0915308831","21474.4821249541","3657.68261632","3656.4929485321","23","28","3063","3068","3","4","True"
"3059","45","19","85","5","65","45","5","78","75680.2619285242","21474.4821249541","3657.68261632","3656.4929485321","24","29","3064","3069","3","4","True"
"3060","45","20","85","5","64","45","5","78","72320.4323261653","21474.4821249541","3657.68261632","3656.4929485321","25","30","3065","3070","-1","6","False"
"3061","45","21","85","5","63","45","5","78","68960.6027238063","21474.4821249541","3657.68261632","3656.4929485321","26","31","3066","3071","-1","4","False"
"3062","45","22","85","5","62","45","5","78","65600.7731214474","21474.4821249541","3657.68261632","3656.4929485321","27","32","3067","3072","-1","4","False"
"3063","45","23","85","5","61","45","5","78","62240.9435190885","21474.4821249541","3657.68261632","3656.4929485321","28","33","3068","3073","-1","4","False"
"3064","45","24","85","5","60","45","5","78","58881.1139167296","21474.4821249541","3657.68261632","3656.4929485321","29","34","3069","3074","-1","4","False"
"3065","45","25","85","5","59","45","5","78","55521.2843143707","21474.4821249541","3657.68261632","3656.4929485321","30","35","3070","3075","-1","6","False"
"3066","45","26","85","5","58","45","5","78","52161.4547120117","21474.4821249541","3657.68261632","3656.4929485321","31","36","3071","3076","-1","4","False"
"3067","45","27","85","5","57","45","5","78","48801.6251096528","21474.4821249541","3657.68261632","3656.4929485321","32","37","3072","3077","-1","4","False"
"3068","45","28","85","5","56","45","5","78","45441.7955072939","21474.4821249541","3657.68261632","3656.4929485321","33","38","3073","3078","-1","4","False"
"3069","45","29","85","5","55","45","5","78","42081.965904935","21474.4821249541","3657.68261632","3656.4929485321","34","39","3074","3079","-1","4","False"
"3070","45","30","85","5","54","45","5","78","38722.1363025761","21474.4821249541","3657.68261632","3656.4929485321","35","40","3075","3080","3","6","True"
"3071","45","31","85","5","53","45","5","78","35362.3067002172","21474.4821249541","3657.68261632","3656.4929485321","36","41","3076","3081","3","4","True"
"3072","45","32","85","5","52","45","5","78","32002.4770978583","21474.4821249541","3657.68261632","3656.4929485321","37","42","3077","3082","3","4","True"
"3073","45","33","85","5","51","45","5","78","28642.6474954993","21474.4821249541","3657.68261632","3656.4929485321","38","43","3078","3083","3","4","True"
"3074","45","34","85","5","50","45","5","78","25282.8178931404","21474.4821249541","3657.68261632","3656.4929485321","39","44","3079","3084","3","4","True"
"3075","45","35","85","5","49","45","5","78","21922.9882907815","21474.4821249541","3657.68261632","3656.4929485321","40","45","3080","3085","-1","6","False"
"3076","45","36","85","5","48","45","5","78","18563.1586884226","21474.4821249541","3657.68261632","3656.4929485321","41","46","3081","3086","-1","4","False"
"3077","45","37","85","5","47","45","5","78","15203.3290860637","21474.4821249541","3657.68261632","3656.4929485321","42","47","3082","3087","-1","4","False"
"3078","45","38","85","5","46","45","5","78","11843.4994837047","21474.4821249541","3657.68261632","3656.4929485321","43","48","3083","3088","-1","4","False"
"3079","45","39","85","5","45","45","5","78","8483.66988134584","21474.4821249541","3657.68261632","3656.4929485321","44","49","3084","3089","-1","4","False"
"3080","45","40","85","5","44","45","5","78","5123.84027898691","21474.4821249541","3657.68261632","3656.4929485321","45","50","3085","3090","-1","6","False"
"3081","45","41","85","5","43","45","5","78","1764.01067662801","21474.4821249541","3657.68261632","3656.4929485321","46","51","3086","3091","-1","4","False"
"3082","45","42","85","5","42","45","5","78","-1595.81892573092","21474.4821249541","3657.68261632","3656.4929485321","47","52","3087","3092","-1","4","False"
"3083","45","43","85","5","41","45","5","78","-4955.64852808984","21474.4821249541","3657.68261632","3656.4929485321","48","53","3088","3093","-1","4","False"
"3084","45","44","85","5","40","45","5","78","-8315.47813044874","21474.4821249541","3657.68261632","3656.4929485321","49","54","3089","3094","-1","4","False"
"3085","45","45","85","5","39","45","5","78","-11675.3077328077","21474.4821249541","3657.68261632","3656.4929485321","50","55","3090","3095","3","6","True"
"3086","45","46","85","5","38","45","5","78","-15035.1373351666","21474.4821249541","3657.68261632","3656.4929485321","51","56","3091","3096","3","4","True"
"3087","45","47","85","5","37","45","5","78","-18394.9669375255","21474.4821249541","3657.68261632","3656.4929485321","52","57","3092","3097","3","4","True"
"3088","45","48","85","5","36","45","5","78","-21754.7965398844","21474.4821249541","3657.68261632","3656.4929485321","53","58","3093","3098","3","4","True"
"3089","45","49","85","5","35","45","5","78","-25114.6261422433","21474.4821249541","3657.68261632","3656.4929485321","54","59","3094","3099","3","4","True"
"3090","45","50","85","5","34","45","5","78","-28474.4557446023","21474.4821249541","3657.68261632","3656.4929485321","55","60","3095","3100","-1","6","False"
"3091","45","51","85","5","33","45","5","78","-31834.2853469612","21474.4821249541","3657.68261632","3656.4929485321","56","61","3096","3101","-1","4","False"
"3092","45","52","85","5","32","45","5","78","-35194.1149493201","21474.4821249541","3657.68261632","3656.4929485321","57","62","3097","3102","-1","4","False"
"3093","45","53","85","5","31","45","5","78","-38553.944551679","21474.4821249541","3657.68261632","3656.4929485321","58","63","3098","3103","-1","4","False"
"3094","45","54","85","5","30","45","5","78","-41913.7741540379","21474.4821249541","3657.68261632","3656.4929485321","59","64","3099","3104","-1","4","False"
"3095","45","55","85","5","29","45","5","78","-45273.6037563968","21474.4821249541","3657.68261632","3656.4929485321","60","65","3100","3105","-1","6","False"
"3096","45","56","85","5","28","45","5","78","-48633.4333587558","21474.4821249541","3657.68261632","3656.4929485321","61","66","3101","3106","-1","4","False"
"3097","45","57","85","5","27","45","5","78","-51993.2629611147","21474.4821249541","3657.68261632","3656.4929485321","62","67","3102","3107","-1","4","False"
"3098","45","58","85","5","26","45","5","78","-55353.0925634736","21474.4821249541","3657.68261632","3656.4929485321","63","68","3103","3108","-1","4","False"
"3099","45","59","85","5","25","45","5","78","-58712.9221658325","21474.4821249541","3657.68261632","3656.4929485321","64","69","3104","3109","-1","4","False"
"3100","45","60","85","5","24","45","5","78","-62072.7517681914","21474.4821249541","3657.68261632","3656.4929485321","65","70","3105","3110","3","6","True"
"3101","45","61","85","5","23","45","5","78","-65432.5813705503","21474.4821249541","3657.68261632","3656.4929485321","66","71","3106","3111","3","4","True"
"3102","45","62","85","5","22","45","5","78","-68792.4109729092","21474.4821249541","3657.68261632","3656.4929485321","67","72","3107","3112","3","4","True"
"3103","45","63","85","5","21","45","5","78","-72152.2405752682","21474.4821249541","3657.68261632","3656.4929485321","68","73","3108","3113","3","4","True"
"3104","45","64","85","5","20","45","5","78","-75512.0701776271","21474.4821249541","3657.68261632","3656.4929485321","69","74","3109","3114","3","4","True"
"3105","45","65","85","5","19","45","5","78","-78871.899779986","21474.4821249541","3657.68261632","3656.4929485321","70","75","3110","3115","-1","6","False"
"3106","45","66","85","5","18","45","5","78","-82231.7293823449","21474.4821249541","3657.68261632","3656.4929485321","71","76","3111","3116","-1","4","False"
"3107","45","67","85","5","17","45","5","78","-85591.5589847038","21474.4821249541","3657.68261632","3656.4929485321","72","77","3112","3117","-1","4","False"
"3108","45","68","85","5","16","45","5","78","-88951.3885870628","21474.4821249541","3657.68261632","3656.4929485321","73","78","3113","3118","-1","4","False"
"3109","45","69","85","5","15","45","5","78","-92311.2181894217","21474.4821249541","3657.68261632","3656.4929485321","74","79","3114","3119","-1","4","False"
"3110","45","70","85","5","14","45","5","78","-95671.0477917806","21474.4821249541","3657.68261632","3656.4929485321","75","80","3115","3120","-1","6","False"
"3111","45","71","85","5","13","45","5","78","-99030.8773941395","21474.4821249541","3657.68261632","3656.4929485321","76","81","3116","3121","-1","4","False"
"3112","45","72","85","5","12","45","5","78","-102390.706996498","21474.4821249541","3657.68261632","3656.4929485321","77","82","3117","3122","-1","4","False"
"3113","45","73","85","5","11","45","5","78","-105750.536598857","21474.4821249541","3657.68261632","3656.4929485321","78","83","3118","3123","-1","4","False"
"3114","45","74","85","5","10","45","5","78","-109110.366201216","21474.4821249541","3657.68261632","3656.4929485321","79","84","3119","3124","-1","4","False"
"3115","45","75","85","5","9","45","5","78","-112470.195803575","21474.4821249541","3657.68261632","3656.4929485321","65","70","3105","3110","-1","6","False"
"3116","45","76","85","5","8","45","5","78","-115830.025405934","21474.4821249541","3657.68261632","3656.4929485321","66","71","3106","3111","-1","4","False"
"3117","45","77","85","5","7","45","5","78","-119189.855008293","21474.4821249541","3657.68261632","3656.4929485321","67","72","3107","3112","-1","4","False"
"3118","45","78","85","5","6","45","5","78","-122549.684610652","21474.4821249541","3657.68261632","3656.4929485321","68","73","3108","3113","-1","4","False"
"3119","45","79","85","5","5","45","5","78","-125909.514213011","21474.4821249541","3657.68261632","3656.4929485321","69","74","3109","3114","-1","4","False"
"3120","45","80","85","5","4","45","5","78","-129269.34381537","21474.4821249541","3657.68261632","3656.4929485321","70","75","3110","3115","2","6","True"
"3121","45","81","85","5","3","45","5","78","-132629.173417729","21474.4821249541","3657.68261632","3656.4929485321","71","76","3111","3116","2","4","True"
"3122","45","82","85","5","2","45","5","78","-135989.003020088","21474.4821249541","3657.68261632","3656.4929485321","72","77","3112","3117","2","4","True"
"3123","45","83","85","5","1","45","5","78","-139348.832622446","21474.4821249541","3657.68261632","3656.4929485321","73","78","3113","3118","2","4","True"
"3124","45","84","85","5","0","45","5","78","-142708.662224805","21474.4821249541","3657.68261632","3656.4929485321","74","79","3114","3119","2","4","True"
"3125","46","0","80","5","0","46","5","78","-142708.662224805","25117.9261862334","3657.68261632","3656.4929485321","5","10","3130","3135","3","2","True"
"3126","46","1","80","5","1","46","5","78","-139348.832622446","25117.9261862334","3657.68261632","3656.4929485321","6","11","3131","3136","3","3","True"
"3127","46","2","80","5","2","46","5","78","-135989.003020088","25117.9261862334","3657.68261632","3656.4929485321","7","12","3132","3137","3","3","True"
"3128","46","3","80","5","3","46","5","78","-132629.173417729","25117.9261862334","3657.68261632","3656.4929485321","8","13","3133","3138","3","3","True"
"3129","46","4","80","5","4","46","5","78","-129269.34381537","25117.9261862334","3657.68261632","3656.4929485321","9","14","3134","3139","3","4","True"
"3130","46","5","80","5","5","46","5","78","-125909.514213011","25117.9261862334","3657.68261632","3656.4929485321","10","15","3135","3140","-1","3","False"
"3131","46","6","80","5","6","46","5","78","-122549.684610652","25117.9261862334","3657.68261632","3656.4929485321","11","16","3136","3141","-1","3","False"
"3132","46","7","80","5","7","46","5","78","-119189.855008293","25117.9261862334","3657.68261632","3656.4929485321","12","17","3137","3142","-1","3","False"
"3133","46","8","80","5","8","46","5","78","-115830.025405934","25117.9261862334","3657.68261632","3656.4929485321","13","18","3138","3143","-1","3","False"
"3134","46","9","80","5","9","46","5","78","-112470.195803575","25117.9261862334","3657.68261632","3656.4929485321","14","19","3139","3144","-1","4","False"
"3135","46","10","80","5","10","46","5","78","-109110.366201216","25117.9261862334","3657.68261632","3656.4929485321","15","20","3140","3145","-1","3","False"
"3136","46","11","80","5","11","46","5","78","-105750.536598857","25117.9261862334","3657.68261632","3656.4929485321","16","21","3141","3146","-1","3","False"
"3137","46","12","80","5","12","46","5","78","-102390.706996498","25117.9261862334","3657.68261632","3656.4929485321","17","22","3142","3147","-1","3","False"
"3138","46","13","80","5","13","46","5","78","-99030.8773941395","25117.9261862334","3657.68261632","3656.4929485321","18","23","3143","3148","-1","3","False"
"3139","46","14","80","5","14","46","5","78","-95671.0477917806","25117.9261862334","3657.68261632","3656.4929485321","19","24","3144","3149","-1","4","False"
"3140","46","15","80","5","15","46","5","78","-92311.2181894217","25117.9261862334","3657.68261632","3656.4929485321","20","25","3145","3150","3","3","True"
"3141","46","16","80","5","16","46","5","78","-88951.3885870628","25117.9261862334","3657.68261632","3656.4929485321","21","26","3146","3151","3","3","True"
"3142","46","17","80","5","17","46","5","78","-85591.5589847038","25117.9261862334","3657.68261632","3656.4929485321","22","27","3147","3152","3","3","True"
"3143","46","18","80","5","18","46","5","78","-82231.7293823449","25117.9261862334","3657.68261632","3656.4929485321","23","28","3148","3153","3","3","True"
"3144","46","19","80","5","19","46","5","78","-78871.899779986","25117.9261862334","3657.68261632","3656.4929485321","24","29","3149","3154","3","4","True"
"3145","46","20","80","5","20","46","5","78","-75512.0701776271","25117.9261862334","3657.68261632","3656.4929485321","25","30","3150","3155","-1","3","False"
"3146","46","21","80","5","21","46","5","78","-72152.2405752682","25117.9261862334","3657.68261632","3656.4929485321","26","31","3151","3156","-1","3","False"
"3147","46","22","80","5","22","46","5","78","-68792.4109729092","25117.9261862334","3657.68261632","3656.4929485321","27","32","3152","3157","-1","3","False"
"3148","46","23","80","5","23","46","5","78","-65432.5813705503","25117.9261862334","3657.68261632","3656.4929485321","28","33","3153","3158","-1","3","False"
"3149","46","24","80","5","24","46","5","78","-62072.7517681914","25117.9261862334","3657.68261632","3656.4929485321","29","34","3154","3159","-1","4","False"
"3150","46","25","80","5","25","46","5","78","-58712.9221658325","25117.9261862334","3657.68261632","3656.4929485321","30","35","3155","3160","-1","3","False"
"3151","46","26","80","5","26","46","5","78","-55353.0925634736","25117.9261862334","3657.68261632","3656.4929485321","31","36","3156","3161","-1","3","False"
"3152","46","27","80","5","27","46","5","78","-51993.2629611147","25117.9261862334","3657.68261632","3656.4929485321","32","37","3157","3162","-1","3","False"
"3153","46","28","80","5","28","46","5","78","-48633.4333587558","25117.9261862334","3657.68261632","3656.4929485321","33","38","3158","3163","-1","3","False"
"3154","46","29","80","5","29","46","5","78","-45273.6037563968","25117.9261862334","3657.68261632","3656.4929485321","34","39","3159","3164","-1","4","False"
"3155","46","30","80","5","30","46","5","78","-41913.7741540379","25117.9261862334","3657.68261632","3656.4929485321","35","40","3160","3165","3","3","True"
"3156","46","31","80","5","31","46","5","78","-38553.944551679","25117.9261862334","3657.68261632","3656.4929485321","36","41","3161","3166","3","3","True"
"3157","46","32","80","5","32","46","5","78","-35194.1149493201","25117.9261862334","3657.68261632","3656.4929485321","37","42","3162","3167","3","3","True"
"3158","46","33","80","5","33","46","5","78","-31834.2853469612","25117.9261862334","3657.68261632","3656.4929485321","38","43","3163","3168","3","3","True"
"3159","46","34","80","5","34","46","5","78","-28474.4557446023","25117.9261862334","3657.68261632","3656.4929485321","39","44","3164","3169","3","4","True"
"3160","46","35","80","5","35","46","5","78","-25114.6261422433","25117.9261862334","3657.68261632","3656.4929485321","40","45","3165","3170","-1","3","False"
"3161","46","36","80","5","36","46","5","78","-21754.7965398844","25117.9261862334","3657.68261632","3656.4929485321","41","46","3166","3171","-1","3","False"
"3162","46","37","80","5","37","46","5","78","-18394.9669375255","25117.9261862334","3657.68261632","3656.4929485321","42","47","3167","3172","-1","3","False"
"3163","46","38","80","5","38","46","5","78","-15035.1373351666","25117.9261862334","3657.68261632","3656.4929485321","43","48","3168","3173","-1","3","False"
"3164","46","39","80","5","39","46","5","78","-11675.3077328077","25117.9261862334","3657.68261632","3656.4929485321","44","49","3169","3174","-1","4","False"
"3165","46","40","80","5","40","46","5","78","-8315.47813044874","25117.9261862334","3657.68261632","3656.4929485321","45","50","3170","3175","-1","3","False"
"3166","46","41","80","5","41","46","5","78","-4955.64852808984","25117.9261862334","3657.68261632","3656.4929485321","46","51","3171","3176","-1","3","False"
"3167","46","42","80","5","42","46","5","78","-1595.81892573092","25117.9261862334","3657.68261632","3656.4929485321","47","52","3172","3177","-1","3","False"
"3168","46","43","80","5","43","46","5","78","1764.01067662801","25117.9261862334","3657.68261632","3656.4929485321","48","53","3173","3178","-1","3","False"
"3169","46","44","80","5","44","46","5","78","5123.84027898691","25117.9261862334","3657.68261632","3656.4929485321","49","54","3174","3179","-1","4","False"
"3170","46","45","80","5","45","46","5","78","8483.66988134584","25117.9261862334","3657.68261632","3656.4929485321","50","55","3175","3180","3","3","True"
"3171","46","46","80","5","46","46","5","78","11843.4994837047","25117.9261862334","3657.68261632","3656.4929485321","51","56","3176","3181","3","3","True"
"3172","46","47","80","5","47","46","5","78","15203.3290860637","25117.9261862334","3657.68261632","3656.4929485321","52","57","3177","3182","3","3","True"
"3173","46","48","80","5","48","46","5","78","18563.1586884226","25117.9261862334","3657.68261632","3656.4929485321","53","58","3178","3183","3","3","True"
"3174","46","49","80","5","49","46","5","78","21922.9882907815","25117.9261862334","3657.68261632","3656.4929485321","54","59","3179","3184","3","4","True"
"3175","46","50","80","5","50","46","5","78","25282.8178931404","25117.9261862334","3657.68261632","3656.4929485321","55","60","3180","3185","-1","3","False"
"3176","46","51","80","5","51","46","5","78","28642.6474954993","25117.9261862334","3657.68261632","3656.4929485321","56","61","3181","3186","-1","3","False"
"3177","46","52","80","5","52","46","5","78","32002.4770978583","25117.9261862334","3657.68261632","3656.4929485321","57","62","3182","3187","-1","3","False"
"3178","46","53","80","5","53","46","5","78","35362.3067002172","25117.9261862334","3657.68261632","3656.4929485321","58","63","3183","3188","-1","3","False"
"3179","46","54","80","5","54","46","5","78","38722.1363025761","25117.9261862334","3657.68261632","3656.4929485321","59","64","3184","3189","-1","4","False"
"3180","46","55","80","5","55","46","5","78","42081.965904935","25117.9261862334","3657.68261632","3656.4929485321","60","65","3185","3190","-1","3","False"
"3181","46","56","80","5","56","46","5","78","45441.7955072939","25117.9261862334","3657.68261632","3656.4929485321","61","66","3186","3191","-1","3","False"
"3182","46","57","80","5","57","46","5","78","48801.6251096528","25117.9261862334","3657.68261632","3656.4929485321","62","67","3187","3192","-1","3","False"
"3183","46","58","80","5","58","46","5","78","52161.4547120117","25117.9261862334","3657.68261632","3656.4929485321","63","68","3188","3193","-1","3","False"
"3184","46","59","80","5","59","46","5","78","55521.2843143707","25117.9261862334","3657.68261632","3656.4929485321","64","69","3189","3194","-1","4","False"
"3185","46","60","80","5","60","46","5","78","58881.1139167296","25117.9261862334","3657.68261632","3656.4929485321","65","70","3190","3195","3","3","True"
"3186","46","61","80","5","61","46","5","78","62240.9435190885","25117.9261862334","3657.68261632","3656.4929485321","66","71","3191","3196","3","3","True"
"3187","46","62","80","5","62","46","5","78","65600.7731214474","25117.9261862334","3657.68261632","3656.4929485321","67","72","3192","3197","3","3","True"
"3188","46","63","80","5","63","46","5","78","68960.6027238063","25117.9261862334","3657.68261632","3656.4929485321","68","73","3193","3198","3","3","True"
"3189","46","64","80","5","64","46","5","78","72320.4323261653","25117.9261862334","3657.68261632","3656.4929485321","69","74","3194","3199","3","4","True"
"3190","46","65","80","5","65","46","5","78","75680.2619285242","25117.9261862334","3657.68261632","3656.4929485321","70","75","3195","3200","-1","3","False"
"3191","46","66","80","5","66","46","5","78","79040.0915308831","25117.9261862334","3657.68261632","3656.4929485321","71","76","3196","3201","-1","3","False"
"3192","46","67","80","5","67","46","5","78","82399.921133242","25117.9261862334","3657.68261632","3656.4929485321","72","77","3197","3202","-1","3","False"
"3193","46","68","80","5","68","46","5","78","85759.7507356009","25117.9261862334","3657.68261632","3656.4929485321","73","78","3198","3203","-1","3","False"
"3194","46","69","80","5","69","46","5","78","89119.5803379599","25117.9261862334","3657.68261632","3656.4929485321","74","79","3199","3204","-1","4","False"
"3195","46","70","80","5","70","46","5","78","92479.4099403188","25117.9261862334","3657.68261632","3656.4929485321","60","65","3185","3190","-1","3","False"
"3196","46","71","80","5","71","46","5","78","95839.2395426777","25117.9261862334","3657.68261632","3656.4929485321","61","66","3186","3191","-1","3","False"
"3197","46","72","80","5","72","46","5","78","99199.0691450366","25117.9261862334","3657.68261632","3656.4929485321","62","67","3187","3192","-1","3","False"
"3198","46","73","80","5","73","46","5","78","102558.898747396","25117.9261862334","3657.68261632","3656.4929485321","63","68","3188","3193","-1","3","False"
"3199","46","74","80","5","74","46","5","78","105918.728349754","25117.9261862334","3657.68261632","3656.4929485321","64","69","3189","3194","-1","4","False"
"3200","46","75","80","5","75","46","5","78","109278.557952113","25117.9261862334","3657.68261632","3656.4929485321","65","70","3190","3195","0","3","True"
"3201","46","76","80","5","76","46","5","78","112638.387554472","25117.9261862334","3657.68261632","3656.4929485321","66","71","3191","3196","0","3","True"
"3202","46","77","80","5","77","46","5","78","115998.217156831","25117.9261862334","3657.68261632","3656.4929485321","67","72","3192","3197","0","3","True"
"3203","46","78","80","5","78","46","5","78","119358.04675919","25117.9261862334","3657.68261632","3656.4929485321","68","73","3193","3198","0","3","True"
"3204","46","79","80","5","79","46","5","78","122717.876361549","25117.9261862334","3657.68261632","3656.4929485321","69","74","3194","3199","0","3","True"
"3205","47","0","80","5","79","47","5","78","122717.876361549","28761.3702475127","3657.68261632","3656.4929485321","5","10","3210","3215","3","2","True"
"3206","47","1","80","5","78","47","5","78","119358.04675919","28761.3702475127","3657.68261632","3656.4929485321","6","11","3211","3216","3","3","True"
"3207","47","2","80","5","77","47","5","78","115998.217156831","28761.3702475127","3657.68261632","3656.4929485321","7","12","3212","3217","3","3","True"
"3208","47","3","80","5","76","47","5","78","112638.387554472","28761.3702475127","3657.68261632","3656.4929485321","8","13","3213","3218","3","3","True"
"3209","47","4","80","5","75","47","5","78","109278.557952113","28761.3702475127","3657.68261632","3656.4929485321","9","14","3214","3219","3","3","True"
"3210","47","5","80","5","74","47","5","78","105918.728349754","28761.3702475127","3657.68261632","3656.4929485321","10","15","3215","3220","-1","4","False"
"3211","47","6","80","5","73","47","5","78","102558.898747396","28761.3702475127","3657.68261632","3656.4929485321","11","16","3216","3221","-1","3","False"
"3212","47","7","80","5","72","47","5","78","99199.0691450366","28761.3702475127","3657.68261632","3656.4929485321","12","17","3217","3222","-1","3","False"
"3213","47","8","80","5","71","47","5","78","95839.2395426777","28761.3702475127","3657.68261632","3656.4929485321","13","18","3218","3223","-1","3","False"
"3214","47","9","80","5","70","47","5","78","92479.4099403188","28761.3702475127","3657.68261632","3656.4929485321","14","19","3219","3224","-1","3","False"
"3215","47","10","80","5","69","47","5","78","89119.5803379599","28761.3702475127","3657.68261632","3656.4929485321","15","20","3220","3225","-1","4","False"
"3216","47","11","80","5","68","47","5","78","85759.7507356009","28761.3702475127","3657.68261632","3656.4929485321","16","21","3221","3226","-1","3","False"
"3217","47","12","80","5","67","47","5","78","82399.921133242","28761.3702475127","3657.68261632","3656.4929485321","17","22","3222","3227","-1","3","False"
"3218","47","13","80","5","66","47","5","78","79040.0915308831","28761.3702475127","3657.68261632","3656.4929485321","18","23","3223","3228","-1","3","False"
"3219","47","14","80","5","65","47","5","78","75680.2619285242","28761.3702475127","3657.68261632","3656.4929485321","19","24","3224","3229","-1","3","False"
"3220","47","15","80","5","64","47","5","78","72320.4323261653","28761.3702475127","3657.68261632","3656.4929485321","20","25","3225","3230","3","4","True"
"3221","47","16","80","5","63","47","5","78","68960.6027238063","28761.3702475127","3657.68261632","3656.4929485321","21","26","3226","3231","3","3","True"
"3222","47","17","80","5","62","47","5","78","65600.7731214474","28761.3702475127","3657.68261632","3656.4929485321","22","27","3227","3232","3","3","True"
"3223","47","18","80","5","61","47","5","78","62240.9435190885","28761.3702475127","3657.68261632","3656.4929485321","23","28","3228","3233","3","3","True"
"3224","47","19","80","5","60","47","5","78","58881.1139167296","28761.3702475127","3657.68261632","3656.4929485321","24","29","3229","3234","3","3","True"
"3225","47","20","80","5","59","47","5","78","55521.2843143707","28761.3702475127","3657.68261632","3656.4929485321","25","30","3230","3235","-1","4","False"
"3226","47","21","80","5","58","47","5","78","52161.4547120117","28761.3702475127","3657.68261632","3656.4929485321","26","31","3231","3236","-1","3","False"
"3227","47","22","80","5","57","47","5","78","48801.6251096528","28761.3702475127","3657.68261632","3656.4929485321","27","32","3232","3237","-1","3","False"
"3228","47","23","80","5","56","47","5","78","45441.7955072939","28761.3702475127","3657.68261632","3656.4929485321","28","33","3233","3238","-1","3","False"
"3229","47","24","80","5","55","47","5","78","42081.965904935","28761.3702475127","3657.68261632","3656.4929485321","29","34","3234","3239","-1","3","False"
"3230","47","25","80","5","54","47","5","78","38722.1363025761","28761.3702475127","3657.68261632","3656.4929485321","30","35","3235","3240","-1","4","False"
"3231","47","26","80","5","53","47","5","78","35362.3067002172","28761.3702475127","3657.68261632","3656.4929485321","31","36","3236","3241","-1","3","False"
"3232","47","27","80","5","52","47","5","78","32002.4770978583","28761.3702475127","3657.68261632","3656.4929485321","32","37","3237","3242","-1","3","False"
"3233","47","28","80","5","51","47","5","78","28642.6474954993","28761.3702475127","3657.68261632","3656.4929485321","33","38","3238","3243","-1","3","False"
"3234","47","29","80","5","50","47","5","78","25282.8178931404","28761.3702475127","3657.68261632","3656.4929485321","34","39","3239","3244","-1","3","False"
"3235","47","30","80","5","49","47","5","78","21922.9882907815","28761.3702475127","3657.68261632","3656.4929485321","35","40","3240","3245","3","4","True"
"3236","47","31","80","5","48","47","5","78","18563.1586884226","28761.3702475127","3657.68261632","3656.4929485321","36","41","3241","3246","3","3","True"
"3237","47","32","80","5","47","47","5","78","15203.3290860637","28761.3702475127","3657.68261632","3656.4929485321","37","42","3242","3247","3","3","True"
"3238","47","33","80","5","46","47","5","78","11843.4994837047","28761.3702475127","3657.68261632","3656.4929485321","38","43","3243","3248","3","3","True"
"3239","47","34","80","5","45","47","5","78","8483.66988134584","28761.3702475127","3657.68261632","3656.4929485321","39","44","3244","3249","3","3","True"
"3240","47","35","80","5","44","47","5","78","5123.84027898691","28761.3702475127","3657.68261632","3656.4929485321","40","45","3245","3250","-1","4","False"
"3241","47","36","80","5","43","47","5","78","1764.01067662801","28761.3702475127","3657.68261632","3656.4929485321","41","46","3246","3251","-1","3","False"
"3242","47","37","80","5","42","47","5","78","-1595.81892573092","28761.3702475127","3657.68261632","3656.4929485321","42","47","3247","3252","-1","3","False"
"3243","47","38","80","5","41","47","5","78","-4955.64852808984","28761.3702475127","3657.68261632","3656.4929485321","43","48","3248","3253","-1","3","False"
"3244","47","39","80","5","40","47","5","78","-8315.47813044874","28761.3702475127","3657.68261632","3656.4929485321","44","49","3249","3254","-1","3","False"
"3245","47","40","80","5","39","47","5","78","-11675.3077328077","28761.3702475127","3657.68261632","3656.4929485321","45","50","3250","3255","-1","4","False"
"3246","47","41","80","5","38","47","5","78","-15035.1373351666","28761.3702475127","3657.68261632","3656.4929485321","46","51","3251","3256","-1","3","False"
"3247","47","42","80","5","37","47","5","78","-18394.9669375255","28761.3702475127","3657.68261632","3656.4929485321","47","52","3252","3257","-1","3","False"
"3248","47","43","80","5","36","47","5","78","-21754.7965398844","28761.3702475127","3657.68261632","3656.4929485321","48","53","3253","3258","-1","3","False"
"3249","47","44","80","5","35","47","5","78","-25114.6261422433","28761.3702475127","3657.68261632","3656.4929485321","49","54","3254","3259","-1","3","False"
"3250","47","45","80","5","34","47","5","78","-28474.4557446023","28761.3702475127","3657.68261632","3656.4929485321","50","55","3255","3260","3","4","True"
"3251","47","46","80","5","33","47","5","78","-31834.2853469612","28761.3702475127","3657.68261632","3656.4929485321","51","56","3256","3261","3","3","True"
"3252","47","47","80","5","32","47","5","78","-35194.1149493201","28761.3702475127","3657.68261632","3656.4929485321","52","57","3257","3262","3","3","True"
"3253","47","48","80","5","31","47","5","78","-38553.944551679","28761.3702475127","3657.68261632","3656.4929485321","53","58","3258","3263","3","3","True"
"3254","47","49","80","5","30","47","5","78","-41913.7741540379","28761.3702475127","3657.68261632","3656.4929485321","54","59","3259","3264","3","3","True"
"3255","47","50","80","5","29","47","5","78","-45273.6037563968","28761.3702475127","3657.68261632","3656.4929485321","55","60","3260","3265","-1","4","False"
"3256","47","51","80","5","28","47","5","78","-48633.4333587558","28761.3702475127","3657.68261632","3656.4929485321","56","61","3261","3266","-1","3","False"
"3257","47","52","80","5","27","47","5","78","-51993.2629611147","28761.3702475127","3657.68261632","3656.4929485321","57","62","3262","3267","-1","3","False"
"3258","47","53","80","5","26","47","5","78","-55353.0925634736","28761.3702475127","3657.68261632","3656.4929485321","58","63","3263","3268","-1","3","False"
"3259","47","54","80","5","25","47","5","78","-58712.9221658325","28761.3702475127","3657.68261632","3656.4929485321","59","64","3264","3269","-1","3","False"
"3260","47","55","80","5","24","47","5","78","-62072.7517681914","28761.3702475127","3657.68261632","3656.4929485321","60","65","3265","3270","-1","4","False"
"3261","47","56","80","5","23","47","5","78","-65432.5813705503","28761.3702475127","3657.68261632","3656.4929485321","61","66","3266","3271","-1","3","False"
"3262","47","57","80","5","22","47","5","78","-68792.4109729092","28761.3702475127","3657.68261632","3656.4929485321","62","67","3267","3272","-1","3","False"
"3263","47","58","80","5","21","47","5","78","-72152.2405752682","28761.3702475127","3657.68261632","3656.4929485321","63","68","3268","3273","-1","3","False"
"3264","47","59","80","5","20","47","5","78","-75512.0701776271","28761.3702475127","3657.68261632","3656.4929485321","64","69","3269","3274","-1","3","False"
"3265","47","60","80","5","19","47","5","78","-78871.899779986","28761.3702475127","3657.68261632","3656.4929485321","65","70","3270","3275","3","4","True"
"3266","47","61","80","5","18","47","5","78","-82231.7293823449","28761.3702475127","3657.68261632","3656.4929485321","66","71","3271","3276","3","3","True"
"3267","47","62","80","5","17","47","5","78","-85591.5589847038","28761.3702475127","3657.68261632","3656.4929485321","67","72","3272","3277","3","3","True"
"3268","47","63","80","5","16","47","5","78","-88951.3885870628","28761.3702475127","3657.68261632","3656.4929485321","68","73","3273","3278","3","3","True"
"3269","47","64","80","5","15","47","5","78","-92311.2181894217","28761.3702475127","3657.68261632","3656.4929485321","69","74","3274","3279","3","3","True"
"3270","47","65","80","5","14","47","5","78","-95671.0477917806","28761.3702475127","3657.68261632","3656.4929485321","70","75","3275","3280","-1","4","False"
"3271","47","66","80","5","13","47","5","78","-99030.8773941395","28761.3702475127","3657.68261632","3656.4929485321","71","76","3276","3281","-1","3","False"
"3272","47","67","80","5","12","47","5","78","-102390.706996498","28761.3702475127","3657.68261632","3656.4929485321","72","77","3277","3282","-1","3","False"
"3273","47","68","80","5","11","47","5","78","-105750.536598857","28761.3702475127","3657.68261632","3656.4929485321","73","78","3278","3283","-1","3","False"
"3274","47","69","80","5","10","47","5","78","-109110.366201216","28761.3702475127","3657.68261632","3656.4929485321","74","79","3279","3284","-1","3","False"
"3275","47","70","80","5","9","47","5","78","-112470.195803575","28761.3702475127","3657.68261632","3656.4929485321","60","65","3265","3270","-1","4","False"
"3276","47","71","80","5","8","47","5","78","-115830.025405934","28761.3702475127","3657.68261632","3656.4929485321","61","66","3266","3271","-1","3","False"
"3277","47","72","80","5","7","47","5","78","-119189.855008293","28761.3702475127","3657.68261632","3656.4929485321","62","67","3267","3272","-1","3","False"
"3278","47","73","80","5","6","47","5","78","-122549.684610652","28761.3702475127","3657.68261632","3656.4929485321","63","68","3268","3273","-1","3","False"
"3279","47","74","80","5","5","47","5","78","-125909.514213011","28761.3702475127","3657.68261632","3656.4929485321","64","69","3269","3274","-1","3","False"
"3280","47","75","80","5","4","47","5","78","-129269.34381537","28761.3702475127","3657.68261632","3656.4929485321","65","70","3270","3275","0","4","True"
"3281","47","76","80","5","3","47","5","78","-132629.173417729","28761.3702475127","3657.68261632","3656.4929485321","66","71","3271","3276","0","3","True"
"3282","47","77","80","5","2","47","5","78","-135989.003020088","28761.3702475127","3657.68261632","3656.4929485321","67","72","3272","3277","0","3","True"
"3283","47","78","80","5","1","47","5","78","-139348.832622446","28761.3702475127","3657.68261632","3656.4929485321","68","73","3273","3278","0","3","True"
"3284","47","79","80","5","0","47","5","78","-142708.662224805","28761.3702475127","3657.68261632","3656.4929485321","69","74","3274","3279","0","3","True"
"3285","48","0","80","5","0","48","5","78","-142708.662224805","32404.8162161406","3657.68261632","3656.4929485321","5","10","3290","3295","3","2","True"
"3286","48","1","80","5","1","48","5","78","-139348.832622446","32404.8162161406","3657.68261632","3656.4929485321","6","11","3291","3296","3","3","True"
"3287","48","2","80","5","2","48","5","78","-135989.003020088","32404.8162161406","3657.68261632","3656.4929485321","7","12","3292","3297","3","3","True"
"3288","48","3","80","5","3","48","5","78","-132629.173417729","32404.8162161406","3657.68261632","3656.4929485321","8","13","3293","3298","3","3","True"
"3289","48","4","80","5","4","48","5","78","-129269.34381537","32404.8162161406","3657.68261632","3656.4929485321","9","14","3294","3299","3","5","True"
"3290","48","5","80","5","5","48","5","78","-125909.514213011","32404.8162161406","3657.68261632","3656.4929485321","10","15","3295","3300","-1","4","False"
"3291","48","6","80","5","6","48","5","78","-122549.684610652","32404.8162161406","3657.68261632","3656.4929485321","11","16","3296","3301","-1","4","False"
"3292","48","7","80","5","7","48","5","78","-119189.855008293","32404.8162161406","3657.68261632","3656.4929485321","12","17","3297","3302","-1","4","False"
"3293","48","8","80","5","8","48","5","78","-115830.025405934","32404.8162161406","3657.68261632","3656.4929485321","13","18","3298","3303","-1","4","False"
"3294","48","9","80","5","9","48","5","78","-112470.195803575","32404.8162161406","3657.68261632","3656.4929485321","14","19","3299","3304","-1","6","False"
"3295","48","10","80","5","10","48","5","78","-109110.366201216","32404.8162161406","3657.68261632","3656.4929485321","15","20","3300","3305","-1","4","False"
"3296","48","11","80","5","11","48","5","78","-105750.536598857","32404.8162161406","3657.68261632","3656.4929485321","16","21","3301","3306","-1","4","False"
"3297","48","12","80","5","12","48","5","78","-102390.706996498","32404.8162161406","3657.68261632","3656.4929485321","17","22","3302","3307","-1","4","False"
"3298","48","13","80","5","13","48","5","78","-99030.8773941395","32404.8162161406","3657.68261632","3656.4929485321","18","23","3303","3308","-1","4","False"
"3299","48","14","80","5","14","48","5","78","-95671.0477917806","32404.8162161406","3657.68261632","3656.4929485321","19","24","3304","3309","-1","6","False"
"3300","48","15","80","5","15","48","5","78","-92311.2181894217","32404.8162161406","3657.68261632","3656.4929485321","20","25","3305","3310","3","4","True"
"3301","48","16","80","5","16","48","5","78","-88951.3885870628","32404.8162161406","3657.68261632","3656.4929485321","21","26","3306","3311","3","4","True"
"3302","48","17","80","5","17","48","5","78","-85591.5589847038","32404.8162161406","3657.68261632","3656.4929485321","22","27","3307","3312","3","4","True"
"3303","48","18","80","5","18","48","5","78","-82231.7293823449","32404.8162161406","3657.68261632","3656.4929485321","23","28","3308","3313","3","4","True"
"3304","48","19","80","5","19","48","5","78","-78871.899779986","32404.8162161406","3657.68261632","3656.4929485321","24","29","3309","3314","3","6","True"
"3305","48","20","80","5","20","48","5","78","-75512.0701776271","32404.8162161406","3657.68261632","3656.4929485321","25","30","3310","3315","-1","4","False"
"3306","48","21","80","5","21","48","5","78","-72152.2405752682","32404.8162161406","3657.68261632","3656.4929485321","26","31","3311","3316","-1","4","False"
"3307","48","22","80","5","22","48","5","78","-68792.4109729092","32404.8162161406","3657.68261632","3656.4929485321","27","32","3312","3317","-1","4","False"
"3308","48","23","80","5","23","48","5","78","-65432.5813705503","32404.8162161406","3657.68261632","3656.4929485321","28","33","3313","3318","-1","4","False"
"3309","48","24","80","5","24","48","5","78","-62072.7517681914","32404.8162161406","3657.68261632","3656.4929485321","29","34","3314","3319","-1","6","False"
"3310","48","25","80","5","25","48","5","78","-58712.9221658325","32404.8162161406","3657.68261632","3656.4929485321","30","35","3315","3320","-1","4","False"
"3311","48","26","80","5","26","48","5","78","-55353.0925634736","32404.8162161406","3657.68261632","3656.4929485321","31","36","3316","3321","-1","4","False"
"3312","48","27","80","5","27","48","5","78","-51993.2629611147","32404.8162161406","3657.68261632","3656.4929485321","32","37","3317","3322","-1","4","False"
"3313","48","28","80","5","28","48","5","78","-48633.4333587558","32404.8162161406","3657.68261632","3656.4929485321","33","38","3318","3323","-1","4","False"
"3314","48","29","80","5","29","48","5","78","-45273.6037563968","32404.8162161406","3657.68261632","3656.4929485321","34","39","3319","3324","-1","6","False"
"3315","48","30","80","5","30","48","5","78","-41913.7741540379","32404.8162161406","3657.68261632","3656.4929485321","35","40","3320","3325","3","4","True"
"3316","48","31","80","5","31","48","5","78","-38553.944551679","32404.8162161406","3657.68261632","3656.4929485321","36","41","3321","3326","3","4","True"
"3317","48","32","80","5","32","48","5","78","-35194.1149493201","32404.8162161406","3657.68261632","3656.4929485321","37","42","3322","3327","3","4","True"
"3318","48","33","80","5","33","48","5","78","-31834.2853469612","32404.8162161406","3657.68261632","3656.4929485321","38","43","3323","3328","3","4","True"
"3319","48","34","80","5","34","48","5","78","-28474.4557446023","32404.8162161406","3657.68261632","3656.4929485321","39","44","3324","3329","3","6","True"
"3320","48","35","80","5","35","48","5","78","-25114.6261422433","32404.8162161406","3657.68261632","3656.4929485321","40","45","3325","3330","-1","4","False"
"3321","48","36","80","5","36","48","5","78","-21754.7965398844","32404.8162161406","3657.68261632","3656.4929485321","41","46","3326","3331","-1","4","False"
"3322","48","37","80","5","37","48","5","78","-18394.9669375255","32404.8162161406","3657.68261632","3656.4929485321","42","47","3327","3332","-1","4","False"
"3323","48","38","80","5","38","48","5","78","-15035.1373351666","32404.8162161406","3657.68261632","3656.4929485321","43","48","3328","3333","-1","4","False"
"3324","48","39","80","5","39","48","5","78","-11675.3077328077","32404.8162161406","3657.68261632","3656.4929485321","44","49","3329","3334","-1","6","False"
"3325","48","40","80","5","40","48","5","78","-8315.47813044874","32404.8162161406","3657.68261632","3656.4929485321","45","50","3330","3335","-1","4","False"
"3326","48","41","80","5","41","48","5","78","-4955.64852808984","32404.8162161406","3657.68261632","3656.4929485321","46","51","3331","3336","-1","4","False"
"3327","48","42","80","5","42","48","5","78","-1595.81892573092","32404.8162161406","3657.68261632","3656.4929485321","47","52","3332","3337","-1","4","False"
"3328","48","43","80","5","43","48","5","78","1764.01067662801","32404.8162161406","3657.68261632","3656.4929485321","48","53","3333","3338","-1","4","False"
"3329","48","44","80","5","44","48","5","78","5123.84027898691","32404.8162161406","3657.68261632","3656.4929485321","49","54","3334","3339","-1","6","False"
"3330","48","45","80","5","45","48","5","78","8483.66988134584","32404.8162161406","3657.68261632","3656.4929485321","50","55","3335","3340","3","4","True"
"3331","48","46","80","5","46","48","5","78","11843.4994837047","32404.8162161406","3657.68261632","3656.4929485321","51","56","3336","3341","3","4","True"
"3332","48","47","80","5","47","48","5","78","15203.3290860637","32404.8162161406","3657.68261632","3656.4929485321","52","57","3337","3342","3","4","True"
"3333","48","48","80","5","48","48","5","78","18563.1586884226","32404.8162161406","3657.68261632","3656.4929485321","53","58","3338","3343","3","4","True"
"3334","48","49","80","5","49","48","5","78","21922.9882907815","32404.8162161406","3657.68261632","3656.4929485321","54","59","3339","3344","3","6","True"
"3335","48","50","80","5","50","48","5","78","25282.8178931404","32404.8162161406","3657.68261632","3656.4929485321","55","60","3340","3345","-1","4","False"
"3336","48","51","80","5","51","48","5","78","28642.6474954993","32404.8162161406","3657.68261632","3656.4929485321","56","61","3341","3346","-1","4","False"
"3337","48","52","80","5","52","48","5","78","32002.4770978583","32404.8162161406","3657.68261632","3656.4929485321","57","62","3342","3347","-1","4","False"
"3338","48","53","80","5","53","48","5","78","35362.3067002172","32404.8162161406","3657.68261632","3656.4929485321","58","63","3343","3348","-1","4","False"
"3339","48","54","80","5","54","48","5","78","38722.1363025761","32404.8162161406","3657.68261632","3656.4929485321","59","64","3344","3349","-1","6","False"
"3340","48","55","80","5","55","48","5","78","42081.965904935","32404.8162161406","3657.68261632","3656.4929485321","60","65","3345","3350","-1","4","False"
"3341","48","56","80","5","56","48","5","78","45441.7955072939","32404.8162161406","3657.68261632","3656.4929485321","61","66","3346","3351","-1","4","False"
"3342","48","57","80","5","57","48","5","78","48801.6251096528","32404.8162161406","3657.68261632","3656.4929485321","62","67","3347","3352","-1","4","False"
"3343","48","58","80","5","58","48","5","78","52161.4547120117","32404.8162161406","3657.68261632","3656.4929485321","63","68","3348","3353","-1","4","False"
"3344","48","59","80","5","59","48","5","78","55521.2843143707","32404.8162161406","3657.68261632","3656.4929485321","64","69","3349","3354","-1","6","False"
"3345","48","60","80","5","60","48","5","78","58881.1139167296","32404.8162161406","3657.68261632","3656.4929485321","65","70","3350","3355","3","4","True"
"3346","48","61","80","5","61","48","5","78","62240.9435190885","32404.8162161406","3657.68261632","3656.4929485321","66","71","3351","3356","3","4","True"
"3347","48","62","80","5","62","48","5","78","65600.7731214474","32404.8162161406","3657.68261632","3656.4929485321","67","72","3352","3357","3","4","True"
"3348","48","63","80","5","63","48","5","78","68960.6027238063","32404.8162161406","3657.68261632","3656.4929485321","68","73","3353","3358","3","4","True"
"3349","48","64","80","5","64","48","5","78","72320.4323261653","32404.8162161406","3657.68261632","3656.4929485321","69","74","3354","3359","3","6","True"
"3350","48","65","80","5","65","48","5","78","75680.2619285242","32404.8162161406","3657.68261632","3656.4929485321","70","75","3355","3360","-1","4","False"
"3351","48","66","80","5","66","48","5","78","79040.0915308831","32404.8162161406","3657.68261632","3656.4929485321","71","76","3356","3361","-1","4","False"
"3352","48","67","80","5","67","48","5","78","82399.921133242","32404.8162161406","3657.68261632","3656.4929485321","72","77","3357","3362","-1","4","False"
"3353","48","68","80","5","68","48","5","78","85759.7507356009","32404.8162161406","3657.68261632","3656.4929485321","73","78","3358","3363","-1","4","False"
"3354","48","69","80","5","69","48","5","78","89119.5803379599","32404.8162161406","3657.68261632","3656.4929485321","74","79","3359","3364","-1","6","False"
"3355","48","70","80","5","70","48","5","78","92479.4099403188","32404.8162161406","3657.68261632","3656.4929485321","60","65","3345","3350","-1","4","False"
"3356","48","71","80","5","71","48","5","78","95839.2395426777","32404.8162161406","3657.68261632","3656.4929485321","61","66","3346","3351","-1","4","False"
"3357","48","72","80","5","72","48","5","78","99199.0691450366","32404.8162161406","3657.68261632","3656.4929485321","62","67","3347","3352","-1","4","False"
"3358","48","73","80","5","73","48","5","78","102558.898747396","32404.8162161406","3657.68261632","3656.4929485321","63","68","3348","3353","-1","4","False"
"3359","48","74","80","5","74","48","5","78","105918.728349754","32404.8162161406","3657.68261632","3656.4929485321","64","69","3349","3354","-1","6","False"
"3360","48","75","80","5","75","48","5","78","109278.557952113","32404.8162161406","3657.68261632","3656.4929485321","65","70","3350","3355","0","4","True"
"3361","48","76","80","5","76","48","5","78","112638.387554472","32404.8162161406","3657.68261632","3656.4929485321","66","71","3351","3356","0","4","True"
"3362","48","77","80","5","77","48","5","78","115998.217156831","32404.8162161406","3657.68261632","3656.4929485321","67","72","3352","3357","0","4","True"
"3363","48","78","80","5","78","48","5","78","119358.04675919","32404.8162161406","3657.68261632","3656.4929485321","68","73","3353","3358","0","4","True"
"3364","48","79","80","5","79","48","5","78","122717.876361549","32404.8162161406","3657.68261632","3656.4929485321","69","74","3354","3359","0","4","True"
"3365","49","0","75","5","74","49","5","78","122717.876909325","36048.2602774199","3657.68261632","3656.4929485321","5","10","3370","3375","3","2","True"
"3366","49","1","75","5","73","49","5","78","119358.047306966","36048.2602774199","3657.68261632","3656.4929485321","6","11","3371","3376","3","3","True"
"3367","49","2","75","5","72","49","5","78","115998.217704607","36048.2602774199","3657.68261632","3656.4929485321","7","12","3372","3377","3","3","True"
"3368","49","3","75","5","71","49","5","78","112638.388102248","36048.2602774199","3657.68261632","3656.4929485321","8","13","3373","3378","3","3","True"
"3369","49","4","75","5","70","49","5","78","109278.558499889","36048.2602774199","3657.68261632","3656.4929485321","9","14","3374","3379","3","3","True"
"3370","49","5","75","5","69","49","5","78","105918.72889753","36048.2602774199","3657.68261632","3656.4929485321","10","15","3375","3380","-1","4","False"
"3371","49","6","75","5","68","49","5","78","102558.899295171","36048.2602774199","3657.68261632","3656.4929485321","11","16","3376","3381","-1","3","False"
"3372","49","7","75","5","67","49","5","78","99199.0696928123","36048.2602774199","3657.68261632","3656.4929485321","12","17","3377","3382","-1","3","False"
"3373","49","8","75","5","66","49","5","78","95839.2400904534","36048.2602774199","3657.68261632","3656.4929485321","13","18","3378","3383","-1","3","False"
"3374","49","9","75","5","65","49","5","78","92479.4104880945","36048.2602774199","3657.68261632","3656.4929485321","14","19","3379","3384","-1","3","False"
"3375","49","10","75","5","64","49","5","78","89119.5808857356","36048.2602774199","3657.68261632","3656.4929485321","15","20","3380","3385","-1","4","False"
"3376","49","11","75","5","63","49","5","78","85759.7512833766","36048.2602774199","3657.68261632","3656.4929485321","16","21","3381","3386","-1","3","False"
"3377","49","12","75","5","62","49","5","78","82399.9216810177","36048.2602774199","3657.68261632","3656.4929485321","17","22","3382","3387","-1","3","False"
"3378","49","13","75","5","61","49","5","78","79040.0920786588","36048.2602774199","3657.68261632","3656.4929485321","18","23","3383","3388","-1","3","False"
"3379","49","14","75","5","60","49","5","78","75680.2624762999","36048.2602774199","3657.68261632","3656.4929485321","19","24","3384","3389","-1","3","False"
"3380","49","15","75","5","59","49","5","78","72320.432873941","36048.2602774199","3657.68261632","3656.4929485321","20","25","3385","3390","3","4","True"
"3381","49","16","75","5","58","49","5","78","68960.603271582","36048.2602774199","3657.68261632","3656.4929485321","21","26","3386","3391","3","3","True"
"3382","49","17","75","5","57","49","5","78","65600.7736692231","36048.2602774199","3657.68261632","3656.4929485321","22","27","3387","3392","3","3","True"
"3383","49","18","75","5","56","49","5","78","62240.9440668642","36048.2602774199","3657.68261632","3656.4929485321","23","28","3388","3393","3","3","True"
"3384","49","19","75","5","55","49","5","78","58881.1144645053","36048.2602774199","3657.68261632","3656.4929485321","24","29","3389","3394","3","3","True"
"3385","49","20","75","5","54","49","5","78","55521.2848621464","36048.2602774199","3657.68261632","3656.4929485321","25","30","3390","3395","-1","4","False"
"3386","49","21","75","5","53","49","5","78","52161.4552597875","36048.2602774199","3657.68261632","3656.4929485321","26","31","3391","3396","-1","3","False"
"3387","49","22","75","5","52","49","5","78","48801.6256574286","36048.2602774199","3657.68261632","3656.4929485321","27","32","3392","3397","-1","3","False"
"3388","49","23","75","5","51","49","5","78","45441.7960550696","36048.2602774199","3657.68261632","3656.4929485321","28","33","3393","3398","-1","3","False"
"3389","49","24","75","5","50","49","5","78","42081.9664527107","36048.2602774199","3657.68261632","3656.4929485321","29","34","3394","3399","-1","3","False"
"3390","49","25","75","5","49","49","5","78","38722.1368503518","36048.2602774199","3657.68261632","3656.4929485321","30","35","3395","3400","-1","4","False"
"3391","49","26","75","5","48","49","5","78","35362.3072479929","36048.2602774199","3657.68261632","3656.4929485321","31","36","3396","3401","-1","3","False"
"3392","49","27","75","5","47","49","5","78","32002.477645634","36048.2602774199","3657.68261632","3656.4929485321","32","37","3397","3402","-1","3","False"
"3393","49","28","75","5","46","49","5","78","28642.6480432751","36048.2602774199","3657.68261632","3656.4929485321","33","38","3398","3403","-1","3","False"
"3394","49","29","75","5","45","49","5","78","25282.8184409162","36048.2602774199","3657.68261632","3656.4929485321","34","39","3399","3404","-1","3","False"
"3395","49","30","75","5","44","49","5","78","21922.9888385572","36048.2602774199","3657.68261632","3656.4929485321","35","40","3400","3405","3","4","True"
"3396","49","31","75","5","43","49","5","78","18563.1592361983","36048.2602774199","3657.68261632","3656.4929485321","36","41","3401","3406","3","3","True"
"3397","49","32","75","5","42","49","5","78","15203.3296338394","36048.2602774199","3657.68261632","3656.4929485321","37","42","3402","3407","3","3","True"
"3398","49","33","75","5","41","49","5","78","11843.5000314805","36048.2602774199","3657.68261632","3656.4929485321","38","43","3403","3408","3","3","True"
"3399","49","34","75","5","40","49","5","78","8483.67042912157","36048.2602774199","3657.68261632","3656.4929485321","39","44","3404","3409","3","3","True"
"3400","49","35","75","5","39","49","5","78","5123.84082676264","36048.2602774199","3657.68261632","3656.4929485321","40","45","3405","3410","-1","4","False"
"3401","49","36","75","5","38","49","5","78","1764.01122440373","36048.2602774199","3657.68261632","3656.4929485321","41","46","3406","3411","-1","3","False"
"3402","49","37","75","5","37","49","5","78","-1595.81837795519","36048.2602774199","3657.68261632","3656.4929485321","42","47","3407","3412","-1","3","False"
"3403","49","38","75","5","36","49","5","78","-4955.6479803141","36048.2602774199","3657.68261632","3656.4929485321","43","48","3408","3413","-1","3","False"
"3404","49","39","75","5","35","49","5","78","-8315.47758267302","36048.2602774199","3657.68261632","3656.4929485321","44","49","3409","3414","-1","3","False"
"3405","49","40","75","5","34","49","5","78","-11675.3071850319","36048.2602774199","3657.68261632","3656.4929485321","45","50","3410","3415","-1","4","False"
"3406","49","41","75","5","33","49","5","78","-15035.1367873909","36048.2602774199","3657.68261632","3656.4929485321","46","51","3411","3416","-1","3","False"
"3407","49","42","75","5","32","49","5","78","-18394.9663897498","36048.2602774199","3657.68261632","3656.4929485321","47","52","3412","3417","-1","3","False"
"3408","49","43","75","5","31","49","5","78","-21754.7959921087","36048.2602774199","3657.68261632","3656.4929485321","48","53","3413","3418","-1","3","False"
"3409","49","44","75","5","30","49","5","78","-25114.6255944676","36048.2602774199","3657.68261632","3656.4929485321","49","54","3414","3419","-1","3","False"
"3410","49","45","75","5","29","49","5","78","-28474.4551968265","36048.2602774199","3657.68261632","3656.4929485321","50","55","3415","3420","3","4","True"
"3411","49","46","75","5","28","49","5","78","-31834.2847991854","36048.2602774199","3657.68261632","3656.4929485321","51","56","3416","3421","3","3","True"
"3412","49","47","75","5","27","49","5","78","-35194.1144015444","36048.2602774199","3657.68261632","3656.4929485321","52","57","3417","3422","3","3","True"
"3413","49","48","75","5","26","49","5","78","-38553.9440039033","36048.2602774199","3657.68261632","3656.4929485321","53","58","3418","3423","3","3","True"
"3414","49","49","75","5","25","49","5","78","-41913.7736062622","36048.2602774199","3657.68261632","3656.4929485321","54","59","3419","3424","3","3","True"
"3415","49","50","75","5","24","49","5","78","-45273.6032086211","36048.2602774199","3657.68261632","3656.4929485321","55","60","3420","3425","-1","4","False"
"3416","49","51","75","5","23","49","5","78","-48633.43281098","36048.2602774199","3657.68261632","3656.4929485321","56","61","3421","3426","-1","3","False"
"3417","49","52","75","5","22","49","5","78","-51993.2624133389","36048.2602774199","3657.68261632","3656.4929485321","57","62","3422","3427","-1","3","False"
"3418","49","53","75","5","21","49","5","78","-55353.0920156979","36048.2602774199","3657.68261632","3656.4929485321","58","63","3423","3428","-1","3","False"
"3419","49","54","75","5","20","49","5","78","-58712.9216180568","36048.2602774199","3657.68261632","3656.4929485321","59","64","3424","3429","-1","3","False"
"3420","49","55","75","5","19","49","5","78","-62072.7512204157","36048.2602774199","3657.68261632","3656.4929485321","60","65","3425","3430","-1","4","False"
"3421","49","56","75","5","18","49","5","78","-65432.5808227746","36048.2602774199","3657.68261632","3656.4929485321","61","66","3426","3431","-1","3","False"
"3422","49","57","75","5","17","49","5","78","-68792.4104251335","36048.2602774199","3657.68261632","3656.4929485321","62","67","3427","3432","-1","3","False"
"3423","49","58","75","5","16","49","5","78","-72152.2400274924","36048.2602774199","3657.68261632","3656.4929485321","63","68","3428","3433","-1","3","False"
"3424","49","59","75","5","15","49","5","78","-75512.0696298514","36048.2602774199","3657.68261632","3656.4929485321","64","69","3429","3434","-1","3","False"
"3425","49","60","75","5","14","49","5","78","-78871.8992322103","36048.2602774199","3657.68261632","3656.4929485321","65","70","3430","3435","3","4","True"
"3426","49","61","75","5","13","49","5","78","-82231.7288345692","36048.2602774199","3657.68261632","3656.4929485321","66","71","3431","3436","3","3","True"
"3427","49","62","75","5","12","49","5","78","-85591.5584369281","36048.2602774199","3657.68261632","3656.4929485321","67","72","3432","3437","3","3","True"
"3428","49","63","75","5","11","49","5","78","-88951.388039287","36048.2602774199","3657.68261632","3656.4929485321","68","73","3433","3438","3","3","True"
"3429","49","64","75","5","10","49","5","78","-92311.2176416459","36048.2602774199","3657.68261632","3656.4929485321","69","74","3434","3439","3","3","True"
"3430","49","65","75","5","9","49","5","78","-95671.0472440048","36048.2602774199","3657.68261632","3656.4929485321","55","60","3420","3425","-1","4","False"
"3431","49","66","75","5","8","49","5","78","-99030.8768463638","36048.2602774199","3657.68261632","3656.4929485321","56","61","3421","3426","-1","3","False"
"3432","49","67","75","5","7","49","5","78","-102390.706448723","36048.2602774199","3657.68261632","3656.4929485321","57","62","3422","3427","-1","3","False"
"3433","49","68","75","5","6","49","5","78","-105750.536051082","36048.2602774199","3657.68261632","3656.4929485321","58","63","3423","3428","-1","3","False"
"3434","49","69","75","5","5","49","5","78","-109110.365653441","36048.2602774199","3657.68261632","3656.4929485321","59","64","3424","3429","-1","3","False"
"3435","49","70","75","5","4","49","5","78","-112470.195255799","36048.2602774199","3657.68261632","3656.4929485321","60","65","3425","3430","-1","4","False"
"3436","49","71","75","5","3","49","5","78","-115830.024858158","36048.2602774199","3657.68261632","3656.4929485321","61","66","3426","3431","-1","3","False"
"3437","49","72","75","5","2","49","5","78","-119189.854460517","36048.2602774199","3657.68261632","3656.4929485321","62","67","3427","3432","-1","3","False"
"3438","49","73","75","5","1","49","5","78","-122549.684062876","36048.2602774199","3657.68261632","3656.4929485321","63","68","3428","3433","-1","3","False"
"3439","49","74","75","5","0","49","5","78","-125909.513665235","36048.2602774199","3657.68261632","3656.4929485321","64","69","3429","3434","-1","3","False"
"3440","50","0","75","5","0","50","5","78","-125909.513665235","39691.7043386992","3657.68261632","3656.4929485321","5","10","3445","3450","3","2","True"
"3441","50","1","75","5","1","50","5","78","-122549.684062876","39691.7043386992","3657.68261632","3656.4929485321","6","11","3446","3451","3","3","True"
"3442","50","2","75","5","2","50","5","78","-119189.854460517","39691.7043386992","3657.68261632","3656.4929485321","7","12","3447","3452","3","3","True"
"3443","50","3","75","5","3","50","5","78","-115830.024858158","39691.7043386992","3657.68261632","3656.4929485321","8","13","3448","3453","3","3","True"
"3444","50","4","75","5","4","50","5","78","-112470.195255799","39691.7043386992","3657.68261632","3656.4929485321","9","14","3449","3454","3","4","True"
"3445","50","5","75","5","5","50","5","78","-109110.365653441","39691.7043386992","3657.68261632","3656.4929485321","10","15","3450","3455","-1","3","False"
"3446","50","6","75","5","6","50","5","78","-105750.536051082","39691.7043386992","3657.68261632","3656.4929485321","11","16","3451","3456","-1","3","False"
"3447","50","7","75","5","7","50","5","78","-102390.706448723","39691.7043386992","3657.68261632","3656.4929485321","12","17","3452","3457","-1","3","False"
"3448","50","8","75","5","8","50","5","78","-99030.8768463638","39691.7043386992","3657.68261632","3656.4929485321","13","18","3453","3458","-1","3","False"
"3449","50","9","75","5","9","50","5","78","-95671.0472440048","39691.7043386992","3657.68261632","3656.4929485321","14","19","3454","3459","-1","4","False"
"3450","50","10","75","5","10","50","5","78","-92311.2176416459","39691.7043386992","3657.68261632","3656.4929485321","15","20","3455","3460","-1","3","False"
"3451","50","11","75","5","11","50","5","78","-88951.388039287","39691.7043386992","3657.68261632","3656.4929485321","16","21","3456","3461","-1","3","False"
"3452","50","12","75","5","12","50","5","78","-85591.5584369281","39691.7043386992","3657.68261632","3656.4929485321","17","22","3457","3462","-1","3","False"
"3453","50","13","75","5","13","50","5","78","-82231.7288345692","39691.7043386992","3657.68261632","3656.4929485321","18","23","3458","3463","-1","3","False"
"3454","50","14","75","5","14","50","5","78","-78871.8992322103","39691.7043386992","3657.68261632","3656.4929485321","19","24","3459","3464","-1","4","False"
"3455","50","15","75","5","15","50","5","78","-75512.0696298514","39691.7043386992","3657.68261632","3656.4929485321","20","25","3460","3465","3","3","True"
"3456","50","16","75","5","16","50","5","78","-72152.2400274924","39691.7043386992","3657.68261632","3656.4929485321","21","26","3461","3466","3","3","True"
"3457","50","17","75","5","17","50","5","78","-68792.4104251335","39691.7043386992","3657.68261632","3656.4929485321","22","27","3462","3467","3","3","True"
"3458","50","18","75","5","18","50","5","78","-65432.5808227746","39691.7043386992","3657.68261632","3656.4929485321","23","28","3463","3468","3","3","True"
"3459","50","19","75","5","19","50","5","78","-62072.7512204157","39691.7043386992","3657.68261632","3656.4929485321","24","29","3464","3469","3","4","True"
"3460","50","20","75","5","20","50","5","78","-58712.9216180568","39691.7043386992","3657.68261632","3656.4929485321","25","30","3465","3470","-1","3","False"
"3461","50","21","75","5","21","50","5","78","-55353.0920156979","39691.7043386992","3657.68261632","3656.4929485321","26","31","3466","3471","-1","3","False"
"3462","50","22","75","5","22","50","5","78","-51993.2624133389","39691.7043386992","3657.68261632","3656.4929485321","27","32","3467","3472","-1","3","False"
"3463","50","23","75","5","23","50","5","78","-48633.43281098","39691.7043386992","3657.68261632","3656.4929485321","28","33","3468","3473","-1","3","False"
"3464","50","24","75","5","24","50","5","78","-45273.6032086211","39691.7043386992","3657.68261632","3656.4929485321","29","34","3469","3474","-1","4","False"
"3465","50","25","75","5","25","50","5","78","-41913.7736062622","39691.7043386992","3657.68261632","3656.4929485321","30","35","3470","3475","-1","3","False"
"3466","50","26","75","5","26","50","5","78","-38553.9440039033","39691.7043386992","3657.68261632","3656.4929485321","31","36","3471","3476","-1","3","False"
"3467","50","27","75","5","27","50","5","78","-35194.1144015444","39691.7043386992","3657.68261632","3656.4929485321","32","37","3472","3477","-1","3","False"
"3468","50","28","75","5","28","50","5","78","-31834.2847991854","39691.7043386992","3657.68261632","3656.4929485321","33","38","3473","3478","-1","3","False"
"3469","50","29","75","5","29","50","5","78","-28474.4551968265","39691.7043386992","3657.68261632","3656.4929485321","34","39","3474","3479","-1","4","False"
"3470","50","30","75","5","30","50","5","78","-25114.6255944676","39691.7043386992","3657.68261632","3656.4929485321","35","40","3475","3480","3","3","True"
"3471","50","31","75","5","31","50","5","78","-21754.7959921087","39691.7043386992","3657.68261632","3656.4929485321","36","41","3476","3481","3","3","True"
"3472","50","32","75","5","32","50","5","78","-18394.9663897498","39691.7043386992","3657.68261632","3656.4929485321","37","42","3477","3482","3","3","True"
"3473","50","33","75","5","33","50","5","78","-15035.1367873909","39691.7043386992","3657.68261632","3656.4929485321","38","43","3478","3483","3","3","True"
"3474","50","34","75","5","34","50","5","78","-11675.3071850319","39691.7043386992","3657.68261632","3656.4929485321","39","44","3479","3484","3","4","True"
"3475","50","35","75","5","35","50","5","78","-8315.47758267302","39691.7043386992","3657.68261632","3656.4929485321","40","45","3480","3485","-1","3","False"
"3476","50","36","75","5","36","50","5","78","-4955.6479803141","39691.7043386992","3657.68261632","3656.4929485321","41","46","3481","3486","-1","3","False"
"3477","50","37","75","5","37","50","5","78","-1595.81837795519","39691.7043386992","3657.68261632","3656.4929485321","42","47","3482","3487","-1","3","False"
"3478","50","38","75","5","38","50","5","78","1764.01122440373","39691.7043386992","3657.68261632","3656.4929485321","43","48","3483","3488","-1","3","False"
"3479","50","39","75","5","39","50","5","78","5123.84082676264","39691.7043386992","3657.68261632","3656.4929485321","44","49","3484","3489","-1","4","False"
"3480","50","40","75","5","40","50","5","78","8483.67042912157","39691.7043386992","3657.68261632","3656.4929485321","45","50","3485","3490","-1","3","False"
"3481","50","41","75","5","41","50","5","78","11843.5000314805","39691.7043386992","3657.68261632","3656.4929485321","46","51","3486","3491","-1","3","False"
"3482","50","42","75","5","42","50","5","78","15203.3296338394","39691.7043386992","3657.68261632","3656.4929485321","47","52","3487","3492","-1","3","False"
"3483","50","43","75","5","43","50","5","78","18563.1592361983","39691.7043386992","3657.68261632","3656.4929485321","48","53","3488","3493","-1","3","False"
"3484","50","44","75","5","44","50","5","78","21922.9888385572","39691.7043386992","3657.68261632","3656.4929485321","49","54","3489","3494","-1","4","False"
"3485","50","45","75","5","45","50","5","78","25282.8184409162","39691.7043386992","3657.68261632","3656.4929485321","50","55","3490","3495","3","3","True"
"3486","50","46","75","5","46","50","5","78","28642.6480432751","39691.7043386992","3657.68261632","3656.4929485321","51","56","3491","3496","3","3","True"
"3487","50","47","75","5","47","50","5","78","32002.477645634","39691.7043386992","3657.68261632","3656.4929485321","52","57","3492","3497","3","3","True"
"3488","50","48","75","5","48","50","5","78","35362.3072479929","39691.7043386992","3657.68261632","3656.4929485321","53","58","3493","3498","3","3","True"
"3489","50","49","75","5","49","50","5","78","38722.1368503518","39691.7043386992","3657.68261632","3656.4929485321","54","59","3494","3499","3","4","True"
"3490","50","50","75","5","50","50","5","78","42081.9664527107","39691.7043386992","3657.68261632","3656.4929485321","55","60","3495","3500","-1","3","False"
"3491","50","51","75","5","51","50","5","78","45441.7960550696","39691.7043386992","3657.68261632","3656.4929485321","56","61","3496","3501","-1","3","False"
"3492","50","52","75","5","52","50","5","78","48801.6256574286","39691.7043386992","3657.68261632","3656.4929485321","57","62","3497","3502","-1","3","False"
"3493","50","53","75","5","53","50","5","78","52161.4552597875","39691.7043386992","3657.68261632","3656.4929485321","58","63","3498","3503","-1","3","False"
"3494","50","54","75","5","54","50","5","78","55521.2848621464","39691.7043386992","3657.68261632","3656.4929485321","59","64","3499","3504","-1","4","False"
"3495","50","55","75","5","55","50","5","78","58881.1144645053","39691.7043386992","3657.68261632","3656.4929485321","60","65","3500","3505","-1","3","False"
"3496","50","56","75","5","56","50","5","78","62240.9440668642","39691.7043386992","3657.68261632","3656.4929485321","61","66","3501","3506","-1","3","False"
"3497","50","57","75","5","57","50","5","78","65600.7736692231","39691.7043386992","3657.68261632","3656.4929485321","62","67","3502","3507","-1","3","False"
"3498","50","58","75","5","58","50","5","78","68960.603271582","39691.7043386992","3657.68261632","3656.4929485321","63","68","3503","3508","-1","3","False"
"3499","50","59","75","5","59","50","5","78","72320.432873941","39691.7043386992","3657.68261632","3656.4929485321","64","69","3504","3509","-1","4","False"
"3500","50","60","75","5","60","50","5","78","75680.2624762999","39691.7043386992","3657.68261632","3656.4929485321","65","70","3505","3510","3","3","True"
"3501","50","61","75","5","61","50","5","78","79040.0920786588","39691.7043386992","3657.68261632","3656.4929485321","66","71","3506","3511","3","3","True"
"3502","50","62","75","5","62","50","5","78","82399.9216810177","39691.7043386992","3657.68261632","3656.4929485321","67","72","3507","3512","3","3","True"
"3503","50","63","75","5","63","50","5","78","85759.7512833766","39691.7043386992","3657.68261632","3656.4929485321","68","73","3508","3513","3","3","True"
"3504","50","64","75","5","64","50","5","78","89119.5808857356","39691.7043386992","3657.68261632","3656.4929485321","69","74","3509","3514","3","4","True"
"3505","50","65","75","5","65","50","5","78","92479.4104880945","39691.7043386992","3657.68261632","3656.4929485321","55","60","3495","3500","-1","3","False"
"3506","50","66","75","5","66","50","5","78","95839.2400904534","39691.7043386992","3657.68261632","3656.4929485321","56","61","3496","3501","-1","3","False"
"3507","50","67","75","5","67","50","5","78","99199.0696928123","39691.7043386992","3657.68261632","3656.4929485321","57","62","3497","3502","-1","3","False"
"3508","50","68","75","5","68","50","5","78","102558.899295171","39691.7043386992","3657.68261632","3656.4929485321","58","63","3498","3503","-1","3","False"
"3509","50","69","75","5","69","50","5","78","105918.72889753","39691.7043386992","3657.68261632","3656.4929485321","59","64","3499","3504","-1","4","False"
"3510","50","70","75","5","70","50","5","78","109278.558499889","39691.7043386992","3657.68261632","3656.4929485321","60","65","3500","3505","-1","3","False"
"3511","50","71","75","5","71","50","5","78","112638.388102248","39691.7043386992","3657.68261632","3656.4929485321","61","66","3501","3506","-1","3","False"
"3512","50","72","75","5","72","50","5","78","115998.217704607","39691.7043386992","3657.68261632","3656.4929485321","62","67","3502","3507","-1","3","False"
"3513","50","73","75","5","73","50","5","78","119358.047306966","39691.7043386992","3657.68261632","3656.4929485321","63","68","3503","3508","-1","3","False"
"3514","50","74","75","5","74","50","5","78","122717.876909325","39691.7043386992","3657.68261632","3656.4929485321","64","69","3504","3509","-1","3","False"
"3515","51","0","75","5","74","51","5","78","122717.876909325","43335.1483999785","3657.68261632","3656.4929485321","5","10","3520","3525","3","3","True"
"3516","51","1","75","5","73","51","5","78","119358.047306966","43335.1483999785","3657.68261632","3656.4929485321","6","11","3521","3526","3","4","True"
"3517","51","2","75","5","72","51","5","78","115998.217704607","43335.1483999785","3657.68261632","3656.4929485321","7","12","3522","3527","3","4","True"
"3518","51","3","75","5","71","51","5","78","112638.388102248","43335.1483999785","3657.68261632","3656.4929485321","8","13","3523","3528","3","4","True"
"3519","51","4","75","5","70","51","5","78","109278.558499889","43335.1483999785","3657.68261632","3656.4929485321","9","14","3524","3529","3","4","True"
"3520","51","5","75","5","69","51","5","78","105918.72889753","43335.1483999785","3657.68261632","3656.4929485321","10","15","3525","3530","-1","6","False"
"3521","51","6","75","5","68","51","5","78","102558.899295171","43335.1483999785","3657.68261632","3656.4929485321","11","16","3526","3531","-1","4","False"
"3522","51","7","75","5","67","51","5","78","99199.0696928123","43335.1483999785","3657.68261632","3656.4929485321","12","17","3527","3532","-1","4","False"
"3523","51","8","75","5","66","51","5","78","95839.2400904534","43335.1483999785","3657.68261632","3656.4929485321","13","18","3528","3533","-1","4","False"
"3524","51","9","75","5","65","51","5","78","92479.4104880945","43335.1483999785","3657.68261632","3656.4929485321","14","19","3529","3534","-1","4","False"
"3525","51","10","75","5","64","51","5","78","89119.5808857356","43335.1483999785","3657.68261632","3656.4929485321","15","20","3530","3535","-1","6","False"
"3526","51","11","75","5","63","51","5","78","85759.7512833766","43335.1483999785","3657.68261632","3656.4929485321","16","21","3531","3536","-1","4","False"
"3527","51","12","75","5","62","51","5","78","82399.9216810177","43335.1483999785","3657.68261632","3656.4929485321","17","22","3532","3537","-1","4","False"
"3528","51","13","75","5","61","51","5","78","79040.0920786588","43335.1483999785","3657.68261632","3656.4929485321","18","23","3533","3538","-1","4","False"
"3529","51","14","75","5","60","51","5","78","75680.2624762999","43335.1483999785","3657.68261632","3656.4929485321","19","24","3534","3539","-1","4","False"
"3530","51","15","75","5","59","51","5","78","72320.432873941","43335.1483999785","3657.68261632","3656.4929485321","20","25","3535","3540","3","6","True"
"3531","51","16","75","5","58","51","5","78","68960.603271582","43335.1483999785","3657.68261632","3656.4929485321","21","26","3536","3541","3","4","True"
"3532","51","17","75","5","57","51","5","78","65600.7736692231","43335.1483999785","3657.68261632","3656.4929485321","22","27","3537","3542","3","4","True"
"3533","51","18","75","5","56","51","5","78","62240.9440668642","43335.1483999785","3657.68261632","3656.4929485321","23","28","3538","3543","3","4","True"
"3534","51","19","75","5","55","51","5","78","58881.1144645053","43335.1483999785","3657.68261632","3656.4929485321","24","29","3539","3544","3","4","True"
"3535","51","20","75","5","54","51","5","78","55521.2848621464","43335.1483999785","3657.68261632","3656.4929485321","25","30","3540","3545","-1","6","False"
"3536","51","21","75","5","53","51","5","78","52161.4552597875","43335.1483999785","3657.68261632","3656.4929485321","26","31","3541","3546","-1","4","False"
"3537","51","22","75","5","52","51","5","78","48801.6256574286","43335.1483999785","3657.68261632","3656.4929485321","27","32","3542","3547","-1","4","False"
"3538","51","23","75","5","51","51","5","78","45441.7960550696","43335.1483999785","3657.68261632","3656.4929485321","28","33","3543","3548","-1","4","False"
"3539","51","24","75","5","50","51","5","78","42081.9664527107","43335.1483999785","3657.68261632","3656.4929485321","29","34","3544","3549","-1","4","False"
"3540","51","25","75","5","49","51","5","78","38722.1368503518","43335.1483999785","3657.68261632","3656.4929485321","30","35","3545","3550","-1","6","False"
"3541","51","26","75","5","48","51","5","78","35362.3072479929","43335.1483999785","3657.68261632","3656.4929485321","31","36","3546","3551","-1","4","False"
"3542","51","27","75","5","47","51","5","78","32002.477645634","43335.1483999785","3657.68261632","3656.4929485321","32","37","3547","3552","-1","4","False"
"3543","51","28","75","5","46","51","5","78","28642.6480432751","43335.1483999785","3657.68261632","3656.4929485321","33","38","3548","3553","-1","4","False"
"3544","51","29","75","5","45","51","5","78","25282.8184409162","43335.1483999785","3657.68261632","3656.4929485321","34","39","3549","3554","-1","4","False"
"3545","51","30","75","5","44","51","5","78","21922.9888385572","43335.1483999785","3657.68261632","3656.4929485321","35","40","3550","3555","3","6","True"
"3546","51","31","75","5","43","51","5","78","18563.1592361983","43335.1483999785","3657.68261632","3656.4929485321","36","41","3551","3556","3","4","True"
"3547","51","32","75","5","42","51","5","78","15203.3296338394","43335.1483999785","3657.68261632","3656.4929485321","37","42","3552","3557","3","4","True"
"3548","51","33","75","5","41","51","5","78","11843.5000314805","43335.1483999785","3657.68261632","3656.4929485321","38","43","3553","3558","3","4","True"
"3549","51","34","75","5","40","51","5","78","8483.67042912157","43335.1483999785","3657.68261632","3656.4929485321","39","44","3554","3559","3","4","True"
"3550","51","35","75","5","39","51","5","78","5123.84082676264","43335.1483999785","3657.68261632","3656.4929485321","40","45","3555","3560","-1","6","False"
"3551","51","36","75","5","38","51","5","78","1764.01122440373","43335.1483999785","3657.68261632","3656.4929485321","41","46","3556","3561","-1","4","False"
"3552","51","37","75","5","37","51","5","78","-1595.81837795519","43335.1483999785","3657.68261632","3656.4929485321","42","47","3557","3562","-1","4","False"
"3553","51","38","75","5","36","51","5","78","-4955.6479803141","43335.1483999785","3657.68261632","3656.4929485321","43","48","3558","3563","-1","4","False"
"3554","51","39","75","5","35","51","5","78","-8315.47758267302","43335.1483999785","3657.68261632","3656.4929485321","44","49","3559","3564","-1","4","False"
"3555","51","40","75","5","34","51","5","78","-11675.3071850319","43335.1483999785","3657.68261632","3656.4929485321","45","50","3560","3565","-1","6","False"
"3556","51","41","75","5","33","51","5","78","-15035.1367873909","43335.1483999785","3657.68261632","3656.4929485321","46","51","3561","3566","-1","4","False"
"3557","51","42","75","5","32","51","5","78","-18394.9663897498","43335.1483999785","3657.68261632","3656.4929485321","47","52","3562","3567","-1","4","False"
"3558","51","43","75","5","31","51","5","78","-21754.7959921087","43335.1483999785","3657.68261632","3656.4929485321","48","53","3563","3568","-1","4","False"
"3559","51","44","75","5","30","51","5","78","-25114.6255944676","43335.1483999785","3657.68261632","3656.4929485321","49","54","3564","3569","-1","4","False"
"3560","51","45","75","5","29","51","5","78","-28474.4551968265","43335.1483999785","3657.68261632","3656.4929485321","50","55","3565","3570","3","6","True"
"3561","51","46","75","5","28","51","5","78","-31834.2847991854","43335.1483999785","3657.68261632","3656.4929485321","51","56","3566","3571","3","4","True"
"3562","51","47","75","5","27","51","5","78","-35194.1144015444","43335.1483999785","3657.68261632","3656.4929485321","52","57","3567","3572","3","4","True"
"3563","51","48","75","5","26","51","5","78","-38553.9440039033","43335.1483999785","3657.68261632","3656.4929485321","53","58","3568","3573","3","4","True"
"3564","51","49","75","5","25","51","5","78","-41913.7736062622","43335.1483999785","3657.68261632","3656.4929485321","54","59","3569","3574","3","4","True"
"3565","51","50","75","5","24","51","5","78","-45273.6032086211","43335.1483999785","3657.68261632","3656.4929485321","55","60","3570","3575","-1","6","False"
"3566","51","51","75","5","23","51","5","78","-48633.43281098","43335.1483999785","3657.68261632","3656.4929485321","56","61","3571","3576","-1","4","False"
"3567","51","52","75","5","22","51","5","78","-51993.2624133389","43335.1483999785","3657.68261632","3656.4929485321","57","62","3572","3577","-1","4","False"
"3568","51","53","75","5","21","51","5","78","-55353.0920156979","43335.1483999785","3657.68261632","3656.4929485321","58","63","3573","3578","-1","4","False"
"3569","51","54","75","5","20","51","5","78","-58712.9216180568","43335.1483999785","3657.68261632","3656.4929485321","59","64","3574","3579","-1","4","False"
"3570","51","55","75","5","19","51","5","78","-62072.7512204157","43335.1483999785","3657.68261632","3656.4929485321","60","65","3575","3580","-1","6","False"
"3571","51","56","75","5","18","51","5","78","-65432.5808227746","43335.1483999785","3657.68261632","3656.4929485321","61","66","3576","3581","-1","4","False"
"3572","51","57","75","5","17","51","5","78","-68792.4104251335","43335.1483999785","3657.68261632","3656.4929485321","62","67","3577","3582","-1","4","False"
"3573","51","58","75","5","16","51","5","78","-72152.2400274924","43335.1483999785","3657.68261632","3656.4929485321","63","68","3578","3583","-1","4","False"
"3574","51","59","75","5","15","51","5","78","-75512.0696298514","43335.1483999785","3657.68261632","3656.4929485321","64","69","3579","3584","-1","4","False"
"3575","51","60","75","5","14","51","5","78","-78871.8992322103","43335.1483999785","3657.68261632","3656.4929485321","65","70","3580","3585","3","6","True"
"3576","51","61","75","5","13","51","5","78","-82231.7288345692","43335.1483999785","3657.68261632","3656.4929485321","66","71","3581","3586","3","4","True"
"3577","51","62","75","5","12","51","5","78","-85591.5584369281","43335.1483999785","3657.68261632","3656.4929485321","67","72","3582","3587","3","4","True"
"3578","51","63","75","5","11","51","5","78","-88951.388039287","43335.1483999785","3657.68261632","3656.4929485321","68","73","3583","3588","3","4","True"
"3579","51","64","75","5","10","51","5","78","-92311.2176416459","43335.1483999785","3657.68261632","3656.4929485321","69","74","3584","3589","3","4","True"
"3580","51","65","75","5","9","51","5","78","-95671.0472440048","43335.1483999785","3657.68261632","3656.4929485321","55","60","3570","3575","-1","6","False"
"3581","51","66","75","5","8","51","5","78","-99030.8768463638","43335.1483999785","3657.68261632","3656.4929485321","56","61","3571","3576","-1","4","False"
"3582","51","67","75","5","7","51","5","78","-102390.706448723","43335.1483999785","3657.68261632","3656.4929485321","57","62","3572","3577","-1","4","False"
"3583","51","68","75","5","6","51","5","78","-105750.536051082","43335.1483999785","3657.68261632","3656.4929485321","58","63","3573","3578","-1","4","False"
"3584","51","69","75","5","5","51","5","78","-109110.365653441","43335.1483999785","3657.68261632","3656.4929485321","59","64","3574","3579","-1","4","False"
"3585","51","70","75","5","4","51","5","78","-112470.195255799","43335.1483999785","3657.68261632","3656.4929485321","60","65","3575","3580","-1","6","False"
"3586","51","71","75","5","3","51","5","78","-115830.024858158","43335.1483999785","3657.68261632","3656.4929485321","61","66","3576","3581","-1","4","False"
"3587","51","72","75","5","2","51","5","78","-119189.854460517","43335.1483999785","3657.68261632","3656.4929485321","62","67","3577","3582","-1","4","False"
"3588","51","73","75","5","1","51","5","78","-122549.684062876","43335.1483999785","3657.68261632","3656.4929485321","63","68","3578","3583","-1","4","False"
"3589","51","74","75","5","0","51","5","78","-125909.513665235","43335.1483999785","3657.68261632","3656.4929485321","64","69","3579","3584","-1","4","False"
"3590","52","0","75","5","0","52","5","78","-125909.513665235","46978.5886465605","3657.68261632","3656.4929485321","5","10","3595","3600","3","2","True"
"3591","52","1","75","5","1","52","5","78","-122549.684062876","46978.5886465605","3657.68261632","3656.4929485321","6","11","3596","3601","3","3","True"
"3592","52","2","75","5","2","52","5","78","-119189.854460517","46978.5886465605","3657.68261632","3656.4929485321","7","12","3597","3602","3","3","True"
"3593","52","3","75","5","3","52","5","78","-115830.024858158","46978.5886465605","3657.68261632","3656.4929485321","8","13","3598","3603","3","3","True"
"3594","52","4","75","5","4","52","5","78","-112470.195255799","46978.5886465605","3657.68261632","3656.4929485321","9","14","3599","3604","3","4","True"
"3595","52","5","75","5","5","52","5","78","-109110.365653441","46978.5886465605","3657.68261632","3656.4929485321","10","15","3600","3605","-1","3","False"
"3596","52","6","75","5","6","52","5","78","-105750.536051082","46978.5886465605","3657.68261632","3656.4929485321","11","16","3601","3606","-1","3","False"
"3597","52","7","75","5","7","52","5","78","-102390.706448723","46978.5886465605","3657.68261632","3656.4929485321","12","17","3602","3607","-1","3","False"
"3598","52","8","75","5","8","52","5","78","-99030.8768463638","46978.5886465605","3657.68261632","3656.4929485321","13","18","3603","3608","-1","3","False"
"3599","52","9","75","5","9","52","5","78","-95671.0472440048","46978.5886465605","3657.68261632","3656.4929485321","14","19","3604","3609","-1","4","False"
"3600","52","10","75","5","10","52","5","78","-92311.2176416459","46978.5886465605","3657.68261632","3656.4929485321","15","20","3605","3610","-1","3","False"
"3601","52","11","75","5","11","52","5","78","-88951.388039287","46978.5886465605","3657.68261632","3656.4929485321","16","21","3606","3611","-1","3","False"
"3602","52","12","75","5","12","52","5","78","-85591.5584369281","46978.5886465605","3657.68261632","3656.4929485321","17","22","3607","3612","-1","3","False"
"3603","52","13","75","5","13","52","5","78","-82231.7288345692","46978.5886465605","3657.68261632","3656.4929485321","18","23","3608","3613","-1","3","False"
"3604","52","14","75","5","14","52","5","78","-78871.8992322103","46978.5886465605","3657.68261632","3656.4929485321","19","24","3609","3614","-1","4","False"
"3605","52","15","75","5","15","52","5","78","-75512.0696298514","46978.5886465605","3657.68261632","3656.4929485321","20","25","3610","3615","3","3","True"
"3606","52","16","75","5","16","52","5","78","-72152.2400274924","46978.5886465605","3657.68261632","3656.4929485321","21","26","3611","3616","3","3","True"
"3607","52","17","75","5","17","52","5","78","-68792.4104251335","46978.5886465605","3657.68261632","3656.4929485321","22","27","3612","3617","3","3","True"
"3608","52","18","75","5","18","52","5","78","-65432.5808227746","46978.5886465605","3657.68261632","3656.4929485321","23","28","3613","3618","3","3","True"
"3609","52","19","75","5","19","52","5","78","-62072.7512204157","46978.5886465605","3657.68261632","3656.4929485321","24","29","3614","3619","3","4","True"
"3610","52","20","75","5","20","52","5","78","-58712.9216180568","46978.5886465605","3657.68261632","3656.4929485321","25","30","3615","3620","-1","3","False"
"3611","52","21","75","5","21","52","5","78","-55353.0920156979","46978.5886465605","3657.68261632","3656.4929485321","26","31","3616","3621","-1","3","False"
"3612","52","22","75","5","22","52","5","78","-51993.2624133389","46978.5886465605","3657.68261632","3656.4929485321","27","32","3617","3622","-1","3","False"
"3613","52","23","75","5","23","52","5","78","-48633.43281098","46978.5886465605","3657.68261632","3656.4929485321","28","33","3618","3623","-1","3","False"
"3614","52","24","75","5","24","52","5","78","-45273.6032086211","46978.5886465605","3657.68261632","3656.4929485321","29","34","3619","3624","-1","4","False"
"3615","52","25","75","5","25","52","5","78","-41913.7736062622","46978.5886465605","3657.68261632","3656.4929485321","30","35","3620","3625","-1","3","False"
"3616","52","26","75","5","26","52","5","78","-38553.9440039033","46978.5886465605","3657.68261632","3656.4929485321","31","36","3621","3626","-1","3","False"
"3617","52","27","75","5","27","52","5","78","-35194.1144015444","46978.5886465605","3657.68261632","3656.4929485321","32","37","3622","3627","-1","3","False"
"3618","52","28","75","5","28","52","5","78","-31834.2847991854","46978.5886465605","3657.68261632","3656.4929485321","33","38","3623","3628","-1","3","False"
"3619","52","29","75","5","29","52","5","78","-28474.4551968265","46978.5886465605","3657.68261632","3656.4929485321","34","39","3624","3629","-1","4","False"
"3620","52","30","75","5","30","52","5","78","-25114.6255944676","46978.5886465605","3657.68261632","3656.4929485321","35","40","3625","3630","3","3","True"
"3621","52","31","75","5","31","52","5","78","-21754.7959921087","46978.5886465605","3657.68261632","3656.4929485321","36","41","3626","3631","3","3","True"
"3622","52","32","75","5","32","52","5","78","-18394.9663897498","46978.5886465605","3657.68261632","3656.4929485321","37","42","3627","3632","3","3","True"
"3623","52","33","75","5","33","52","5","78","-15035.1367873909","46978.5886465605","3657.68261632","3656.4929485321","38","43","3628","3633","3","3","True"
"3624","52","34","75","5","34","52","5","78","-11675.3071850319","46978.5886465605","3657.68261632","3656.4929485321","39","44","3629","3634","3","4","True"
"3625","52","35","75","5","35","52","5","78","-8315.47758267302","46978.5886465605","3657.68261632","3656.4929485321","40","45","3630","3635","-1","3","False"
"3626","52","36","75","5","36","52","5","78","-4955.6479803141","46978.5886465605","3657.68261632","3656.4929485321","41","46","3631","3636","-1","3","False"
"3627","52","37","75","5","37","52","5","78","-1595.81837795519","46978.5886465605","3657.68261632","3656.4929485321","42","47","3632","3637","-1","3","False"
"3628","52","38","75","5","38","52","5","78","1764.01122440373","46978.5886465605","3657.68261632","3656.4929485321","43","48","3633","3638","-1","3","False"
"3629","52","39","75","5","39","52","5","78","5123.84082676264","46978.5886465605","3657.68261632","3656.4929485321","44","49","3634","3639","-1","4","False"
"3630","52","40","75","5","40","52","5","78","8483.67042912157","46978.5886465605","3657.68261632","3656.4929485321","45","50","3635","3640","-1","3","False"
"3631","52","41","75","5","41","52","5","78","11843.5000314805","46978.5886465605","3657.68261632","3656.4929485321","46","51","3636","3641","-1","3","False"
"3632","52","42","75","5","42","52","5","78","15203.3296338394","46978.5886465605","3657.68261632","3656.4929485321","47","52","3637","3642","-1","3","False"
"3633","52","43","75","5","43","52","5","78","18563.1592361983","46978.5886465605","3657.68261632","3656.4929485321","48","53","3638","3643","-1","3","False"
"3634","52","44","75","5","44","52","5","78","21922.9888385572","46978.5886465605","3657.68261632","3656.4929485321","49","54","3639","3644","-1","4","False"
"3635","52","45","75","5","45","52","5","78","25282.8184409162","46978.5886465605","3657.68261632","3656.4929485321","50","55","3640","3645","3","3","True"
"3636","52","46","75","5","46","52","5","78","28642.6480432751","46978.5886465605","3657.68261632","3656.4929485321","51","56","3641","3646","3","3","True"
"3637","52","47","75","5","47","52","5","78","32002.477645634","46978.5886465605","3657.68261632","3656.4929485321","52","57","3642","3647","3","3","True"
"3638","52","48","75","5","48","52","5","78","35362.3072479929","46978.5886465605","3657.68261632","3656.4929485321","53","58","3643","3648","3","3","True"
"3639","52","49","75","5","49","52","5","78","38722.1368503518","46978.5886465605","3657.68261632","3656.4929485321","54","59","3644","3649","3","4","True"
"3640","52","50","75","5","50","52","5","78","42081.9664527107","46978.5886465605","3657.68261632","3656.4929485321","55","60","3645","3650","-1","3","False"
"3641","52","51","75","5","51","52","5","78","45441.7960550696","46978.5886465605","3657.68261632","3656.4929485321","56","61","3646","3651","-1","3","False"
"3642","52","52","75","5","52","52","5","78","48801.6256574286","46978.5886465605","3657.68261632","3656.4929485321","57","62","3647","3652","-1","3","False"
"3643","52","53","75","5","53","52","5","78","52161.4552597875","46978.5886465605","3657.68261632","3656.4929485321","58","63","3648","3653","-1","3","False"
"3644","52","54","75","5","54","52","5","78","55521.2848621464","46978.5886465605","3657.68261632","3656.4929485321","59","64","3649","3654","-1","4","False"
"3645","52","55","75","5","55","52","5","78","58881.1144645053","46978.5886465605","3657.68261632","3656.4929485321","60","65","3650","3655","-1","3","False"
"3646","52","56","75","5","56","52","5","78","62240.9440668642","46978.5886465605","3657.68261632","3656.4929485321","61","66","3651","3656","-1","3","False"
"3647","52","57","75","5","57","52","5","78","65600.7736692231","46978.5886465605","3657.68261632","3656.4929485321","62","67","3652","3657","-1","3","False"
"3648","52","58","75","5","58","52","5","78","68960.603271582","46978.5886465605","3657.68261632","3656.4929485321","63","68","3653","3658","-1","3","False"
"3649","52","59","75","5","59","52","5","78","72320.432873941","46978.5886465605","3657.68261632","3656.4929485321","64","69","3654","3659","-1","4","False"
"3650","52","60","75","5","60","52","5","78","75680.2624762999","46978.5886465605","3657.68261632","3656.4929485321","65","70","3655","3660","3","3","True"
"3651","52","61","75","5","61","52","5","78","79040.0920786588","46978.5886465605","3657.68261632","3656.4929485321","66","71","3656","3661","3","3","True"
"3652","52","62","75","5","62","52","5","78","82399.9216810177","46978.5886465605","3657.68261632","3656.4929485321","67","72","3657","3662","3","3","True"
"3653","52","63","75","5","63","52","5","78","85759.7512833766","46978.5886465605","3657.68261632","3656.4929485321","68","73","3658","3663","3","3","True"
"3654","52","64","75","5","64","52","5","78","89119.5808857356","46978.5886465605","3657.68261632","3656.4929485321","69","74","3659","3664","3","4","True"
"3655","52","65","75","5","65","52","5","78","92479.4104880945","46978.5886465605","3657.68261632","3656.4929485321","55","60","3645","3650","-1","3","False"
"3656","52","66","75","5","66","52","5","78","95839.2400904534","46978.5886465605","3657.68261632","3656.4929485321","56","61","3646","3651","-1","3","False"
"3657","52","67","75","5","67","52","5","78","99199.0696928123","46978.5886465605","3657.68261632","3656.4929485321","57","62","3647","3652","-1","3","False"
"3658","52","68","75","5","68","52","5","78","102558.899295171","46978.5886465605","3657.68261632","3656.4929485321","58","63","3648","3653","-1","3","False"
"3659","52","69","75","5","69","52","5","78","105918.72889753","46978.5886465605","3657.68261632","3656.4929485321","59","64","3649","3654","-1","4","False"
"3660","52","70","75","5","70","52","5","78","109278.558499889","46978.5886465605","3657.68261632","3656.4929485321","60","65","3650","3655","-1","3","False"
"3661","52","71","75","5","71","52","5","78","112638.388102248","46978.5886465605","3657.68261632","3656.4929485321","61","66","3651","3656","-1","3","False"
"3662","52","72","75","5","72","52","5","78","115998.217704607","46978.5886465605","3657.68261632","3656.4929485321","62","67","3652","3657","-1","3","False"
"3663","52","73","75","5","73","52","5","78","119358.047306966","46978.5886465605","3657.68261632","3656.4929485321","63","68","3653","3658","-1","3","False"
"3664","52","74","75","5","74","52","5","78","122717.876909325","46978.5886465605","3657.68261632","3656.4929485321","64","69","3654","3659","-1","3","False"
"3665","53","0","75","5","74","53","5","78","122717.876909325","50622.0327078398","3657.68261632","3656.4929485321","5","10","3670","3675","3","3","True"
"3666","53","1","75","5","73","53","5","78","119358.047306966","50622.0327078398","3657.68261632","3656.4929485321","6","11","3671","3676","3","4","True"
"3667","53","2","75","5","72","53","5","78","115998.217704607","50622.0327078398","3657.68261632","3656.4929485321","7","12","3672","3677","3","4","True"
"3668","53","3","75","5","71","53","5","78","112638.388102248","50622.0327078398","3657.68261632","3656.4929485321","8","13","3673","3678","3","4","True"
"3669","53","4","75","5","70","53","5","78","109278.558499889","50622.0327078398","3657.68261632","3656.4929485321","9","14","3674","3679","3","4","True"
"3670","53","5","75","5","69","53","5","78","105918.72889753","50622.0327078398","3657.68261632","3656.4929485321","10","15","3675","3680","-1","6","False"
"3671","53","6","75","5","68","53","5","78","102558.899295171","50622.0327078398","3657.68261632","3656.4929485321","11","16","3676","3681","-1","4","False"
"3672","53","7","75","5","67","53","5","78","99199.0696928123","50622.0327078398","3657.68261632","3656.4929485321","12","17","3677","3682","-1","4","False"
"3673","53","8","75","5","66","53","5","78","95839.2400904534","50622.0327078398","3657.68261632","3656.4929485321","13","18","3678","3683","-1","4","False"
"3674","53","9","75","5","65","53","5","78","92479.4104880945","50622.0327078398","3657.68261632","3656.4929485321","14","19","3679","3684","-1","4","False"
"3675","53","10","75","5","64","53","5","78","89119.5808857356","50622.0327078398","3657.68261632","3656.4929485321","15","20","3680","3685","-1","6","False"
"3676","53","11","75","5","63","53","5","78","85759.7512833766","50622.0327078398","3657.68261632","3656.4929485321","16","21","3681","3686","-1","4","False"
"3677","53","12","75","5","62","53","5","78","82399.9216810177","50622.0327078398","3657.68261632","3656.4929485321","17","22","3682","3687","-1","4","False"
"3678","53","13","75","5","61","53","5","78","79040.0920786588","50622.0327078398","3657.68261632","3656.4929485321","18","23","3683","3688","-1","4","False"
"3679","53","14","75","5","60","53","5","78","75680.2624762999","50622.0327078398","3657.68261632","3656.4929485321","19","24","3684","3689","-1","4","False"
"3680","53","15","75","5","59","53","5","78","72320.432873941","50622.0327078398","3657.68261632","3656.4929485321","20","25","3685","3690","3","6","True"
"3681","53","16","75","5","58","53","5","78","68960.603271582","50622.0327078398","3657.68261632","3656.4929485321","21","26","3686","3691","3","4","True"
"3682","53","17","75","5","57","53","5","78","65600.7736692231","50622.0327078398","3657.68261632","3656.4929485321","22","27","3687","3692","3","4","True"
"3683","53","18","75","5","56","53","5","78","62240.9440668642","50622.0327078398","3657.68261632","3656.4929485321","23","28","3688","3693","3","4","True"
"3684","53","19","75","5","55","53","5","78","58881.1144645053","50622.0327078398","3657.68261632","3656.4929485321","24","29","3689","3694","3","4","True"
"3685","53","20","75","5","54","53","5","78","55521.2848621464","50622.0327078398","3657.68261632","3656.4929485321","25","30","3690","3695","-1","6","False"
"3686","53","21","75","5","53","53","5","78","52161.4552597875","50622.0327078398","3657.68261632","3656.4929485321","26","31","3691","3696","-1","4","False"
"3687","53","22","75","5","52","53","5","78","48801.6256574286","50622.0327078398","3657.68261632","3656.4929485321","27","32","3692","3697","-1","4","False"
"3688","53","23","75","5","51","53","5","78","45441.7960550696","50622.0327078398","3657.68261632","3656.4929485321","28","33","3693","3698","-1","4","False"
"3689","53","24","75","5","50","53","5","78","42081.9664527107","50622.0327078398","3657.68261632","3656.4929485321","29","34","3694","3699","-1","4","False"
"3690","53","25","75","5","49","53","5","78","38722.1368503518","50622.0327078398","3657.68261632","3656.4929485321","30","35","3695","3700","-1","6","False"
"3691","53","26","75","5","48","53","5","78","35362.3072479929","50622.0327078398","3657.68261632","3656.4929485321","31","36","3696","3701","-1","4","False"
"3692","53","27","75","5","47","53","5","78","32002.477645634","50622.0327078398","3657.68261632","3656.4929485321","32","37","3697","3702","-1","4","False"
"3693","53","28","75","5","46","53","5","78","28642.6480432751","50622.0327078398","3657.68261632","3656.4929485321","33","38","3698","3703","-1","4","False"
"3694","53","29","75","5","45","53","5","78","25282.8184409162","50622.0327078398","3657.68261632","3656.4929485321","34","39","3699","3704","-1","4","False"
"3695","53","30","75","5","44","53","5","78","21922.9888385572","50622.0327078398","3657.68261632","3656.4929485321","35","40","3700","3705","3","6","True"
"3696","53","31","75","5","43","53","5","78","18563.1592361983","50622.0327078398","3657.68261632","3656.4929485321","36","41","3701","3706","3","4","True"
"3697","53","32","75","5","42","53","5","78","15203.3296338394","50622.0327078398","3657.68261632","3656.4929485321","37","42","3702","3707","3","4","True"
"3698","53","33","75","5","41","53","5","78","11843.5000314805","50622.0327078398","3657.68261632","3656.4929485321","38","43","3703","3708","3","4","True"
"3699","53","34","75","5","40","53","5","78","8483.67042912157","50622.0327078398","3657.68261632","3656.4929485321","39","44","3704","3709","3","4","True"
"3700","53","35","75","5","39","53","5","78","5123.84082676264","50622.0327078398","3657.68261632","3656.4929485321","40","45","3705","3710","-1","6","False"
"3701","53","36","75","5","38","53","5","78","1764.01122440373","50622.0327078398","3657.68261632","3656.4929485321","41","46","3706","3711","-1","4","False"
"3702","53","37","75","5","37","53","5","78","-1595.81837795519","50622.0327078398","3657.68261632","3656.4929485321","42","47","3707","3712","-1","4","False"
"3703","53","38","75","5","36","53","5","78","-4955.6479803141","50622.0327078398","3657.68261632","3656.4929485321","43","48","3708","3713","-1","4","False"
"3704","53","39","75","5","35","53","5","78","-8315.47758267302","50622.0327078398","3657.68261632","3656.4929485321","44","49","3709","3714","-1","4","False"
"3705","53","40","75","5","34","53","5","78","-11675.3071850319","50622.0327078398","3657.68261632","3656.4929485321","45","50","3710","3715","-1","6","False"
"3706","53","41","75","5","33","53","5","78","-15035.1367873909","50622.0327078398","3657.68261632","3656.4929485321","46","51","3711","3716","-1","4","False"
"3707","53","42","75","5","32","53","5","78","-18394.9663897498","50622.0327078398","3657.68261632","3656.4929485321","47","52","3712","3717","-1","4","False"
"3708","53","43","75","5","31","53","5","78","-21754.7959921087","50622.0327078398","3657.68261632","3656.4929485321","48","53","3713","3718","-1","4","False"
"3709","53","44","75","5","30","53","5","78","-25114.6255944676","50622.0327078398","3657.68261632","3656.4929485321","49","54","3714","3719","-1","4","False"
"3710","53","45","75","5","29","53","5","78","-28474.4551968265","50622.0327078398","3657.68261632","3656.4929485321","50","55","3715","3720","3","6","True"
"3711","53","46","75","5","28","53","5","78","-31834.2847991854","50622.0327078398","3657.68261632","3656.4929485321","51","56","3716","3721","3","4","True"
"3712","53","47","75","5","27","53","5","78","-35194.1144015444","50622.0327078398","3657.68261632","3656.4929485321","52","57","3717","3722","3","4","True"
"3713","53","48","75","5","26","53","5","78","-38553.9440039033","50622.0327078398","3657.68261632","3656.4929485321","53","58","3718","3723","3","4","True"
"3714","53","49","75","5","25","53","5","78","-41913.7736062622","50622.0327078398","3657.68261632","3656.4929485321","54","59","3719","3724","3","4","True"
"3715","53","50","75","5","24","53","5","78","-45273.6032086211","50622.0327078398","3657.68261632","3656.4929485321","55","60","3720","3725","-1","6","False"
"3716","53","51","75","5","23","53","5","78","-48633.43281098","50622.0327078398","3657.68261632","3656.4929485321","56","61","3721","3726","-1","4","False"
"3717","53","52","75","5","22","53","5","78","-51993.2624133389","50622.0327078398","3657.68261632","3656.4929485321","57","62","3722","3727","-1","4","False"
"3718","53","53","75","5","21","53","5","78","-55353.0920156979","50622.0327078398","3657.68261632","3656.4929485321","58","63","3723","3728","-1","4","False"
"3719","53","54","75","5","20","53","5","78","-58712.9216180568","50622.0327078398","3657.68261632","3656.4929485321","59","64","3724","3729","-1","4","False"
"3720","53","55","75","5","19","53","5","78","-62072.7512204157","50622.0327078398","3657.68261632","3656.4929485321","60","65","3725","3730","-1","6","False"
"3721","53","56","75","5","18","53","5","78","-65432.5808227746","50622.0327078398","3657.68261632","3656.4929485321","61","66","3726","3731","-1","4","False"
"3722","53","57","75","5","17","53","5","78","-68792.4104251335","50622.0327078398","3657.68261632","3656.4929485321","62","67","3727","3732","-1","4","False"
"3723","53","58","75","5","16","53","5","78","-72152.2400274924","50622.0327078398","3657.68261632","3656.4929485321","63","68","3728","3733","-1","4","False"
"3724","53","59","75","5","15","53","5","78","-75512.0696298514","50622.0327078398","3657.68261632","3656.4929485321","64","69","3729","3734","-1","4","False"
"3725","53","60","75","5","14","53","5","78","-78871.8992322103","50622.0327078398","3657.68261632","3656.4929485321","65","70","3730","3735","3","6","True"
"3726","53","61","75","5","13","53","5","78","-82231.7288345692","50622.0327078398","3657.68261632","3656.4929485321","66","71","3731","3736","3","4","True"
"3727","53","62","75","5","12","53","5","78","-85591.5584369281","50622.0327078398","3657.68261632","3656.4929485321","67","72","3732","3737","3","4","True"
"3728","53","63","75","5","11","53","5","78","-88951.388039287","50622.0327078398","3657.68261632","3656.4929485321","68","73","3733","3738","3","4","True"
"3729","53","64","75","5","10","53","5","78","-92311.2176416459","50622.0327078398","3657.68261632","3656.4929485321","69","74","3734","3739","3","4","True"
"3730","53","65","75","5","9","53","5","78","-95671.0472440048","50622.0327078398","3657.68261632","3656.4929485321","55","60","3720","3725","-1","6","False"
"3731","53","66","75","5","8","53","5","78","-99030.8768463638","50622.0327078398","3657.68261632","3656.4929485321","56","61","3721","3726","-1","4","False"
"3732","53","67","75","5","7","53","5","78","-102390.706448723","50622.0327078398","3657.68261632","3656.4929485321","57","62","3722","3727","-1","4","False"
"3733","53","68","75","5","6","53","5","78","-105750.536051082","50622.0327078398","3657.68261632","3656.4929485321","58","63","3723","3728","-1","4","False"
"3734","53","69","75","5","5","53","5","78","-109110.365653441","50622.0327078398","3657.68261632","3656.4929485321","59","64","3724","3729","-1","4","False"
"3735","53","70","75","5","4","53","5","78","-112470.195255799","50622.0327078398","3657.68261632","3656.4929485321","60","65","3725","3730","-1","6","False"
"3736","53","71","75","5","3","53","5","78","-115830.024858158","50622.0327078398","3657.68261632","3656.4929485321","61","66","3726","3731","-1","4","False"
"3737","53","72","75","5","2","53","5","78","-119189.854460517","50622.0327078398","3657.68261632","3656.4929485321","62","67","3727","3732","-1","4","False"
"3738","53","73","75","5","1","53","5","78","-122549.684062876","50622.0327078398","3657.68261632","3656.4929485321","63","68","3728","3733","-1","4","False"
"3739","53","74","75","5","0","53","5","78","-125909.513665235","50622.0327078398","3657.68261632","3656.4929485321","64","69","3729","3734","-1","4","False"
"3740","54","0","75","5","0","54","5","78","-125909.513665235","54265.4767691191","3657.68261632","3656.4929485321","5","10","3745","3750","3","2","True"
"3741","54","1","75","5","1","54","5","78","-122549.684062876","54265.4767691191","3657.68261632","3656.4929485321","6","11","3746","3751","3","3","True"
"3742","54","2","75","5","2","54","5","78","-119189.854460517","54265.4767691191","3657.68261632","3656.4929485321","7","12","3747","3752","3","3","True"
"3743","54","3","75","5","3","54","5","78","-115830.024858158","54265.4767691191","3657.68261632","3656.4929485321","8","13","3748","3753","3","3","True"
"3744","54","4","75","5","4","54","5","78","-112470.195255799","54265.4767691191","3657.68261632","3656.4929485321","9","14","3749","3754","3","4","True"
"3745","54","5","75","5","5","54","5","78","-109110.365653441","54265.4767691191","3657.68261632","3656.4929485321","10","15","3750","3755","-1","3","False"
"3746","54","6","75","5","6","54","5","78","-105750.536051082","54265.4767691191","3657.68261632","3656.4929485321","11","16","3751","3756","-1","3","False"
"3747","54","7","75","5","7","54","5","78","-102390.706448723","54265.4767691191","3657.68261632","3656.4929485321","12","17","3752","3757","-1","3","False"
"3748","54","8","75","5","8","54","5","78","-99030.8768463638","54265.4767691191","3657.68261632","3656.4929485321","13","18","3753","3758","-1","3","False"
"3749","54","9","75","5","9","54","5","78","-95671.0472440048","54265.4767691191","3657.68261632","3656.4929485321","14","19","3754","3759","-1","4","False"
"3750","54","10","75","5","10","54","5","78","-92311.2176416459","54265.4767691191","3657.68261632","3656.4929485321","15","20","3755","3760","-1","3","False"
"3751","54","11","75","5","11","54","5","78","-88951.388039287","54265.4767691191","3657.68261632","3656.4929485321","16","21","3756","3761","-1","3","False"
"3752","54","12","75","5","12","54","5","78","-85591.5584369281","54265.4767691191","3657.68261632","3656.4929485321","17","22","3757","3762","-1","3","False"
"3753","54","13","75","5","13","54","5","78","-82231.7288345692","54265.4767691191","3657.68261632","3656.4929485321","18","23","3758","3763","-1","3","False"
"3754","54","14","75","5","14","54","5","78","-78871.8992322103","54265.4767691191","3657.68261632","3656.4929485321","19","24","3759","3764","-1","4","False"
"3755","54","15","75","5","15","54","5","78","-75512.0696298514","54265.4767691191","3657.68261632","3656.4929485321","20","25","3760","3765","3","3","True"
"3756","54","16","75","5","16","54","5","78","-72152.2400274924","54265.4767691191","3657.68261632","3656.4929485321","21","26","3761","3766","3","3","True"
"3757","54","17","75","5","17","54","5","78","-68792.4104251335","54265.4767691191","3657.68261632","3656.4929485321","22","27","3762","3767","3","3","True"
"3758","54","18","75","5","18","54","5","78","-65432.5808227746","54265.4767691191","3657.68261632","3656.4929485321","23","28","3763","3768","3","3","True"
"3759","54","19","75","5","19","54","5","78","-62072.7512204157","54265.4767691191","3657.68261632","3656.4929485321","24","29","3764","3769","3","4","True"
"3760","54","20","75","5","20","54","5","78","-58712.9216180568","54265.4767691191","3657.68261632","3656.4929485321","25","30","3765","3770","-1","3","False"
"3761","54","21","75","5","21","54","5","78","-55353.0920156979","54265.4767691191","3657.68261632","3656.4929485321","26","31","3766","3771","-1","3","False"
"3762","54","22","75","5","22","54","5","78","-51993.2624133389","54265.4767691191","3657.68261632","3656.4929485321","27","32","3767","3772","-1","3","False"
"3763","54","23","75","5","23","54","5","78","-48633.43281098","54265.4767691191","3657.68261632","3656.4929485321","28","33","3768","3773","-1","3","False"
"3764","54","24","75","5","24","54","5","78","-45273.6032086211","54265.4767691191","3657.68261632","3656.4929485321","29","34","3769","3774","-1","4","False"
"3765","54","25","75","5","25","54","5","78","-41913.7736062622","54265.4767691191","3657.68261632","3656.4929485321","30","35","3770","3775","-1","3","False"
"3766","54","26","75","5","26","54","5","78","-38553.9440039033","54265.4767691191","3657.68261632","3656.4929485321","31","36","3771","3776","-1","3","False"
"3767","54","27","75","5","27","54","5","78","-35194.1144015444","54265.4767691191","3657.68261632","3656.4929485321","32","37","3772","3777","-1","3","False"
"3768","54","28","75","5","28","54","5","78","-31834.2847991854","54265.4767691191","3657.68261632","3656.4929485321","33","38","3773","3778","-1","3","False"
"3769","54","29","75","5","29","54","5","78","-28474.4551968265","54265.4767691191","3657.68261632","3656.4929485321","34","39","3774","3779","-1","4","False"
"3770","54","30","75","5","30","54","5","78","-25114.6255944676","54265.4767691191","3657.68261632","3656.4929485321","35","40","3775","3780","3","3","True"
"3771","54","31","75","5","31","54","5","78","-21754.7959921087","54265.4767691191","3657.68261632","3656.4929485321","36","41","3776","3781","3","3","True"
"3772","54","32","75","5","32","54","5","78","-18394.9663897498","54265.4767691191","3657.68261632","3656.4929485321","37","42","3777","3782","3","3","True"
"3773","54","33","75","5","33","54","5","78","-15035.1367873909","54265.4767691191","3657.68261632","3656.4929485321","38","43","3778","3783","3","3","True"
"3774","54","34","75","5","34","54","5","78","-11675.3071850319","54265.4767691191","3657.68261632","3656.4929485321","39","44","3779","3784","3","4","True"
"3775","54","35","75","5","35","54","5","78","-8315.47758267302","54265.4767691191","3657.68261632","3656.4929485321","40","45","3780","3785","-1","3","False"
"3776","54","36","75","5","36","54","5","78","-4955.6479803141","54265.4767691191","3657.68261632","3656.4929485321","41","46","3781","3786","-1","3","False"
"3777","54","37","75","5","37","54","5","78","-1595.81837795519","54265.4767691191","3657.68261632","3656.4929485321","42","47","3782","3787","-1","3","False"
"3778","54","38","75","5","38","54","5","78","1764.01122440373","54265.4767691191","3657.68261632","3656.4929485321","43","48","3783","3788","-1","3","False"
"3779","54","39","75","5","39","54","5","78","5123.84082676264","54265.4767691191","3657.68261632","3656.4929485321","44","49","3784","3789","-1","4","False"
"3780","54","40","75","5","40","54","5","78","8483.67042912157","54265.4767691191","3657.68261632","3656.4929485321","45","50","3785","3790","-1","3","False"
"3781","54","41","75","5","41","54","5","78","11843.5000314805","54265.4767691191","3657.68261632","3656.4929485321","46","51","3786","3791","-1","3","False"
"3782","54","42","75","5","42","54","5","78","15203.3296338394","54265.4767691191","3657.68261632","3656.4929485321","47","52","3787","3792","-1","3","False"
"3783","54","43","75","5","43","54","5","78","18563.1592361983","54265.4767691191","3657.68261632","3656.4929485321","48","53","3788","3793","-1","3","False"
"3784","54","44","75","5","44","54","5","78","21922.9888385572","54265.4767691191","3657.68261632","3656.4929485321","49","54","3789","3794","-1","4","False"
"3785","54","45","75","5","45","54","5","78","25282.8184409162","54265.4767691191","3657.68261632","3656.4929485321","50","55","3790","3795","3","3","True"
"3786","54","46","75","5","46","54","5","78","28642.6480432751","54265.4767691191","3657.68261632","3656.4929485321","51","56","3791","3796","3","3","True"
"3787","54","47","75","5","47","54","5","78","32002.477645634","54265.4767691191","3657.68261632","3656.4929485321","52","57","3792","3797","3","3","True"
"3788","54","48","75","5","48","54","5","78","35362.3072479929","54265.4767691191","3657.68261632","3656.4929485321","53","58","3793","3798","3","3","True"
"3789","54","49","75","5","49","54","5","78","38722.1368503518","54265.4767691191","3657.68261632","3656.4929485321","54","59","3794","3799","3","4","True"
"3790","54","50","75","5","50","54","5","78","42081.9664527107","54265.4767691191","3657.68261632","3656.4929485321","55","60","3795","3800","-1","3","False"
"3791","54","51","75","5","51","54","5","78","45441.7960550696","54265.4767691191","3657.68261632","3656.4929485321","56","61","3796","3801","-1","3","False"
"3792","54","52","75","5","52","54","5","78","48801.6256574286","54265.4767691191","3657.68261632","3656.4929485321","57","62","3797","3802","-1","3","False"
"3793","54","53","75","5","53","54","5","78","52161.4552597875","54265.4767691191","3657.68261632","3656.4929485321","58","63","3798","3803","-1","3","False"
"3794","54","54","75","5","54","54","5","78","55521.2848621464","54265.4767691191","3657.68261632","3656.4929485321","59","64","3799","3804","-1","4","False"
"3795","54","55","75","5","55","54","5","78","58881.1144645053","54265.4767691191","3657.68261632","3656.4929485321","60","65","3800","3805","-1","3","False"
"3796","54","56","75","5","56","54","5","78","62240.9440668642","54265.4767691191","3657.68261632","3656.4929485321","61","66","3801","3806","-1","3","False"
"3797","54","57","75","5","57","54","5","78","65600.7736692231","54265.4767691191","3657.68261632","3656.4929485321","62","67","3802","3807","-1","3","False"
"3798","54","58","75","5","58","54","5","78","68960.603271582","54265.4767691191","3657.68261632","3656.4929485321","63","68","3803","3808","-1","3","False"
"3799","54","59","75","5","59","54","5","78","72320.432873941","54265.4767691191","3657.68261632","3656.4929485321","64","69","3804","3809","-1","4","False"
"3800","54","60","75","5","60","54","5","78","75680.2624762999","54265.4767691191","3657.68261632","3656.4929485321","65","70","3805","3810","3","3","True"
"3801","54","61","75","5","61","54","5","78","79040.0920786588","54265.4767691191","3657.68261632","3656.4929485321","66","71","3806","3811","3","3","True"
"3802","54","62","75","5","62","54","5","78","82399.9216810177","54265.4767691191","3657.68261632","3656.4929485321","67","72","3807","3812","3","3","True"
"3803","54","63","75","5","63","54","5","78","85759.7512833766","54265.4767691191","3657.68261632","3656.4929485321","68","73","3808","3813","3","3","True"
"3804","54","64","75","5","64","54","5","78","89119.5808857356","54265.4767691191","3657.68261632","3656.4929485321","69","74","3809","3814","3","4","True"
"3805","54","65","75","5","65","54","5","78","92479.4104880945","54265.4767691191","3657.68261632","3656.4929485321","55","60","3795","3800","-1","3","False"
"3806","54","66","75","5","66","54","5","78","95839.2400904534","54265.4767691191","3657.68261632","3656.4929485321","56","61","3796","3801","-1","3","False"
"3807","54","67","75","5","67","54","5","78","99199.0696928123","54265.4767691191","3657.68261632","3656.4929485321","57","62","3797","3802","-1","3","False"
"3808","54","68","75","5","68","54","5","78","102558.899295171","54265.4767691191","3657.68261632","3656.4929485321","58","63","3798","3803","-1","3","False"
"3809","54","69","75","5","69","54","5","78","105918.72889753","54265.4767691191","3657.68261632","3656.4929485321","59","64","3799","3804","-1","4","False"
"3810","54","70","75","5","70","54","5","78","109278.558499889","54265.4767691191","3657.68261632","3656.4929485321","60","65","3800","3805","-1","3","False"
"3811","54","71","75","5","71","54","5","78","112638.388102248","54265.4767691191","3657.68261632","3656.4929485321","61","66","3801","3806","-1","3","False"
"3812","54","72","75","5","72","54","5","78","115998.217704607","54265.4767691191","3657.68261632","3656.4929485321","62","67","3802","3807","-1","3","False"
"3813","54","73","75","5","73","54","5","78","119358.047306966","54265.4767691191","3657.68261632","3656.4929485321","63","68","3803","3808","-1","3","False"
"3814","54","74","75","5","74","54","5","78","122717.876909325","54265.4767691191","3657.68261632","3656.4929485321","64","69","3804","3809","-1","3","False"
"3815","55","0","75","5","74","55","5","78","122717.876909325","57908.9208303984","3657.68261632","3656.4929485321","5","10","3820","3825","3","2","True"
"3816","55","1","75","5","73","55","5","78","119358.047306966","57908.9208303984","3657.68261632","3656.4929485321","6","11","3821","3826","3","3","True"
"3817","55","2","75","5","72","55","5","78","115998.217704607","57908.9208303984","3657.68261632","3656.4929485321","7","12","3822","3827","3","3","True"
"3818","55","3","75","5","71","55","5","78","112638.388102248","57908.9208303984","3657.68261632","3656.4929485321","8","13","3823","3828","3","3","True"
"3819","55","4","75","5","70","55","5","78","109278.558499889","57908.9208303984","3657.68261632","3656.4929485321","9","14","3824","3829","3","3","True"
"3820","55","5","75","5","69","55","5","78","105918.72889753","57908.9208303984","3657.68261632","3656.4929485321","10","15","3825","3830","-1","4","False"
"3821","55","6","75","5","68","55","5","78","102558.899295171","57908.9208303984","3657.68261632","3656.4929485321","11","16","3826","3831","-1","3","False"
"3822","55","7","75","5","67","55","5","78","99199.0696928123","57908.9208303984","3657.68261632","3656.4929485321","12","17","3827","3832","-1","3","False"
"3823","55","8","75","5","66","55","5","78","95839.2400904534","57908.9208303984","3657.68261632","3656.4929485321","13","18","3828","3833","-1","3","False"
"3824","55","9","75","5","65","55","5","78","92479.4104880945","57908.9208303984","3657.68261632","3656.4929485321","14","19","3829","3834","-1","3","False"
"3825","55","10","75","5","64","55","5","78","89119.5808857356","57908.9208303984","3657.68261632","3656.4929485321","15","20","3830","3835","-1","4","False"
"3826","55","11","75","5","63","55","5","78","85759.7512833766","57908.9208303984","3657.68261632","3656.4929485321","16","21","3831","3836","-1","3","False"
"3827","55","12","75","5","62","55","5","78","82399.9216810177","57908.9208303984","3657.68261632","3656.4929485321","17","22","3832","3837","-1","3","False"
"3828","55","13","75","5","61","55","5","78","79040.0920786588","57908.9208303984","3657.68261632","3656.4929485321","18","23","3833","3838","-1","3","False"
"3829","55","14","75","5","60","55","5","78","75680.2624762999","57908.9208303984","3657.68261632","3656.4929485321","19","24","3834","3839","-1","3","False"
"3830","55","15","75","5","59","55","5","78","72320.432873941","57908.9208303984","3657.68261632","3656.4929485321","20","25","3835","3840","3","4","True"
"3831","55","16","75","5","58","55","5","78","68960.603271582","57908.9208303984","3657.68261632","3656.4929485321","21","26","3836","3841","3","3","True"
"3832","55","17","75","5","57","55","5","78","65600.7736692231","57908.9208303984","3657.68261632","3656.4929485321","22","27","3837","3842","3","3","True"
"3833","55","18","75","5","56","55","5","78","62240.9440668642","57908.9208303984","3657.68261632","3656.4929485321","23","28","3838","3843","3","3","True"
"3834","55","19","75","5","55","55","5","78","58881.1144645053","57908.9208303984","3657.68261632","3656.4929485321","24","29","3839","3844","3","3","True"
"3835","55","20","75","5","54","55","5","78","55521.2848621464","57908.9208303984","3657.68261632","3656.4929485321","25","30","3840","3845","-1","4","False"
"3836","55","21","75","5","53","55","5","78","52161.4552597875","57908.9208303984","3657.68261632","3656.4929485321","26","31","3841","3846","-1","3","False"
"3837","55","22","75","5","52","55","5","78","48801.6256574286","57908.9208303984","3657.68261632","3656.4929485321","27","32","3842","3847","-1","3","False"
"3838","55","23","75","5","51","55","5","78","45441.7960550696","57908.9208303984","3657.68261632","3656.4929485321","28","33","3843","3848","-1","3","False"
"3839","55","24","75","5","50","55","5","78","42081.9664527107","57908.9208303984","3657.68261632","3656.4929485321","29","34","3844","3849","-1","3","False"
"3840","55","25","75","5","49","55","5","78","38722.1368503518","57908.9208303984","3657.68261632","3656.4929485321","30","35","3845","3850","-1","4","False"
"3841","55","26","75","5","48","55","5","78","35362.3072479929","57908.9208303984","3657.68261632","3656.4929485321","31","36","3846","3851","-1","3","False"
"3842","55","27","75","5","47","55","5","78","32002.477645634","57908.9208303984","3657.68261632","3656.4929485321","32","37","3847","3852","-1","3","False"
"3843","55","28","75","5","46","55","5","78","28642.6480432751","57908.9208303984","3657.68261632","3656.4929485321","33","38","3848","3853","-1","3","False"
"3844","55","29","75","5","45","55","5","78","25282.8184409162","57908.9208303984","3657.68261632","3656.4929485321","34","39","3849","3854","-1","3","False"
"3845","55","30","75","5","44","55","5","78","21922.9888385572","57908.9208303984","3657.68261632","3656.4929485321","35","40","3850","3855","3","4","True"
"3846","55","31","75","5","43","55","5","78","18563.1592361983","57908.9208303984","3657.68261632","3656.4929485321","36","41","3851","3856","3","3","True"
"3847","55","32","75","5","42","55","5","78","15203.3296338394","57908.9208303984","3657.68261632","3656.4929485321","37","42","3852","3857","3","3","True"
"3848","55","33","75","5","41","55","5","78","11843.5000314805","57908.9208303984","3657.68261632","3656.4929485321","38","43","3853","3858","3","3","True"
"3849","55","34","75","5","40","55","5","78","8483.67042912157","57908.9208303984","3657.68261632","3656.4929485321","39","44","3854","3859","3","3","True"
"3850","55","35","75","5","39","55","5","78","5123.84082676264","57908.9208303984","3657.68261632","3656.4929485321","40","45","3855","3860","-1","4","False"
"3851","55","36","75","5","38","55","5","78","1764.01122440373","57908.9208303984","3657.68261632","3656.4929485321","41","46","3856","3861","-1","3","False"
"3852","55","37","75","5","37","55","5","78","-1595.81837795519","57908.9208303984","3657.68261632","3656.4929485321","42","47","3857","3862","-1","3","False"
"3853","55","38","75","5","36","55","5","78","-4955.6479803141","57908.9208303984","3657.68261632","3656.4929485321","43","48","3858","3863","-1","3","False"
"3854","55","39","75","5","35","55","5","78","-8315.47758267302","57908.9208303984","3657.68261632","3656.4929485321","44","49","3859","3864","-1","3","False"
"3855","55","40","75","5","34","55","5","78","-11675.3071850319","57908.9208303984","3657.68261632","3656.4929485321","45","50","3860","3865","-1","4","False"
"3856","55","41","75","5","33","55","5","78","-15035.1367873909","57908.9208303984","3657.68261632","3656.4929485321","46","51","3861","3866","-1","3","False"
"3857","55","42","75","5","32","55","5","78","-18394.9663897498","57908.9208303984","3657.68261632","3656.4929485321","47","52","3862","3867","-1","3","False"
"3858","55","43","75","5","31","55","5","78","-21754.7959921087","57908.9208303984","3657.68261632","3656.4929485321","48","53","3863","3868","-1","3","False"
"3859","55","44","75","5","30","55","5","78","-25114.6255944676","57908.9208303984","3657.68261632","3656.4929485321","49","54","3864","3869","-1","3","False"
"3860","55","45","75","5","29","55","5","78","-28474.4551968265","57908.9208303984","3657.68261632","3656.4929485321","50","55","3865","3870","3","4","True"
"3861","55","46","75","5","28","55","5","78","-31834.2847991854","57908.9208303984","3657.68261632","3656.4929485321","51","56","3866","3871","3","3","True"
"3862","55","47","75","5","27","55","5","78","-35194.1144015444","57908.9208303984","3657.68261632","3656.4929485321","52","57","3867","3872","3","3","True"
"3863","55","48","75","5","26","55","5","78","-38553.9440039033","57908.9208303984","3657.68261632","3656.4929485321","53","58","3868","3873","3","3","True"
"3864","55","49","75","5","25","55","5","78","-41913.7736062622","57908.9208303984","3657.68261632","3656.4929485321","54","59","3869","3874","3","3","True"
"3865","55","50","75","5","24","55","5","78","-45273.6032086211","57908.9208303984","3657.68261632","3656.4929485321","55","60","3870","3875","-1","4","False"
"3866","55","51","75","5","23","55","5","78","-48633.43281098","57908.9208303984","3657.68261632","3656.4929485321","56","61","3871","3876","-1","3","False"
"3867","55","52","75","5","22","55","5","78","-51993.2624133389","57908.9208303984","3657.68261632","3656.4929485321","57","62","3872","3877","-1","3","False"
"3868","55","53","75","5","21","55","5","78","-55353.0920156979","57908.9208303984","3657.68261632","3656.4929485321","58","63","3873","3878","-1","3","False"
"3869","55","54","75","5","20","55","5","78","-58712.9216180568","57908.9208303984","3657.68261632","3656.4929485321","59","64","3874","3879","-1","3","False"
"3870","55","55","75","5","19","55","5","78","-62072.7512204157","57908.9208303984","3657.68261632","3656.4929485321","60","65","3875","3880","-1","4","False"
"3871","55","56","75","5","18","55","5","78","-65432.5808227746","57908.9208303984","3657.68261632","3656.4929485321","61","66","3876","3881","-1","3","False"
"3872","55","57","75","5","17","55","5","78","-68792.4104251335","57908.9208303984","3657.68261632","3656.4929485321","62","67","3877","3882","-1","3","False"
"3873","55","58","75","5","16","55","5","78","-72152.2400274924","57908.9208303984","3657.68261632","3656.4929485321","63","68","3878","3883","-1","3","False"
"3874","55","59","75","5","15","55","5","78","-75512.0696298514","57908.9208303984","3657.68261632","3656.4929485321","64","69","3879","3884","-1","3","False"
"3875","55","60","75","5","14","55","5","78","-78871.8992322103","57908.9208303984","3657.68261632","3656.4929485321","65","70","3880","3885","3","4","True"
"3876","55","61","75","5","13","55","5","78","-82231.7288345692","57908.9208303984","3657.68261632","3656.4929485321","66","71","3881","3886","3","3","True"
"3877","55","62","75","5","12","55","5","78","-85591.5584369281","57908.9208303984","3657.68261632","3656.4929485321","67","72","3882","3887","3","3","True"
"3878","55","63","75","5","11","55","5","78","-88951.388039287","57908.9208303984","3657.68261632","3656.4929485321","68","73","3883","3888","3","3","True"
"3879","55","64","75","5","10","55","5","78","-92311.2176416459","57908.9208303984","3657.68261632","3656.4929485321","69","74","3884","3889","3","3","True"
"3880","55","65","75","5","9","55","5","78","-95671.0472440048","57908.9208303984","3657.68261632","3656.4929485321","55","60","3870","3875","-1","4","False"
"3881","55","66","75","5","8","55","5","78","-99030.8768463638","57908.9208303984","3657.68261632","3656.4929485321","56","61","3871","3876","-1","3","False"
"3882","55","67","75","5","7","55","5","78","-102390.706448723","57908.9208303984","3657.68261632","3656.4929485321","57","62","3872","3877","-1","3","False"
"3883","55","68","75","5","6","55","5","78","-105750.536051082","57908.9208303984","3657.68261632","3656.4929485321","58","63","3873","3878","-1","3","False"
"3884","55","69","75","5","5","55","5","78","-109110.365653441","57908.9208303984","3657.68261632","3656.4929485321","59","64","3874","3879","-1","3","False"
"3885","55","70","75","5","4","55","5","78","-112470.195255799","57908.9208303984","3657.68261632","3656.4929485321","60","65","3875","3880","-1","4","False"
"3886","55","71","75","5","3","55","5","78","-115830.024858158","57908.9208303984","3657.68261632","3656.4929485321","61","66","3876","3881","-1","3","False"
"3887","55","72","75","5","2","55","5","78","-119189.854460517","57908.9208303984","3657.68261632","3656.4929485321","62","67","3877","3882","-1","3","False"
"3888","55","73","75","5","1","55","5","78","-122549.684062876","57908.9208303984","3657.68261632","3656.4929485321","63","68","3878","3883","-1","3","False"
"3889","55","74","75","5","0","55","5","78","-125909.513665235","57908.9208303984","3657.68261632","3656.4929485321","64","69","3879","3884","-1","3","False"
"3890","56","0","75","5","0","56","5","78","-125909.513665235","61552.3648916777","3657.68261632","3656.4929485321","5","10","3895","3900","3","3","True"
"3891","56","1","75","5","1","56","5","78","-122549.684062876","61552.3648916777","3657.68261632","3656.4929485321","6","11","3896","3901","3","4","True"
"3892","56","2","75","5","2","56","5","78","-119189.854460517","61552.3648916777","3657.68261632","3656.4929485321","7","12","3897","3902","3","4","True"
"3893","56","3","75","5","3","56","5","78","-115830.024858158","61552.3648916777","3657.68261632","3656.4929485321","8","13","3898","3903","3","4","True"
"3894","56","4","75","5","4","56","5","78","-112470.195255799","61552.3648916777","3657.68261632","3656.4929485321","9","14","3899","3904","3","6","True"
"3895","56","5","75","5","5","56","5","78","-109110.365653441","61552.3648916777","3657.68261632","3656.4929485321","10","15","3900","3905","-1","4","False"
"3896","56","6","75","5","6","56","5","78","-105750.536051082","61552.3648916777","3657.68261632","3656.4929485321","11","16","3901","3906","-1","4","False"
"3897","56","7","75","5","7","56","5","78","-102390.706448723","61552.3648916777","3657.68261632","3656.4929485321","12","17","3902","3907","-1","4","False"
"3898","56","8","75","5","8","56","5","78","-99030.8768463638","61552.3648916777","3657.68261632","3656.4929485321","13","18","3903","3908","-1","4","False"
"3899","56","9","75","5","9","56","5","78","-95671.0472440048","61552.3648916777","3657.68261632","3656.4929485321","14","19","3904","3909","-1","6","False"
"3900","56","10","75","5","10","56","5","78","-92311.2176416459","61552.3648916777","3657.68261632","3656.4929485321","15","20","3905","3910","-1","4","False"
"3901","56","11","75","5","11","56","5","78","-88951.388039287","61552.3648916777","3657.68261632","3656.4929485321","16","21","3906","3911","-1","4","False"
"3902","56","12","75","5","12","56","5","78","-85591.5584369281","61552.3648916777","3657.68261632","3656.4929485321","17","22","3907","3912","-1","4","False"
"3903","56","13","75","5","13","56","5","78","-82231.7288345692","61552.3648916777","3657.68261632","3656.4929485321","18","23","3908","3913","-1","4","False"
"3904","56","14","75","5","14","56","5","78","-78871.8992322103","61552.3648916777","3657.68261632","3656.4929485321","19","24","3909","3914","-1","6","False"
"3905","56","15","75","5","15","56","5","78","-75512.0696298514","61552.3648916777","3657.68261632","3656.4929485321","20","25","3910","3915","3","4","True"
"3906","56","16","75","5","16","56","5","78","-72152.2400274924","61552.3648916777","3657.68261632","3656.4929485321","21","26","3911","3916","3","4","True"
"3907","56","17","75","5","17","56","5","78","-68792.4104251335","61552.3648916777","3657.68261632","3656.4929485321","22","27","3912","3917","3","4","True"
"3908","56","18","75","5","18","56","5","78","-65432.5808227746","61552.3648916777","3657.68261632","3656.4929485321","23","28","3913","3918","3","4","True"
"3909","56","19","75","5","19","56","5","78","-62072.7512204157","61552.3648916777","3657.68261632","3656.4929485321","24","29","3914","3919","3","6","True"
"3910","56","20","75","5","20","56","5","78","-58712.9216180568","61552.3648916777","3657.68261632","3656.4929485321","25","30","3915","3920","-1","4","False"
"3911","56","21","75","5","21","56","5","78","-55353.0920156979","61552.3648916777","3657.68261632","3656.4929485321","26","31","3916","3921","-1","4","False"
"3912","56","22","75","5","22","56","5","78","-51993.2624133389","61552.3648916777","3657.68261632","3656.4929485321","27","32","3917","3922","-1","4","False"
"3913","56","23","75","5","23","56","5","78","-48633.43281098","61552.3648916777","3657.68261632","3656.4929485321","28","33","3918","3923","-1","4","False"
"3914","56","24","75","5","24","56","5","78","-45273.6032086211","61552.3648916777","3657.68261632","3656.4929485321","29","34","3919","3924","-1","6","False"
"3915","56","25","75","5","25","56","5","78","-41913.7736062622","61552.3648916777","3657.68261632","3656.4929485321","30","35","3920","3925","-1","4","False"
"3916","56","26","75","5","26","56","5","78","-38553.9440039033","61552.3648916777","3657.68261632","3656.4929485321","31","36","3921","3926","-1","4","False"
"3917","56","27","75","5","27","56","5","78","-35194.1144015444","61552.3648916777","3657.68261632","3656.4929485321","32","37","3922","3927","-1","4","False"
"3918","56","28","75","5","28","56","5","78","-31834.2847991854","61552.3648916777","3657.68261632","3656.4929485321","33","38","3923","3928","-1","4","False"
"3919","56","29","75","5","29","56","5","78","-28474.4551968265","61552.3648916777","3657.68261632","3656.4929485321","34","39","3924","3929","-1","6","False"
"3920","56","30","75","5","30","56","5","78","-25114.6255944676","61552.3648916777","3657.68261632","3656.4929485321","35","40","3925","3930","3","4","True"
"3921","56","31","75","5","31","56","5","78","-21754.7959921087","61552.3648916777","3657.68261632","3656.4929485321","36","41","3926","3931","3","4","True"
"3922","56","32","75","5","32","56","5","78","-18394.9663897498","61552.3648916777","3657.68261632","3656.4929485321","37","42","3927","3932","3","4","True"
"3923","56","33","75","5","33","56","5","78","-15035.1367873909","61552.3648916777","3657.68261632","3656.4929485321","38","43","3928","3933","3","4","True"
"3924","56","34","75","5","34","56","5","78","-11675.3071850319","61552.3648916777","3657.68261632","3656.4929485321","39","44","3929","3934","3","6","True"
"3925","56","35","75","5","35","56","5","78","-8315.47758267302","61552.3648916777","3657.68261632","3656.4929485321","40","45","3930","3935","-1","4","False"
"3926","56","36","75","5","36","56","5","78","-4955.6479803141","61552.3648916777","3657.68261632","3656.4929485321","41","46","3931","3936","-1","4","False"
"3927","56","37","75","5","37","56","5","78","-1595.81837795519","61552.3648916777","3657.68261632","3656.4929485321","42","47","3932","3937","-1","4","False"
"3928","56","38","75","5","38","56","5","78","1764.01122440373","61552.3648916777","3657.68261632","3656.4929485321","43","48","3933","3938","-1","4","False"
"3929","56","39","75","5","39","56","5","78","5123.84082676264","61552.3648916777","3657.68261632","3656.4929485321","44","49","3934","3939","-1","6","False"
"3930","56","40","75","5","40","56","5","78","8483.67042912157","61552.3648916777","3657.68261632","3656.4929485321","45","50","3935","3940","-1","4","False"
"3931","56","41","75","5","41","56","5","78","11843.5000314805","61552.3648916777","3657.68261632","3656.4929485321","46","51","3936","3941","-1","4","False"
"3932","56","42","75","5","42","56","5","78","15203.3296338394","61552.3648916777","3657.68261632","3656.4929485321","47","52","3937","3942","-1","4","False"
"3933","56","43","75","5","43","56","5","78","18563.1592361983","61552.3648916777","3657.68261632","3656.4929485321","48","53","3938","3943","-1","4","False"
"3934","56","44","75","5","44","56","5","78","21922.9888385572","61552.3648916777","3657.68261632","3656.4929485321","49","54","3939","3944","-1","6","False"
"3935","56","45","75","5","45","56","5","78","25282.8184409162","61552.3648916777","3657.68261632","3656.4929485321","50","55","3940","3945","3","4","True"
"3936","56","46","75","5","46","56","5","78","28642.6480432751","61552.3648916777","3657.68261632","3656.4929485321","51","56","3941","3946","3","4","True"
"3937","56","47","75","5","47","56","5","78","32002.477645634","61552.3648916777","3657.68261632","3656.4929485321","52","57","3942","3947","3","4","True"
"3938","56","48","75","5","48","56","5","78","35362.3072479929","61552.3648916777","3657.68261632","3656.4929485321","53","58","3943","3948","3","4","True"
"3939","56","49","75","5","49","56","5","78","38722.1368503518","61552.3648916777","3657.68261632","3656.4929485321","54","59","3944","3949","3","6","True"
"3940","56","50","75","5","50","56","5","78","42081.9664527107","61552.3648916777","3657.68261632","3656.4929485321","55","60","3945","3950","-1","4","False"
"3941","56","51","75","5","51","56","5","78","45441.7960550696","61552.3648916777","3657.68261632","3656.4929485321","56","61","3946","3951","-1","4","False"
"3942","56","52","75","5","52","56","5","78","48801.6256574286","61552.3648916777","3657.68261632","3656.4929485321","57","62","3947","3952","-1","4","False"
"3943","56","53","75","5","53","56","5","78","52161.4552597875","61552.3648916777","3657.68261632","3656.4929485321","58","63","3948","3953","-1","4","False"
"3944","56","54","75","5","54","56","5","78","55521.2848621464","61552.3648916777","3657.68261632","3656.4929485321","59","64","3949","3954","-1","6","False"
"3945","56","55","75","5","55","56","5","78","58881.1144645053","61552.3648916777","3657.68261632","3656.4929485321","60","65","3950","3955","-1","4","False"
"3946","56","56","75","5","56","56","5","78","62240.9440668642","61552.3648916777","3657.68261632","3656.4929485321","61","66","3951","3956","-1","4","False"
"3947","56","57","75","5","57","56","5","78","65600.7736692231","61552.3648916777","3657.68261632","3656.4929485321","62","67","3952","3957","-1","4","False"
"3948","56","58","75","5","58","56","5","78","68960.603271582","61552.3648916777","3657.68261632","3656.4929485321","63","68","3953","3958","-1","4","False"
"3949","56","59","75","5","59","56","5","78","72320.432873941","61552.3648916777","3657.68261632","3656.4929485321","64","69","3954","3959","-1","6","False"
"3950","56","60","75","5","60","56","5","78","75680.2624762999","61552.3648916777","3657.68261632","3656.4929485321","65","70","3955","3960","3","4","True"
"3951","56","61","75","5","61","56","5","78","79040.0920786588","61552.3648916777","3657.68261632","3656.4929485321","66","71","3956","3961","3","4","True"
"3952","56","62","75","5","62","56","5","78","82399.9216810177","61552.3648916777","3657.68261632","3656.4929485321","67","72","3957","3962","3","4","True"
"3953","56","63","75","5","63","56","5","78","85759.7512833766","61552.3648916777","3657.68261632","3656.4929485321","68","73","3958","3963","3","4","True"
"3954","56","64","75","5","64","56","5","78","89119.5808857356","61552.3648916777","3657.68261632","3656.4929485321","69","74","3959","3964","3","6","True"
"3955","56","65","75","5","65","56","5","78","92479.4104880945","61552.3648916777","3657.68261632","3656.4929485321","55","60","3945","3950","-1","4","False"
"3956","56","66","75","5","66","56","5","78","95839.2400904534","61552.3648916777","3657.68261632","3656.4929485321","56","61","3946","3951","-1","4","False"
"3957","56","67","75","5","67","56","5","78","99199.0696928123","61552.3648916777","3657.68261632","3656.4929485321","57","62","3947","3952","-1","4","False"
"3958","56","68","75","5","68","56","5","78","102558.899295171","61552.3648916777","3657.68261632","3656.4929485321","58","63","3948","3953","-1","4","False"
"3959","56","69","75","5","69","56","5","78","105918.72889753","61552.3648916777","3657.68261632","3656.4929485321","59","64","3949","3954","-1","6","False"
"3960","56","70","75","5","70","56","5","78","109278.558499889","61552.3648916777","3657.68261632","3656.4929485321","60","65","3950","3955","-1","4","False"
"3961","56","71","75","5","71","56","5","78","112638.388102248","61552.3648916777","3657.68261632","3656.4929485321","61","66","3951","3956","-1","4","False"
"3962","56","72","75","5","72","56","5","78","115998.217704607","61552.3648916777","3657.68261632","3656.4929485321","62","67","3952","3957","-1","4","False"
"3963","56","73","75","5","73","56","5","78","119358.047306966","61552.3648916777","3657.68261632","3656.4929485321","63","68","3953","3958","-1","4","False"
"3964","56","74","75","5","74","56","5","78","122717.876909325","61552.3648916777","3657.68261632","3656.4929485321","64","69","3954","3959","-1","4","False"
"3965","57","0","75","5","74","57","5","78","122717.876909325","65195.808952957","3657.68261632","3656.4929485321","5","10","3970","3975","3","2","True"
"3966","57","1","75","5","73","57","5","78","119358.047306966","65195.808952957","3657.68261632","3656.4929485321","6","11","3971","3976","3","3","True"
"3967","57","2","75","5","72","57","5","78","115998.217704607","65195.808952957","3657.68261632","3656.4929485321","7","12","3972","3977","3","3","True"
"3968","57","3","75","5","71","57","5","78","112638.388102248","65195.808952957","3657.68261632","3656.4929485321","8","13","3973","3978","3","3","True"
"3969","57","4","75","5","70","57","5","78","109278.558499889","65195.808952957","3657.68261632","3656.4929485321","9","14","3974","3979","3","3","True"
"3970","57","5","75","5","69","57","5","78","105918.72889753","65195.808952957","3657.68261632","3656.4929485321","10","15","3975","3980","-1","4","False"
"3971","57","6","75","5","68","57","5","78","102558.899295171","65195.808952957","3657.68261632","3656.4929485321","11","16","3976","3981","-1","3","False"
"3972","57","7","75","5","67","57","5","78","99199.0696928123","65195.808952957","3657.68261632","3656.4929485321","12","17","3977","3982","-1","3","False"
"3973","57","8","75","5","66","57","5","78","95839.2400904534","65195.808952957","3657.68261632","3656.4929485321","13","18","3978","3983","-1","3","False"
"3974","57","9","75","5","65","57","5","78","92479.4104880945","65195.808952957","3657.68261632","3656.4929485321","14","19","3979","3984","-1","3","False"
"3975","57","10","75","5","64","57","5","78","89119.5808857356","65195.808952957","3657.68261632","3656.4929485321","15","20","3980","3985","-1","4","False"
"3976","57","11","75","5","63","57","5","78","85759.7512833766","65195.808952957","3657.68261632","3656.4929485321","16","21","3981","3986","-1","3","False"
"3977","57","12","75","5","62","57","5","78","82399.9216810177","65195.808952957","3657.68261632","3656.4929485321","17","22","3982","3987","-1","3","False"
"3978","57","13","75","5","61","57","5","78","79040.0920786588","65195.808952957","3657.68261632","3656.4929485321","18","23","3983","3988","-1","3","False"
"3979","57","14","75","5","60","57","5","78","75680.2624762999","65195.808952957","3657.68261632","3656.4929485321","19","24","3984","3989","-1","3","False"
"3980","57","15","75","5","59","57","5","78","72320.432873941","65195.808952957","3657.68261632","3656.4929485321","20","25","3985","3990","3","4","True"
"3981","57","16","75","5","58","57","5","78","68960.603271582","65195.808952957","3657.68261632","3656.4929485321","21","26","3986","3991","3","3","True"
"3982","57","17","75","5","57","57","5","78","65600.7736692231","65195.808952957","3657.68261632","3656.4929485321","22","27","3987","3992","3","3","True"
"3983","57","18","75","5","56","57","5","78","62240.9440668642","65195.808952957","3657.68261632","3656.4929485321","23","28","3988","3993","3","3","True"
"3984","57","19","75","5","55","57","5","78","58881.1144645053","65195.808952957","3657.68261632","3656.4929485321","24","29","3989","3994","3","3","True"
"3985","57","20","75","5","54","57","5","78","55521.2848621464","65195.808952957","3657.68261632","3656.4929485321","25","30","3990","3995","-1","4","False"
"3986","57","21","75","5","53","57","5","78","52161.4552597875","65195.808952957","3657.68261632","3656.4929485321","26","31","3991","3996","-1","3","False"
"3987","57","22","75","5","52","57","5","78","48801.6256574286","65195.808952957","3657.68261632","3656.4929485321","27","32","3992","3997","-1","3","False"
"3988","57","23","75","5","51","57","5","78","45441.7960550696","65195.808952957","3657.68261632","3656.4929485321","28","33","3993","3998","-1","3","False"
"3989","57","24","75","5","50","57","5","78","42081.9664527107","65195.808952957","3657.68261632","3656.4929485321","29","34","3994","3999","-1","3","False"
"3990","57","25","75","5","49","57","5","78","38722.1368503518","65195.808952957","3657.68261632","3656.4929485321","30","35","3995","4000","-1","4","False"
"3991","57","26","75","5","48","57","5","78","35362.3072479929","65195.808952957","3657.68261632","3656.4929485321","31","36","3996","4001","-1","3","False"
"3992","57","27","75","5","47","57","5","78","32002.477645634","65195.808952957","3657.68261632","3656.4929485321","32","37","3997","4002","-1","3","False"
"3993","57","28","75","5","46","57","5","78","28642.6480432751","65195.808952957","3657.68261632","3656.4929485321","33","38","3998","4003","-1","3","False"
"3994","57","29","75","5","45","57","5","78","25282.8184409162","65195.808952957","3657.68261632","3656.4929485321","34","39","3999","4004","-1","3","False"
"3995","57","30","75","5","44","57","5","78","21922.9888385572","65195.808952957","3657.68261632","3656.4929485321","35","40","4000","4005","3","4","True"
"3996","57","31","75","5","43","57","5","78","18563.1592361983","65195.808952957","3657.68261632","3656.4929485321","36","41","4001","4006","3","3","True"
"3997","57","32","75","5","42","57","5","78","15203.3296338394","65195.808952957","3657.68261632","3656.4929485321","37","42","4002","4007","3","3","True"
"3998","57","33","75","5","41","57","5","78","11843.5000314805","65195.808952957","3657.68261632","3656.4929485321","38","43","4003","4008","3","3","True"
"3999","57","34","75","5","40","57","5","78","8483.67042912157","65195.808952957","3657.68261632","3656.4929485321","39","44","4004","4009","3","3","True"
"4000","57","35","75","5","39","57","5","78","5123.84082676264","65195.808952957","3657.68261632","3656.4929485321","40","45","4005","4010","-1","4","False"
"4001","57","36","75","5","38","57","5","78","1764.01122440373","65195.808952957","3657.68261632","3656.4929485321","41","46","4006","4011","-1","3","False"
"4002","57","37","75","5","37","57","5","78","-1595.81837795519","65195.808952957","3657.68261632","3656.4929485321","42","47","4007","4012","-1","3","False"
"4003","57","38","75","5","36","57","5","78","-4955.6479803141","65195.808952957","3657.68261632","3656.4929485321","43","48","4008","4013","-1","3","False"
"4004","57","39","75","5","35","57","5","78","-8315.47758267302","65195.808952957","3657.68261632","3656.4929485321","44","49","4009","4014","-1","3","False"
"4005","57","40","75","5","34","57","5","78","-11675.3071850319","65195.808952957","3657.68261632","3656.4929485321","45","50","4010","4015","-1","4","False"
"4006","57","41","75","5","33","57","5","78","-15035.1367873909","65195.808952957","3657.68261632","3656.4929485321","46","51","4011","4016","-1","3","False"
"4007","57","42","75","5","32","57","5","78","-18394.9663897498","65195.808952957","3657.68261632","3656.4929485321","47","52","4012","4017","-1","3","False"
"4008","57","43","75","5","31","57","5","78","-21754.7959921087","65195.808952957","3657.68261632","3656.4929485321","48","53","4013","4018","-1","3","False"
"4009","57","44","75","5","30","57","5","78","-25114.6255944676","65195.808952957","3657.68261632","3656.4929485321","49","54","4014","4019","-1","3","False"
"4010","57","45","75","5","29","57","5","78","-28474.4551968265","65195.808952957","3657.68261632","3656.4929485321","50","55","4015","4020","3","4","True"
"4011","57","46","75","5","28","57","5","78","-31834.2847991854","65195.808952957","3657.68261632","3656.4929485321","51","56","4016","4021","3","3","True"
"4012","57","47","75","5","27","57","5","78","-35194.1144015444","65195.808952957","3657.68261632","3656.4929485321","52","57","4017","4022","3","3","True"
"4013","57","48","75","5","26","57","5","78","-38553.9440039033","65195.808952957","3657.68261632","3656.4929485321","53","58","4018","4023","3","3","True"
"4014","57","49","75","5","25","57","5","78","-41913.7736062622","65195.808952957","3657.68261632","3656.4929485321","54","59","4019","4024","3","3","True"
"4015","57","50","75","5","24","57","5","78","-45273.6032086211","65195.808952957","3657.68261632","3656.4929485321","55","60","4020","4025","-1","4","False"
"4016","57","51","75","5","23","57","5","78","-48633.43281098","65195.808952957","3657.68261632","3656.4929485321","56","61","4021","4026","-1","3","False"
"4017","57","52","75","5","22","57","5","78","-51993.2624133389","65195.808952957","3657.68261632","3656.4929485321","57","62","4022","4027","-1","3","False"
"4018","57","53","75","5","21","57","5","78","-55353.0920156979","65195.808952957","3657.68261632","3656.4929485321","58","63","4023","4028","-1","3","False"
"4019","57","54","75","5","20","57","5","78","-58712.9216180568","65195.808952957","3657.68261632","3656.4929485321","59","64","4024","4029","-1","3","False"
"4020","57","55","75","5","19","57","5","78","-62072.7512204157","65195.808952957","3657.68261632","3656.4929485321","60","65","4025","4030","-1","4","False"
"4021","57","56","75","5","18","57","5","78","-65432.5808227746","65195.808952957","3657.68261632","3656.4929485321","61","66","4026","4031","-1","3","False"
"4022","57","57","75","5","17","57","5","78","-68792.4104251335","65195.808952957","3657.68261632","3656.4929485321","62","67","4027","4032","-1","3","False"
"4023","57","58","75","5","16","57","5","78","-72152.2400274924","65195.808952957","3657.68261632","3656.4929485321","63","68","4028","4033","-1","3","False"
"4024","57","59","75","5","15","57","5","78","-75512.0696298514","65195.808952957","3657.68261632","3656.4929485321","64","69","4029","4034","-1","3","False"
"4025","57","60","75","5","14","57","5","78","-78871.8992322103","65195.808952957","3657.68261632","3656.4929485321","65","70","4030","4035","3","4","True"
"4026","57","61","75","5","13","57","5","78","-82231.7288345692","65195.808952957","3657.68261632","3656.4929485321","66","71","4031","4036","3","3","True"
"4027","57","62","75","5","12","57","5","78","-85591.5584369281","65195.808952957","3657.68261632","3656.4929485321","67","72","4032","4037","3","3","True"
"4028","57","63","75","5","11","57","5","78","-88951.388039287","65195.808952957","3657.68261632","3656.4929485321","68","73","4033","4038","3","3","True"
"4029","57","64","75","5","10","57","5","78","-92311.2176416459","65195.808952957","3657.68261632","3656.4929485321","69","74","4034","4039","3","3","True"
"4030","57","65","75","5","9","57","5","78","-95671.0472440048","65195.808952957","3657.68261632","3656.4929485321","55","60","4020","4025","-1","4","False"
"4031","57","66","75","5","8","57","5","78","-99030.8768463638","65195.808952957","3657.68261632","3656.4929485321","56","61","4021","4026","-1","3","False"
"4032","57","67","75","5","7","57","5","78","-102390.706448723","65195.808952957","3657.68261632","3656.4929485321","57","62","4022","4027","-1","3","False"
"4033","57","68","75","5","6","57","5","78","-105750.536051082","65195.808952957","3657.68261632","3656.4929485321","58","63","4023","4028","-1","3","False"
"4034","57","69","75","5","5","57","5","78","-109110.365653441","65195.808952957","3657.68261632","3656.4929485321","59","64","4024","4029","-1","3","False"
"4035","57","70","75","5","4","57","5","78","-112470.195255799","65195.808952957","3657.68261632","3656.4929485321","60","65","4025","4030","-1","4","False"
"4036","57","71","75","5","3","57","5","78","-115830.024858158","65195.808952957","3657.68261632","3656.4929485321","61","66","4026","4031","-1","3","False"
"4037","57","72","75","5","2","57","5","78","-119189.854460517","65195.808952957","3657.68261632","3656.4929485321","62","67","4027","4032","-1","3","False"
"4038","57","73","75","5","1","57","5","78","-122549.684062876","65195.808952957","3657.68261632","3656.4929485321","63","68","4028","4033","-1","3","False"
"4039","57","74","75","5","0","57","5","78","-125909.513665235","65195.808952957","3657.68261632","3656.4929485321","64","69","4029","4034","-1","3","False"
"4040","58","0","75","5","0","58","5","78","-125909.513665235","68839.2568289336","3657.68261632","3656.4929485321","5","10","4045","4050","3","2","True"
"4041","58","1","75","5","1","58","5","78","-122549.684062876","68839.2568289336","3657.68261632","3656.4929485321","6","11","4046","4051","3","3","True"
"4042","58","2","75","5","2","58","5","78","-119189.854460517","68839.2568289336","3657.68261632","3656.4929485321","7","12","4047","4052","3","3","True"
"4043","58","3","75","5","3","58","5","78","-115830.024858158","68839.2568289336","3657.68261632","3656.4929485321","8","13","4048","4053","3","3","True"
"4044","58","4","75","5","4","58","5","78","-112470.195255799","68839.2568289336","3657.68261632","3656.4929485321","9","14","4049","4054","3","4","True"
"4045","58","5","75","5","5","58","5","78","-109110.365653441","68839.2568289336","3657.68261632","3656.4929485321","10","15","4050","4055","-1","3","False"
"4046","58","6","75","5","6","58","5","78","-105750.536051082","68839.2568289336","3657.68261632","3656.4929485321","11","16","4051","4056","-1","3","False"
"4047","58","7","75","5","7","58","5","78","-102390.706448723","68839.2568289336","3657.68261632","3656.4929485321","12","17","4052","4057","-1","3","False"
"4048","58","8","75","5","8","58","5","78","-99030.8768463638","68839.2568289336","3657.68261632","3656.4929485321","13","18","4053","4058","-1","3","False"
"4049","58","9","75","5","9","58","5","78","-95671.0472440048","68839.2568289336","3657.68261632","3656.4929485321","14","19","4054","4059","-1","4","False"
"4050","58","10","75","5","10","58","5","78","-92311.2176416459","68839.2568289336","3657.68261632","3656.4929485321","15","20","4055","4060","-1","3","False"
"4051","58","11","75","5","11","58","5","78","-88951.388039287","68839.2568289336","3657.68261632","3656.4929485321","16","21","4056","4061","-1","3","False"
"4052","58","12","75","5","12","58","5","78","-85591.5584369281","68839.2568289336","3657.68261632","3656.4929485321","17","22","4057","4062","-1","3","False"
"4053","58","13","75","5","13","58","5","78","-82231.7288345692","68839.2568289336","3657.68261632","3656.4929485321","18","23","4058","4063","-1","3","False"
"4054","58","14","75","5","14","58","5","78","-78871.8992322103","68839.2568289336","3657.68261632","3656.4929485321","19","24","4059","4064","-1","4","False"
"4055","58","15","75","5","15","58","5","78","-75512.0696298514","68839.2568289336","3657.68261632","3656.4929485321","20","25","4060","4065","3","3","True"
"4056","58","16","75","5","16","58","5","78","-72152.2400274924","68839.2568289336","3657.68261632","3656.4929485321","21","26","4061","4066","3","3","True"
"4057","58","17","75","5","17","58","5","78","-68792.4104251335","68839.2568289336","3657.68261632","3656.4929485321","22","27","4062","4067","3","3","True"
"4058","58","18","75","5","18","58","5","78","-65432.5808227746","68839.2568289336","3657.68261632","3656.4929485321","23","28","4063","4068","3","3","True"
"4059","58","19","75","5","19","58","5","78","-62072.7512204157","68839.2568289336","3657.68261632","3656.4929485321","24","29","4064","4069","3","4","True"
"4060","58","20","75","5","20","58","5","78","-58712.9216180568","68839.2568289336","3657.68261632","3656.4929485321","25","30","4065","4070","-1","3","False"
"4061","58","21","75","5","21","58","5","78","-55353.0920156979","68839.2568289336","3657.68261632","3656.4929485321","26","31","4066","4071","-1","3","False"
"4062","58","22","75","5","22","58","5","78","-51993.2624133389","68839.2568289336","3657.68261632","3656.4929485321","27","32","4067","4072","-1","3","False"
"4063","58","23","75","5","23","58","5","78","-48633.43281098","68839.2568289336","3657.68261632","3656.4929485321","28","33","4068","4073","-1","3","False"
"4064","58","24","75","5","24","58","5","78","-45273.6032086211","68839.2568289336","3657.68261632","3656.4929485321","29","34","4069","4074","-1","4","False"
"4065","58","25","75","5","25","58","5","78","-41913.7736062622","68839.2568289336","3657.68261632","3656.4929485321","30","35","4070","4075","-1","3","False"
"4066","58","26","75","5","26","58","5","78","-38553.9440039033","68839.2568289336","3657.68261632","3656.4929485321","31","36","4071","4076","-1","3","False"
"4067","58","27","75","5","27","58","5","78","-35194.1144015444","68839.2568289336","3657.68261632","3656.4929485321","32","37","4072","4077","-1","3","False"
"4068","58","28","75","5","28","58","5","78","-31834.2847991854","68839.2568289336","3657.68261632","3656.4929485321","33","38","4073","4078","-1","3","False"
"4069","58","29","75","5","29","58","5","78","-28474.4551968265","68839.2568289336","3657.68261632","3656.4929485321","34","39","4074","4079","-1","4","False"
"4070","58","30","75","5","30","58","5","78","-25114.6255944676","68839.2568289336","3657.68261632","3656.4929485321","35","40","4075","4080","3","3","True"
"4071","58","31","75","5","31","58","5","78","-21754.7959921087","68839.2568289336","3657.68261632","3656.4929485321","36","41","4076","4081","3","3","True"
"4072","58","32","75","5","32","58","5","78","-18394.9663897498","68839.2568289336","3657.68261632","3656.4929485321","37","42","4077","4082","3","3","True"
"4073","58","33","75","5","33","58","5","78","-15035.1367873909","68839.2568289336","3657.68261632","3656.4929485321","38","43","4078","4083","3","3","True"
"4074","58","34","75","5","34","58","5","78","-11675.3071850319","68839.2568289336","3657.68261632","3656.4929485321","39","44","4079","4084","3","4","True"
"4075","58","35","75","5","35","58","5","78","-8315.47758267302","68839.2568289336","3657.68261632","3656.4929485321","40","45","4080","4085","-1","3","False"
"4076","58","36","75","5","36","58","5","78","-4955.6479803141","68839.2568289336","3657.68261632","3656.4929485321","41","46","4081","4086","-1","3","False"
"4077","58","37","75","5","37","58","5","78","-1595.81837795519","68839.2568289336","3657.68261632","3656.4929485321","42","47","4082","4087","-1","3","False"
"4078","58","38","75","5","38","58","5","78","1764.01122440373","68839.2568289336","3657.68261632","3656.4929485321","43","48","4083","4088","-1","3","False"
"4079","58","39","75","5","39","58","5","78","5123.84082676264","68839.2568289336","3657.68261632","3656.4929485321","44","49","4084","4089","-1","4","False"
"4080","58","40","75","5","40","58","5","78","8483.67042912157","68839.2568289336","3657.68261632","3656.4929485321","45","50","4085","4090","-1","3","False"
"4081","58","41","75","5","41","58","5","78","11843.5000314805","68839.2568289336","3657.68261632","3656.4929485321","46","51","4086","4091","-1","3","False"
"4082","58","42","75","5","42","58","5","78","15203.3296338394","68839.2568289336","3657.68261632","3656.4929485321","47","52","4087","4092","-1","3","False"
"4083","58","43","75","5","43","58","5","78","18563.1592361983","68839.2568289336","3657.68261632","3656.4929485321","48","53","4088","4093","-1","3","False"
"4084","58","44","75","5","44","58","5","78","21922.9888385572","68839.2568289336","3657.68261632","3656.4929485321","49","54","4089","4094","-1","4","False"
"4085","58","45","75","5","45","58","5","78","25282.8184409162","68839.2568289336","3657.68261632","3656.4929485321","50","55","4090","4095","3","3","True"
"4086","58","46","75","5","46","58","5","78","28642.6480432751","68839.2568289336","3657.68261632","3656.4929485321","51","56","4091","4096","3","3","True"
"4087","58","47","75","5","47","58","5","78","32002.477645634","68839.2568289336","3657.68261632","3656.4929485321","52","57","4092","4097","3","3","True"
"4088","58","48","75","5","48","58","5","78","35362.3072479929","68839.2568289336","3657.68261632","3656.4929485321","53","58","4093","4098","3","3","True"
"4089","58","49","75","5","49","58","5","78","38722.1368503518","68839.2568289336","3657.68261632","3656.4929485321","54","59","4094","4099","3","4","True"
"4090","58","50","75","5","50","58","5","78","42081.9664527107","68839.2568289336","3657.68261632","3656.4929485321","55","60","4095","4100","-1","3","False"
"4091","58","51","75","5","51","58","5","78","45441.7960550696","68839.2568289336","3657.68261632","3656.4929485321","56","61","4096","4101","-1","3","False"
"4092","58","52","75","5","52","58","5","78","48801.6256574286","68839.2568289336","3657.68261632","3656.4929485321","57","62","4097","4102","-1","3","False"
"4093","58","53","75","5","53","58","5","78","52161.4552597875","68839.2568289336","3657.68261632","3656.4929485321","58","63","4098","4103","-1","3","False"
"4094","58","54","75","5","54","58","5","78","55521.2848621464","68839.2568289336","3657.68261632","3656.4929485321","59","64","4099","4104","-1","4","False"
"4095","58","55","75","5","55","58","5","78","58881.1144645053","68839.2568289336","3657.68261632","3656.4929485321","60","65","4100","4105","-1","3","False"
"4096","58","56","75","5","56","58","5","78","62240.9440668642","68839.2568289336","3657.68261632","3656.4929485321","61","66","4101","4106","-1","3","False"
"4097","58","57","75","5","57","58","5","78","65600.7736692231","68839.2568289336","3657.68261632","3656.4929485321","62","67","4102","4107","-1","3","False"
"4098","58","58","75","5","58","58","5","78","68960.603271582","68839.2568289336","3657.68261632","3656.4929485321","63","68","4103","4108","-1","3","False"
"4099","58","59","75","5","59","58","5","78","72320.432873941","68839.2568289336","3657.68261632","3656.4929485321","64","69","4104","4109","-1","4","False"
"4100","58","60","75","5","60","58","5","78","75680.2624762999","68839.2568289336","3657.68261632","3656.4929485321","65","70","4105","4110","3","3","True"
"4101","58","61","75","5","61","58","5","78","79040.0920786588","68839.2568289336","3657.68261632","3656.4929485321","66","71","4106","4111","3","3","True"
"4102","58","62","75","5","62","58","5","78","82399.9216810177","68839.2568289336","3657.68261632","3656.4929485321","67","72","4107","4112","3","3","True"
"4103","58","63","75","5","63","58","5","78","85759.7512833766","68839.2568289336","3657.68261632","3656.4929485321","68","73","4108","4113","3","3","True"
"4104","58","64","75","5","64","58","5","78","89119.5808857356","68839.2568289336","3657.68261632","3656.4929485321","69","74","4109","4114","3","4","True"
"4105","58","65","75","5","65","58","5","78","92479.4104880945","68839.2568289336","3657.68261632","3656.4929485321","55","60","4095","4100","-1","3","False"
"4106","58","66","75","5","66","58","5","78","95839.2400904534","68839.2568289336","3657.68261632","3656.4929485321","56","61","4096","4101","-1","3","False"
"4107","58","67","75","5","67","58","5","78","99199.0696928123","68839.2568289336","3657.68261632","3656.4929485321","57","62","4097","4102","-1","3","False"
"4108","58","68","75","5","68","58","5","78","102558.899295171","68839.2568289336","3657.68261632","3656.4929485321","58","63","4098","4103","-1","3","False"
"4109","58","69","75","5","69","58","5","78","105918.72889753","68839.2568289336","3657.68261632","3656.4929485321","59","64","4099","4104","-1","4","False"
"4110","58","70","75","5","70","58","5","78","109278.558499889","68839.2568289336","3657.68261632","3656.4929485321","60","65","4100","4105","-1","3","False"
"4111","58","71","75","5","71","58","5","78","112638.388102248","68839.2568289336","3657.68261632","3656.4929485321","61","66","4101","4106","-1","3","False"
"4112","58","72","75","5","72","58","5","78","115998.217704607","68839.2568289336","3657.68261632","3656.4929485321","62","67","4102","4107","-1","3","False"
"4113","58","73","75","5","73","58","5","78","119358.047306966","68839.2568289336","3657.68261632","3656.4929485321","63","68","4103","4108","-1","3","False"
"4114","58","74","75","5","74","58","5","78","122717.876909325","68839.2568289336","3657.68261632","3656.4929485321","64","69","4104","4109","-1","3","False"
"4115","59","0","75","5","74","59","5","78","122717.876909325","72482.6970755156","3657.68261632","3656.4929485321","5","10","4120","4125","0","2","True"
"4116","59","1","75","5","73","59","5","78","119358.047306966","72482.6970755156","3657.68261632","3656.4929485321","6","11","4121","4126","3","3","True"
"4117","59","2","75","5","72","59","5","78","115998.217704607","72482.6970755156","3657.68261632","3656.4929485321","7","12","4122","4127","3","3","True"
"4118","59","3","75","5","71","59","5","78","112638.388102248","72482.6970755156","3657.68261632","3656.4929485321","8","13","4123","4128","3","3","True"
"4119","59","4","75","5","70","59","5","78","109278.558499889","72482.6970755156","3657.68261632","3656.4929485321","9","14","4124","4129","3","3","True"
"4120","59","5","75","5","69","59","5","78","105918.72889753","72482.6970755156","3657.68261632","3656.4929485321","10","15","4125","4130","3","5","True"
"4121","59","6","75","5","68","59","5","78","102558.899295171","72482.6970755156","3657.68261632","3656.4929485321","11","16","4126","4131","-1","4","False"
"4122","59","7","75","5","67","59","5","78","99199.0696928123","72482.6970755156","3657.68261632","3656.4929485321","12","17","4127","4132","-1","4","False"
"4123","59","8","75","5","66","59","5","78","95839.2400904534","72482.6970755156","3657.68261632","3656.4929485321","13","18","4128","4133","-1","4","False"
"4124","59","9","75","5","65","59","5","78","92479.4104880945","72482.6970755156","3657.68261632","3656.4929485321","14","19","4129","4134","-1","4","False"
"4125","59","10","75","5","64","59","5","78","89119.5808857356","72482.6970755156","3657.68261632","3656.4929485321","15","20","4130","4135","-1","6","False"
"4126","59","11","75","5","63","59","5","78","85759.7512833766","72482.6970755156","3657.68261632","3656.4929485321","16","21","4131","4136","-1","4","False"
"4127","59","12","75","5","62","59","5","78","82399.9216810177","72482.6970755156","3657.68261632","3656.4929485321","17","22","4132","4137","-1","4","False"
"4128","59","13","75","5","61","59","5","78","79040.0920786588","72482.6970755156","3657.68261632","3656.4929485321","18","23","4133","4138","-1","4","False"
"4129","59","14","75","5","60","59","5","78","75680.2624762999","72482.6970755156","3657.68261632","3656.4929485321","19","24","4134","4139","-1","4","False"
"4130","59","15","75","5","59","59","5","78","72320.432873941","72482.6970755156","3657.68261632","3656.4929485321","20","25","4135","4140","-1","6","False"
"4131","59","16","75","5","58","59","5","78","68960.603271582","72482.6970755156","3657.68261632","3656.4929485321","21","26","4136","4141","3","4","True"
"4132","59","17","75","5","57","59","5","78","65600.7736692231","72482.6970755156","3657.68261632","3656.4929485321","22","27","4137","4142","3","4","True"
"4133","59","18","75","5","56","59","5","78","62240.9440668642","72482.6970755156","3657.68261632","3656.4929485321","23","28","4138","4143","3","4","True"
"4134","59","19","75","5","55","59","5","78","58881.1144645053","72482.6970755156","3657.68261632","3656.4929485321","24","29","4139","4144","3","4","True"
"4135","59","20","75","5","54","59","5","78","55521.2848621464","72482.6970755156","3657.68261632","3656.4929485321","25","30","4140","4145","3","6","True"
"4136","59","21","75","5","53","59","5","78","52161.4552597875","72482.6970755156","3657.68261632","3656.4929485321","26","31","4141","4146","-1","4","False"
"4137","59","22","75","5","52","59","5","78","48801.6256574286","72482.6970755156","3657.68261632","3656.4929485321","27","32","4142","4147","-1","4","False"
"4138","59","23","75","5","51","59","5","78","45441.7960550696","72482.6970755156","3657.68261632","3656.4929485321","28","33","4143","4148","-1","4","False"
"4139","59","24","75","5","50","59","5","78","42081.9664527107","72482.6970755156","3657.68261632","3656.4929485321","29","34","4144","4149","-1","4","False"
"4140","59","25","75","5","49","59","5","78","38722.1368503518","72482.6970755156","3657.68261632","3656.4929485321","30","35","4145","4150","-1","6","False"
"4141","59","26","75","5","48","59","5","78","35362.3072479929","72482.6970755156","3657.68261632","3656.4929485321","31","36","4146","4151","-1","4","False"
"4142","59","27","75","5","47","59","5","78","32002.477645634","72482.6970755156","3657.68261632","3656.4929485321","32","37","4147","4152","-1","4","False"
"4143","59","28","75","5","46","59","5","78","28642.6480432751","72482.6970755156","3657.68261632","3656.4929485321","33","38","4148","4153","-1","4","False"
"4144","59","29","75","5","45","59","5","78","25282.8184409162","72482.6970755156","3657.68261632","3656.4929485321","34","39","4149","4154","-1","4","False"
"4145","59","30","75","5","44","59","5","78","21922.9888385572","72482.6970755156","3657.68261632","3656.4929485321","35","40","4150","4155","-1","6","False"
"4146","59","31","75","5","43","59","5","78","18563.1592361983","72482.6970755156","3657.68261632","3656.4929485321","36","41","4151","4156","3","4","True"
"4147","59","32","75","5","42","59","5","78","15203.3296338394","72482.6970755156","3657.68261632","3656.4929485321","37","42","4152","4157","3","4","True"
"4148","59","33","75","5","41","59","5","78","11843.5000314805","72482.6970755156","3657.68261632","3656.4929485321","38","43","4153","4158","3","4","True"
"4149","59","34","75","5","40","59","5","78","8483.67042912157","72482.6970755156","3657.68261632","3656.4929485321","39","44","4154","4159","3","4","True"
"4150","59","35","75","5","39","59","5","78","5123.84082676264","72482.6970755156","3657.68261632","3656.4929485321","40","45","4155","4160","3","6","True"
"4151","59","36","75","5","38","59","5","78","1764.01122440373","72482.6970755156","3657.68261632","3656.4929485321","41","46","4156","4161","-1","4","False"
"4152","59","37","75","5","37","59","5","78","-1595.81837795519","72482.6970755156","3657.68261632","3656.4929485321","42","47","4157","4162","-1","4","False"
"4153","59","38","75","5","36","59","5","78","-4955.6479803141","72482.6970755156","3657.68261632","3656.4929485321","43","48","4158","4163","-1","4","False"
"4154","59","39","75","5","35","59","5","78","-8315.47758267302","72482.6970755156","3657.68261632","3656.4929485321","44","49","4159","4164","-1","4","False"
"4155","59","40","75","5","34","59","5","78","-11675.3071850319","72482.6970755156","3657.68261632","3656.4929485321","45","50","4160","4165","-1","6","False"
"4156","59","41","75","5","33","59","5","78","-15035.1367873909","72482.6970755156","3657.68261632","3656.4929485321","46","51","4161","4166","-1","4","False"
"4157","59","42","75","5","32","59","5","78","-18394.9663897498","72482.6970755156","3657.68261632","3656.4929485321","47","52","4162","4167","-1","4","False"
"4158","59","43","75","5","31","59","5","78","-21754.7959921087","72482.6970755156","3657.68261632","3656.4929485321","48","53","4163","4168","-1","4","False"
"4159","59","44","75","5","30","59","5","78","-25114.6255944676","72482.6970755156","3657.68261632","3656.4929485321","49","54","4164","4169","-1","4","False"
"4160","59","45","75","5","29","59","5","78","-28474.4551968265","72482.6970755156","3657.68261632","3656.4929485321","50","55","4165","4170","-1","6","False"
"4161","59","46","75","5","28","59","5","78","-31834.2847991854","72482.6970755156","3657.68261632","3656.4929485321","51","56","4166","4171","3","4","True"
"4162","59","47","75","5","27","59","5","78","-35194.1144015444","72482.6970755156","3657.68261632","3656.4929485321","52","57","4167","4172","3","4","True"
"4163","59","48","75","5","26","59","5","78","-38553.9440039033","72482.6970755156","3657.68261632","3656.4929485321","53","58","4168","4173","3","4","True"
"4164","59","49","75","5","25","59","5","78","-41913.7736062622","72482.6970755156","3657.68261632","3656.4929485321","54","59","4169","4174","3","4","True"
"4165","59","50","75","5","24","59","5","78","-45273.6032086211","72482.6970755156","3657.68261632","3656.4929485321","55","60","4170","4175","3","6","True"
"4166","59","51","75","5","23","59","5","78","-48633.43281098","72482.6970755156","3657.68261632","3656.4929485321","56","61","4171","4176","-1","4","False"
"4167","59","52","75","5","22","59","5","78","-51993.2624133389","72482.6970755156","3657.68261632","3656.4929485321","57","62","4172","4177","-1","4","False"
"4168","59","53","75","5","21","59","5","78","-55353.0920156979","72482.6970755156","3657.68261632","3656.4929485321","58","63","4173","4178","-1","4","False"
"4169","59","54","75","5","20","59","5","78","-58712.9216180568","72482.6970755156","3657.68261632","3656.4929485321","59","64","4174","4179","-1","4","False"
"4170","59","55","75","5","19","59","5","78","-62072.7512204157","72482.6970755156","3657.68261632","3656.4929485321","60","65","4175","4180","-1","6","False"
"4171","59","56","75","5","18","59","5","78","-65432.5808227746","72482.6970755156","3657.68261632","3656.4929485321","61","66","4176","4181","-1","4","False"
"4172","59","57","75","5","17","59","5","78","-68792.4104251335","72482.6970755156","3657.68261632","3656.4929485321","62","67","4177","4182","-1","4","False"
"4173","59","58","75","5","16","59","5","78","-72152.2400274924","72482.6970755156","3657.68261632","3656.4929485321","63","68","4178","4183","-1","4","False"
"4174","59","59","75","5","15","59","5","78","-75512.0696298514","72482.6970755156","3657.68261632","3656.4929485321","64","69","4179","4184","-1","4","False"
"4175","59","60","75","5","14","59","5","78","-78871.8992322103","72482.6970755156","3657.68261632","3656.4929485321","65","70","4180","4185","-1","6","False"
"4176","59","61","75","5","13","59","5","78","-82231.7288345692","72482.6970755156","3657.68261632","3656.4929485321","66","71","4181","4186","3","4","True"
"4177","59","62","75","5","12","59","5","78","-85591.5584369281","72482.6970755156","3657.68261632","3656.4929485321","67","72","4182","4187","3","4","True"
"4178","59","63","75","5","11","59","5","78","-88951.388039287","72482.6970755156","3657.68261632","3656.4929485321","68","73","4183","4188","3","4","True"
"4179","59","64","75","5","10","59","5","78","-92311.2176416459","72482.6970755156","3657.68261632","3656.4929485321","69","74","4184","4189","3","4","True"
"4180","59","65","75","5","9","59","5","78","-95671.0472440048","72482.6970755156","3657.68261632","3656.4929485321","55","60","4170","4175","-1","6","False"
"4181","59","66","75","5","8","59","5","78","-99030.8768463638","72482.6970755156","3657.68261632","3656.4929485321","56","61","4171","4176","-1","4","False"
"4182","59","67","75","5","7","59","5","78","-102390.706448723","72482.6970755156","3657.68261632","3656.4929485321","57","62","4172","4177","-1","4","False"
"4183","59","68","75","5","6","59","5","78","-105750.536051082","72482.6970755156","3657.68261632","3656.4929485321","58","63","4173","4178","-1","4","False"
"4184","59","69","75","5","5","59","5","78","-109110.365653441","72482.6970755156","3657.68261632","3656.4929485321","59","64","4174","4179","-1","4","False"
"4185","59","70","75","5","4","59","5","78","-112470.195255799","72482.6970755156","3657.68261632","3656.4929485321","60","65","4175","4180","2","5","True"
"4186","59","71","75","5","3","59","5","78","-115830.024858158","72482.6970755156","3657.68261632","3656.4929485321","61","66","4176","4181","-1","3","False"
"4187","59","72","75","5","2","59","5","78","-119189.854460517","72482.6970755156","3657.68261632","3656.4929485321","62","67","4177","4182","-1","3","False"
"4188","59","73","75","5","1","59","5","78","-122549.684062876","72482.6970755156","3657.68261632","3656.4929485321","63","68","4178","4183","-1","3","False"
"4189","59","74","75","5","0","59","5","78","-125909.513665235","72482.6970755156","3657.68261632","3656.4929485321","64","69","4179","4184","-1","3","False"
"4190","60","0","65","5","0","60","5","78","-109110.365105665","76126.1449514922","3657.68261632","3656.4929485321","5","10","4195","4200","3","2","True"
"4191","60","1","65","5","1","60","5","78","-105750.535503306","76126.1449514922","3657.68261632","3656.4929485321","6","11","4196","4201","3","3","True"
"4192","60","2","65","5","2","60","5","78","-102390.705900947","76126.1449514922","3657.68261632","3656.4929485321","7","12","4197","4202","3","3","True"
"4193","60","3","65","5","3","60","5","78","-99030.8762985881","76126.1449514922","3657.68261632","3656.4929485321","8","13","4198","4203","3","3","True"
"4194","60","4","65","5","4","60","5","78","-95671.0466962291","76126.1449514922","3657.68261632","3656.4929485321","9","14","4199","4204","3","4","True"
"4195","60","5","65","5","5","60","5","78","-92311.2170938702","76126.1449514922","3657.68261632","3656.4929485321","10","15","4200","4205","-1","3","False"
"4196","60","6","65","5","6","60","5","78","-88951.3874915113","76126.1449514922","3657.68261632","3656.4929485321","11","16","4201","4206","-1","3","False"
"4197","60","7","65","5","7","60","5","78","-85591.5578891524","76126.1449514922","3657.68261632","3656.4929485321","12","17","4202","4207","-1","3","False"
"4198","60","8","65","5","8","60","5","78","-82231.7282867935","76126.1449514922","3657.68261632","3656.4929485321","13","18","4203","4208","-1","3","False"
"4199","60","9","65","5","9","60","5","78","-78871.8986844345","76126.1449514922","3657.68261632","3656.4929485321","14","19","4204","4209","-1","4","False"
"4200","60","10","65","5","10","60","5","78","-75512.0690820756","76126.1449514922","3657.68261632","3656.4929485321","15","20","4205","4210","-1","3","False"
"4201","60","11","65","5","11","60","5","78","-72152.2394797167","76126.1449514922","3657.68261632","3656.4929485321","16","21","4206","4211","-1","3","False"
"4202","60","12","65","5","12","60","5","78","-68792.4098773578","76126.1449514922","3657.68261632","3656.4929485321","17","22","4207","4212","-1","3","False"
"4203","60","13","65","5","13","60","5","78","-65432.5802749989","76126.1449514922","3657.68261632","3656.4929485321","18","23","4208","4213","-1","3","False"
"4204","60","14","65","5","14","60","5","78","-62072.75067264","76126.1449514922","3657.68261632","3656.4929485321","19","24","4209","4214","-1","4","False"
"4205","60","15","65","5","15","60","5","78","-58712.921070281","76126.1449514922","3657.68261632","3656.4929485321","20","25","4210","4215","3","3","True"
"4206","60","16","65","5","16","60","5","78","-55353.0914679221","76126.1449514922","3657.68261632","3656.4929485321","21","26","4211","4216","3","3","True"
"4207","60","17","65","5","17","60","5","78","-51993.2618655632","76126.1449514922","3657.68261632","3656.4929485321","22","27","4212","4217","3","3","True"
"4208","60","18","65","5","18","60","5","78","-48633.4322632043","76126.1449514922","3657.68261632","3656.4929485321","23","28","4213","4218","3","3","True"
"4209","60","19","65","5","19","60","5","78","-45273.6026608454","76126.1449514922","3657.68261632","3656.4929485321","24","29","4214","4219","3","4","True"
"4210","60","20","65","5","20","60","5","78","-41913.7730584865","76126.1449514922","3657.68261632","3656.4929485321","25","30","4215","4220","-1","3","False"
"4211","60","21","65","5","21","60","5","78","-38553.9434561275","76126.1449514922","3657.68261632","3656.4929485321","26","31","4216","4221","-1","3","False"
"4212","60","22","65","5","22","60","5","78","-35194.1138537686","76126.1449514922","3657.68261632","3656.4929485321","27","32","4217","4222","-1","3","False"
"4213","60","23","65","5","23","60","5","78","-31834.2842514097","76126.1449514922","3657.68261632","3656.4929485321","28","33","4218","4223","-1","3","False"
"4214","60","24","65","5","24","60","5","78","-28474.4546490508","76126.1449514922","3657.68261632","3656.4929485321","29","34","4219","4224","-1","4","False"
"4215","60","25","65","5","25","60","5","78","-25114.6250466919","76126.1449514922","3657.68261632","3656.4929485321","30","35","4220","4225","-1","3","False"
"4216","60","26","65","5","26","60","5","78","-21754.795444333","76126.1449514922","3657.68261632","3656.4929485321","31","36","4221","4226","-1","3","False"
"4217","60","27","65","5","27","60","5","78","-18394.965841974","76126.1449514922","3657.68261632","3656.4929485321","32","37","4222","4227","-1","3","False"
"4218","60","28","65","5","28","60","5","78","-15035.1362396151","76126.1449514922","3657.68261632","3656.4929485321","33","38","4223","4228","-1","3","False"
"4219","60","29","65","5","29","60","5","78","-11675.3066372562","76126.1449514922","3657.68261632","3656.4929485321","34","39","4224","4229","-1","4","False"
"4220","60","30","65","5","30","60","5","78","-8315.47703489729","76126.1449514922","3657.68261632","3656.4929485321","35","40","4225","4230","3","3","True"
"4221","60","31","65","5","31","60","5","78","-4955.64743253838","76126.1449514922","3657.68261632","3656.4929485321","36","41","4226","4231","3","3","True"
"4222","60","32","65","5","32","60","5","78","-1595.81783017946","76126.1449514922","3657.68261632","3656.4929485321","37","42","4227","4232","3","3","True"
"4223","60","33","65","5","33","60","5","78","1764.01177217945","76126.1449514922","3657.68261632","3656.4929485321","38","43","4228","4233","3","3","True"
"4224","60","34","65","5","34","60","5","78","5123.84137453837","76126.1449514922","3657.68261632","3656.4929485321","39","44","4229","4234","3","4","True"
"4225","60","35","65","5","35","60","5","78","8483.67097689729","76126.1449514922","3657.68261632","3656.4929485321","40","45","4230","4235","-1","3","False"
"4226","60","36","65","5","36","60","5","78","11843.5005792562","76126.1449514922","3657.68261632","3656.4929485321","41","46","4231","4236","-1","3","False"
"4227","60","37","65","5","37","60","5","78","15203.3301816151","76126.1449514922","3657.68261632","3656.4929485321","42","47","4232","4237","-1","3","False"
"4228","60","38","65","5","38","60","5","78","18563.159783974","76126.1449514922","3657.68261632","3656.4929485321","43","48","4233","4238","-1","3","False"
"4229","60","39","65","5","39","60","5","78","21922.989386333","76126.1449514922","3657.68261632","3656.4929485321","44","49","4234","4239","-1","4","False"
"4230","60","40","65","5","40","60","5","78","25282.8189886919","76126.1449514922","3657.68261632","3656.4929485321","45","50","4235","4240","-1","3","False"
"4231","60","41","65","5","41","60","5","78","28642.6485910508","76126.1449514922","3657.68261632","3656.4929485321","46","51","4236","4241","-1","3","False"
"4232","60","42","65","5","42","60","5","78","32002.4781934097","76126.1449514922","3657.68261632","3656.4929485321","47","52","4237","4242","-1","3","False"
"4233","60","43","65","5","43","60","5","78","35362.3077957686","76126.1449514922","3657.68261632","3656.4929485321","48","53","4238","4243","-1","3","False"
"4234","60","44","65","5","44","60","5","78","38722.1373981275","76126.1449514922","3657.68261632","3656.4929485321","49","54","4239","4244","-1","4","False"
"4235","60","45","65","5","45","60","5","78","42081.9670004865","76126.1449514922","3657.68261632","3656.4929485321","50","55","4240","4245","3","3","True"
"4236","60","46","65","5","46","60","5","78","45441.7966028454","76126.1449514922","3657.68261632","3656.4929485321","51","56","4241","4246","3","3","True"
"4237","60","47","65","5","47","60","5","78","48801.6262052043","76126.1449514922","3657.68261632","3656.4929485321","52","57","4242","4247","3","3","True"
"4238","60","48","65","5","48","60","5","78","52161.4558075632","76126.1449514922","3657.68261632","3656.4929485321","53","58","4243","4248","3","3","True"
"4239","60","49","65","5","49","60","5","78","55521.2854099221","76126.1449514922","3657.68261632","3656.4929485321","54","59","4244","4249","3","4","True"
"4240","60","50","65","5","50","60","5","78","58881.1150122811","76126.1449514922","3657.68261632","3656.4929485321","55","60","4245","4250","-1","3","False"
"4241","60","51","65","5","51","60","5","78","62240.9446146399","76126.1449514922","3657.68261632","3656.4929485321","56","61","4246","4251","-1","3","False"
"4242","60","52","65","5","52","60","5","78","65600.7742169989","76126.1449514922","3657.68261632","3656.4929485321","57","62","4247","4252","-1","3","False"
"4243","60","53","65","5","53","60","5","78","68960.6038193578","76126.1449514922","3657.68261632","3656.4929485321","58","63","4248","4253","-1","3","False"
"4244","60","54","65","5","54","60","5","78","72320.4334217167","76126.1449514922","3657.68261632","3656.4929485321","59","64","4249","4254","-1","4","False"
"4245","60","55","65","5","55","60","5","78","75680.2630240756","76126.1449514922","3657.68261632","3656.4929485321","45","50","4235","4240","-1","3","False"
"4246","60","56","65","5","56","60","5","78","79040.0926264345","76126.1449514922","3657.68261632","3656.4929485321","46","51","4236","4241","-1","3","False"
"4247","60","57","65","5","57","60","5","78","82399.9222287935","76126.1449514922","3657.68261632","3656.4929485321","47","52","4237","4242","-1","3","False"
"4248","60","58","65","5","58","60","5","78","85759.7518311524","76126.1449514922","3657.68261632","3656.4929485321","48","53","4238","4243","-1","3","False"
"4249","60","59","65","5","59","60","5","78","89119.5814335113","76126.1449514922","3657.68261632","3656.4929485321","49","54","4239","4244","-1","4","False"
"4250","60","60","65","5","60","60","5","78","92479.4110358702","76126.1449514922","3657.68261632","3656.4929485321","50","55","4240","4245","0","3","True"
"4251","60","61","65","5","61","60","5","78","95839.2406382291","76126.1449514922","3657.68261632","3656.4929485321","51","56","4241","4246","0","3","True"
"4252","60","62","65","5","62","60","5","78","99199.0702405881","76126.1449514922","3657.68261632","3656.4929485321","52","57","4242","4247","0","3","True"
"4253","60","63","65","5","63","60","5","78","102558.899842947","76126.1449514922","3657.68261632","3656.4929485321","53","58","4243","4248","0","3","True"
"4254","60","64","65","5","64","60","5","78","105918.729445306","76126.1449514922","3657.68261632","3656.4929485321","54","59","4244","4249","0","3","True"
"4255","61","0","65","5","64","61","5","78","105918.729445306","79769.5851980742","3657.68261632","3656.4929485321","5","10","4260","4265","3","3","True"
"4256","61","1","65","5","63","61","5","78","102558.899842947","79769.5851980742","3657.68261632","3656.4929485321","6","11","4261","4266","3","4","True"
"4257","61","2","65","5","62","61","5","78","99199.0702405881","79769.5851980742","3657.68261632","3656.4929485321","7","12","4262","4267","3","4","True"
"4258","61","3","65","5","61","61","5","78","95839.2406382291","79769.5851980742","3657.68261632","3656.4929485321","8","13","4263","4268","3","4","True"
"4259","61","4","65","5","60","61","5","78","92479.4110358702","79769.5851980742","3657.68261632","3656.4929485321","9","14","4264","4269","3","4","True"
"4260","61","5","65","5","59","61","5","78","89119.5814335113","79769.5851980742","3657.68261632","3656.4929485321","10","15","4265","4270","-1","6","False"
"4261","61","6","65","5","58","61","5","78","85759.7518311524","79769.5851980742","3657.68261632","3656.4929485321","11","16","4266","4271","-1","4","False"
"4262","61","7","65","5","57","61","5","78","82399.9222287935","79769.5851980742","3657.68261632","3656.4929485321","12","17","4267","4272","-1","4","False"
"4263","61","8","65","5","56","61","5","78","79040.0926264345","79769.5851980742","3657.68261632","3656.4929485321","13","18","4268","4273","-1","4","False"
"4264","61","9","65","5","55","61","5","78","75680.2630240756","79769.5851980742","3657.68261632","3656.4929485321","14","19","4269","4274","-1","4","False"
"4265","61","10","65","5","54","61","5","78","72320.4334217167","79769.5851980742","3657.68261632","3656.4929485321","15","20","4270","4275","-1","6","False"
"4266","61","11","65","5","53","61","5","78","68960.6038193578","79769.5851980742","3657.68261632","3656.4929485321","16","21","4271","4276","-1","4","False"
"4267","61","12","65","5","52","61","5","78","65600.7742169989","79769.5851980742","3657.68261632","3656.4929485321","17","22","4272","4277","-1","4","False"
"4268","61","13","65","5","51","61","5","78","62240.9446146399","79769.5851980742","3657.68261632","3656.4929485321","18","23","4273","4278","-1","4","False"
"4269","61","14","65","5","50","61","5","78","58881.1150122811","79769.5851980742","3657.68261632","3656.4929485321","19","24","4274","4279","-1","4","False"
"4270","61","15","65","5","49","61","5","78","55521.2854099221","79769.5851980742","3657.68261632","3656.4929485321","20","25","4275","4280","3","6","True"
"4271","61","16","65","5","48","61","5","78","52161.4558075632","79769.5851980742","3657.68261632","3656.4929485321","21","26","4276","4281","3","4","True"
"4272","61","17","65","5","47","61","5","78","48801.6262052043","79769.5851980742","3657.68261632","3656.4929485321","22","27","4277","4282","3","4","True"
"4273","61","18","65","5","46","61","5","78","45441.7966028454","79769.5851980742","3657.68261632","3656.4929485321","23","28","4278","4283","3","4","True"
"4274","61","19","65","5","45","61","5","78","42081.9670004865","79769.5851980742","3657.68261632","3656.4929485321","24","29","4279","4284","3","4","True"
"4275","61","20","65","5","44","61","5","78","38722.1373981275","79769.5851980742","3657.68261632","3656.4929485321","25","30","4280","4285","-1","6","False"
"4276","61","21","65","5","43","61","5","78","35362.3077957686","79769.5851980742","3657.68261632","3656.4929485321","26","31","4281","4286","-1","4","False"
"4277","61","22","65","5","42","61","5","78","32002.4781934097","79769.5851980742","3657.68261632","3656.4929485321","27","32","4282","4287","-1","4","False"
"4278","61","23","65","5","41","61","5","78","28642.6485910508","79769.5851980742","3657.68261632","3656.4929485321","28","33","4283","4288","-1","4","False"
"4279","61","24","65","5","40","61","5","78","25282.8189886919","79769.5851980742","3657.68261632","3656.4929485321","29","34","4284","4289","-1","4","False"
"4280","61","25","65","5","39","61","5","78","21922.989386333","79769.5851980742","3657.68261632","3656.4929485321","30","35","4285","4290","-1","6","False"
"4281","61","26","65","5","38","61","5","78","18563.159783974","79769.5851980742","3657.68261632","3656.4929485321","31","36","4286","4291","-1","4","False"
"4282","61","27","65","5","37","61","5","78","15203.3301816151","79769.5851980742","3657.68261632","3656.4929485321","32","37","4287","4292","-1","4","False"
"4283","61","28","65","5","36","61","5","78","11843.5005792562","79769.5851980742","3657.68261632","3656.4929485321","33","38","4288","4293","-1","4","False"
"4284","61","29","65","5","35","61","5","78","8483.67097689729","79769.5851980742","3657.68261632","3656.4929485321","34","39","4289","4294","-1","4","False"
"4285","61","30","65","5","34","61","5","78","5123.84137453837","79769.5851980742","3657.68261632","3656.4929485321","35","40","4290","4295","3","6","True"
"4286","61","31","65","5","33","61","5","78","1764.01177217945","79769.5851980742","3657.68261632","3656.4929485321","36","41","4291","4296","3","4","True"
"4287","61","32","65","5","32","61","5","78","-1595.81783017946","79769.5851980742","3657.68261632","3656.4929485321","37","42","4292","4297","3","4","True"
"4288","61","33","65","5","31","61","5","78","-4955.64743253838","79769.5851980742","3657.68261632","3656.4929485321","38","43","4293","4298","3","4","True"
"4289","61","34","65","5","30","61","5","78","-8315.47703489729","79769.5851980742","3657.68261632","3656.4929485321","39","44","4294","4299","3","4","True"
"4290","61","35","65","5","29","61","5","78","-11675.3066372562","79769.5851980742","3657.68261632","3656.4929485321","40","45","4295","4300","-1","6","False"
"4291","61","36","65","5","28","61","5","78","-15035.1362396151","79769.5851980742","3657.68261632","3656.4929485321","41","46","4296","4301","-1","4","False"
"4292","61","37","65","5","27","61","5","78","-18394.965841974","79769.5851980742","3657.68261632","3656.4929485321","42","47","4297","4302","-1","4","False"
"4293","61","38","65","5","26","61","5","78","-21754.795444333","79769.5851980742","3657.68261632","3656.4929485321","43","48","4298","4303","-1","4","False"
"4294","61","39","65","5","25","61","5","78","-25114.6250466919","79769.5851980742","3657.68261632","3656.4929485321","44","49","4299","4304","-1","4","False"
"4295","61","40","65","5","24","61","5","78","-28474.4546490508","79769.5851980742","3657.68261632","3656.4929485321","45","50","4300","4305","-1","6","False"
"4296","61","41","65","5","23","61","5","78","-31834.2842514097","79769.5851980742","3657.68261632","3656.4929485321","46","51","4301","4306","-1","4","False"
"4297","61","42","65","5","22","61","5","78","-35194.1138537686","79769.5851980742","3657.68261632","3656.4929485321","47","52","4302","4307","-1","4","False"
"4298","61","43","65","5","21","61","5","78","-38553.9434561275","79769.5851980742","3657.68261632","3656.4929485321","48","53","4303","4308","-1","4","False"
"4299","61","44","65","5","20","61","5","78","-41913.7730584865","79769.5851980742","3657.68261632","3656.4929485321","49","54","4304","4309","-1","4","False"
"4300","61","45","65","5","19","61","5","78","-45273.6026608454","79769.5851980742","3657.68261632","3656.4929485321","50","55","4305","4310","3","6","True"
"4301","61","46","65","5","18","61","5","78","-48633.4322632043","79769.5851980742","3657.68261632","3656.4929485321","51","56","4306","4311","3","4","True"
"4302","61","47","65","5","17","61","5","78","-51993.2618655632","79769.5851980742","3657.68261632","3656.4929485321","52","57","4307","4312","3","4","True"
"4303","61","48","65","5","16","61","5","78","-55353.0914679221","79769.5851980742","3657.68261632","3656.4929485321","53","58","4308","4313","3","4","True"
"4304","61","49","65","5","15","61","5","78","-58712.921070281","79769.5851980742","3657.68261632","3656.4929485321","54","59","4309","4314","3","4","True"
"4305","61","50","65","5","14","61","5","78","-62072.75067264","79769.5851980742","3657.68261632","3656.4929485321","55","60","4310","4315","-1","6","False"
"4306","61","51","65","5","13","61","5","78","-65432.5802749989","79769.5851980742","3657.68261632","3656.4929485321","56","61","4311","4316","-1","4","False"
"4307","61","52","65","5","12","61","5","78","-68792.4098773578","79769.5851980742","3657.68261632","3656.4929485321","57","62","4312","4317","-1","4","False"
"4308","61","53","65","5","11","61","5","78","-72152.2394797167","79769.5851980742","3657.68261632","3656.4929485321","58","63","4313","4318","-1","4","False"
"4309","61","54","65","5","10","61","5","78","-75512.0690820756","79769.5851980742","3657.68261632","3656.4929485321","59","64","4314","4319","-1","4","False"
"4310","61","55","65","5","9","61","5","78","-78871.8986844345","79769.5851980742","3657.68261632","3656.4929485321","45","50","4300","4305","-1","6","False"
"4311","61","56","65","5","8","61","5","78","-82231.7282867935","79769.5851980742","3657.68261632","3656.4929485321","46","51","4301","4306","-1","4","False"
"4312","61","57","65","5","7","61","5","78","-85591.5578891524","79769.5851980742","3657.68261632","3656.4929485321","47","52","4302","4307","-1","4","False"
"4313","61","58","65","5","6","61","5","78","-88951.3874915113","79769.5851980742","3657.68261632","3656.4929485321","48","53","4303","4308","-1","4","False"
"4314","61","59","65","5","5","61","5","78","-92311.2170938702","79769.5851980742","3657.68261632","3656.4929485321","49","54","4304","4309","-1","4","False"
"4315","61","60","65","5","4","61","5","78","-95671.0466962291","79769.5851980742","3657.68261632","3656.4929485321","50","55","4305","4310","0","6","True"
"4316","61","61","65","5","3","61","5","78","-99030.8762985881","79769.5851980742","3657.68261632","3656.4929485321","51","56","4306","4311","0","4","True"
"4317","61","62","65","5","2","61","5","78","-102390.705900947","79769.5851980742","3657.68261632","3656.4929485321","52","57","4307","4312","0","4","True"
"4318","61","63","65","5","1","61","5","78","-105750.535503306","79769.5851980742","3657.68261632","3656.4929485321","53","58","4308","4313","0","4","True"
"4319","61","64","65","5","0","61","5","78","-109110.365105665","79769.5851980742","3657.68261632","3656.4929485321","54","59","4309","4314","0","4","True"
"4320","62","0","65","5","0","62","5","78","-109110.365105665","83413.0330740508","3657.68261632","3656.4929485321","5","10","4325","4330","3","2","True"
"4321","62","1","65","5","1","62","5","78","-105750.535503306","83413.0330740508","3657.68261632","3656.4929485321","6","11","4326","4331","3","3","True"
"4322","62","2","65","5","2","62","5","78","-102390.705900947","83413.0330740508","3657.68261632","3656.4929485321","7","12","4327","4332","3","3","True"
"4323","62","3","65","5","3","62","5","78","-99030.8762985881","83413.0330740508","3657.68261632","3656.4929485321","8","13","4328","4333","3","3","True"
"4324","62","4","65","5","4","62","5","78","-95671.0466962291","83413.0330740508","3657.68261632","3656.4929485321","9","14","4329","4334","3","4","True"
"4325","62","5","65","5","5","62","5","78","-92311.2170938702","83413.0330740508","3657.68261632","3656.4929485321","10","15","4330","4335","-1","3","False"
"4326","62","6","65","5","6","62","5","78","-88951.3874915113","83413.0330740508","3657.68261632","3656.4929485321","11","16","4331","4336","-1","3","False"
"4327","62","7","65","5","7","62","5","78","-85591.5578891524","83413.0330740508","3657.68261632","3656.4929485321","12","17","4332","4337","-1","3","False"
"4328","62","8","65","5","8","62","5","78","-82231.7282867935","83413.0330740508","3657.68261632","3656.4929485321","13","18","4333","4338","-1","3","False"
"4329","62","9","65","5","9","62","5","78","-78871.8986844345","83413.0330740508","3657.68261632","3656.4929485321","14","19","4334","4339","-1","4","False"
"4330","62","10","65","5","10","62","5","78","-75512.0690820756","83413.0330740508","3657.68261632","3656.4929485321","15","20","4335","4340","-1","3","False"
"4331","62","11","65","5","11","62","5","78","-72152.2394797167","83413.0330740508","3657.68261632","3656.4929485321","16","21","4336","4341","-1","3","False"
"4332","62","12","65","5","12","62","5","78","-68792.4098773578","83413.0330740508","3657.68261632","3656.4929485321","17","22","4337","4342","-1","3","False"
"4333","62","13","65","5","13","62","5","78","-65432.5802749989","83413.0330740508","3657.68261632","3656.4929485321","18","23","4338","4343","-1","3","False"
"4334","62","14","65","5","14","62","5","78","-62072.75067264","83413.0330740508","3657.68261632","3656.4929485321","19","24","4339","4344","-1","4","False"
"4335","62","15","65","5","15","62","5","78","-58712.921070281","83413.0330740508","3657.68261632","3656.4929485321","20","25","4340","4345","3","3","True"
"4336","62","16","65","5","16","62","5","78","-55353.0914679221","83413.0330740508","3657.68261632","3656.4929485321","21","26","4341","4346","3","3","True"
"4337","62","17","65","5","17","62","5","78","-51993.2618655632","83413.0330740508","3657.68261632","3656.4929485321","22","27","4342","4347","3","3","True"
"4338","62","18","65","5","18","62","5","78","-48633.4322632043","83413.0330740508","3657.68261632","3656.4929485321","23","28","4343","4348","3","3","True"
"4339","62","19","65","5","19","62","5","78","-45273.6026608454","83413.0330740508","3657.68261632","3656.4929485321","24","29","4344","4349","3","4","True"
"4340","62","20","65","5","20","62","5","78","-41913.7730584865","83413.0330740508","3657.68261632","3656.4929485321","25","30","4345","4350","-1","3","False"
"4341","62","21","65","5","21","62","5","78","-38553.9434561275","83413.0330740508","3657.68261632","3656.4929485321","26","31","4346","4351","-1","3","False"
"4342","62","22","65","5","22","62","5","78","-35194.1138537686","83413.0330740508","3657.68261632","3656.4929485321","27","32","4347","4352","-1","3","False"
"4343","62","23","65","5","23","62","5","78","-31834.2842514097","83413.0330740508","3657.68261632","3656.4929485321","28","33","4348","4353","-1","3","False"
"4344","62","24","65","5","24","62","5","78","-28474.4546490508","83413.0330740508","3657.68261632","3656.4929485321","29","34","4349","4354","-1","4","False"
"4345","62","25","65","5","25","62","5","78","-25114.6250466919","83413.0330740508","3657.68261632","3656.4929485321","30","35","4350","4355","-1","3","False"
"4346","62","26","65","5","26","62","5","78","-21754.795444333","83413.0330740508","3657.68261632","3656.4929485321","31","36","4351","4356","-1","3","False"
"4347","62","27","65","5","27","62","5","78","-18394.965841974","83413.0330740508","3657.68261632","3656.4929485321","32","37","4352","4357","-1","3","False"
"4348","62","28","65","5","28","62","5","78","-15035.1362396151","83413.0330740508","3657.68261632","3656.4929485321","33","38","4353","4358","-1","3","False"
"4349","62","29","65","5","29","62","5","78","-11675.3066372562","83413.0330740508","3657.68261632","3656.4929485321","34","39","4354","4359","-1","4","False"
"4350","62","30","65","5","30","62","5","78","-8315.47703489729","83413.0330740508","3657.68261632","3656.4929485321","35","40","4355","4360","3","3","True"
"4351","62","31","65","5","31","62","5","78","-4955.64743253838","83413.0330740508","3657.68261632","3656.4929485321","36","41","4356","4361","3","3","True"
"4352","62","32","65","5","32","62","5","78","-1595.81783017946","83413.0330740508","3657.68261632","3656.4929485321","37","42","4357","4362","3","3","True"
"4353","62","33","65","5","33","62","5","78","1764.01177217945","83413.0330740508","3657.68261632","3656.4929485321","38","43","4358","4363","3","3","True"
"4354","62","34","65","5","34","62","5","78","5123.84137453837","83413.0330740508","3657.68261632","3656.4929485321","39","44","4359","4364","3","4","True"
"4355","62","35","65","5","35","62","5","78","8483.67097689729","83413.0330740508","3657.68261632","3656.4929485321","40","45","4360","4365","-1","3","False"
"4356","62","36","65","5","36","62","5","78","11843.5005792562","83413.0330740508","3657.68261632","3656.4929485321","41","46","4361","4366","-1","3","False"
"4357","62","37","65","5","37","62","5","78","15203.3301816151","83413.0330740508","3657.68261632","3656.4929485321","42","47","4362","4367","-1","3","False"
"4358","62","38","65","5","38","62","5","78","18563.159783974","83413.0330740508","3657.68261632","3656.4929485321","43","48","4363","4368","-1","3","False"
"4359","62","39","65","5","39","62","5","78","21922.989386333","83413.0330740508","3657.68261632","3656.4929485321","44","49","4364","4369","-1","4","False"
"4360","62","40","65","5","40","62","5","78","25282.8189886919","83413.0330740508","3657.68261632","3656.4929485321","45","50","4365","4370","-1","3","False"
"4361","62","41","65","5","41","62","5","78","28642.6485910508","83413.0330740508","3657.68261632","3656.4929485321","46","51","4366","4371","-1","3","False"
"4362","62","42","65","5","42","62","5","78","32002.4781934097","83413.0330740508","3657.68261632","3656.4929485321","47","52","4367","4372","-1","3","False"
"4363","62","43","65","5","43","62","5","78","35362.3077957686","83413.0330740508","3657.68261632","3656.4929485321","48","53","4368","4373","-1","3","False"
"4364","62","44","65","5","44","62","5","78","38722.1373981275","83413.0330740508","3657.68261632","3656.4929485321","49","54","4369","4374","-1","4","False"
"4365","62","45","65","5","45","62","5","78","42081.9670004865","83413.0330740508","3657.68261632","3656.4929485321","50","55","4370","4375","3","3","True"
"4366","62","46","65","5","46","62","5","78","45441.7966028454","83413.0330740508","3657.68261632","3656.4929485321","51","56","4371","4376","3","3","True"
"4367","62","47","65","5","47","62","5","78","48801.6262052043","83413.0330740508","3657.68261632","3656.4929485321","52","57","4372","4377","3","3","True"
"4368","62","48","65","5","48","62","5","78","52161.4558075632","83413.0330740508","3657.68261632","3656.4929485321","53","58","4373","4378","3","3","True"
"4369","62","49","65","5","49","62","5","78","55521.2854099221","83413.0330740508","3657.68261632","3656.4929485321","54","59","4374","4379","3","4","True"
"4370","62","50","65","5","50","62","5","78","58881.1150122811","83413.0330740508","3657.68261632","3656.4929485321","55","60","4375","4380","-1","3","False"
"4371","62","51","65","5","51","62","5","78","62240.9446146399","83413.0330740508","3657.68261632","3656.4929485321","56","61","4376","4381","-1","3","False"
"4372","62","52","65","5","52","62","5","78","65600.7742169989","83413.0330740508","3657.68261632","3656.4929485321","57","62","4377","4382","-1","3","False"
"4373","62","53","65","5","53","62","5","78","68960.6038193578","83413.0330740508","3657.68261632","3656.4929485321","58","63","4378","4383","-1","3","False"
"4374","62","54","65","5","54","62","5","78","72320.4334217167","83413.0330740508","3657.68261632","3656.4929485321","59","64","4379","4384","-1","4","False"
"4375","62","55","65","5","55","62","5","78","75680.2630240756","83413.0330740508","3657.68261632","3656.4929485321","45","50","4365","4370","-1","3","False"
"4376","62","56","65","5","56","62","5","78","79040.0926264345","83413.0330740508","3657.68261632","3656.4929485321","46","51","4366","4371","-1","3","False"
"4377","62","57","65","5","57","62","5","78","82399.9222287935","83413.0330740508","3657.68261632","3656.4929485321","47","52","4367","4372","-1","3","False"
"4378","62","58","65","5","58","62","5","78","85759.7518311524","83413.0330740508","3657.68261632","3656.4929485321","48","53","4368","4373","-1","3","False"
"4379","62","59","65","5","59","62","5","78","89119.5814335113","83413.0330740508","3657.68261632","3656.4929485321","49","54","4369","4374","-1","4","False"
"4380","62","60","65","5","60","62","5","78","92479.4110358702","83413.0330740508","3657.68261632","3656.4929485321","50","55","4370","4375","0","3","True"
"4381","62","61","65","5","61","62","5","78","95839.2406382291","83413.0330740508","3657.68261632","3656.4929485321","51","56","4371","4376","0","3","True"
"4382","62","62","65","5","62","62","5","78","99199.0702405881","83413.0330740508","3657.68261632","3656.4929485321","52","57","4372","4377","0","3","True"
"4383","62","63","65","5","63","62","5","78","102558.899842947","83413.0330740508","3657.68261632","3656.4929485321","53","58","4373","4378","0","3","True"
"4384","62","64","65","5","64","62","5","78","105918.729445306","83413.0330740508","3657.68261632","3656.4929485321","54","59","4374","4379","0","3","True"
"4385","63","0","65","5","64","63","5","78","105918.729445306","87056.4733206328","3657.68261632","3656.4929485321","5","10","4390","4395","3","2","True"
"4386","63","1","65","5","63","63","5","78","102558.899842947","87056.4733206328","3657.68261632","3656.4929485321","6","11","4391","4396","3","3","True"
"4387","63","2","65","5","62","63","5","78","99199.0702405881","87056.4733206328","3657.68261632","3656.4929485321","7","12","4392","4397","3","3","True"
"4388","63","3","65","5","61","63","5","78","95839.2406382291","87056.4733206328","3657.68261632","3656.4929485321","8","13","4393","4398","3","3","True"
"4389","63","4","65","5","60","63","5","78","92479.4110358702","87056.4733206328","3657.68261632","3656.4929485321","9","14","4394","4399","3","3","True"
"4390","63","5","65","5","59","63","5","78","89119.5814335113","87056.4733206328","3657.68261632","3656.4929485321","10","15","4395","4400","-1","4","False"
"4391","63","6","65","5","58","63","5","78","85759.7518311524","87056.4733206328","3657.68261632","3656.4929485321","11","16","4396","4401","-1","3","False"
"4392","63","7","65","5","57","63","5","78","82399.9222287935","87056.4733206328","3657.68261632","3656.4929485321","12","17","4397","4402","-1","3","False"
"4393","63","8","65","5","56","63","5","78","79040.0926264345","87056.4733206328","3657.68261632","3656.4929485321","13","18","4398","4403","-1","3","False"
"4394","63","9","65","5","55","63","5","78","75680.2630240756","87056.4733206328","3657.68261632","3656.4929485321","14","19","4399","4404","-1","3","False"
"4395","63","10","65","5","54","63","5","78","72320.4334217167","87056.4733206328","3657.68261632","3656.4929485321","15","20","4400","4405","-1","4","False"
"4396","63","11","65","5","53","63","5","78","68960.6038193578","87056.4733206328","3657.68261632","3656.4929485321","16","21","4401","4406","-1","3","False"
"4397","63","12","65","5","52","63","5","78","65600.7742169989","87056.4733206328","3657.68261632","3656.4929485321","17","22","4402","4407","-1","3","False"
"4398","63","13","65","5","51","63","5","78","62240.9446146399","87056.4733206328","3657.68261632","3656.4929485321","18","23","4403","4408","-1","3","False"
"4399","63","14","65","5","50","63","5","78","58881.1150122811","87056.4733206328","3657.68261632","3656.4929485321","19","24","4404","4409","-1","3","False"
"4400","63","15","65","5","49","63","5","78","55521.2854099221","87056.4733206328","3657.68261632","3656.4929485321","20","25","4405","4410","3","4","True"
"4401","63","16","65","5","48","63","5","78","52161.4558075632","87056.4733206328","3657.68261632","3656.4929485321","21","26","4406","4411","3","3","True"
"4402","63","17","65","5","47","63","5","78","48801.6262052043","87056.4733206328","3657.68261632","3656.4929485321","22","27","4407","4412","3","3","True"
"4403","63","18","65","5","46","63","5","78","45441.7966028454","87056.4733206328","3657.68261632","3656.4929485321","23","28","4408","4413","3","3","True"
"4404","63","19","65","5","45","63","5","78","42081.9670004865","87056.4733206328","3657.68261632","3656.4929485321","24","29","4409","4414","3","3","True"
"4405","63","20","65","5","44","63","5","78","38722.1373981275","87056.4733206328","3657.68261632","3656.4929485321","25","30","4410","4415","-1","4","False"
"4406","63","21","65","5","43","63","5","78","35362.3077957686","87056.4733206328","3657.68261632","3656.4929485321","26","31","4411","4416","-1","3","False"
"4407","63","22","65","5","42","63","5","78","32002.4781934097","87056.4733206328","3657.68261632","3656.4929485321","27","32","4412","4417","-1","3","False"
"4408","63","23","65","5","41","63","5","78","28642.6485910508","87056.4733206328","3657.68261632","3656.4929485321","28","33","4413","4418","-1","3","False"
"4409","63","24","65","5","40","63","5","78","25282.8189886919","87056.4733206328","3657.68261632","3656.4929485321","29","34","4414","4419","-1","3","False"
"4410","63","25","65","5","39","63","5","78","21922.989386333","87056.4733206328","3657.68261632","3656.4929485321","30","35","4415","4420","-1","4","False"
"4411","63","26","65","5","38","63","5","78","18563.159783974","87056.4733206328","3657.68261632","3656.4929485321","31","36","4416","4421","-1","3","False"
"4412","63","27","65","5","37","63","5","78","15203.3301816151","87056.4733206328","3657.68261632","3656.4929485321","32","37","4417","4422","-1","3","False"
"4413","63","28","65","5","36","63","5","78","11843.5005792562","87056.4733206328","3657.68261632","3656.4929485321","33","38","4418","4423","-1","3","False"
"4414","63","29","65","5","35","63","5","78","8483.67097689729","87056.4733206328","3657.68261632","3656.4929485321","34","39","4419","4424","-1","3","False"
"4415","63","30","65","5","34","63","5","78","5123.84137453837","87056.4733206328","3657.68261632","3656.4929485321","35","40","4420","4425","3","4","True"
"4416","63","31","65","5","33","63","5","78","1764.01177217945","87056.4733206328","3657.68261632","3656.4929485321","36","41","4421","4426","3","3","True"
"4417","63","32","65","5","32","63","5","78","-1595.81783017946","87056.4733206328","3657.68261632","3656.4929485321","37","42","4422","4427","3","3","True"
"4418","63","33","65","5","31","63","5","78","-4955.64743253838","87056.4733206328","3657.68261632","3656.4929485321","38","43","4423","4428","3","3","True"
"4419","63","34","65","5","30","63","5","78","-8315.47703489729","87056.4733206328","3657.68261632","3656.4929485321","39","44","4424","4429","3","3","True"
"4420","63","35","65","5","29","63","5","78","-11675.3066372562","87056.4733206328","3657.68261632","3656.4929485321","40","45","4425","4430","-1","4","False"
"4421","63","36","65","5","28","63","5","78","-15035.1362396151","87056.4733206328","3657.68261632","3656.4929485321","41","46","4426","4431","-1","3","False"
"4422","63","37","65","5","27","63","5","78","-18394.965841974","87056.4733206328","3657.68261632","3656.4929485321","42","47","4427","4432","-1","3","False"
"4423","63","38","65","5","26","63","5","78","-21754.795444333","87056.4733206328","3657.68261632","3656.4929485321","43","48","4428","4433","-1","3","False"
"4424","63","39","65","5","25","63","5","78","-25114.6250466919","87056.4733206328","3657.68261632","3656.4929485321","44","49","4429","4434","-1","3","False"
"4425","63","40","65","5","24","63","5","78","-28474.4546490508","87056.4733206328","3657.68261632","3656.4929485321","45","50","4430","4435","-1","4","False"
"4426","63","41","65","5","23","63","5","78","-31834.2842514097","87056.4733206328","3657.68261632","3656.4929485321","46","51","4431","4436","-1","3","False"
"4427","63","42","65","5","22","63","5","78","-35194.1138537686","87056.4733206328","3657.68261632","3656.4929485321","47","52","4432","4437","-1","3","False"
"4428","63","43","65","5","21","63","5","78","-38553.9434561275","87056.4733206328","3657.68261632","3656.4929485321","48","53","4433","4438","-1","3","False"
"4429","63","44","65","5","20","63","5","78","-41913.7730584865","87056.4733206328","3657.68261632","3656.4929485321","49","54","4434","4439","-1","3","False"
"4430","63","45","65","5","19","63","5","78","-45273.6026608454","87056.4733206328","3657.68261632","3656.4929485321","50","55","4435","4440","3","4","True"
"4431","63","46","65","5","18","63","5","78","-48633.4322632043","87056.4733206328","3657.68261632","3656.4929485321","51","56","4436","4441","3","3","True"
"4432","63","47","65","5","17","63","5","78","-51993.2618655632","87056.4733206328","3657.68261632","3656.4929485321","52","57","4437","4442","3","3","True"
"4433","63","48","65","5","16","63","5","78","-55353.0914679221","87056.4733206328","3657.68261632","3656.4929485321","53","58","4438","4443","3","3","True"
"4434","63","49","65","5","15","63","5","78","-58712.921070281","87056.4733206328","3657.68261632","3656.4929485321","54","59","4439","4444","3","3","True"
"4435","63","50","65","5","14","63","5","78","-62072.75067264","87056.4733206328","3657.68261632","3656.4929485321","55","60","4440","4445","-1","4","False"
"4436","63","51","65","5","13","63","5","78","-65432.5802749989","87056.4733206328","3657.68261632","3656.4929485321","56","61","4441","4446","-1","3","False"
"4437","63","52","65","5","12","63","5","78","-68792.4098773578","87056.4733206328","3657.68261632","3656.4929485321","57","62","4442","4447","-1","3","False"
"4438","63","53","65","5","11","63","5","78","-72152.2394797167","87056.4733206328","3657.68261632","3656.4929485321","58","63","4443","4448","-1","3","False"
"4439","63","54","65","5","10","63","5","78","-75512.0690820756","87056.4733206328","3657.68261632","3656.4929485321","59","64","4444","4449","-1","3","False"
"4440","63","55","65","5","9","63","5","78","-78871.8986844345","87056.4733206328","3657.68261632","3656.4929485321","45","50","4430","4435","-1","4","False"
"4441","63","56","65","5","8","63","5","78","-82231.7282867935","87056.4733206328","3657.68261632","3656.4929485321","46","51","4431","4436","-1","3","False"
"4442","63","57","65","5","7","63","5","78","-85591.5578891524","87056.4733206328","3657.68261632","3656.4929485321","47","52","4432","4437","-1","3","False"
"4443","63","58","65","5","6","63","5","78","-88951.3874915113","87056.4733206328","3657.68261632","3656.4929485321","48","53","4433","4438","-1","3","False"
"4444","63","59","65","5","5","63","5","78","-92311.2170938702","87056.4733206328","3657.68261632","3656.4929485321","49","54","4434","4439","-1","3","False"
"4445","63","60","65","5","4","63","5","78","-95671.0466962291","87056.4733206328","3657.68261632","3656.4929485321","50","55","4435","4440","0","4","True"
"4446","63","61","65","5","3","63","5","78","-99030.8762985881","87056.4733206328","3657.68261632","3656.4929485321","51","56","4436","4441","0","3","True"
"4447","63","62","65","5","2","63","5","78","-102390.705900947","87056.4733206328","3657.68261632","3656.4929485321","52","57","4437","4442","0","3","True"
"4448","63","63","65","5","1","63","5","78","-105750.535503306","87056.4733206328","3657.68261632","3656.4929485321","53","58","4438","4443","0","3","True"
"4449","63","64","65","5","0","63","5","78","-109110.365105665","87056.4733206328","3657.68261632","3656.4929485321","54","59","4439","4444","0","3","True"
"4450","64","0","65","5","0","64","5","78","-109110.365105665","90699.9211966094","3657.68261632","3656.4929485321","5","10","4455","4460","3","2","True"
"4451","64","1","65","5","1","64","5","78","-105750.535503306","90699.9211966094","3657.68261632","3656.4929485321","6","11","4456","4461","3","3","True"
"4452","64","2","65","5","2","64","5","78","-102390.705900947","90699.9211966094","3657.68261632","3656.4929485321","7","12","4457","4462","3","3","True"
"4453","64","3","65","5","3","64","5","78","-99030.8762985881","90699.9211966094","3657.68261632","3656.4929485321","8","13","4458","4463","3","3","True"
"4454","64","4","65","5","4","64","5","78","-95671.0466962291","90699.9211966094","3657.68261632","3656.4929485321","9","14","4459","4464","3","5","True"
"4455","64","5","65","5","5","64","5","78","-92311.2170938702","90699.9211966094","3657.68261632","3656.4929485321","10","15","4460","4465","-1","4","False"
"4456","64","6","65","5","6","64","5","78","-88951.3874915113","90699.9211966094","3657.68261632","3656.4929485321","11","16","4461","4466","-1","4","False"
"4457","64","7","65","5","7","64","5","78","-85591.5578891524","90699.9211966094","3657.68261632","3656.4929485321","12","17","4462","4467","-1","4","False"
"4458","64","8","65","5","8","64","5","78","-82231.7282867935","90699.9211966094","3657.68261632","3656.4929485321","13","18","4463","4468","-1","4","False"
"4459","64","9","65","5","9","64","5","78","-78871.8986844345","90699.9211966094","3657.68261632","3656.4929485321","14","19","4464","4469","-1","6","False"
"4460","64","10","65","5","10","64","5","78","-75512.0690820756","90699.9211966094","3657.68261632","3656.4929485321","15","20","4465","4470","-1","4","False"
"4461","64","11","65","5","11","64","5","78","-72152.2394797167","90699.9211966094","3657.68261632","3656.4929485321","16","21","4466","4471","-1","4","False"
"4462","64","12","65","5","12","64","5","78","-68792.4098773578","90699.9211966094","3657.68261632","3656.4929485321","17","22","4467","4472","-1","4","False"
"4463","64","13","65","5","13","64","5","78","-65432.5802749989","90699.9211966094","3657.68261632","3656.4929485321","18","23","4468","4473","-1","4","False"
"4464","64","14","65","5","14","64","5","78","-62072.75067264","90699.9211966094","3657.68261632","3656.4929485321","19","24","4469","4474","-1","6","False"
"4465","64","15","65","5","15","64","5","78","-58712.921070281","90699.9211966094","3657.68261632","3656.4929485321","20","25","4470","4475","3","4","True"
"4466","64","16","65","5","16","64","5","78","-55353.0914679221","90699.9211966094","3657.68261632","3656.4929485321","21","26","4471","4476","3","4","True"
"4467","64","17","65","5","17","64","5","78","-51993.2618655632","90699.9211966094","3657.68261632","3656.4929485321","22","27","4472","4477","3","4","True"
"4468","64","18","65","5","18","64","5","78","-48633.4322632043","90699.9211966094","3657.68261632","3656.4929485321","23","28","4473","4478","3","4","True"
"4469","64","19","65","5","19","64","5","78","-45273.6026608454","90699.9211966094","3657.68261632","3656.4929485321","24","29","4474","4479","3","6","True"
"4470","64","20","65","5","20","64","5","78","-41913.7730584865","90699.9211966094","3657.68261632","3656.4929485321","25","30","4475","4480","-1","4","False"
"4471","64","21","65","5","21","64","5","78","-38553.9434561275","90699.9211966094","3657.68261632","3656.4929485321","26","31","4476","4481","-1","4","False"
"4472","64","22","65","5","22","64","5","78","-35194.1138537686","90699.9211966094","3657.68261632","3656.4929485321","27","32","4477","4482","-1","4","False"
"4473","64","23","65","5","23","64","5","78","-31834.2842514097","90699.9211966094","3657.68261632","3656.4929485321","28","33","4478","4483","-1","4","False"
"4474","64","24","65","5","24","64","5","78","-28474.4546490508","90699.9211966094","3657.68261632","3656.4929485321","29","34","4479","4484","-1","6","False"
"4475","64","25","65","5","25","64","5","78","-25114.6250466919","90699.9211966094","3657.68261632","3656.4929485321","30","35","4480","4485","-1","4","False"
"4476","64","26","65","5","26","64","5","78","-21754.795444333","90699.9211966094","3657.68261632","3656.4929485321","31","36","4481","4486","-1","4","False"
"4477","64","27","65","5","27","64","5","78","-18394.965841974","90699.9211966094","3657.68261632","3656.4929485321","32","37","4482","4487","-1","4","False"
"4478","64","28","65","5","28","64","5","78","-15035.1362396151","90699.9211966094","3657.68261632","3656.4929485321","33","38","4483","4488","-1","4","False"
"4479","64","29","65","5","29","64","5","78","-11675.3066372562","90699.9211966094","3657.68261632","3656.4929485321","34","39","4484","4489","-1","6","False"
"4480","64","30","65","5","30","64","5","78","-8315.47703489729","90699.9211966094","3657.68261632","3656.4929485321","35","40","4485","4490","3","4","True"
"4481","64","31","65","5","31","64","5","78","-4955.64743253838","90699.9211966094","3657.68261632","3656.4929485321","36","41","4486","4491","3","4","True"
"4482","64","32","65","5","32","64","5","78","-1595.81783017946","90699.9211966094","3657.68261632","3656.4929485321","37","42","4487","4492","3","4","True"
"4483","64","33","65","5","33","64","5","78","1764.01177217945","90699.9211966094","3657.68261632","3656.4929485321","38","43","4488","4493","3","4","True"
"4484","64","34","65","5","34","64","5","78","5123.84137453837","90699.9211966094","3657.68261632","3656.4929485321","39","44","4489","4494","3","6","True"
"4485","64","35","65","5","35","64","5","78","8483.67097689729","90699.9211966094","3657.68261632","3656.4929485321","40","45","4490","4495","-1","4","False"
"4486","64","36","65","5","36","64","5","78","11843.5005792562","90699.9211966094","3657.68261632","3656.4929485321","41","46","4491","4496","-1","4","False"
"4487","64","37","65","5","37","64","5","78","15203.3301816151","90699.9211966094","3657.68261632","3656.4929485321","42","47","4492","4497","-1","4","False"
"4488","64","38","65","5","38","64","5","78","18563.159783974","90699.9211966094","3657.68261632","3656.4929485321","43","48","4493","4498","-1","4","False"
"4489","64","39","65","5","39","64","5","78","21922.989386333","90699.9211966094","3657.68261632","3656.4929485321","44","49","4494","4499","-1","6","False"
"4490","64","40","65","5","40","64","5","78","25282.8189886919","90699.9211966094","3657.68261632","3656.4929485321","45","50","4495","4500","-1","4","False"
"4491","64","41","65","5","41","64","5","78","28642.6485910508","90699.9211966094","3657.68261632","3656.4929485321","46","51","4496","4501","-1","4","False"
"4492","64","42","65","5","42","64","5","78","32002.4781934097","90699.9211966094","3657.68261632","3656.4929485321","47","52","4497","4502","-1","4","False"
"4493","64","43","65","5","43","64","5","78","35362.3077957686","90699.9211966094","3657.68261632","3656.4929485321","48","53","4498","4503","-1","4","False"
"4494","64","44","65","5","44","64","5","78","38722.1373981275","90699.9211966094","3657.68261632","3656.4929485321","49","54","4499","4504","-1","6","False"
"4495","64","45","65","5","45","64","5","78","42081.9670004865","90699.9211966094","3657.68261632","3656.4929485321","50","55","4500","4505","3","4","True"
"4496","64","46","65","5","46","64","5","78","45441.7966028454","90699.9211966094","3657.68261632","3656.4929485321","51","56","4501","4506","3","4","True"
"4497","64","47","65","5","47","64","5","78","48801.6262052043","90699.9211966094","3657.68261632","3656.4929485321","52","57","4502","4507","3","4","True"
"4498","64","48","65","5","48","64","5","78","52161.4558075632","90699.9211966094","3657.68261632","3656.4929485321","53","58","4503","4508","3","4","True"
"4499","64","49","65","5","49","64","5","78","55521.2854099221","90699.9211966094","3657.68261632","3656.4929485321","54","59","4504","4509","3","6","True"
"4500","64","50","65","5","50","64","5","78","58881.1150122811","90699.9211966094","3657.68261632","3656.4929485321","55","60","4505","4510","-1","4","False"
"4501","64","51","65","5","51","64","5","78","62240.9446146399","90699.9211966094","3657.68261632","3656.4929485321","56","61","4506","4511","-1","4","False"
"4502","64","52","65","5","52","64","5","78","65600.7742169989","90699.9211966094","3657.68261632","3656.4929485321","57","62","4507","4512","-1","4","False"
"4503","64","53","65","5","53","64","5","78","68960.6038193578","90699.9211966094","3657.68261632","3656.4929485321","58","63","4508","4513","-1","4","False"
"4504","64","54","65","5","54","64","5","78","72320.4334217167","90699.9211966094","3657.68261632","3656.4929485321","59","64","4509","4514","-1","6","False"
"4505","64","55","65","5","55","64","5","78","75680.2630240756","90699.9211966094","3657.68261632","3656.4929485321","45","50","4495","4500","-1","4","False"
"4506","64","56","65","5","56","64","5","78","79040.0926264345","90699.9211966094","3657.68261632","3656.4929485321","46","51","4496","4501","-1","4","False"
"4507","64","57","65","5","57","64","5","78","82399.9222287935","90699.9211966094","3657.68261632","3656.4929485321","47","52","4497","4502","-1","4","False"
"4508","64","58","65","5","58","64","5","78","85759.7518311524","90699.9211966094","3657.68261632","3656.4929485321","48","53","4498","4503","-1","4","False"
"4509","64","59","65","5","59","64","5","78","89119.5814335113","90699.9211966094","3657.68261632","3656.4929485321","49","54","4499","4504","-1","5","False"
"4510","64","60","65","5","60","64","5","78","92479.4110358702","90699.9211966094","3657.68261632","3656.4929485321","50","55","4500","4505","0","3","True"
"4511","64","61","65","5","61","64","5","78","95839.2406382291","90699.9211966094","3657.68261632","3656.4929485321","51","56","4501","4506","0","3","True"
"4512","64","62","65","5","62","64","5","78","99199.0702405881","90699.9211966094","3657.68261632","3656.4929485321","52","57","4502","4507","0","3","True"
"4513","64","63","65","5","63","64","5","78","102558.899842947","90699.9211966094","3657.68261632","3656.4929485321","53","58","4503","4508","0","3","True"
"4514","64","64","65","5","64","64","5","78","105918.729445306","90699.9211966094","3657.68261632","3656.4929485321","54","59","4504","4509","0","3","True"
"4515","65","0","55","5","54","65","5","78","89119.581981287","94343.3614431914","3657.68261632","3656.4929485321","5","10","4520","4525","3","2","True"
"4516","65","1","55","5","53","65","5","78","85759.7523789281","94343.3614431914","3657.68261632","3656.4929485321","6","11","4521","4526","3","3","True"
"4517","65","2","55","5","52","65","5","78","82399.9227765692","94343.3614431914","3657.68261632","3656.4929485321","7","12","4522","4527","3","3","True"
"4518","65","3","55","5","51","65","5","78","79040.0931742103","94343.3614431914","3657.68261632","3656.4929485321","8","13","4523","4528","3","3","True"
"4519","65","4","55","5","50","65","5","78","75680.2635718514","94343.3614431914","3657.68261632","3656.4929485321","9","14","4524","4529","3","3","True"
"4520","65","5","55","5","49","65","5","78","72320.4339694924","94343.3614431914","3657.68261632","3656.4929485321","10","15","4525","4530","-1","4","False"
"4521","65","6","55","5","48","65","5","78","68960.6043671335","94343.3614431914","3657.68261632","3656.4929485321","11","16","4526","4531","-1","3","False"
"4522","65","7","55","5","47","65","5","78","65600.7747647746","94343.3614431914","3657.68261632","3656.4929485321","12","17","4527","4532","-1","3","False"
"4523","65","8","55","5","46","65","5","78","62240.9451624157","94343.3614431914","3657.68261632","3656.4929485321","13","18","4528","4533","-1","3","False"
"4524","65","9","55","5","45","65","5","78","58881.1155600568","94343.3614431914","3657.68261632","3656.4929485321","14","19","4529","4534","-1","3","False"
"4525","65","10","55","5","44","65","5","78","55521.2859576979","94343.3614431914","3657.68261632","3656.4929485321","15","20","4530","4535","-1","4","False"
"4526","65","11","55","5","43","65","5","78","52161.4563553389","94343.3614431914","3657.68261632","3656.4929485321","16","21","4531","4536","-1","3","False"
"4527","65","12","55","5","42","65","5","78","48801.62675298","94343.3614431914","3657.68261632","3656.4929485321","17","22","4532","4537","-1","3","False"
"4528","65","13","55","5","41","65","5","78","45441.7971506211","94343.3614431914","3657.68261632","3656.4929485321","18","23","4533","4538","-1","3","False"
"4529","65","14","55","5","40","65","5","78","42081.9675482622","94343.3614431914","3657.68261632","3656.4929485321","19","24","4534","4539","-1","3","False"
"4530","65","15","55","5","39","65","5","78","38722.1379459033","94343.3614431914","3657.68261632","3656.4929485321","20","25","4535","4540","3","4","True"
"4531","65","16","55","5","38","65","5","78","35362.3083435443","94343.3614431914","3657.68261632","3656.4929485321","21","26","4536","4541","3","3","True"
"4532","65","17","55","5","37","65","5","78","32002.4787411854","94343.3614431914","3657.68261632","3656.4929485321","22","27","4537","4542","3","3","True"
"4533","65","18","55","5","36","65","5","78","28642.6491388265","94343.3614431914","3657.68261632","3656.4929485321","23","28","4538","4543","3","3","True"
"4534","65","19","55","5","35","65","5","78","25282.8195364676","94343.3614431914","3657.68261632","3656.4929485321","24","29","4539","4544","3","3","True"
"4535","65","20","55","5","34","65","5","78","21922.9899341087","94343.3614431914","3657.68261632","3656.4929485321","25","30","4540","4545","-1","4","False"
"4536","65","21","55","5","33","65","5","78","18563.1603317498","94343.3614431914","3657.68261632","3656.4929485321","26","31","4541","4546","-1","3","False"
"4537","65","22","55","5","32","65","5","78","15203.3307293908","94343.3614431914","3657.68261632","3656.4929485321","27","32","4542","4547","-1","3","False"
"4538","65","23","55","5","31","65","5","78","11843.5011270319","94343.3614431914","3657.68261632","3656.4929485321","28","33","4543","4548","-1","3","False"
"4539","65","24","55","5","30","65","5","78","8483.67152467302","94343.3614431914","3657.68261632","3656.4929485321","29","34","4544","4549","-1","3","False"
"4540","65","25","55","5","29","65","5","78","5123.84192231409","94343.3614431914","3657.68261632","3656.4929485321","30","35","4545","4550","-1","4","False"
"4541","65","26","55","5","28","65","5","78","1764.01231995518","94343.3614431914","3657.68261632","3656.4929485321","31","36","4546","4551","-1","3","False"
"4542","65","27","55","5","27","65","5","78","-1595.81728240374","94343.3614431914","3657.68261632","3656.4929485321","32","37","4547","4552","-1","3","False"
"4543","65","28","55","5","26","65","5","78","-4955.64688476265","94343.3614431914","3657.68261632","3656.4929485321","33","38","4548","4553","-1","3","False"
"4544","65","29","55","5","25","65","5","78","-8315.47648712156","94343.3614431914","3657.68261632","3656.4929485321","34","39","4549","4554","-1","3","False"
"4545","65","30","55","5","24","65","5","78","-11675.3060894805","94343.3614431914","3657.68261632","3656.4929485321","35","40","4550","4555","3","4","True"
"4546","65","31","55","5","23","65","5","78","-15035.1356918394","94343.3614431914","3657.68261632","3656.4929485321","36","41","4551","4556","3","3","True"
"4547","65","32","55","5","22","65","5","78","-18394.9652941983","94343.3614431914","3657.68261632","3656.4929485321","37","42","4552","4557","3","3","True"
"4548","65","33","55","5","21","65","5","78","-21754.7948965572","94343.3614431914","3657.68261632","3656.4929485321","38","43","4553","4558","3","3","True"
"4549","65","34","55","5","20","65","5","78","-25114.6244989161","94343.3614431914","3657.68261632","3656.4929485321","39","44","4554","4559","3","3","True"
"4550","65","35","55","5","19","65","5","78","-28474.4541012751","94343.3614431914","3657.68261632","3656.4929485321","40","45","4555","4560","-1","4","False"
"4551","65","36","55","5","18","65","5","78","-31834.283703634","94343.3614431914","3657.68261632","3656.4929485321","41","46","4556","4561","-1","3","False"
"4552","65","37","55","5","17","65","5","78","-35194.1133059929","94343.3614431914","3657.68261632","3656.4929485321","42","47","4557","4562","-1","3","False"
"4553","65","38","55","5","16","65","5","78","-38553.9429083518","94343.3614431914","3657.68261632","3656.4929485321","43","48","4558","4563","-1","3","False"
"4554","65","39","55","5","15","65","5","78","-41913.7725107107","94343.3614431914","3657.68261632","3656.4929485321","44","49","4559","4564","-1","3","False"
"4555","65","40","55","5","14","65","5","78","-45273.6021130697","94343.3614431914","3657.68261632","3656.4929485321","45","50","4560","4565","-1","4","False"
"4556","65","41","55","5","13","65","5","78","-48633.4317154286","94343.3614431914","3657.68261632","3656.4929485321","46","51","4561","4566","-1","3","False"
"4557","65","42","55","5","12","65","5","78","-51993.2613177875","94343.3614431914","3657.68261632","3656.4929485321","47","52","4562","4567","-1","3","False"
"4558","65","43","55","5","11","65","5","78","-55353.0909201464","94343.3614431914","3657.68261632","3656.4929485321","48","53","4563","4568","-1","3","False"
"4559","65","44","55","5","10","65","5","78","-58712.9205225053","94343.3614431914","3657.68261632","3656.4929485321","49","54","4564","4569","-1","3","False"
"4560","65","45","55","5","9","65","5","78","-62072.7501248642","94343.3614431914","3657.68261632","3656.4929485321","35","40","4550","4555","-1","4","False"
"4561","65","46","55","5","8","65","5","78","-65432.5797272231","94343.3614431914","3657.68261632","3656.4929485321","36","41","4551","4556","-1","3","False"
"4562","65","47","55","5","7","65","5","78","-68792.4093295821","94343.3614431914","3657.68261632","3656.4929485321","37","42","4552","4557","-1","3","False"
"4563","65","48","55","5","6","65","5","78","-72152.238931941","94343.3614431914","3657.68261632","3656.4929485321","38","43","4553","4558","-1","3","False"
"4564","65","49","55","5","5","65","5","78","-75512.0685342999","94343.3614431914","3657.68261632","3656.4929485321","39","44","4554","4559","-1","3","False"
"4565","65","50","55","5","4","65","5","78","-78871.8981366588","94343.3614431914","3657.68261632","3656.4929485321","40","45","4555","4560","2","4","True"
"4566","65","51","55","5","3","65","5","78","-82231.7277390177","94343.3614431914","3657.68261632","3656.4929485321","41","46","4556","4561","2","3","True"
"4567","65","52","55","5","2","65","5","78","-85591.5573413767","94343.3614431914","3657.68261632","3656.4929485321","42","47","4557","4562","2","3","True"
"4568","65","53","55","5","1","65","5","78","-88951.3869437356","94343.3614431914","3657.68261632","3656.4929485321","43","48","4558","4563","2","3","True"
"4569","65","54","55","5","0","65","5","78","-92311.2165460945","94343.3614431914","3657.68261632","3656.4929485321","44","49","4559","4564","2","3","True"
"4570","66","0","55","5","0","66","5","78","-92311.2165460945","97986.809319168","3657.68261632","3656.4929485321","5","10","4575","4580","3","2","True"
"4571","66","1","55","5","1","66","5","78","-88951.3869437356","97986.809319168","3657.68261632","3656.4929485321","6","11","4576","4581","3","3","True"
"4572","66","2","55","5","2","66","5","78","-85591.5573413767","97986.809319168","3657.68261632","3656.4929485321","7","12","4577","4582","3","3","True"
"4573","66","3","55","5","3","66","5","78","-82231.7277390177","97986.809319168","3657.68261632","3656.4929485321","8","13","4578","4583","3","3","True"
"4574","66","4","55","5","4","66","5","78","-78871.8981366588","97986.809319168","3657.68261632","3656.4929485321","9","14","4579","4584","3","4","True"
"4575","66","5","55","5","5","66","5","78","-75512.0685342999","97986.809319168","3657.68261632","3656.4929485321","10","15","4580","4585","-1","3","False"
"4576","66","6","55","5","6","66","5","78","-72152.238931941","97986.809319168","3657.68261632","3656.4929485321","11","16","4581","4586","-1","3","False"
"4577","66","7","55","5","7","66","5","78","-68792.4093295821","97986.809319168","3657.68261632","3656.4929485321","12","17","4582","4587","-1","3","False"
"4578","66","8","55","5","8","66","5","78","-65432.5797272231","97986.809319168","3657.68261632","3656.4929485321","13","18","4583","4588","-1","3","False"
"4579","66","9","55","5","9","66","5","78","-62072.7501248642","97986.809319168","3657.68261632","3656.4929485321","14","19","4584","4589","-1","4","False"
"4580","66","10","55","5","10","66","5","78","-58712.9205225053","97986.809319168","3657.68261632","3656.4929485321","15","20","4585","4590","-1","3","False"
"4581","66","11","55","5","11","66","5","78","-55353.0909201464","97986.809319168","3657.68261632","3656.4929485321","16","21","4586","4591","-1","3","False"
"4582","66","12","55","5","12","66","5","78","-51993.2613177875","97986.809319168","3657.68261632","3656.4929485321","17","22","4587","4592","-1","3","False"
"4583","66","13","55","5","13","66","5","78","-48633.4317154286","97986.809319168","3657.68261632","3656.4929485321","18","23","4588","4593","-1","3","False"
"4584","66","14","55","5","14","66","5","78","-45273.6021130697","97986.809319168","3657.68261632","3656.4929485321","19","24","4589","4594","-1","4","False"
"4585","66","15","55","5","15","66","5","78","-41913.7725107107","97986.809319168","3657.68261632","3656.4929485321","20","25","4590","4595","3","3","True"
"4586","66","16","55","5","16","66","5","78","-38553.9429083518","97986.809319168","3657.68261632","3656.4929485321","21","26","4591","4596","3","3","True"
"4587","66","17","55","5","17","66","5","78","-35194.1133059929","97986.809319168","3657.68261632","3656.4929485321","22","27","4592","4597","3","3","True"
"4588","66","18","55","5","18","66","5","78","-31834.283703634","97986.809319168","3657.68261632","3656.4929485321","23","28","4593","4598","3","3","True"
"4589","66","19","55","5","19","66","5","78","-28474.4541012751","97986.809319168","3657.68261632","3656.4929485321","24","29","4594","4599","3","4","True"
"4590","66","20","55","5","20","66","5","78","-25114.6244989161","97986.809319168","3657.68261632","3656.4929485321","25","30","4595","4600","-1","3","False"
"4591","66","21","55","5","21","66","5","78","-21754.7948965572","97986.809319168","3657.68261632","3656.4929485321","26","31","4596","4601","-1","3","False"
"4592","66","22","55","5","22","66","5","78","-18394.9652941983","97986.809319168","3657.68261632","3656.4929485321","27","32","4597","4602","-1","3","False"
"4593","66","23","55","5","23","66","5","78","-15035.1356918394","97986.809319168","3657.68261632","3656.4929485321","28","33","4598","4603","-1","3","False"
"4594","66","24","55","5","24","66","5","78","-11675.3060894805","97986.809319168","3657.68261632","3656.4929485321","29","34","4599","4604","-1","4","False"
"4595","66","25","55","5","25","66","5","78","-8315.47648712156","97986.809319168","3657.68261632","3656.4929485321","30","35","4600","4605","-1","3","False"
"4596","66","26","55","5","26","66","5","78","-4955.64688476265","97986.809319168","3657.68261632","3656.4929485321","31","36","4601","4606","-1","3","False"
"4597","66","27","55","5","27","66","5","78","-1595.81728240374","97986.809319168","3657.68261632","3656.4929485321","32","37","4602","4607","-1","3","False"
"4598","66","28","55","5","28","66","5","78","1764.01231995518","97986.809319168","3657.68261632","3656.4929485321","33","38","4603","4608","-1","3","False"
"4599","66","29","55","5","29","66","5","78","5123.84192231409","97986.809319168","3657.68261632","3656.4929485321","34","39","4604","4609","-1","4","False"
"4600","66","30","55","5","30","66","5","78","8483.67152467302","97986.809319168","3657.68261632","3656.4929485321","35","40","4605","4610","3","3","True"
"4601","66","31","55","5","31","66","5","78","11843.5011270319","97986.809319168","3657.68261632","3656.4929485321","36","41","4606","4611","3","3","True"
"4602","66","32","55","5","32","66","5","78","15203.3307293908","97986.809319168","3657.68261632","3656.4929485321","37","42","4607","4612","3","3","True"
"4603","66","33","55","5","33","66","5","78","18563.1603317498","97986.809319168","3657.68261632","3656.4929485321","38","43","4608","4613","3","3","True"
"4604","66","34","55","5","34","66","5","78","21922.9899341087","97986.809319168","3657.68261632","3656.4929485321","39","44","4609","4614","3","4","True"
"4605","66","35","55","5","35","66","5","78","25282.8195364676","97986.809319168","3657.68261632","3656.4929485321","40","45","4610","4615","-1","3","False"
"4606","66","36","55","5","36","66","5","78","28642.6491388265","97986.809319168","3657.68261632","3656.4929485321","41","46","4611","4616","-1","3","False"
"4607","66","37","55","5","37","66","5","78","32002.4787411854","97986.809319168","3657.68261632","3656.4929485321","42","47","4612","4617","-1","3","False"
"4608","66","38","55","5","38","66","5","78","35362.3083435443","97986.809319168","3657.68261632","3656.4929485321","43","48","4613","4618","-1","3","False"
"4609","66","39","55","5","39","66","5","78","38722.1379459033","97986.809319168","3657.68261632","3656.4929485321","44","49","4614","4619","-1","4","False"
"4610","66","40","55","5","40","66","5","78","42081.9675482622","97986.809319168","3657.68261632","3656.4929485321","45","50","4615","4620","-1","3","False"
"4611","66","41","55","5","41","66","5","78","45441.7971506211","97986.809319168","3657.68261632","3656.4929485321","46","51","4616","4621","-1","3","False"
"4612","66","42","55","5","42","66","5","78","48801.62675298","97986.809319168","3657.68261632","3656.4929485321","47","52","4617","4622","-1","3","False"
"4613","66","43","55","5","43","66","5","78","52161.4563553389","97986.809319168","3657.68261632","3656.4929485321","48","53","4618","4623","-1","3","False"
"4614","66","44","55","5","44","66","5","78","55521.2859576979","97986.809319168","3657.68261632","3656.4929485321","49","54","4619","4624","-1","4","False"
"4615","66","45","55","5","45","66","5","78","58881.1155600568","97986.809319168","3657.68261632","3656.4929485321","35","40","4605","4610","-1","3","False"
"4616","66","46","55","5","46","66","5","78","62240.9451624157","97986.809319168","3657.68261632","3656.4929485321","36","41","4606","4611","-1","3","False"
"4617","66","47","55","5","47","66","5","78","65600.7747647746","97986.809319168","3657.68261632","3656.4929485321","37","42","4607","4612","-1","3","False"
"4618","66","48","55","5","48","66","5","78","68960.6043671335","97986.809319168","3657.68261632","3656.4929485321","38","43","4608","4613","-1","3","False"
"4619","66","49","55","5","49","66","5","78","72320.4339694924","97986.809319168","3657.68261632","3656.4929485321","39","44","4609","4614","-1","4","False"
"4620","66","50","55","5","50","66","5","78","75680.2635718514","97986.809319168","3657.68261632","3656.4929485321","40","45","4610","4615","2","3","True"
"4621","66","51","55","5","51","66","5","78","79040.0931742103","97986.809319168","3657.68261632","3656.4929485321","41","46","4611","4616","2","3","True"
"4622","66","52","55","5","52","66","5","78","82399.9227765692","97986.809319168","3657.68261632","3656.4929485321","42","47","4612","4617","2","3","True"
"4623","66","53","55","5","53","66","5","78","85759.7523789281","97986.809319168","3657.68261632","3656.4929485321","43","48","4613","4618","2","3","True"
"4624","66","54","55","5","54","66","5","78","89119.581981287","97986.809319168","3657.68261632","3656.4929485321","44","49","4614","4619","2","3","True"
"4625","67","0","55","5","54","67","5","78","89119.581981287","101630.24956575","3657.68261632","3656.4929485321","5","10","4630","4635","3","3","True"
"4626","67","1","55","5","53","67","5","78","85759.7523789281","101630.24956575","3657.68261632","3656.4929485321","6","11","4631","4636","3","4","True"
"4627","67","2","55","5","52","67","5","78","82399.9227765692","101630.24956575","3657.68261632","3656.4929485321","7","12","4632","4637","3","4","True"
"4628","67","3","55","5","51","67","5","78","79040.0931742103","101630.24956575","3657.68261632","3656.4929485321","8","13","4633","4638","3","4","True"
"4629","67","4","55","5","50","67","5","78","75680.2635718514","101630.24956575","3657.68261632","3656.4929485321","9","14","4634","4639","3","4","True"
"4630","67","5","55","5","49","67","5","78","72320.4339694924","101630.24956575","3657.68261632","3656.4929485321","10","15","4635","4640","-1","6","False"
"4631","67","6","55","5","48","67","5","78","68960.6043671335","101630.24956575","3657.68261632","3656.4929485321","11","16","4636","4641","-1","4","False"
"4632","67","7","55","5","47","67","5","78","65600.7747647746","101630.24956575","3657.68261632","3656.4929485321","12","17","4637","4642","-1","4","False"
"4633","67","8","55","5","46","67","5","78","62240.9451624157","101630.24956575","3657.68261632","3656.4929485321","13","18","4638","4643","-1","4","False"
"4634","67","9","55","5","45","67","5","78","58881.1155600568","101630.24956575","3657.68261632","3656.4929485321","14","19","4639","4644","-1","4","False"
"4635","67","10","55","5","44","67","5","78","55521.2859576979","101630.24956575","3657.68261632","3656.4929485321","15","20","4640","4645","-1","6","False"
"4636","67","11","55","5","43","67","5","78","52161.4563553389","101630.24956575","3657.68261632","3656.4929485321","16","21","4641","4646","-1","4","False"
"4637","67","12","55","5","42","67","5","78","48801.62675298","101630.24956575","3657.68261632","3656.4929485321","17","22","4642","4647","-1","4","False"
"4638","67","13","55","5","41","67","5","78","45441.7971506211","101630.24956575","3657.68261632","3656.4929485321","18","23","4643","4648","-1","4","False"
"4639","67","14","55","5","40","67","5","78","42081.9675482622","101630.24956575","3657.68261632","3656.4929485321","19","24","4644","4649","-1","4","False"
"4640","67","15","55","5","39","67","5","78","38722.1379459033","101630.24956575","3657.68261632","3656.4929485321","20","25","4645","4650","3","6","True"
"4641","67","16","55","5","38","67","5","78","35362.3083435443","101630.24956575","3657.68261632","3656.4929485321","21","26","4646","4651","3","4","True"
"4642","67","17","55","5","37","67","5","78","32002.4787411854","101630.24956575","3657.68261632","3656.4929485321","22","27","4647","4652","3","4","True"
"4643","67","18","55","5","36","67","5","78","28642.6491388265","101630.24956575","3657.68261632","3656.4929485321","23","28","4648","4653","3","4","True"
"4644","67","19","55","5","35","67","5","78","25282.8195364676","101630.24956575","3657.68261632","3656.4929485321","24","29","4649","4654","3","4","True"
"4645","67","20","55","5","34","67","5","78","21922.9899341087","101630.24956575","3657.68261632","3656.4929485321","25","30","4650","4655","-1","6","False"
"4646","67","21","55","5","33","67","5","78","18563.1603317498","101630.24956575","3657.68261632","3656.4929485321","26","31","4651","4656","-1","4","False"
"4647","67","22","55","5","32","67","5","78","15203.3307293908","101630.24956575","3657.68261632","3656.4929485321","27","32","4652","4657","-1","4","False"
"4648","67","23","55","5","31","67","5","78","11843.5011270319","101630.24956575","3657.68261632","3656.4929485321","28","33","4653","4658","-1","4","False"
"4649","67","24","55","5","30","67","5","78","8483.67152467302","101630.24956575","3657.68261632","3656.4929485321","29","34","4654","4659","-1","4","False"
"4650","67","25","55","5","29","67","5","78","5123.84192231409","101630.24956575","3657.68261632","3656.4929485321","30","35","4655","4660","-1","6","False"
"4651","67","26","55","5","28","67","5","78","1764.01231995518","101630.24956575","3657.68261632","3656.4929485321","31","36","4656","4661","-1","4","False"
"4652","67","27","55","5","27","67","5","78","-1595.81728240374","101630.24956575","3657.68261632","3656.4929485321","32","37","4657","4662","-1","4","False"
"4653","67","28","55","5","26","67","5","78","-4955.64688476265","101630.24956575","3657.68261632","3656.4929485321","33","38","4658","4663","-1","4","False"
"4654","67","29","55","5","25","67","5","78","-8315.47648712156","101630.24956575","3657.68261632","3656.4929485321","34","39","4659","4664","-1","4","False"
"4655","67","30","55","5","24","67","5","78","-11675.3060894805","101630.24956575","3657.68261632","3656.4929485321","35","40","4660","4665","3","6","True"
"4656","67","31","55","5","23","67","5","78","-15035.1356918394","101630.24956575","3657.68261632","3656.4929485321","36","41","4661","4666","3","4","True"
"4657","67","32","55","5","22","67","5","78","-18394.9652941983","101630.24956575","3657.68261632","3656.4929485321","37","42","4662","4667","3","4","True"
"4658","67","33","55","5","21","67","5","78","-21754.7948965572","101630.24956575","3657.68261632","3656.4929485321","38","43","4663","4668","3","4","True"
"4659","67","34","55","5","20","67","5","78","-25114.6244989161","101630.24956575","3657.68261632","3656.4929485321","39","44","4664","4669","3","4","True"
"4660","67","35","55","5","19","67","5","78","-28474.4541012751","101630.24956575","3657.68261632","3656.4929485321","40","45","4665","4670","-1","6","False"
"4661","67","36","55","5","18","67","5","78","-31834.283703634","101630.24956575","3657.68261632","3656.4929485321","41","46","4666","4671","-1","4","False"
"4662","67","37","55","5","17","67","5","78","-35194.1133059929","101630.24956575","3657.68261632","3656.4929485321","42","47","4667","4672","-1","4","False"
"4663","67","38","55","5","16","67","5","78","-38553.9429083518","101630.24956575","3657.68261632","3656.4929485321","43","48","4668","4673","-1","4","False"
"4664","67","39","55","5","15","67","5","78","-41913.7725107107","101630.24956575","3657.68261632","3656.4929485321","44","49","4669","4674","-1","4","False"
"4665","67","40","55","5","14","67","5","78","-45273.6021130697","101630.24956575","3657.68261632","3656.4929485321","45","50","4670","4675","-1","6","False"
"4666","67","41","55","5","13","67","5","78","-48633.4317154286","101630.24956575","3657.68261632","3656.4929485321","46","51","4671","4676","-1","4","False"
"4667","67","42","55","5","12","67","5","78","-51993.2613177875","101630.24956575","3657.68261632","3656.4929485321","47","52","4672","4677","-1","4","False"
"4668","67","43","55","5","11","67","5","78","-55353.0909201464","101630.24956575","3657.68261632","3656.4929485321","48","53","4673","4678","-1","4","False"
"4669","67","44","55","5","10","67","5","78","-58712.9205225053","101630.24956575","3657.68261632","3656.4929485321","49","54","4674","4679","-1","4","False"
"4670","67","45","55","5","9","67","5","78","-62072.7501248642","101630.24956575","3657.68261632","3656.4929485321","35","40","4660","4665","-1","6","False"
"4671","67","46","55","5","8","67","5","78","-65432.5797272231","101630.24956575","3657.68261632","3656.4929485321","36","41","4661","4666","-1","4","False"
"4672","67","47","55","5","7","67","5","78","-68792.4093295821","101630.24956575","3657.68261632","3656.4929485321","37","42","4662","4667","-1","4","False"
"4673","67","48","55","5","6","67","5","78","-72152.238931941","101630.24956575","3657.68261632","3656.4929485321","38","43","4663","4668","-1","4","False"
"4674","67","49","55","5","5","67","5","78","-75512.0685342999","101630.24956575","3657.68261632","3656.4929485321","39","44","4664","4669","-1","4","False"
"4675","67","50","55","5","4","67","5","78","-78871.8981366588","101630.24956575","3657.68261632","3656.4929485321","40","45","4665","4670","2","6","True"
"4676","67","51","55","5","3","67","5","78","-82231.7277390177","101630.24956575","3657.68261632","3656.4929485321","41","46","4666","4671","2","4","True"
"4677","67","52","55","5","2","67","5","78","-85591.5573413767","101630.24956575","3657.68261632","3656.4929485321","42","47","4667","4672","2","4","True"
"4678","67","53","55","5","1","67","5","78","-88951.3869437356","101630.24956575","3657.68261632","3656.4929485321","43","48","4668","4673","2","4","True"
"4679","67","54","55","5","0","67","5","78","-92311.2165460945","101630.24956575","3657.68261632","3656.4929485321","44","49","4669","4674","2","4","True"
"4680","68","0","55","5","0","68","5","78","-92311.2165460945","105273.689812332","3657.68261632","3656.4929485321","5","10","4685","4690","3","2","True"
"4681","68","1","55","5","1","68","5","78","-88951.3869437356","105273.689812332","3657.68261632","3656.4929485321","6","11","4686","4691","3","3","True"
"4682","68","2","55","5","2","68","5","78","-85591.5573413767","105273.689812332","3657.68261632","3656.4929485321","7","12","4687","4692","3","3","True"
"4683","68","3","55","5","3","68","5","78","-82231.7277390177","105273.689812332","3657.68261632","3656.4929485321","8","13","4688","4693","3","3","True"
"4684","68","4","55","5","4","68","5","78","-78871.8981366588","105273.689812332","3657.68261632","3656.4929485321","9","14","4689","4694","3","4","True"
"4685","68","5","55","5","5","68","5","78","-75512.0685342999","105273.689812332","3657.68261632","3656.4929485321","10","15","4690","4695","-1","3","False"
"4686","68","6","55","5","6","68","5","78","-72152.238931941","105273.689812332","3657.68261632","3656.4929485321","11","16","4691","4696","-1","3","False"
"4687","68","7","55","5","7","68","5","78","-68792.4093295821","105273.689812332","3657.68261632","3656.4929485321","12","17","4692","4697","-1","3","False"
"4688","68","8","55","5","8","68","5","78","-65432.5797272231","105273.689812332","3657.68261632","3656.4929485321","13","18","4693","4698","-1","3","False"
"4689","68","9","55","5","9","68","5","78","-62072.7501248642","105273.689812332","3657.68261632","3656.4929485321","14","19","4694","4699","-1","4","False"
"4690","68","10","55","5","10","68","5","78","-58712.9205225053","105273.689812332","3657.68261632","3656.4929485321","15","20","4695","4700","-1","3","False"
"4691","68","11","55","5","11","68","5","78","-55353.0909201464","105273.689812332","3657.68261632","3656.4929485321","16","21","4696","4701","-1","3","False"
"4692","68","12","55","5","12","68","5","78","-51993.2613177875","105273.689812332","3657.68261632","3656.4929485321","17","22","4697","4702","-1","3","False"
"4693","68","13","55","5","13","68","5","78","-48633.4317154286","105273.689812332","3657.68261632","3656.4929485321","18","23","4698","4703","-1","3","False"
"4694","68","14","55","5","14","68","5","78","-45273.6021130697","105273.689812332","3657.68261632","3656.4929485321","19","24","4699","4704","-1","4","False"
"4695","68","15","55","5","15","68","5","78","-41913.7725107107","105273.689812332","3657.68261632","3656.4929485321","20","25","4700","4705","3","3","True"
"4696","68","16","55","5","16","68","5","78","-38553.9429083518","105273.689812332","3657.68261632","3656.4929485321","21","26","4701","4706","3","3","True"
"4697","68","17","55","5","17","68","5","78","-35194.1133059929","105273.689812332","3657.68261632","3656.4929485321","22","27","4702","4707","3","3","True"
"4698","68","18","55","5","18","68","5","78","-31834.283703634","105273.689812332","3657.68261632","3656.4929485321","23","28","4703","4708","3","3","True"
"4699","68","19","55","5","19","68","5","78","-28474.4541012751","105273.689812332","3657.68261632","3656.4929485321","24","29","4704","4709","3","4","True"
"4700","68","20","55","5","20","68","5","78","-25114.6244989161","105273.689812332","3657.68261632","3656.4929485321","25","30","4705","4710","-1","3","False"
"4701","68","21","55","5","21","68","5","78","-21754.7948965572","105273.689812332","3657.68261632","3656.4929485321","26","31","4706","4711","-1","3","False"
"4702","68","22","55","5","22","68","5","78","-18394.9652941983","105273.689812332","3657.68261632","3656.4929485321","27","32","4707","4712","-1","3","False"
"4703","68","23","55","5","23","68","5","78","-15035.1356918394","105273.689812332","3657.68261632","3656.4929485321","28","33","4708","4713","-1","3","False"
"4704","68","24","55","5","24","68","5","78","-11675.3060894805","105273.689812332","3657.68261632","3656.4929485321","29","34","4709","4714","-1","4","False"
"4705","68","25","55","5","25","68","5","78","-8315.47648712156","105273.689812332","3657.68261632","3656.4929485321","30","35","4710","4715","-1","3","False"
"4706","68","26","55","5","26","68","5","78","-4955.64688476265","105273.689812332","3657.68261632","3656.4929485321","31","36","4711","4716","-1","3","False"
"4707","68","27","55","5","27","68","5","78","-1595.81728240374","105273.689812332","3657.68261632","3656.4929485321","32","37","4712","4717","-1","3","False"
"4708","68","28","55","5","28","68","5","78","1764.01231995518","105273.689812332","3657.68261632","3656.4929485321","33","38","4713","4718","-1","3","False"
"4709","68","29","55","5","29","68","5","78","5123.84192231409","105273.689812332","3657.68261632","3656.4929485321","34","39","4714","4719","-1","4","False"
"4710","68","30","55","5","30","68","5","78","8483.67152467302","105273.689812332","3657.68261632","3656.4929485321","35","40","4715","4720","3","3","True"
"4711","68","31","55","5","31","68","5","78","11843.5011270319","105273.689812332","3657.68261632","3656.4929485321","36","41","4716","4721","3","3","True"
"4712","68","32","55","5","32","68","5","78","15203.3307293908","105273.689812332","3657.68261632","3656.4929485321","37","42","4717","4722","3","3","True"
"4713","68","33","55","5","33","68","5","78","18563.1603317498","105273.689812332","3657.68261632","3656.4929485321","38","43","4718","4723","3","3","True"
"4714","68","34","55","5","34","68","5","78","21922.9899341087","105273.689812332","3657.68261632","3656.4929485321","39","44","4719","4724","3","4","True"
"4715","68","35","55","5","35","68","5","78","25282.8195364676","105273.689812332","3657.68261632","3656.4929485321","40","45","4720","4725","-1","3","False"
"4716","68","36","55","5","36","68","5","78","28642.6491388265","105273.689812332","3657.68261632","3656.4929485321","41","46","4721","4726","-1","3","False"
"4717","68","37","55","5","37","68","5","78","32002.4787411854","105273.689812332","3657.68261632","3656.4929485321","42","47","4722","4727","-1","3","False"
"4718","68","38","55","5","38","68","5","78","35362.3083435443","105273.689812332","3657.68261632","3656.4929485321","43","48","4723","4728","-1","3","False"
"4719","68","39","55","5","39","68","5","78","38722.1379459033","105273.689812332","3657.68261632","3656.4929485321","44","49","4724","4729","-1","4","False"
"4720","68","40","55","5","40","68","5","78","42081.9675482622","105273.689812332","3657.68261632","3656.4929485321","45","50","4725","4730","-1","3","False"
"4721","68","41","55","5","41","68","5","78","45441.7971506211","105273.689812332","3657.68261632","3656.4929485321","46","51","4726","4731","-1","3","False"
"4722","68","42","55","5","42","68","5","78","48801.62675298","105273.689812332","3657.68261632","3656.4929485321","47","52","4727","4732","-1","3","False"
"4723","68","43","55","5","43","68","5","78","52161.4563553389","105273.689812332","3657.68261632","3656.4929485321","48","53","4728","4733","-1","3","False"
"4724","68","44","55","5","44","68","5","78","55521.2859576979","105273.689812332","3657.68261632","3656.4929485321","49","54","4729","4734","-1","4","False"
"4725","68","45","55","5","45","68","5","78","58881.1155600568","105273.689812332","3657.68261632","3656.4929485321","35","40","4715","4720","-1","3","False"
"4726","68","46","55","5","46","68","5","78","62240.9451624157","105273.689812332","3657.68261632","3656.4929485321","36","41","4716","4721","-1","3","False"
"4727","68","47","55","5","47","68","5","78","65600.7747647746","105273.689812332","3657.68261632","3656.4929485321","37","42","4717","4722","-1","3","False"
"4728","68","48","55","5","48","68","5","78","68960.6043671335","105273.689812332","3657.68261632","3656.4929485321","38","43","4718","4723","-1","3","False"
"4729","68","49","55","5","49","68","5","78","72320.4339694924","105273.689812332","3657.68261632","3656.4929485321","39","44","4719","4724","-1","4","False"
"4730","68","50","55","5","50","68","5","78","75680.2635718514","105273.689812332","3657.68261632","3656.4929485321","40","45","4720","4725","2","3","True"
"4731","68","51","55","5","51","68","5","78","79040.0931742103","105273.689812332","3657.68261632","3656.4929485321","41","46","4721","4726","2","3","True"
"4732","68","52","55","5","52","68","5","78","82399.9227765692","105273.689812332","3657.68261632","3656.4929485321","42","47","4722","4727","2","3","True"
"4733","68","53","55","5","53","68","5","78","85759.7523789281","105273.689812332","3657.68261632","3656.4929485321","43","48","4723","4728","2","3","True"
"4734","68","54","55","5","54","68","5","78","89119.581981287","105273.689812332","3657.68261632","3656.4929485321","44","49","4724","4729","2","3","True"
"4735","69","0","55","5","54","69","5","78","89119.581981287","108917.137688309","3657.68261632","3656.4929485321","5","10","4740","4745","0","2","True"
"4736","69","1","55","5","53","69","5","78","85759.7523789281","108917.137688309","3657.68261632","3656.4929485321","6","11","4741","4746","3","3","True"
"4737","69","2","55","5","52","69","5","78","82399.9227765692","108917.137688309","3657.68261632","3656.4929485321","7","12","4742","4747","3","3","True"
"4738","69","3","55","5","51","69","5","78","79040.0931742103","108917.137688309","3657.68261632","3656.4929485321","8","13","4743","4748","3","3","True"
"4739","69","4","55","5","50","69","5","78","75680.2635718514","108917.137688309","3657.68261632","3656.4929485321","9","14","4744","4749","3","3","True"
"4740","69","5","55","5","49","69","5","78","72320.4339694924","108917.137688309","3657.68261632","3656.4929485321","10","15","4745","4750","3","5","True"
"4741","69","6","55","5","48","69","5","78","68960.6043671335","108917.137688309","3657.68261632","3656.4929485321","11","16","4746","4751","-1","4","False"
"4742","69","7","55","5","47","69","5","78","65600.7747647746","108917.137688309","3657.68261632","3656.4929485321","12","17","4747","4752","-1","4","False"
"4743","69","8","55","5","46","69","5","78","62240.9451624157","108917.137688309","3657.68261632","3656.4929485321","13","18","4748","4753","-1","4","False"
"4744","69","9","55","5","45","69","5","78","58881.1155600568","108917.137688309","3657.68261632","3656.4929485321","14","19","4749","4754","-1","4","False"
"4745","69","10","55","5","44","69","5","78","55521.2859576979","108917.137688309","3657.68261632","3656.4929485321","15","20","4750","4755","-1","6","False"
"4746","69","11","55","5","43","69","5","78","52161.4563553389","108917.137688309","3657.68261632","3656.4929485321","16","21","4751","4756","-1","4","False"
"4747","69","12","55","5","42","69","5","78","48801.62675298","108917.137688309","3657.68261632","3656.4929485321","17","22","4752","4757","-1","4","False"
"4748","69","13","55","5","41","69","5","78","45441.7971506211","108917.137688309","3657.68261632","3656.4929485321","18","23","4753","4758","-1","4","False"
"4749","69","14","55","5","40","69","5","78","42081.9675482622","108917.137688309","3657.68261632","3656.4929485321","19","24","4754","4759","-1","4","False"
"4750","69","15","55","5","39","69","5","78","38722.1379459033","108917.137688309","3657.68261632","3656.4929485321","20","25","4755","4760","-1","6","False"
"4751","69","16","55","5","38","69","5","78","35362.3083435443","108917.137688309","3657.68261632","3656.4929485321","21","26","4756","4761","3","4","True"
"4752","69","17","55","5","37","69","5","78","32002.4787411854","108917.137688309","3657.68261632","3656.4929485321","22","27","4757","4762","3","4","True"
"4753","69","18","55","5","36","69","5","78","28642.6491388265","108917.137688309","3657.68261632","3656.4929485321","23","28","4758","4763","3","4","True"
"4754","69","19","55","5","35","69","5","78","25282.8195364676","108917.137688309","3657.68261632","3656.4929485321","24","29","4759","4764","3","4","True"
"4755","69","20","55","5","34","69","5","78","21922.9899341087","108917.137688309","3657.68261632","3656.4929485321","25","30","4760","4765","3","6","True"
"4756","69","21","55","5","33","69","5","78","18563.1603317498","108917.137688309","3657.68261632","3656.4929485321","26","31","4761","4766","-1","4","False"
"4757","69","22","55","5","32","69","5","78","15203.3307293908","108917.137688309","3657.68261632","3656.4929485321","27","32","4762","4767","-1","4","False"
"4758","69","23","55","5","31","69","5","78","11843.5011270319","108917.137688309","3657.68261632","3656.4929485321","28","33","4763","4768","-1","4","False"
"4759","69","24","55","5","30","69","5","78","8483.67152467302","108917.137688309","3657.68261632","3656.4929485321","29","34","4764","4769","-1","4","False"
"4760","69","25","55","5","29","69","5","78","5123.84192231409","108917.137688309","3657.68261632","3656.4929485321","30","35","4765","4770","-1","6","False"
"4761","69","26","55","5","28","69","5","78","1764.01231995518","108917.137688309","3657.68261632","3656.4929485321","31","36","4766","4771","-1","4","False"
"4762","69","27","55","5","27","69","5","78","-1595.81728240374","108917.137688309","3657.68261632","3656.4929485321","32","37","4767","4772","-1","4","False"
"4763","69","28","55","5","26","69","5","78","-4955.64688476265","108917.137688309","3657.68261632","3656.4929485321","33","38","4768","4773","-1","4","False"
"4764","69","29","55","5","25","69","5","78","-8315.47648712156","108917.137688309","3657.68261632","3656.4929485321","34","39","4769","4774","-1","4","False"
"4765","69","30","55","5","24","69","5","78","-11675.3060894805","108917.137688309","3657.68261632","3656.4929485321","35","40","4770","4775","-1","6","False"
"4766","69","31","55","5","23","69","5","78","-15035.1356918394","108917.137688309","3657.68261632","3656.4929485321","36","41","4771","4776","3","4","True"
"4767","69","32","55","5","22","69","5","78","-18394.9652941983","108917.137688309","3657.68261632","3656.4929485321","37","42","4772","4777","3","4","True"
"4768","69","33","55","5","21","69","5","78","-21754.7948965572","108917.137688309","3657.68261632","3656.4929485321","38","43","4773","4778","3","4","True"
"4769","69","34","55","5","20","69","5","78","-25114.6244989161","108917.137688309","3657.68261632","3656.4929485321","39","44","4774","4779","3","4","True"
"4770","69","35","55","5","19","69","5","78","-28474.4541012751","108917.137688309","3657.68261632","3656.4929485321","40","45","4775","4780","3","6","True"
"4771","69","36","55","5","18","69","5","78","-31834.283703634","108917.137688309","3657.68261632","3656.4929485321","41","46","4776","4781","-1","4","False"
"4772","69","37","55","5","17","69","5","78","-35194.1133059929","108917.137688309","3657.68261632","3656.4929485321","42","47","4777","4782","-1","4","False"
"4773","69","38","55","5","16","69","5","78","-38553.9429083518","108917.137688309","3657.68261632","3656.4929485321","43","48","4778","4783","-1","4","False"
"4774","69","39","55","5","15","69","5","78","-41913.7725107107","108917.137688309","3657.68261632","3656.4929485321","44","49","4779","4784","-1","4","False"
"4775","69","40","55","5","14","69","5","78","-45273.6021130697","108917.137688309","3657.68261632","3656.4929485321","45","50","4780","4785","-1","6","False"
"4776","69","41","55","5","13","69","5","78","-48633.4317154286","108917.137688309","3657.68261632","3656.4929485321","46","51","4781","4786","-1","4","False"
"4777","69","42","55","5","12","69","5","78","-51993.2613177875","108917.137688309","3657.68261632","3656.4929485321","47","52","4782","4787","-1","4","False"
"4778","69","43","55","5","11","69","5","78","-55353.0909201464","108917.137688309","3657.68261632","3656.4929485321","48","53","4783","4788","-1","4","False"
"4779","69","44","55","5","10","69","5","78","-58712.9205225053","108917.137688309","3657.68261632","3656.4929485321","49","54","4784","4789","-1","4","False"
"4780","69","45","55","5","9","69","5","78","-62072.7501248642","108917.137688309","3657.68261632","3656.4929485321","35","40","4770","4775","-1","6","False"
"4781","69","46","55","5","8","69","5","78","-65432.5797272231","108917.137688309","3657.68261632","3656.4929485321","36","41","4771","4776","-1","4","False"
"4782","69","47","55","5","7","69","5","78","-68792.4093295821","108917.137688309","3657.68261632","3656.4929485321","37","42","4772","4777","-1","4","False"
"4783","69","48","55","5","6","69","5","78","-72152.238931941","108917.137688309","3657.68261632","3656.4929485321","38","43","4773","4778","-1","4","False"
"4784","69","49","55","5","5","69","5","78","-75512.0685342999","108917.137688309","3657.68261632","3656.4929485321","39","44","4774","4779","-1","4","False"
"4785","69","50","55","5","4","69","5","78","-78871.8981366588","108917.137688309","3657.68261632","3656.4929485321","40","45","4775","4780","0","5","True"
"4786","69","51","55","5","3","69","5","78","-82231.7277390177","108917.137688309","3657.68261632","3656.4929485321","41","46","4776","4781","2","3","True"
"4787","69","52","55","5","2","69","5","78","-85591.5573413767","108917.137688309","3657.68261632","3656.4929485321","42","47","4777","4782","2","3","True"
"4788","69","53","55","5","1","69","5","78","-88951.3869437356","108917.137688309","3657.68261632","3656.4929485321","43","48","4778","4783","2","3","True"
"4789","69","54","55","5","0","69","5","78","-92311.2165460945","108917.137688309","3657.68261632","3656.4929485321","44","49","4779","4784","2","3","True"
"4790","70","0","45","5","0","70","5","78","-75512.0679865242","112560.577934891","3657.68261632","3656.4929485321","5","10","4795","4800","3","2","True"
"4791","70","1","45","5","1","70","5","78","-72152.2383841653","112560.577934891","3657.68261632","3656.4929485321","6","11","4796","4801","3","3","True"
"4792","70","2","45","5","2","70","5","78","-68792.4087818064","112560.577934891","3657.68261632","3656.4929485321","7","12","4797","4802","3","3","True"
"4793","70","3","45","5","3","70","5","78","-65432.5791794474","112560.577934891","3657.68261632","3656.4929485321","8","13","4798","4803","3","3","True"
"4794","70","4","45","5","4","70","5","78","-62072.7495770885","112560.577934891","3657.68261632","3656.4929485321","9","14","4799","4804","3","4","True"
"4795","70","5","45","5","5","70","5","78","-58712.9199747296","112560.577934891","3657.68261632","3656.4929485321","10","15","4800","4805","-1","3","False"
"4796","70","6","45","5","6","70","5","78","-55353.0903723707","112560.577934891","3657.68261632","3656.4929485321","11","16","4801","4806","-1","3","False"
"4797","70","7","45","5","7","70","5","78","-51993.2607700118","112560.577934891","3657.68261632","3656.4929485321","12","17","4802","4807","-1","3","False"
"4798","70","8","45","5","8","70","5","78","-48633.4311676528","112560.577934891","3657.68261632","3656.4929485321","13","18","4803","4808","-1","3","False"
"4799","70","9","45","5","9","70","5","78","-45273.6015652939","112560.577934891","3657.68261632","3656.4929485321","14","19","4804","4809","-1","4","False"
"4800","70","10","45","5","10","70","5","78","-41913.771962935","112560.577934891","3657.68261632","3656.4929485321","15","20","4805","4810","-1","3","False"
"4801","70","11","45","5","11","70","5","78","-38553.9423605761","112560.577934891","3657.68261632","3656.4929485321","16","21","4806","4811","-1","3","False"
"4802","70","12","45","5","12","70","5","78","-35194.1127582172","112560.577934891","3657.68261632","3656.4929485321","17","22","4807","4812","-1","3","False"
"4803","70","13","45","5","13","70","5","78","-31834.2831558582","112560.577934891","3657.68261632","3656.4929485321","18","23","4808","4813","-1","3","False"
"4804","70","14","45","5","14","70","5","78","-28474.4535534993","112560.577934891","3657.68261632","3656.4929485321","19","24","4809","4814","-1","4","False"
"4805","70","15","45","5","15","70","5","78","-25114.6239511404","112560.577934891","3657.68261632","3656.4929485321","20","25","4810","4815","3","3","True"
"4806","70","16","45","5","16","70","5","78","-21754.7943487815","112560.577934891","3657.68261632","3656.4929485321","21","26","4811","4816","3","3","True"
"4807","70","17","45","5","17","70","5","78","-18394.9647464226","112560.577934891","3657.68261632","3656.4929485321","22","27","4812","4817","3","3","True"
"4808","70","18","45","5","18","70","5","78","-15035.1351440637","112560.577934891","3657.68261632","3656.4929485321","23","28","4813","4818","3","3","True"
"4809","70","19","45","5","19","70","5","78","-11675.3055417048","112560.577934891","3657.68261632","3656.4929485321","24","29","4814","4819","3","4","True"
"4810","70","20","45","5","20","70","5","78","-8315.47593934583","112560.577934891","3657.68261632","3656.4929485321","25","30","4815","4820","-1","3","False"
"4811","70","21","45","5","21","70","5","78","-4955.64633698692","112560.577934891","3657.68261632","3656.4929485321","26","31","4816","4821","-1","3","False"
"4812","70","22","45","5","22","70","5","78","-1595.816734628","112560.577934891","3657.68261632","3656.4929485321","27","32","4817","4822","-1","3","False"
"4813","70","23","45","5","23","70","5","78","1764.01286773091","112560.577934891","3657.68261632","3656.4929485321","28","33","4818","4823","-1","3","False"
"4814","70","24","45","5","24","70","5","78","5123.84247008982","112560.577934891","3657.68261632","3656.4929485321","29","34","4819","4824","-1","4","False"
"4815","70","25","45","5","25","70","5","78","8483.67207244875","112560.577934891","3657.68261632","3656.4929485321","30","35","4820","4825","-1","3","False"
"4816","70","26","45","5","26","70","5","78","11843.5016748077","112560.577934891","3657.68261632","3656.4929485321","31","36","4821","4826","-1","3","False"
"4817","70","27","45","5","27","70","5","78","15203.3312771666","112560.577934891","3657.68261632","3656.4929485321","32","37","4822","4827","-1","3","False"
"4818","70","28","45","5","28","70","5","78","18563.1608795255","112560.577934891","3657.68261632","3656.4929485321","33","38","4823","4828","-1","3","False"
"4819","70","29","45","5","29","70","5","78","21922.9904818844","112560.577934891","3657.68261632","3656.4929485321","34","39","4824","4829","-1","4","False"
"4820","70","30","45","5","30","70","5","78","25282.8200842433","112560.577934891","3657.68261632","3656.4929485321","35","40","4825","4830","3","3","True"
"4821","70","31","45","5","31","70","5","78","28642.6496866022","112560.577934891","3657.68261632","3656.4929485321","36","41","4826","4831","3","3","True"
"4822","70","32","45","5","32","70","5","78","32002.4792889612","112560.577934891","3657.68261632","3656.4929485321","37","42","4827","4832","3","3","True"
"4823","70","33","45","5","33","70","5","78","35362.3088913201","112560.577934891","3657.68261632","3656.4929485321","38","43","4828","4833","3","3","True"
"4824","70","34","45","5","34","70","5","78","38722.138493679","112560.577934891","3657.68261632","3656.4929485321","39","44","4829","4834","3","4","True"
"4825","70","35","45","5","35","70","5","78","42081.9680960379","112560.577934891","3657.68261632","3656.4929485321","25","30","4815","4820","-1","3","False"
"4826","70","36","45","5","36","70","5","78","45441.7976983968","112560.577934891","3657.68261632","3656.4929485321","26","31","4816","4821","-1","3","False"
"4827","70","37","45","5","37","70","5","78","48801.6273007557","112560.577934891","3657.68261632","3656.4929485321","27","32","4817","4822","-1","3","False"
"4828","70","38","45","5","38","70","5","78","52161.4569031147","112560.577934891","3657.68261632","3656.4929485321","28","33","4818","4823","-1","3","False"
"4829","70","39","45","5","39","70","5","78","55521.2865054736","112560.577934891","3657.68261632","3656.4929485321","29","34","4819","4824","-1","4","False"
"4830","70","40","45","5","40","70","5","78","58881.1161078325","112560.577934891","3657.68261632","3656.4929485321","30","35","4820","4825","-1","3","False"
"4831","70","41","45","5","41","70","5","78","62240.9457101914","112560.577934891","3657.68261632","3656.4929485321","31","36","4821","4826","-1","3","False"
"4832","70","42","45","5","42","70","5","78","65600.7753125503","112560.577934891","3657.68261632","3656.4929485321","32","37","4822","4827","-1","3","False"
"4833","70","43","45","5","43","70","5","78","68960.6049149093","112560.577934891","3657.68261632","3656.4929485321","33","38","4823","4828","-1","3","False"
"4834","70","44","45","5","44","70","5","78","72320.4345172682","112560.577934891","3657.68261632","3656.4929485321","34","39","4824","4829","-1","3","False"
"4835","71","0","45","5","44","71","5","78","72320.4345172682","116204.025810867","3657.68261632","3656.4929485321","5","10","4840","4845","3","2","True"
"4836","71","1","45","5","43","71","5","78","68960.6049149093","116204.025810867","3657.68261632","3656.4929485321","6","11","4841","4846","3","3","True"
"4837","71","2","45","5","42","71","5","78","65600.7753125503","116204.025810867","3657.68261632","3656.4929485321","7","12","4842","4847","3","3","True"
"4838","71","3","45","5","41","71","5","78","62240.9457101914","116204.025810867","3657.68261632","3656.4929485321","8","13","4843","4848","3","3","True"
"4839","71","4","45","5","40","71","5","78","58881.1161078325","116204.025810867","3657.68261632","3656.4929485321","9","14","4844","4849","3","3","True"
"4840","71","5","45","5","39","71","5","78","55521.2865054736","116204.025810867","3657.68261632","3656.4929485321","10","15","4845","4850","-1","4","False"
"4841","71","6","45","5","38","71","5","78","52161.4569031147","116204.025810867","3657.68261632","3656.4929485321","11","16","4846","4851","-1","3","False"
"4842","71","7","45","5","37","71","5","78","48801.6273007557","116204.025810867","3657.68261632","3656.4929485321","12","17","4847","4852","-1","3","False"
"4843","71","8","45","5","36","71","5","78","45441.7976983968","116204.025810867","3657.68261632","3656.4929485321","13","18","4848","4853","-1","3","False"
"4844","71","9","45","5","35","71","5","78","42081.9680960379","116204.025810867","3657.68261632","3656.4929485321","14","19","4849","4854","-1","3","False"
"4845","71","10","45","5","34","71","5","78","38722.138493679","116204.025810867","3657.68261632","3656.4929485321","15","20","4850","4855","-1","4","False"
"4846","71","11","45","5","33","71","5","78","35362.3088913201","116204.025810867","3657.68261632","3656.4929485321","16","21","4851","4856","-1","3","False"
"4847","71","12","45","5","32","71","5","78","32002.4792889612","116204.025810867","3657.68261632","3656.4929485321","17","22","4852","4857","-1","3","False"
"4848","71","13","45","5","31","71","5","78","28642.6496866022","116204.025810867","3657.68261632","3656.4929485321","18","23","4853","4858","-1","3","False"
"4849","71","14","45","5","30","71","5","78","25282.8200842433","116204.025810867","3657.68261632","3656.4929485321","19","24","4854","4859","-1","3","False"
"4850","71","15","45","5","29","71","5","78","21922.9904818844","116204.025810867","3657.68261632","3656.4929485321","20","25","4855","4860","3","4","True"
"4851","71","16","45","5","28","71","5","78","18563.1608795255","116204.025810867","3657.68261632","3656.4929485321","21","26","4856","4861","3","3","True"
"4852","71","17","45","5","27","71","5","78","15203.3312771666","116204.025810867","3657.68261632","3656.4929485321","22","27","4857","4862","3","3","True"
"4853","71","18","45","5","26","71","5","78","11843.5016748077","116204.025810867","3657.68261632","3656.4929485321","23","28","4858","4863","3","3","True"
"4854","71","19","45","5","25","71","5","78","8483.67207244875","116204.025810867","3657.68261632","3656.4929485321","24","29","4859","4864","3","3","True"
"4855","71","20","45","5","24","71","5","78","5123.84247008982","116204.025810867","3657.68261632","3656.4929485321","25","30","4860","4865","-1","4","False"
"4856","71","21","45","5","23","71","5","78","1764.01286773091","116204.025810867","3657.68261632","3656.4929485321","26","31","4861","4866","-1","3","False"
"4857","71","22","45","5","22","71","5","78","-1595.816734628","116204.025810867","3657.68261632","3656.4929485321","27","32","4862","4867","-1","3","False"
"4858","71","23","45","5","21","71","5","78","-4955.64633698692","116204.025810867","3657.68261632","3656.4929485321","28","33","4863","4868","-1","3","False"
"4859","71","24","45","5","20","71","5","78","-8315.47593934583","116204.025810867","3657.68261632","3656.4929485321","29","34","4864","4869","-1","3","False"
"4860","71","25","45","5","19","71","5","78","-11675.3055417048","116204.025810867","3657.68261632","3656.4929485321","30","35","4865","4870","-1","4","False"
"4861","71","26","45","5","18","71","5","78","-15035.1351440637","116204.025810867","3657.68261632","3656.4929485321","31","36","4866","4871","-1","3","False"
"4862","71","27","45","5","17","71","5","78","-18394.9647464226","116204.025810867","3657.68261632","3656.4929485321","32","37","4867","4872","-1","3","False"
"4863","71","28","45","5","16","71","5","78","-21754.7943487815","116204.025810867","3657.68261632","3656.4929485321","33","38","4868","4873","-1","3","False"
"4864","71","29","45","5","15","71","5","78","-25114.6239511404","116204.025810867","3657.68261632","3656.4929485321","34","39","4869","4874","-1","3","False"
"4865","71","30","45","5","14","71","5","78","-28474.4535534993","116204.025810867","3657.68261632","3656.4929485321","35","40","4870","4875","3","4","True"
"4866","71","31","45","5","13","71","5","78","-31834.2831558582","116204.025810867","3657.68261632","3656.4929485321","36","41","4871","4876","3","3","True"
"4867","71","32","45","5","12","71","5","78","-35194.1127582172","116204.025810867","3657.68261632","3656.4929485321","37","42","4872","4877","3","3","True"
"4868","71","33","45","5","11","71","5","78","-38553.9423605761","116204.025810867","3657.68261632","3656.4929485321","38","43","4873","4878","3","3","True"
"4869","71","34","45","5","10","71","5","78","-41913.771962935","116204.025810867","3657.68261632","3656.4929485321","39","44","4874","4879","3","3","True"
"4870","71","35","45","5","9","71","5","78","-45273.6015652939","116204.025810867","3657.68261632","3656.4929485321","25","30","4860","4865","-1","4","False"
"4871","71","36","45","5","8","71","5","78","-48633.4311676528","116204.025810867","3657.68261632","3656.4929485321","26","31","4861","4866","-1","3","False"
"4872","71","37","45","5","7","71","5","78","-51993.2607700118","116204.025810867","3657.68261632","3656.4929485321","27","32","4862","4867","-1","3","False"
"4873","71","38","45","5","6","71","5","78","-55353.0903723707","116204.025810867","3657.68261632","3656.4929485321","28","33","4863","4868","-1","3","False"
"4874","71","39","45","5","5","71","5","78","-58712.9199747296","116204.025810867","3657.68261632","3656.4929485321","29","34","4864","4869","-1","3","False"
"4875","71","40","45","5","4","71","5","78","-62072.7495770885","116204.025810867","3657.68261632","3656.4929485321","30","35","4865","4870","-1","4","False"
"4876","71","41","45","5","3","71","5","78","-65432.5791794474","116204.025810867","3657.68261632","3656.4929485321","31","36","4866","4871","-1","3","False"
"4877","71","42","45","5","2","71","5","78","-68792.4087818064","116204.025810867","3657.68261632","3656.4929485321","32","37","4867","4872","-1","3","False"
"4878","71","43","45","5","1","71","5","78","-72152.2383841653","116204.025810867","3657.68261632","3656.4929485321","33","38","4868","4873","-1","3","False"
"4879","71","44","45","5","0","71","5","78","-75512.0679865242","116204.025810867","3657.68261632","3656.4929485321","34","39","4869","4874","-1","3","False"
"4880","72","0","45","5","0","72","5","78","-75512.0679865242","119847.466057449","3657.68261632","3656.4929485321","5","10","4885","4890","3","2","True"
"4881","72","1","45","5","1","72","5","78","-72152.2383841653","119847.466057449","3657.68261632","3656.4929485321","6","11","4886","4891","3","3","True"
"4882","72","2","45","5","2","72","5","78","-68792.4087818064","119847.466057449","3657.68261632","3656.4929485321","7","12","4887","4892","3","3","True"
"4883","72","3","45","5","3","72","5","78","-65432.5791794474","119847.466057449","3657.68261632","3656.4929485321","8","13","4888","4893","3","3","True"
"4884","72","4","45","5","4","72","5","78","-62072.7495770885","119847.466057449","3657.68261632","3656.4929485321","9","14","4889","4894","3","5","True"
"4885","72","5","45","5","5","72","5","78","-58712.9199747296","119847.466057449","3657.68261632","3656.4929485321","10","15","4890","4895","-1","4","False"
"4886","72","6","45","5","6","72","5","78","-55353.0903723707","119847.466057449","3657.68261632","3656.4929485321","11","16","4891","4896","-1","4","False"
"4887","72","7","45","5","7","72","5","78","-51993.2607700118","119847.466057449","3657.68261632","3656.4929485321","12","17","4892","4897","-1","4","False"
"4888","72","8","45","5","8","72","5","78","-48633.4311676528","119847.466057449","3657.68261632","3656.4929485321","13","18","4893","4898","-1","4","False"
"4889","72","9","45","5","9","72","5","78","-45273.6015652939","119847.466057449","3657.68261632","3656.4929485321","14","19","4894","4899","-1","6","False"
"4890","72","10","45","5","10","72","5","78","-41913.771962935","119847.466057449","3657.68261632","3656.4929485321","15","20","4895","4900","-1","4","False"
"4891","72","11","45","5","11","72","5","78","-38553.9423605761","119847.466057449","3657.68261632","3656.4929485321","16","21","4896","4901","-1","4","False"
"4892","72","12","45","5","12","72","5","78","-35194.1127582172","119847.466057449","3657.68261632","3656.4929485321","17","22","4897","4902","-1","4","False"
"4893","72","13","45","5","13","72","5","78","-31834.2831558582","119847.466057449","3657.68261632","3656.4929485321","18","23","4898","4903","-1","4","False"
"4894","72","14","45","5","14","72","5","78","-28474.4535534993","119847.466057449","3657.68261632","3656.4929485321","19","24","4899","4904","-1","6","False"
"4895","72","15","45","5","15","72","5","78","-25114.6239511404","119847.466057449","3657.68261632","3656.4929485321","20","25","4900","4905","3","4","True"
"4896","72","16","45","5","16","72","5","78","-21754.7943487815","119847.466057449","3657.68261632","3656.4929485321","21","26","4901","4906","3","4","True"
"4897","72","17","45","5","17","72","5","78","-18394.9647464226","119847.466057449","3657.68261632","3656.4929485321","22","27","4902","4907","3","4","True"
"4898","72","18","45","5","18","72","5","78","-15035.1351440637","119847.466057449","3657.68261632","3656.4929485321","23","28","4903","4908","3","4","True"
"4899","72","19","45","5","19","72","5","78","-11675.3055417048","119847.466057449","3657.68261632","3656.4929485321","24","29","4904","4909","3","6","True"
"4900","72","20","45","5","20","72","5","78","-8315.47593934583","119847.466057449","3657.68261632","3656.4929485321","25","30","4905","4910","-1","4","False"
"4901","72","21","45","5","21","72","5","78","-4955.64633698692","119847.466057449","3657.68261632","3656.4929485321","26","31","4906","4911","-1","4","False"
"4902","72","22","45","5","22","72","5","78","-1595.816734628","119847.466057449","3657.68261632","3656.4929485321","27","32","4907","4912","-1","4","False"
"4903","72","23","45","5","23","72","5","78","1764.01286773091","119847.466057449","3657.68261632","3656.4929485321","28","33","4908","4913","-1","4","False"
"4904","72","24","45","5","24","72","5","78","5123.84247008982","119847.466057449","3657.68261632","3656.4929485321","29","34","4909","4914","-1","6","False"
"4905","72","25","45","5","25","72","5","78","8483.67207244875","119847.466057449","3657.68261632","3656.4929485321","30","35","4910","4915","-1","4","False"
"4906","72","26","45","5","26","72","5","78","11843.5016748077","119847.466057449","3657.68261632","3656.4929485321","31","36","4911","4916","-1","4","False"
"4907","72","27","45","5","27","72","5","78","15203.3312771666","119847.466057449","3657.68261632","3656.4929485321","32","37","4912","4917","-1","4","False"
"4908","72","28","45","5","28","72","5","78","18563.1608795255","119847.466057449","3657.68261632","3656.4929485321","33","38","4913","4918","-1","4","False"
"4909","72","29","45","5","29","72","5","78","21922.9904818844","119847.466057449","3657.68261632","3656.4929485321","34","39","4914","4919","-1","6","False"
"4910","72","30","45","5","30","72","5","78","25282.8200842433","119847.466057449","3657.68261632","3656.4929485321","35","40","4915","4920","3","4","True"
"4911","72","31","45","5","31","72","5","78","28642.6496866022","119847.466057449","3657.68261632","3656.4929485321","36","41","4916","4921","3","4","True"
"4912","72","32","45","5","32","72","5","78","32002.4792889612","119847.466057449","3657.68261632","3656.4929485321","37","42","4917","4922","3","4","True"
"4913","72","33","45","5","33","72","5","78","35362.3088913201","119847.466057449","3657.68261632","3656.4929485321","38","43","4918","4923","3","4","True"
"4914","72","34","45","5","34","72","5","78","38722.138493679","119847.466057449","3657.68261632","3656.4929485321","39","44","4919","4924","3","6","True"
"4915","72","35","45","5","35","72","5","78","42081.9680960379","119847.466057449","3657.68261632","3656.4929485321","25","30","4905","4910","-1","4","False"
"4916","72","36","45","5","36","72","5","78","45441.7976983968","119847.466057449","3657.68261632","3656.4929485321","26","31","4906","4911","-1","4","False"
"4917","72","37","45","5","37","72","5","78","48801.6273007557","119847.466057449","3657.68261632","3656.4929485321","27","32","4907","4912","-1","4","False"
"4918","72","38","45","5","38","72","5","78","52161.4569031147","119847.466057449","3657.68261632","3656.4929485321","28","33","4908","4913","-1","4","False"
"4919","72","39","45","5","39","72","5","78","55521.2865054736","119847.466057449","3657.68261632","3656.4929485321","29","34","4909","4914","-1","5","False"
"4920","72","40","45","5","40","72","5","78","58881.1161078325","119847.466057449","3657.68261632","3656.4929485321","30","35","4910","4915","-1","3","False"
"4921","72","41","45","5","41","72","5","78","62240.9457101914","119847.466057449","3657.68261632","3656.4929485321","31","36","4911","4916","-1","3","False"
"4922","72","42","45","5","42","72","5","78","65600.7753125503","119847.466057449","3657.68261632","3656.4929485321","32","37","4912","4917","-1","3","False"
"4923","72","43","45","5","43","72","5","78","68960.6049149093","119847.466057449","3657.68261632","3656.4929485321","33","38","4913","4918","-1","3","False"
"4924","72","44","45","5","44","72","5","78","72320.4345172682","119847.466057449","3657.68261632","3656.4929485321","34","39","4914","4919","-1","3","False"
"4925","73","0","35","5","34","73","5","78","55521.2870532493","123490.913933426","3657.68261632","3656.4929485321","5","10","4930","4935","3","2","True"
"4926","73","1","35","5","33","73","5","78","52161.4574508904","123490.913933426","3657.68261632","3656.4929485321","6","11","4931","4936","3","3","True"
"4927","73","2","35","5","32","73","5","78","48801.6278485315","123490.913933426","3657.68261632","3656.4929485321","7","12","4932","4937","3","3","True"
"4928","73","3","35","5","31","73","5","78","45441.7982461726","123490.913933426","3657.68261632","3656.4929485321","8","13","4933","4938","3","3","True"
"4929","73","4","35","5","30","73","5","78","42081.9686438136","123490.913933426","3657.68261632","3656.4929485321","9","14","4934","4939","3","3","True"
"4930","73","5","35","5","29","73","5","78","38722.1390414547","123490.913933426","3657.68261632","3656.4929485321","10","15","4935","4940","-1","4","False"
"4931","73","6","35","5","28","73","5","78","35362.3094390958","123490.913933426","3657.68261632","3656.4929485321","11","16","4936","4941","-1","3","False"
"4932","73","7","35","5","27","73","5","78","32002.4798367369","123490.913933426","3657.68261632","3656.4929485321","12","17","4937","4942","-1","3","False"
"4933","73","8","35","5","26","73","5","78","28642.650234378","123490.913933426","3657.68261632","3656.4929485321","13","18","4938","4943","-1","3","False"
"4934","73","9","35","5","25","73","5","78","25282.8206320191","123490.913933426","3657.68261632","3656.4929485321","14","19","4939","4944","-1","3","False"
"4935","73","10","35","5","24","73","5","78","21922.9910296601","123490.913933426","3657.68261632","3656.4929485321","15","20","4940","4945","-1","4","False"
"4936","73","11","35","5","23","73","5","78","18563.1614273012","123490.913933426","3657.68261632","3656.4929485321","16","21","4941","4946","-1","3","False"
"4937","73","12","35","5","22","73","5","78","15203.3318249423","123490.913933426","3657.68261632","3656.4929485321","17","22","4942","4947","-1","3","False"
"4938","73","13","35","5","21","73","5","78","11843.5022225834","123490.913933426","3657.68261632","3656.4929485321","18","23","4943","4948","-1","3","False"
"4939","73","14","35","5","20","73","5","78","8483.67262022448","123490.913933426","3657.68261632","3656.4929485321","19","24","4944","4949","-1","3","False"
"4940","73","15","35","5","19","73","5","78","5123.84301786555","123490.913933426","3657.68261632","3656.4929485321","20","25","4945","4950","3","4","True"
"4941","73","16","35","5","18","73","5","78","1764.01341550665","123490.913933426","3657.68261632","3656.4929485321","21","26","4946","4951","3","3","True"
"4942","73","17","35","5","17","73","5","78","-1595.81618685228","123490.913933426","3657.68261632","3656.4929485321","22","27","4947","4952","3","3","True"
"4943","73","18","35","5","16","73","5","78","-4955.64578921119","123490.913933426","3657.68261632","3656.4929485321","23","28","4948","4953","3","3","True"
"4944","73","19","35","5","15","73","5","78","-8315.4753915701","123490.913933426","3657.68261632","3656.4929485321","24","29","4949","4954","3","3","True"
"4945","73","20","35","5","14","73","5","78","-11675.304993929","123490.913933426","3657.68261632","3656.4929485321","25","30","4950","4955","-1","4","False"
"4946","73","21","35","5","13","73","5","78","-15035.1345962879","123490.913933426","3657.68261632","3656.4929485321","26","31","4951","4956","-1","3","False"
"4947","73","22","35","5","12","73","5","78","-18394.9641986469","123490.913933426","3657.68261632","3656.4929485321","27","32","4952","4957","-1","3","False"
"4948","73","23","35","5","11","73","5","78","-21754.7938010058","123490.913933426","3657.68261632","3656.4929485321","28","33","4953","4958","-1","3","False"
"4949","73","24","35","5","10","73","5","78","-25114.6234033647","123490.913933426","3657.68261632","3656.4929485321","29","34","4954","4959","-1","3","False"
"4950","73","25","35","5","9","73","5","78","-28474.4530057236","123490.913933426","3657.68261632","3656.4929485321","15","20","4940","4945","-1","4","False"
"4951","73","26","35","5","8","73","5","78","-31834.2826080825","123490.913933426","3657.68261632","3656.4929485321","16","21","4941","4946","-1","3","False"
"4952","73","27","35","5","7","73","5","78","-35194.1122104414","123490.913933426","3657.68261632","3656.4929485321","17","22","4942","4947","-1","3","False"
"4953","73","28","35","5","6","73","5","78","-38553.9418128004","123490.913933426","3657.68261632","3656.4929485321","18","23","4943","4948","-1","3","False"
"4954","73","29","35","5","5","73","5","78","-41913.7714151593","123490.913933426","3657.68261632","3656.4929485321","19","24","4944","4949","-1","3","False"
"4955","73","30","35","5","4","73","5","78","-45273.6010175182","123490.913933426","3657.68261632","3656.4929485321","20","25","4945","4950","0","4","True"
"4956","73","31","35","5","3","73","5","78","-48633.4306198771","123490.913933426","3657.68261632","3656.4929485321","21","26","4946","4951","0","3","True"
"4957","73","32","35","5","2","73","5","78","-51993.260222236","123490.913933426","3657.68261632","3656.4929485321","22","27","4947","4952","0","3","True"
"4958","73","33","35","5","1","73","5","78","-55353.0898245949","123490.913933426","3657.68261632","3656.4929485321","23","28","4948","4953","0","3","True"
"4959","73","34","35","5","0","73","5","78","-58712.9194269539","123490.913933426","3657.68261632","3656.4929485321","24","29","4949","4954","0","3","True"
"4960","74","0","35","5","0","74","5","78","-58712.9194269539","127134.354180008","3657.68261632","3656.4929485321","5","10","4965","4970","3","2","True"
"4961","74","1","35","5","1","74","5","78","-55353.0898245949","127134.354180008","3657.68261632","3656.4929485321","6","11","4966","4971","3","3","True"
"4962","74","2","35","5","2","74","5","78","-51993.260222236","127134.354180008","3657.68261632","3656.4929485321","7","12","4967","4972","3","3","True"
"4963","74","3","35","5","3","74","5","78","-48633.4306198771","127134.354180008","3657.68261632","3656.4929485321","8","13","4968","4973","3","3","True"
"4964","74","4","35","5","4","74","5","78","-45273.6010175182","127134.354180008","3657.68261632","3656.4929485321","9","14","4969","4974","3","4","True"
"4965","74","5","35","5","5","74","5","78","-41913.7714151593","127134.354180008","3657.68261632","3656.4929485321","10","15","4970","4975","-1","3","False"
"4966","74","6","35","5","6","74","5","78","-38553.9418128004","127134.354180008","3657.68261632","3656.4929485321","11","16","4971","4976","-1","3","False"
"4967","74","7","35","5","7","74","5","78","-35194.1122104414","127134.354180008","3657.68261632","3656.4929485321","12","17","4972","4977","-1","3","False"
"4968","74","8","35","5","8","74","5","78","-31834.2826080825","127134.354180008","3657.68261632","3656.4929485321","13","18","4973","4978","-1","3","False"
"4969","74","9","35","5","9","74","5","78","-28474.4530057236","127134.354180008","3657.68261632","3656.4929485321","14","19","4974","4979","-1","4","False"
"4970","74","10","35","5","10","74","5","78","-25114.6234033647","127134.354180008","3657.68261632","3656.4929485321","15","20","4975","4980","-1","3","False"
"4971","74","11","35","5","11","74","5","78","-21754.7938010058","127134.354180008","3657.68261632","3656.4929485321","16","21","4976","4981","-1","3","False"
"4972","74","12","35","5","12","74","5","78","-18394.9641986469","127134.354180008","3657.68261632","3656.4929485321","17","22","4977","4982","-1","3","False"
"4973","74","13","35","5","13","74","5","78","-15035.1345962879","127134.354180008","3657.68261632","3656.4929485321","18","23","4978","4983","-1","3","False"
"4974","74","14","35","5","14","74","5","78","-11675.304993929","127134.354180008","3657.68261632","3656.4929485321","19","24","4979","4984","-1","4","False"
"4975","74","15","35","5","15","74","5","78","-8315.4753915701","127134.354180008","3657.68261632","3656.4929485321","20","25","4980","4985","3","3","True"
"4976","74","16","35","5","16","74","5","78","-4955.64578921119","127134.354180008","3657.68261632","3656.4929485321","21","26","4981","4986","3","3","True"
"4977","74","17","35","5","17","74","5","78","-1595.81618685228","127134.354180008","3657.68261632","3656.4929485321","22","27","4982","4987","3","3","True"
"4978","74","18","35","5","18","74","5","78","1764.01341550665","127134.354180008","3657.68261632","3656.4929485321","23","28","4983","4988","3","3","True"
"4979","74","19","35","5","19","74","5","78","5123.84301786555","127134.354180008","3657.68261632","3656.4929485321","24","29","4984","4989","3","4","True"
"4980","74","20","35","5","20","74","5","78","8483.67262022448","127134.354180008","3657.68261632","3656.4929485321","25","30","4985","4990","-1","3","False"
"4981","74","21","35","5","21","74","5","78","11843.5022225834","127134.354180008","3657.68261632","3656.4929485321","26","31","4986","4991","-1","3","False"
"4982","74","22","35","5","22","74","5","78","15203.3318249423","127134.354180008","3657.68261632","3656.4929485321","27","32","4987","4992","-1","3","False"
"4983","74","23","35","5","23","74","5","78","18563.1614273012","127134.354180008","3657.68261632","3656.4929485321","28","33","4988","4993","-1","3","False"
"4984","74","24","35","5","24","74","5","78","21922.9910296601","127134.354180008","3657.68261632","3656.4929485321","29","34","4989","4994","-1","4","False"
"4985","74","25","35","5","25","74","5","78","25282.8206320191","127134.354180008","3657.68261632","3656.4929485321","15","20","4975","4980","-1","3","False"
"4986","74","26","35","5","26","74","5","78","28642.650234378","127134.354180008","3657.68261632","3656.4929485321","16","21","4976","4981","-1","3","False"
"4987","74","27","35","5","27","74","5","78","32002.4798367369","127134.354180008","3657.68261632","3656.4929485321","17","22","4977","4982","-1","3","False"
"4988","74","28","35","5","28","74","5","78","35362.3094390958","127134.354180008","3657.68261632","3656.4929485321","18","23","4978","4983","-1","3","False"
"4989","74","29","35","5","29","74","5","78","38722.1390414547","127134.354180008","3657.68261632","3656.4929485321","19","24","4979","4984","-1","4","False"
"4990","74","30","35","5","30","74","5","78","42081.9686438136","127134.354180008","3657.68261632","3656.4929485321","20","25","4980","4985","0","3","True"
"4991","74","31","35","5","31","74","5","78","45441.7982461726","127134.354180008","3657.68261632","3656.4929485321","21","26","4981","4986","0","3","True"
"4992","74","32","35","5","32","74","5","78","48801.6278485315","127134.354180008","3657.68261632","3656.4929485321","22","27","4982","4987","0","3","True"
"4993","74","33","35","5","33","74","5","78","52161.4574508904","127134.354180008","3657.68261632","3656.4929485321","23","28","4983","4988","0","3","True"
"4994","74","34","35","5","34","74","5","78","55521.2870532493","127134.354180008","3657.68261632","3656.4929485321","24","29","4984","4989","0","3","True"
"4995","75","0","35","5","34","75","5","78","55521.2870532493","130777.802055984","3657.68261632","3656.4929485321","5","10","5000","5005","0","2","True"
"4996","75","1","35","5","33","75","5","78","52161.4574508904","130777.802055984","3657.68261632","3656.4929485321","6","11","5001","5006","3","3","True"
"4997","75","2","35","5","32","75","5","78","48801.6278485315","130777.802055984","3657.68261632","3656.4929485321","7","12","5002","5007","3","3","True"
"4998","75","3","35","5","31","75","5","78","45441.7982461726","130777.802055984","3657.68261632","3656.4929485321","8","13","5003","5008","3","3","True"
"4999","75","4","35","5","30","75","5","78","42081.9686438136","130777.802055984","3657.68261632","3656.4929485321","9","14","5004","5009","3","3","True"
"5000","75","5","35","5","29","75","5","78","38722.1390414547","130777.802055984","3657.68261632","3656.4929485321","10","15","5005","5010","3","4","True"
"5001","75","6","35","5","28","75","5","78","35362.3094390958","130777.802055984","3657.68261632","3656.4929485321","11","16","5006","5011","-1","3","False"
"5002","75","7","35","5","27","75","5","78","32002.4798367369","130777.802055984","3657.68261632","3656.4929485321","12","17","5007","5012","-1","3","False"
"5003","75","8","35","5","26","75","5","78","28642.650234378","130777.802055984","3657.68261632","3656.4929485321","13","18","5008","5013","-1","3","False"
"5004","75","9","35","5","25","75","5","78","25282.8206320191","130777.802055984","3657.68261632","3656.4929485321","14","19","5009","5014","-1","3","False"
"5005","75","10","35","5","24","75","5","78","21922.9910296601","130777.802055984","3657.68261632","3656.4929485321","15","20","5010","5015","-1","5","False"
"5006","75","11","35","5","23","75","5","78","18563.1614273012","130777.802055984","3657.68261632","3656.4929485321","16","21","5011","5016","-1","4","False"
"5007","75","12","35","5","22","75","5","78","15203.3318249423","130777.802055984","3657.68261632","3656.4929485321","17","22","5012","5017","-1","4","False"
"5008","75","13","35","5","21","75","5","78","11843.5022225834","130777.802055984","3657.68261632","3656.4929485321","18","23","5013","5018","-1","4","False"
"5009","75","14","35","5","20","75","5","78","8483.67262022448","130777.802055984","3657.68261632","3656.4929485321","19","24","5014","5019","-1","4","False"
"5010","75","15","35","5","19","75","5","78","5123.84301786555","130777.802055984","3657.68261632","3656.4929485321","20","25","5015","5020","-1","6","False"
"5011","75","16","35","5","18","75","5","78","1764.01341550665","130777.802055984","3657.68261632","3656.4929485321","21","26","5016","5021","3","4","True"
"5012","75","17","35","5","17","75","5","78","-1595.81618685228","130777.802055984","3657.68261632","3656.4929485321","22","27","5017","5022","3","4","True"
"5013","75","18","35","5","16","75","5","78","-4955.64578921119","130777.802055984","3657.68261632","3656.4929485321","23","28","5018","5023","3","4","True"
"5014","75","19","35","5","15","75","5","78","-8315.4753915701","130777.802055984","3657.68261632","3656.4929485321","24","29","5019","5024","3","4","True"
"5015","75","20","35","5","14","75","5","78","-11675.304993929","130777.802055984","3657.68261632","3656.4929485321","25","30","5020","5025","3","6","True"
"5016","75","21","35","5","13","75","5","78","-15035.1345962879","130777.802055984","3657.68261632","3656.4929485321","26","31","5021","5026","-1","4","False"
"5017","75","22","35","5","12","75","5","78","-18394.9641986469","130777.802055984","3657.68261632","3656.4929485321","27","32","5022","5027","-1","4","False"
"5018","75","23","35","5","11","75","5","78","-21754.7938010058","130777.802055984","3657.68261632","3656.4929485321","28","33","5023","5028","-1","4","False"
"5019","75","24","35","5","10","75","5","78","-25114.6234033647","130777.802055984","3657.68261632","3656.4929485321","19","14","5014","5009","-1","4","False"
"5020","75","25","35","5","9","75","5","78","-28474.4530057236","130777.802055984","3657.68261632","3656.4929485321","15","20","5010","5015","-1","5","False"
"5021","75","26","35","5","8","75","5","78","-31834.2826080825","130777.802055984","3657.68261632","3656.4929485321","16","21","5011","5016","-1","3","False"
"5022","75","27","35","5","7","75","5","78","-35194.1122104414","130777.802055984","3657.68261632","3656.4929485321","17","22","5012","5017","-1","3","False"
"5023","75","28","35","5","6","75","5","78","-38553.9418128004","130777.802055984","3657.68261632","3656.4929485321","18","23","5013","5018","-1","3","False"
"5024","75","29","35","5","5","75","5","78","-41913.7714151593","130777.802055984","3657.68261632","3656.4929485321","19","24","5014","5019","-1","3","False"
"5025","75","30","35","5","4","75","5","78","-45273.6010175182","130777.802055984","3657.68261632","3656.4929485321","20","25","5015","5020","-1","4","False"
"5026","75","31","35","5","3","75","5","78","-48633.4306198771","130777.802055984","3657.68261632","3656.4929485321","21","26","5016","5021","0","3","True"
"5027","75","32","35","5","2","75","5","78","-51993.260222236","130777.802055984","3657.68261632","3656.4929485321","22","27","5017","5022","0","3","True"
"5028","75","33","35","5","1","75","5","78","-55353.0898245949","130777.802055984","3657.68261632","3656.4929485321","23","28","5018","5023","0","3","True"
"5029","75","34","35","5","0","75","5","78","-58712.9194269539","130777.802055984","3657.68261632","3656.4929485321","24","29","5019","5024","0","3","True"
"5030","76","0","15","5","0","76","5","78","-25114.6223078132","134421.249931961","3657.68261632","3656.4929485321","5","10","5035","5040","3","2","True"
"5031","76","1","15","5","1","76","5","78","-21754.7927054543","134421.249931961","3657.68261632","3656.4929485321","6","11","5036","5041","3","3","True"
"5032","76","2","15","5","2","76","5","78","-18394.9631030954","134421.249931961","3657.68261632","3656.4929485321","7","12","5037","5042","3","3","True"
"5033","76","3","15","5","3","76","5","78","-15035.1335007365","134421.249931961","3657.68261632","3656.4929485321","8","13","5038","5043","3","3","True"
"5034","76","4","15","5","4","76","5","78","-11675.3038983776","134421.249931961","3657.68261632","3656.4929485321","9","14","5039","5044","3","4","True"
"5035","76","5","15","5","5","76","5","78","-8315.47429601865","134421.249931961","3657.68261632","3656.4929485321","0","10","5030","5040","-1","3","False"
"5036","76","6","15","5","6","76","5","78","-4955.64469365973","134421.249931961","3657.68261632","3656.4929485321","1","11","5031","5041","-1","3","False"
"5037","76","7","15","5","7","76","5","78","-1595.81509130082","134421.249931961","3657.68261632","3656.4929485321","2","12","5032","5042","-1","3","False"
"5038","76","8","15","5","8","76","5","78","1764.01451105811","134421.249931961","3657.68261632","3656.4929485321","3","13","5033","5043","-1","3","False"
"5039","76","9","15","5","9","76","5","78","5123.84411341702","134421.249931961","3657.68261632","3656.4929485321","4","14","5034","5044","-1","4","False"
"5040","76","10","15","5","10","76","5","78","8483.67371577594","134421.249931961","3657.68261632","3656.4929485321","0","5","5030","5035","-1","3","False"
"5041","76","11","15","5","11","76","5","78","11843.5033181348","134421.249931961","3657.68261632","3656.4929485321","1","6","5031","5036","-1","3","False"
"5042","76","12","15","5","12","76","5","78","15203.3329204938","134421.249931961","3657.68261632","3656.4929485321","2","7","5032","5037","-1","3","False"
"5043","76","13","15","5","13","76","5","78","18563.1625228527","134421.249931961","3657.68261632","3656.4929485321","3","8","5033","5038","-1","3","False"
"5044","76","14","15","5","14","76","5","78","21922.9921252116","134421.249931961","3657.68261632","3656.4929485321","4","9","5034","5039","-1","3","False"
"5045","77","0","15","5","14","77","5","78","21922.9921252116","138064.682549148","3657.68261632","3656.4929485321","5","10","5050","5055","3","2","True"
"5046","77","1","15","5","13","77","5","78","18563.1625228527","138064.682549148","3657.68261632","3656.4929485321","6","11","5051","5056","3","3","True"
"5047","77","2","15","5","12","77","5","78","15203.3329204938","138064.682549148","3657.68261632","3656.4929485321","7","12","5052","5057","3","3","True"
"5048","77","3","15","5","11","77","5","78","11843.5033181348","138064.682549148","3657.68261632","3656.4929485321","8","13","5053","5058","3","3","True"
"5049","77","4","15","5","10","77","5","78","8483.67371577594","138064.682549148","3657.68261632","3656.4929485321","9","14","5054","5059","3","3","True"
"5050","77","5","15","5","9","77","5","78","5123.84411341702","138064.682549148","3657.68261632","3656.4929485321","0","10","5045","5055","-1","4","False"
"5051","77","6","15","5","8","77","5","78","1764.01451105811","138064.682549148","3657.68261632","3656.4929485321","1","11","5046","5056","-1","3","False"
"5052","77","7","15","5","7","77","5","78","-1595.81509130082","138064.682549148","3657.68261632","3656.4929485321","2","12","5047","5057","-1","3","False"
"5053","77","8","15","5","6","77","5","78","-4955.64469365973","138064.682549148","3657.68261632","3656.4929485321","3","13","5048","5058","-1","3","False"
"5054","77","9","15","5","5","77","5","78","-8315.47429601865","138064.682549148","3657.68261632","3656.4929485321","4","14","5049","5059","-1","3","False"
"5055","77","10","15","5","4","77","5","78","-11675.3038983776","138064.682549148","3657.68261632","3656.4929485321","0","5","5045","5050","-1","4","False"
"5056","77","11","15","5","3","77","5","78","-15035.1335007365","138064.682549148","3657.68261632","3656.4929485321","1","6","5046","5051","-1","3","False"
"5057","77","12","15","5","2","77","5","78","-18394.9631030954","138064.682549148","3657.68261632","3656.4929485321","2","7","5047","5052","-1","3","False"
"5058","77","13","15","5","1","77","5","78","-21754.7927054543","138064.682549148","3657.68261632","3656.4929485321","3","8","5048","5053","-1","3","False"
"5059","77","14","15","5","0","77","5","78","-25114.6223078132","138064.682549148","3657.68261632","3656.4929485321","4","9","5049","5054","-1","3","False"
