"GlobalIndex","SliceIndex","ScanIndex","SliceScanCount","Repeat","ScanIndexX","ScanIndexY","RepeatX","RepeatY","AreaX","AreaY","AreaWidth","AreaHeight","Reference1Local","Reference2Local","Reference1Global","Reference2Global","InspectMode","IproiCount","TriggerActive"
"0","0","0","35","5","0","0","5","73","-58712.9194269539","-132680.434638352","3657.68261632","3656.4929485321","5","10","5","10","3","1","True"
"1","0","1","35","5","1","0","5","73","-55353.0898245949","-132680.434638352","3657.68261632","3656.4929485321","6","11","6","11","3","2","True"
"2","0","2","35","5","2","0","5","73","-51993.260222236","-132680.434638352","3657.68261632","3656.4929485321","7","12","7","12","3","2","True"
"3","0","3","35","5","3","0","5","73","-48633.4306198771","-132680.434638352","3657.68261632","3656.4929485321","8","13","8","13","3","2","True"
"4","0","4","35","5","4","0","5","73","-45273.6010175182","-132680.434638352","3657.68261632","3656.4929485321","9","14","9","14","3","3","True"
"5","0","5","35","5","5","0","5","73","-41913.7714151593","-132680.434638352","3657.68261632","3656.4929485321","10","15","10","15","-1","2","False"
"6","0","6","35","5","6","0","5","73","-38553.9418128004","-132680.434638352","3657.68261632","3656.4929485321","11","16","11","16","-1","2","False"
"7","0","7","35","5","7","0","5","73","-35194.1122104414","-132680.434638352","3657.68261632","3656.4929485321","12","17","12","17","-1","2","False"
"8","0","8","35","5","8","0","5","73","-31834.2826080825","-132680.434638352","3657.68261632","3656.4929485321","13","18","13","18","-1","2","False"
"9","0","9","35","5","9","0","5","73","-28474.4530057236","-132680.434638352","3657.68261632","3656.4929485321","14","19","14","19","-1","3","False"
"10","0","10","35","5","10","0","5","73","-25114.6234033647","-132680.434638352","3657.68261632","3656.4929485321","15","20","15","20","-1","2","False"
"11","0","11","35","5","11","0","5","73","-21754.7938010058","-132680.434638352","3657.68261632","3656.4929485321","16","21","16","21","-1","2","False"
"12","0","12","35","5","12","0","5","73","-18394.9641986469","-132680.434638352","3657.68261632","3656.4929485321","17","22","17","22","-1","2","False"
"13","0","13","35","5","13","0","5","73","-15035.1345962879","-132680.434638352","3657.68261632","3656.4929485321","18","23","18","23","-1","2","False"
"14","0","14","35","5","14","0","5","73","-11675.304993929","-132680.434638352","3657.68261632","3656.4929485321","19","24","19","24","-1","3","False"
"15","0","15","35","5","15","0","5","73","-8315.4753915701","-132680.434638352","3657.68261632","3656.4929485321","20","25","20","25","3","2","True"
"16","0","16","35","5","16","0","5","73","-4955.64578921119","-132680.434638352","3657.68261632","3656.4929485321","21","26","21","26","3","2","True"
"17","0","17","35","5","17","0","5","73","-1595.81618685228","-132680.434638352","3657.68261632","3656.4929485321","22","27","22","27","3","2","True"
"18","0","18","35","5","18","0","5","73","1764.01341550665","-132680.434638352","3657.68261632","3656.4929485321","23","28","23","28","3","2","True"
"19","0","19","35","5","19","0","5","73","5123.84301786555","-132680.434638352","3657.68261632","3656.4929485321","24","29","24","29","3","3","True"
"20","0","20","35","5","20","0","5","73","8483.67262022448","-132680.434638352","3657.68261632","3656.4929485321","25","30","25","30","-1","2","False"
"21","0","21","35","5","21","0","5","73","11843.5022225834","-132680.434638352","3657.68261632","3656.4929485321","26","31","26","31","-1","2","False"
"22","0","22","35","5","22","0","5","73","15203.3318249423","-132680.434638352","3657.68261632","3656.4929485321","27","32","27","32","-1","2","False"
"23","0","23","35","5","23","0","5","73","18563.1614273012","-132680.434638352","3657.68261632","3656.4929485321","28","33","28","33","-1","2","False"
"24","0","24","35","5","24","0","5","73","21922.9910296601","-132680.434638352","3657.68261632","3656.4929485321","29","34","29","34","-1","3","False"
"25","0","25","35","5","25","0","5","73","25282.8206320191","-132680.434638352","3657.68261632","3656.4929485321","15","20","15","20","-1","2","False"
"26","0","26","35","5","26","0","5","73","28642.650234378","-132680.434638352","3657.68261632","3656.4929485321","16","21","16","21","-1","2","False"
"27","0","27","35","5","27","0","5","73","32002.4798367369","-132680.434638352","3657.68261632","3656.4929485321","17","22","17","22","-1","2","False"
"28","0","28","35","5","28","0","5","73","35362.3094390958","-132680.434638352","3657.68261632","3656.4929485321","18","23","18","23","-1","2","False"
"29","0","29","35","5","29","0","5","73","38722.1390414547","-132680.434638352","3657.68261632","3656.4929485321","19","24","19","24","-1","3","False"
"30","0","30","35","5","30","0","5","73","42081.9686438136","-132680.434638352","3657.68261632","3656.4929485321","20","25","20","25","0","2","True"
"31","0","31","35","5","31","0","5","73","45441.7982461726","-132680.434638352","3657.68261632","3656.4929485321","21","26","21","26","0","2","True"
"32","0","32","35","5","32","0","5","73","48801.6278485315","-132680.434638352","3657.68261632","3656.4929485321","22","27","22","27","0","2","True"
"33","0","33","35","5","33","0","5","73","52161.4574508904","-132680.434638352","3657.68261632","3656.4929485321","23","28","23","28","0","2","True"
"34","0","34","35","5","34","0","5","73","55521.2870532493","-132680.434638352","3657.68261632","3656.4929485321","24","29","24","29","0","2","True"
"35","1","0","35","5","34","1","5","73","55521.2870532493","-129056.197577805","3657.68261632","3656.4929485321","5","10","40","45","3","2","True"
"36","1","1","35","5","33","1","5","73","52161.4574508904","-129056.197577805","3657.68261632","3656.4929485321","6","11","41","46","3","3","True"
"37","1","2","35","5","32","1","5","73","48801.6278485315","-129056.197577805","3657.68261632","3656.4929485321","7","12","42","47","3","3","True"
"38","1","3","35","5","31","1","5","73","45441.7982461726","-129056.197577805","3657.68261632","3656.4929485321","8","13","43","48","3","3","True"
"39","1","4","35","5","30","1","5","73","42081.9686438136","-129056.197577805","3657.68261632","3656.4929485321","9","14","44","49","3","3","True"
"40","1","5","35","5","29","1","5","73","38722.1390414547","-129056.197577805","3657.68261632","3656.4929485321","10","15","45","50","-1","4","False"
"41","1","6","35","5","28","1","5","73","35362.3094390958","-129056.197577805","3657.68261632","3656.4929485321","11","16","46","51","-1","3","False"
"42","1","7","35","5","27","1","5","73","32002.4798367369","-129056.197577805","3657.68261632","3656.4929485321","12","17","47","52","-1","3","False"
"43","1","8","35","5","26","1","5","73","28642.650234378","-129056.197577805","3657.68261632","3656.4929485321","13","18","48","53","-1","3","False"
"44","1","9","35","5","25","1","5","73","25282.8206320191","-129056.197577805","3657.68261632","3656.4929485321","14","19","49","54","-1","3","False"
"45","1","10","35","5","24","1","5","73","21922.9910296601","-129056.197577805","3657.68261632","3656.4929485321","15","20","50","55","-1","4","False"
"46","1","11","35","5","23","1","5","73","18563.1614273012","-129056.197577805","3657.68261632","3656.4929485321","16","21","51","56","-1","3","False"
"47","1","12","35","5","22","1","5","73","15203.3318249423","-129056.197577805","3657.68261632","3656.4929485321","17","22","52","57","-1","3","False"
"48","1","13","35","5","21","1","5","73","11843.5022225834","-129056.197577805","3657.68261632","3656.4929485321","18","23","53","58","-1","3","False"
"49","1","14","35","5","20","1","5","73","8483.67262022448","-129056.197577805","3657.68261632","3656.4929485321","19","24","54","59","-1","3","False"
"50","1","15","35","5","19","1","5","73","5123.84301786555","-129056.197577805","3657.68261632","3656.4929485321","20","25","55","60","3","4","True"
"51","1","16","35","5","18","1","5","73","1764.01341550665","-129056.197577805","3657.68261632","3656.4929485321","21","26","56","61","3","3","True"
"52","1","17","35","5","17","1","5","73","-1595.81618685228","-129056.197577805","3657.68261632","3656.4929485321","22","27","57","62","3","3","True"
"53","1","18","35","5","16","1","5","73","-4955.64578921119","-129056.197577805","3657.68261632","3656.4929485321","23","28","58","63","3","3","True"
"54","1","19","35","5","15","1","5","73","-8315.4753915701","-129056.197577805","3657.68261632","3656.4929485321","24","29","59","64","3","3","True"
"55","1","20","35","5","14","1","5","73","-11675.304993929","-129056.197577805","3657.68261632","3656.4929485321","25","30","60","65","-1","4","False"
"56","1","21","35","5","13","1","5","73","-15035.1345962879","-129056.197577805","3657.68261632","3656.4929485321","26","31","61","66","-1","3","False"
"57","1","22","35","5","12","1","5","73","-18394.9641986469","-129056.197577805","3657.68261632","3656.4929485321","27","32","62","67","-1","3","False"
"58","1","23","35","5","11","1","5","73","-21754.7938010058","-129056.197577805","3657.68261632","3656.4929485321","28","33","63","68","-1","3","False"
"59","1","24","35","5","10","1","5","73","-25114.6234033647","-129056.197577805","3657.68261632","3656.4929485321","29","34","64","69","-1","3","False"
"60","1","25","35","5","9","1","5","73","-28474.4530057236","-129056.197577805","3657.68261632","3656.4929485321","15","20","50","55","-1","4","False"
"61","1","26","35","5","8","1","5","73","-31834.2826080825","-129056.197577805","3657.68261632","3656.4929485321","16","21","51","56","-1","3","False"
"62","1","27","35","5","7","1","5","73","-35194.1122104414","-129056.197577805","3657.68261632","3656.4929485321","17","22","52","57","-1","3","False"
"63","1","28","35","5","6","1","5","73","-38553.9418128004","-129056.197577805","3657.68261632","3656.4929485321","18","23","53","58","-1","3","False"
"64","1","29","35","5","5","1","5","73","-41913.7714151593","-129056.197577805","3657.68261632","3656.4929485321","19","24","54","59","-1","3","False"
"65","1","30","35","5","4","1","5","73","-45273.6010175182","-129056.197577805","3657.68261632","3656.4929485321","20","25","55","60","0","4","True"
"66","1","31","35","5","3","1","5","73","-48633.4306198771","-129056.197577805","3657.68261632","3656.4929485321","21","26","56","61","0","3","True"
"67","1","32","35","5","2","1","5","73","-51993.260222236","-129056.197577805","3657.68261632","3656.4929485321","22","27","57","62","0","3","True"
"68","1","33","35","5","1","1","5","73","-55353.0898245949","-129056.197577805","3657.68261632","3656.4929485321","23","28","58","63","0","3","True"
"69","1","34","35","5","0","1","5","73","-58712.9194269539","-129056.197577805","3657.68261632","3656.4929485321","24","29","59","64","0","3","True"
"70","2","0","45","5","0","2","5","73","-75512.0679865242","-125431.960517258","3657.68261632","3656.4929485321","5","10","75","80","3","1","True"
"71","2","1","45","5","1","2","5","73","-72152.2383841653","-125431.960517258","3657.68261632","3656.4929485321","6","11","76","81","3","2","True"
"72","2","2","45","5","2","2","5","73","-68792.4087818064","-125431.960517258","3657.68261632","3656.4929485321","7","12","77","82","3","2","True"
"73","2","3","45","5","3","2","5","73","-65432.5791794474","-125431.960517258","3657.68261632","3656.4929485321","8","13","78","83","3","2","True"
"74","2","4","45","5","4","2","5","73","-62072.7495770885","-125431.960517258","3657.68261632","3656.4929485321","9","14","79","84","3","5","True"
"75","2","5","45","5","5","2","5","73","-58712.9199747296","-125431.960517258","3657.68261632","3656.4929485321","10","15","80","85","-1","4","False"
"76","2","6","45","5","6","2","5","73","-55353.0903723707","-125431.960517258","3657.68261632","3656.4929485321","11","16","81","86","-1","4","False"
"77","2","7","45","5","7","2","5","73","-51993.2607700118","-125431.960517258","3657.68261632","3656.4929485321","12","17","82","87","-1","4","False"
"78","2","8","45","5","8","2","5","73","-48633.4311676528","-125431.960517258","3657.68261632","3656.4929485321","13","18","83","88","-1","4","False"
"79","2","9","45","5","9","2","5","73","-45273.6015652939","-125431.960517258","3657.68261632","3656.4929485321","14","19","84","89","-1","6","False"
"80","2","10","45","5","10","2","5","73","-41913.771962935","-125431.960517258","3657.68261632","3656.4929485321","15","20","85","90","-1","4","False"
"81","2","11","45","5","11","2","5","73","-38553.9423605761","-125431.960517258","3657.68261632","3656.4929485321","16","21","86","91","-1","4","False"
"82","2","12","45","5","12","2","5","73","-35194.1127582172","-125431.960517258","3657.68261632","3656.4929485321","17","22","87","92","-1","4","False"
"83","2","13","45","5","13","2","5","73","-31834.2831558582","-125431.960517258","3657.68261632","3656.4929485321","18","23","88","93","-1","4","False"
"84","2","14","45","5","14","2","5","73","-28474.4535534993","-125431.960517258","3657.68261632","3656.4929485321","19","24","89","94","-1","6","False"
"85","2","15","45","5","15","2","5","73","-25114.6239511404","-125431.960517258","3657.68261632","3656.4929485321","20","25","90","95","3","4","True"
"86","2","16","45","5","16","2","5","73","-21754.7943487815","-125431.960517258","3657.68261632","3656.4929485321","21","26","91","96","3","4","True"
"87","2","17","45","5","17","2","5","73","-18394.9647464226","-125431.960517258","3657.68261632","3656.4929485321","22","27","92","97","3","4","True"
"88","2","18","45","5","18","2","5","73","-15035.1351440637","-125431.960517258","3657.68261632","3656.4929485321","23","28","93","98","3","4","True"
"89","2","19","45","5","19","2","5","73","-11675.3055417048","-125431.960517258","3657.68261632","3656.4929485321","24","29","94","99","3","6","True"
"90","2","20","45","5","20","2","5","73","-8315.47593934583","-125431.960517258","3657.68261632","3656.4929485321","25","30","95","100","-1","4","False"
"91","2","21","45","5","21","2","5","73","-4955.64633698692","-125431.960517258","3657.68261632","3656.4929485321","26","31","96","101","-1","4","False"
"92","2","22","45","5","22","2","5","73","-1595.816734628","-125431.960517258","3657.68261632","3656.4929485321","27","32","97","102","-1","4","False"
"93","2","23","45","5","23","2","5","73","1764.01286773091","-125431.960517258","3657.68261632","3656.4929485321","28","33","98","103","-1","4","False"
"94","2","24","45","5","24","2","5","73","5123.84247008982","-125431.960517258","3657.68261632","3656.4929485321","29","34","99","104","-1","6","False"
"95","2","25","45","5","25","2","5","73","8483.67207244875","-125431.960517258","3657.68261632","3656.4929485321","30","35","100","105","-1","4","False"
"96","2","26","45","5","26","2","5","73","11843.5016748077","-125431.960517258","3657.68261632","3656.4929485321","31","36","101","106","-1","4","False"
"97","2","27","45","5","27","2","5","73","15203.3312771666","-125431.960517258","3657.68261632","3656.4929485321","32","37","102","107","-1","4","False"
"98","2","28","45","5","28","2","5","73","18563.1608795255","-125431.960517258","3657.68261632","3656.4929485321","33","38","103","108","-1","4","False"
"99","2","29","45","5","29","2","5","73","21922.9904818844","-125431.960517258","3657.68261632","3656.4929485321","34","39","104","109","-1","6","False"
"100","2","30","45","5","30","2","5","73","25282.8200842433","-125431.960517258","3657.68261632","3656.4929485321","35","40","105","110","3","4","True"
"101","2","31","45","5","31","2","5","73","28642.6496866022","-125431.960517258","3657.68261632","3656.4929485321","36","41","106","111","3","4","True"
"102","2","32","45","5","32","2","5","73","32002.4792889612","-125431.960517258","3657.68261632","3656.4929485321","37","42","107","112","3","4","True"
"103","2","33","45","5","33","2","5","73","35362.3088913201","-125431.960517258","3657.68261632","3656.4929485321","38","43","108","113","3","4","True"
"104","2","34","45","5","34","2","5","73","38722.138493679","-125431.960517258","3657.68261632","3656.4929485321","39","44","109","114","3","6","True"
"105","2","35","45","5","35","2","5","73","42081.9680960379","-125431.960517258","3657.68261632","3656.4929485321","25","30","95","100","-1","4","False"
"106","2","36","45","5","36","2","5","73","45441.7976983968","-125431.960517258","3657.68261632","3656.4929485321","26","31","96","101","-1","4","False"
"107","2","37","45","5","37","2","5","73","48801.6273007557","-125431.960517258","3657.68261632","3656.4929485321","27","32","97","102","-1","4","False"
"108","2","38","45","5","38","2","5","73","52161.4569031147","-125431.960517258","3657.68261632","3656.4929485321","28","33","98","103","-1","4","False"
"109","2","39","45","5","39","2","5","73","55521.2865054736","-125431.960517258","3657.68261632","3656.4929485321","29","34","99","104","-1","5","False"
"110","2","40","45","5","40","2","5","73","58881.1161078325","-125431.960517258","3657.68261632","3656.4929485321","30","35","100","105","-1","3","False"
"111","2","41","45","5","41","2","5","73","62240.9457101914","-125431.960517258","3657.68261632","3656.4929485321","31","36","101","106","-1","2","False"
"112","2","42","45","5","42","2","5","73","65600.7753125503","-125431.960517258","3657.68261632","3656.4929485321","32","37","102","107","-1","2","False"
"113","2","43","45","5","43","2","5","73","68960.6049149093","-125431.960517258","3657.68261632","3656.4929485321","33","38","103","108","-1","2","False"
"114","2","44","45","5","44","2","5","73","72320.4345172682","-125431.960517258","3657.68261632","3656.4929485321","34","39","104","109","-1","2","False"
"115","3","0","45","5","44","3","5","73","72320.4345172682","-121807.723456711","3657.68261632","3656.4929485321","5","10","120","125","3","2","True"
"116","3","1","45","5","43","3","5","73","68960.6049149093","-121807.723456711","3657.68261632","3656.4929485321","6","11","121","126","3","3","True"
"117","3","2","45","5","42","3","5","73","65600.7753125503","-121807.723456711","3657.68261632","3656.4929485321","7","12","122","127","3","3","True"
"118","3","3","45","5","41","3","5","73","62240.9457101914","-121807.723456711","3657.68261632","3656.4929485321","8","13","123","128","3","3","True"
"119","3","4","45","5","40","3","5","73","58881.1161078325","-121807.723456711","3657.68261632","3656.4929485321","9","14","124","129","3","3","True"
"120","3","5","45","5","39","3","5","73","55521.2865054736","-121807.723456711","3657.68261632","3656.4929485321","10","15","125","130","-1","4","False"
"121","3","6","45","5","38","3","5","73","52161.4569031147","-121807.723456711","3657.68261632","3656.4929485321","11","16","126","131","-1","3","False"
"122","3","7","45","5","37","3","5","73","48801.6273007557","-121807.723456711","3657.68261632","3656.4929485321","12","17","127","132","-1","3","False"
"123","3","8","45","5","36","3","5","73","45441.7976983968","-121807.723456711","3657.68261632","3656.4929485321","13","18","128","133","-1","3","False"
"124","3","9","45","5","35","3","5","73","42081.9680960379","-121807.723456711","3657.68261632","3656.4929485321","14","19","129","134","-1","3","False"
"125","3","10","45","5","34","3","5","73","38722.138493679","-121807.723456711","3657.68261632","3656.4929485321","15","20","130","135","-1","4","False"
"126","3","11","45","5","33","3","5","73","35362.3088913201","-121807.723456711","3657.68261632","3656.4929485321","16","21","131","136","-1","3","False"
"127","3","12","45","5","32","3","5","73","32002.4792889612","-121807.723456711","3657.68261632","3656.4929485321","17","22","132","137","-1","3","False"
"128","3","13","45","5","31","3","5","73","28642.6496866022","-121807.723456711","3657.68261632","3656.4929485321","18","23","133","138","-1","3","False"
"129","3","14","45","5","30","3","5","73","25282.8200842433","-121807.723456711","3657.68261632","3656.4929485321","19","24","134","139","-1","3","False"
"130","3","15","45","5","29","3","5","73","21922.9904818844","-121807.723456711","3657.68261632","3656.4929485321","20","25","135","140","3","4","True"
"131","3","16","45","5","28","3","5","73","18563.1608795255","-121807.723456711","3657.68261632","3656.4929485321","21","26","136","141","3","3","True"
"132","3","17","45","5","27","3","5","73","15203.3312771666","-121807.723456711","3657.68261632","3656.4929485321","22","27","137","142","3","3","True"
"133","3","18","45","5","26","3","5","73","11843.5016748077","-121807.723456711","3657.68261632","3656.4929485321","23","28","138","143","3","3","True"
"134","3","19","45","5","25","3","5","73","8483.67207244875","-121807.723456711","3657.68261632","3656.4929485321","24","29","139","144","3","3","True"
"135","3","20","45","5","24","3","5","73","5123.84247008982","-121807.723456711","3657.68261632","3656.4929485321","25","30","140","145","-1","4","False"
"136","3","21","45","5","23","3","5","73","1764.01286773091","-121807.723456711","3657.68261632","3656.4929485321","26","31","141","146","-1","3","False"
"137","3","22","45","5","22","3","5","73","-1595.816734628","-121807.723456711","3657.68261632","3656.4929485321","27","32","142","147","-1","3","False"
"138","3","23","45","5","21","3","5","73","-4955.64633698692","-121807.723456711","3657.68261632","3656.4929485321","28","33","143","148","-1","3","False"
"139","3","24","45","5","20","3","5","73","-8315.47593934583","-121807.723456711","3657.68261632","3656.4929485321","29","34","144","149","-1","3","False"
"140","3","25","45","5","19","3","5","73","-11675.3055417048","-121807.723456711","3657.68261632","3656.4929485321","30","35","145","150","-1","4","False"
"141","3","26","45","5","18","3","5","73","-15035.1351440637","-121807.723456711","3657.68261632","3656.4929485321","31","36","146","151","-1","3","False"
"142","3","27","45","5","17","3","5","73","-18394.9647464226","-121807.723456711","3657.68261632","3656.4929485321","32","37","147","152","-1","3","False"
"143","3","28","45","5","16","3","5","73","-21754.7943487815","-121807.723456711","3657.68261632","3656.4929485321","33","38","148","153","-1","3","False"
"144","3","29","45","5","15","3","5","73","-25114.6239511404","-121807.723456711","3657.68261632","3656.4929485321","34","39","149","154","-1","3","False"
"145","3","30","45","5","14","3","5","73","-28474.4535534993","-121807.723456711","3657.68261632","3656.4929485321","35","40","150","155","3","4","True"
"146","3","31","45","5","13","3","5","73","-31834.2831558582","-121807.723456711","3657.68261632","3656.4929485321","36","41","151","156","3","3","True"
"147","3","32","45","5","12","3","5","73","-35194.1127582172","-121807.723456711","3657.68261632","3656.4929485321","37","42","152","157","3","3","True"
"148","3","33","45","5","11","3","5","73","-38553.9423605761","-121807.723456711","3657.68261632","3656.4929485321","38","43","153","158","3","3","True"
"149","3","34","45","5","10","3","5","73","-41913.771962935","-121807.723456711","3657.68261632","3656.4929485321","39","44","154","159","3","3","True"
"150","3","35","45","5","9","3","5","73","-45273.6015652939","-121807.723456711","3657.68261632","3656.4929485321","25","30","140","145","-1","4","False"
"151","3","36","45","5","8","3","5","73","-48633.4311676528","-121807.723456711","3657.68261632","3656.4929485321","26","31","141","146","-1","3","False"
"152","3","37","45","5","7","3","5","73","-51993.2607700118","-121807.723456711","3657.68261632","3656.4929485321","27","32","142","147","-1","3","False"
"153","3","38","45","5","6","3","5","73","-55353.0903723707","-121807.723456711","3657.68261632","3656.4929485321","28","33","143","148","-1","3","False"
"154","3","39","45","5","5","3","5","73","-58712.9199747296","-121807.723456711","3657.68261632","3656.4929485321","29","34","144","149","-1","3","False"
"155","3","40","45","5","4","3","5","73","-62072.7495770885","-121807.723456711","3657.68261632","3656.4929485321","30","35","145","150","-1","4","False"
"156","3","41","45","5","3","3","5","73","-65432.5791794474","-121807.723456711","3657.68261632","3656.4929485321","31","36","146","151","-1","3","False"
"157","3","42","45","5","2","3","5","73","-68792.4087818064","-121807.723456711","3657.68261632","3656.4929485321","32","37","147","152","-1","3","False"
"158","3","43","45","5","1","3","5","73","-72152.2383841653","-121807.723456711","3657.68261632","3656.4929485321","33","38","148","153","-1","3","False"
"159","3","44","45","5","0","3","5","73","-75512.0679865242","-121807.723456711","3657.68261632","3656.4929485321","34","39","149","154","-1","3","False"
"160","4","0","45","5","0","4","5","73","-75512.0679865242","-118183.486396164","3657.68261632","3656.4929485321","5","10","165","170","3","2","True"
"161","4","1","45","5","1","4","5","73","-72152.2383841653","-118183.486396164","3657.68261632","3656.4929485321","6","11","166","171","3","3","True"
"162","4","2","45","5","2","4","5","73","-68792.4087818064","-118183.486396164","3657.68261632","3656.4929485321","7","12","167","172","3","3","True"
"163","4","3","45","5","3","4","5","73","-65432.5791794474","-118183.486396164","3657.68261632","3656.4929485321","8","13","168","173","3","3","True"
"164","4","4","45","5","4","4","5","73","-62072.7495770885","-118183.486396164","3657.68261632","3656.4929485321","9","14","169","174","3","4","True"
"165","4","5","45","5","5","4","5","73","-58712.9199747296","-118183.486396164","3657.68261632","3656.4929485321","10","15","170","175","-1","3","False"
"166","4","6","45","5","6","4","5","73","-55353.0903723707","-118183.486396164","3657.68261632","3656.4929485321","11","16","171","176","-1","3","False"
"167","4","7","45","5","7","4","5","73","-51993.2607700118","-118183.486396164","3657.68261632","3656.4929485321","12","17","172","177","-1","3","False"
"168","4","8","45","5","8","4","5","73","-48633.4311676528","-118183.486396164","3657.68261632","3656.4929485321","13","18","173","178","-1","3","False"
"169","4","9","45","5","9","4","5","73","-45273.6015652939","-118183.486396164","3657.68261632","3656.4929485321","14","19","174","179","-1","4","False"
"170","4","10","45","5","10","4","5","73","-41913.771962935","-118183.486396164","3657.68261632","3656.4929485321","15","20","175","180","-1","3","False"
"171","4","11","45","5","11","4","5","73","-38553.9423605761","-118183.486396164","3657.68261632","3656.4929485321","16","21","176","181","-1","3","False"
"172","4","12","45","5","12","4","5","73","-35194.1127582172","-118183.486396164","3657.68261632","3656.4929485321","17","22","177","182","-1","3","False"
"173","4","13","45","5","13","4","5","73","-31834.2831558582","-118183.486396164","3657.68261632","3656.4929485321","18","23","178","183","-1","3","False"
"174","4","14","45","5","14","4","5","73","-28474.4535534993","-118183.486396164","3657.68261632","3656.4929485321","19","24","179","184","-1","4","False"
"175","4","15","45","5","15","4","5","73","-25114.6239511404","-118183.486396164","3657.68261632","3656.4929485321","20","25","180","185","3","3","True"
"176","4","16","45","5","16","4","5","73","-21754.7943487815","-118183.486396164","3657.68261632","3656.4929485321","21","26","181","186","3","3","True"
"177","4","17","45","5","17","4","5","73","-18394.9647464226","-118183.486396164","3657.68261632","3656.4929485321","22","27","182","187","3","3","True"
"178","4","18","45","5","18","4","5","73","-15035.1351440637","-118183.486396164","3657.68261632","3656.4929485321","23","28","183","188","3","3","True"
"179","4","19","45","5","19","4","5","73","-11675.3055417048","-118183.486396164","3657.68261632","3656.4929485321","24","29","184","189","3","4","True"
"180","4","20","45","5","20","4","5","73","-8315.47593934583","-118183.486396164","3657.68261632","3656.4929485321","25","30","185","190","-1","3","False"
"181","4","21","45","5","21","4","5","73","-4955.64633698692","-118183.486396164","3657.68261632","3656.4929485321","26","31","186","191","-1","3","False"
"182","4","22","45","5","22","4","5","73","-1595.816734628","-118183.486396164","3657.68261632","3656.4929485321","27","32","187","192","-1","3","False"
"183","4","23","45","5","23","4","5","73","1764.01286773091","-118183.486396164","3657.68261632","3656.4929485321","28","33","188","193","-1","3","False"
"184","4","24","45","5","24","4","5","73","5123.84247008982","-118183.486396164","3657.68261632","3656.4929485321","29","34","189","194","-1","4","False"
"185","4","25","45","5","25","4","5","73","8483.67207244875","-118183.486396164","3657.68261632","3656.4929485321","30","35","190","195","-1","3","False"
"186","4","26","45","5","26","4","5","73","11843.5016748077","-118183.486396164","3657.68261632","3656.4929485321","31","36","191","196","-1","3","False"
"187","4","27","45","5","27","4","5","73","15203.3312771666","-118183.486396164","3657.68261632","3656.4929485321","32","37","192","197","-1","3","False"
"188","4","28","45","5","28","4","5","73","18563.1608795255","-118183.486396164","3657.68261632","3656.4929485321","33","38","193","198","-1","3","False"
"189","4","29","45","5","29","4","5","73","21922.9904818844","-118183.486396164","3657.68261632","3656.4929485321","34","39","194","199","-1","4","False"
"190","4","30","45","5","30","4","5","73","25282.8200842433","-118183.486396164","3657.68261632","3656.4929485321","35","40","195","200","3","3","True"
"191","4","31","45","5","31","4","5","73","28642.6496866022","-118183.486396164","3657.68261632","3656.4929485321","36","41","196","201","3","3","True"
"192","4","32","45","5","32","4","5","73","32002.4792889612","-118183.486396164","3657.68261632","3656.4929485321","37","42","197","202","3","3","True"
"193","4","33","45","5","33","4","5","73","35362.3088913201","-118183.486396164","3657.68261632","3656.4929485321","38","43","198","203","3","3","True"
"194","4","34","45","5","34","4","5","73","38722.138493679","-118183.486396164","3657.68261632","3656.4929485321","39","44","199","204","3","4","True"
"195","4","35","45","5","35","4","5","73","42081.9680960379","-118183.486396164","3657.68261632","3656.4929485321","25","30","185","190","-1","3","False"
"196","4","36","45","5","36","4","5","73","45441.7976983968","-118183.486396164","3657.68261632","3656.4929485321","26","31","186","191","-1","3","False"
"197","4","37","45","5","37","4","5","73","48801.6273007557","-118183.486396164","3657.68261632","3656.4929485321","27","32","187","192","-1","3","False"
"198","4","38","45","5","38","4","5","73","52161.4569031147","-118183.486396164","3657.68261632","3656.4929485321","28","33","188","193","-1","3","False"
"199","4","39","45","5","39","4","5","73","55521.2865054736","-118183.486396164","3657.68261632","3656.4929485321","29","34","189","194","-1","4","False"
"200","4","40","45","5","40","4","5","73","58881.1161078325","-118183.486396164","3657.68261632","3656.4929485321","30","35","190","195","-1","3","False"
"201","4","41","45","5","41","4","5","73","62240.9457101914","-118183.486396164","3657.68261632","3656.4929485321","31","36","191","196","-1","3","False"
"202","4","42","45","5","42","4","5","73","65600.7753125503","-118183.486396164","3657.68261632","3656.4929485321","32","37","192","197","-1","3","False"
"203","4","43","45","5","43","4","5","73","68960.6049149093","-118183.486396164","3657.68261632","3656.4929485321","33","38","193","198","-1","3","False"
"204","4","44","45","5","44","4","5","73","72320.4345172682","-118183.486396164","3657.68261632","3656.4929485321","34","39","194","199","-1","3","False"
"205","5","0","55","5","54","5","5","73","89119.581981287","-114559.249335617","3657.68261632","3656.4929485321","5","10","210","215","3","1","True"
"206","5","1","55","5","53","5","5","73","85759.7523789281","-114559.249335617","3657.68261632","3656.4929485321","6","11","211","216","3","2","True"
"207","5","2","55","5","52","5","5","73","82399.9227765692","-114559.249335617","3657.68261632","3656.4929485321","7","12","212","217","3","2","True"
"208","5","3","55","5","51","5","5","73","79040.0931742103","-114559.249335617","3657.68261632","3656.4929485321","8","13","213","218","3","2","True"
"209","5","4","55","5","50","5","5","73","75680.2635718514","-114559.249335617","3657.68261632","3656.4929485321","9","14","214","219","3","3","True"
"210","5","5","55","5","49","5","5","73","72320.4339694924","-114559.249335617","3657.68261632","3656.4929485321","10","15","215","220","-1","5","False"
"211","5","6","55","5","48","5","5","73","68960.6043671335","-114559.249335617","3657.68261632","3656.4929485321","11","16","216","221","-1","4","False"
"212","5","7","55","5","47","5","5","73","65600.7747647746","-114559.249335617","3657.68261632","3656.4929485321","12","17","217","222","-1","4","False"
"213","5","8","55","5","46","5","5","73","62240.9451624157","-114559.249335617","3657.68261632","3656.4929485321","13","18","218","223","-1","4","False"
"214","5","9","55","5","45","5","5","73","58881.1155600568","-114559.249335617","3657.68261632","3656.4929485321","14","19","219","224","-1","4","False"
"215","5","10","55","5","44","5","5","73","55521.2859576979","-114559.249335617","3657.68261632","3656.4929485321","15","20","220","225","-1","6","False"
"216","5","11","55","5","43","5","5","73","52161.4563553389","-114559.249335617","3657.68261632","3656.4929485321","16","21","221","226","-1","4","False"
"217","5","12","55","5","42","5","5","73","48801.62675298","-114559.249335617","3657.68261632","3656.4929485321","17","22","222","227","-1","4","False"
"218","5","13","55","5","41","5","5","73","45441.7971506211","-114559.249335617","3657.68261632","3656.4929485321","18","23","223","228","-1","4","False"
"219","5","14","55","5","40","5","5","73","42081.9675482622","-114559.249335617","3657.68261632","3656.4929485321","19","24","224","229","-1","4","False"
"220","5","15","55","5","39","5","5","73","38722.1379459033","-114559.249335617","3657.68261632","3656.4929485321","20","25","225","230","3","6","True"
"221","5","16","55","5","38","5","5","73","35362.3083435443","-114559.249335617","3657.68261632","3656.4929485321","21","26","226","231","3","4","True"
"222","5","17","55","5","37","5","5","73","32002.4787411854","-114559.249335617","3657.68261632","3656.4929485321","22","27","227","232","3","4","True"
"223","5","18","55","5","36","5","5","73","28642.6491388265","-114559.249335617","3657.68261632","3656.4929485321","23","28","228","233","3","4","True"
"224","5","19","55","5","35","5","5","73","25282.8195364676","-114559.249335617","3657.68261632","3656.4929485321","24","29","229","234","3","4","True"
"225","5","20","55","5","34","5","5","73","21922.9899341087","-114559.249335617","3657.68261632","3656.4929485321","25","30","230","235","-1","6","False"
"226","5","21","55","5","33","5","5","73","18563.1603317498","-114559.249335617","3657.68261632","3656.4929485321","26","31","231","236","-1","4","False"
"227","5","22","55","5","32","5","5","73","15203.3307293908","-114559.249335617","3657.68261632","3656.4929485321","27","32","232","237","-1","4","False"
"228","5","23","55","5","31","5","5","73","11843.5011270319","-114559.249335617","3657.68261632","3656.4929485321","28","33","233","238","-1","4","False"
"229","5","24","55","5","30","5","5","73","8483.67152467302","-114559.249335617","3657.68261632","3656.4929485321","29","34","234","239","-1","4","False"
"230","5","25","55","5","29","5","5","73","5123.84192231409","-114559.249335617","3657.68261632","3656.4929485321","30","35","235","240","-1","6","False"
"231","5","26","55","5","28","5","5","73","1764.01231995518","-114559.249335617","3657.68261632","3656.4929485321","31","36","236","241","-1","4","False"
"232","5","27","55","5","27","5","5","73","-1595.81728240374","-114559.249335617","3657.68261632","3656.4929485321","32","37","237","242","-1","4","False"
"233","5","28","55","5","26","5","5","73","-4955.64688476265","-114559.249335617","3657.68261632","3656.4929485321","33","38","238","243","-1","4","False"
"234","5","29","55","5","25","5","5","73","-8315.47648712156","-114559.249335617","3657.68261632","3656.4929485321","34","39","239","244","-1","4","False"
"235","5","30","55","5","24","5","5","73","-11675.3060894805","-114559.249335617","3657.68261632","3656.4929485321","35","40","240","245","3","6","True"
"236","5","31","55","5","23","5","5","73","-15035.1356918394","-114559.249335617","3657.68261632","3656.4929485321","36","41","241","246","3","4","True"
"237","5","32","55","5","22","5","5","73","-18394.9652941983","-114559.249335617","3657.68261632","3656.4929485321","37","42","242","247","3","4","True"
"238","5","33","55","5","21","5","5","73","-21754.7948965572","-114559.249335617","3657.68261632","3656.4929485321","38","43","243","248","3","4","True"
"239","5","34","55","5","20","5","5","73","-25114.6244989161","-114559.249335617","3657.68261632","3656.4929485321","39","44","244","249","3","4","True"
"240","5","35","55","5","19","5","5","73","-28474.4541012751","-114559.249335617","3657.68261632","3656.4929485321","40","45","245","250","-1","6","False"
"241","5","36","55","5","18","5","5","73","-31834.283703634","-114559.249335617","3657.68261632","3656.4929485321","41","46","246","251","-1","4","False"
"242","5","37","55","5","17","5","5","73","-35194.1133059929","-114559.249335617","3657.68261632","3656.4929485321","42","47","247","252","-1","4","False"
"243","5","38","55","5","16","5","5","73","-38553.9429083518","-114559.249335617","3657.68261632","3656.4929485321","43","48","248","253","-1","4","False"
"244","5","39","55","5","15","5","5","73","-41913.7725107107","-114559.249335617","3657.68261632","3656.4929485321","44","49","249","254","-1","4","False"
"245","5","40","55","5","14","5","5","73","-45273.6021130697","-114559.249335617","3657.68261632","3656.4929485321","45","50","250","255","-1","6","False"
"246","5","41","55","5","13","5","5","73","-48633.4317154286","-114559.249335617","3657.68261632","3656.4929485321","46","51","251","256","-1","4","False"
"247","5","42","55","5","12","5","5","73","-51993.2613177875","-114559.249335617","3657.68261632","3656.4929485321","47","52","252","257","-1","4","False"
"248","5","43","55","5","11","5","5","73","-55353.0909201464","-114559.249335617","3657.68261632","3656.4929485321","48","53","253","258","-1","4","False"
"249","5","44","55","5","10","5","5","73","-58712.9205225053","-114559.249335617","3657.68261632","3656.4929485321","49","54","254","259","-1","4","False"
"250","5","45","55","5","9","5","5","73","-62072.7501248642","-114559.249335617","3657.68261632","3656.4929485321","35","40","240","245","-1","6","False"
"251","5","46","55","5","8","5","5","73","-65432.5797272231","-114559.249335617","3657.68261632","3656.4929485321","36","41","241","246","-1","4","False"
"252","5","47","55","5","7","5","5","73","-68792.4093295821","-114559.249335617","3657.68261632","3656.4929485321","37","42","242","247","-1","4","False"
"253","5","48","55","5","6","5","5","73","-72152.238931941","-114559.249335617","3657.68261632","3656.4929485321","38","43","243","248","-1","4","False"
"254","5","49","55","5","5","5","5","73","-75512.0685342999","-114559.249335617","3657.68261632","3656.4929485321","39","44","244","249","-1","4","False"
"255","5","50","55","5","4","5","5","73","-78871.8981366588","-114559.249335617","3657.68261632","3656.4929485321","40","45","245","250","2","5","True"
"256","5","51","55","5","3","5","5","73","-82231.7277390177","-114559.249335617","3657.68261632","3656.4929485321","41","46","246","251","2","2","True"
"257","5","52","55","5","2","5","5","73","-85591.5573413767","-114559.249335617","3657.68261632","3656.4929485321","42","47","247","252","2","2","True"
"258","5","53","55","5","1","5","5","73","-88951.3869437356","-114559.249335617","3657.68261632","3656.4929485321","43","48","248","253","2","2","True"
"259","5","54","55","5","0","5","5","73","-92311.2165460945","-114559.249335617","3657.68261632","3656.4929485321","44","49","249","254","2","2","True"
"260","6","0","55","5","0","6","5","73","-92311.2165460945","-110935.01227507","3657.68261632","3656.4929485321","5","10","265","270","3","2","True"
"261","6","1","55","5","1","6","5","73","-88951.3869437356","-110935.01227507","3657.68261632","3656.4929485321","6","11","266","271","3","3","True"
"262","6","2","55","5","2","6","5","73","-85591.5573413767","-110935.01227507","3657.68261632","3656.4929485321","7","12","267","272","3","3","True"
"263","6","3","55","5","3","6","5","73","-82231.7277390177","-110935.01227507","3657.68261632","3656.4929485321","8","13","268","273","3","3","True"
"264","6","4","55","5","4","6","5","73","-78871.8981366588","-110935.01227507","3657.68261632","3656.4929485321","9","14","269","274","3","4","True"
"265","6","5","55","5","5","6","5","73","-75512.0685342999","-110935.01227507","3657.68261632","3656.4929485321","10","15","270","275","-1","3","False"
"266","6","6","55","5","6","6","5","73","-72152.238931941","-110935.01227507","3657.68261632","3656.4929485321","11","16","271","276","-1","3","False"
"267","6","7","55","5","7","6","5","73","-68792.4093295821","-110935.01227507","3657.68261632","3656.4929485321","12","17","272","277","-1","3","False"
"268","6","8","55","5","8","6","5","73","-65432.5797272231","-110935.01227507","3657.68261632","3656.4929485321","13","18","273","278","-1","3","False"
"269","6","9","55","5","9","6","5","73","-62072.7501248642","-110935.01227507","3657.68261632","3656.4929485321","14","19","274","279","-1","4","False"
"270","6","10","55","5","10","6","5","73","-58712.9205225053","-110935.01227507","3657.68261632","3656.4929485321","15","20","275","280","-1","3","False"
"271","6","11","55","5","11","6","5","73","-55353.0909201464","-110935.01227507","3657.68261632","3656.4929485321","16","21","276","281","-1","3","False"
"272","6","12","55","5","12","6","5","73","-51993.2613177875","-110935.01227507","3657.68261632","3656.4929485321","17","22","277","282","-1","3","False"
"273","6","13","55","5","13","6","5","73","-48633.4317154286","-110935.01227507","3657.68261632","3656.4929485321","18","23","278","283","-1","3","False"
"274","6","14","55","5","14","6","5","73","-45273.6021130697","-110935.01227507","3657.68261632","3656.4929485321","19","24","279","284","-1","4","False"
"275","6","15","55","5","15","6","5","73","-41913.7725107107","-110935.01227507","3657.68261632","3656.4929485321","20","25","280","285","3","3","True"
"276","6","16","55","5","16","6","5","73","-38553.9429083518","-110935.01227507","3657.68261632","3656.4929485321","21","26","281","286","3","3","True"
"277","6","17","55","5","17","6","5","73","-35194.1133059929","-110935.01227507","3657.68261632","3656.4929485321","22","27","282","287","3","3","True"
"278","6","18","55","5","18","6","5","73","-31834.283703634","-110935.01227507","3657.68261632","3656.4929485321","23","28","283","288","3","3","True"
"279","6","19","55","5","19","6","5","73","-28474.4541012751","-110935.01227507","3657.68261632","3656.4929485321","24","29","284","289","3","4","True"
"280","6","20","55","5","20","6","5","73","-25114.6244989161","-110935.01227507","3657.68261632","3656.4929485321","25","30","285","290","-1","3","False"
"281","6","21","55","5","21","6","5","73","-21754.7948965572","-110935.01227507","3657.68261632","3656.4929485321","26","31","286","291","-1","3","False"
"282","6","22","55","5","22","6","5","73","-18394.9652941983","-110935.01227507","3657.68261632","3656.4929485321","27","32","287","292","-1","3","False"
"283","6","23","55","5","23","6","5","73","-15035.1356918394","-110935.01227507","3657.68261632","3656.4929485321","28","33","288","293","-1","3","False"
"284","6","24","55","5","24","6","5","73","-11675.3060894805","-110935.01227507","3657.68261632","3656.4929485321","29","34","289","294","-1","4","False"
"285","6","25","55","5","25","6","5","73","-8315.47648712156","-110935.01227507","3657.68261632","3656.4929485321","30","35","290","295","-1","3","False"
"286","6","26","55","5","26","6","5","73","-4955.64688476265","-110935.01227507","3657.68261632","3656.4929485321","31","36","291","296","-1","3","False"
"287","6","27","55","5","27","6","5","73","-1595.81728240374","-110935.01227507","3657.68261632","3656.4929485321","32","37","292","297","-1","3","False"
"288","6","28","55","5","28","6","5","73","1764.01231995518","-110935.01227507","3657.68261632","3656.4929485321","33","38","293","298","-1","3","False"
"289","6","29","55","5","29","6","5","73","5123.84192231409","-110935.01227507","3657.68261632","3656.4929485321","34","39","294","299","-1","4","False"
"290","6","30","55","5","30","6","5","73","8483.67152467302","-110935.01227507","3657.68261632","3656.4929485321","35","40","295","300","3","3","True"
"291","6","31","55","5","31","6","5","73","11843.5011270319","-110935.01227507","3657.68261632","3656.4929485321","36","41","296","301","3","3","True"
"292","6","32","55","5","32","6","5","73","15203.3307293908","-110935.01227507","3657.68261632","3656.4929485321","37","42","297","302","3","3","True"
"293","6","33","55","5","33","6","5","73","18563.1603317498","-110935.01227507","3657.68261632","3656.4929485321","38","43","298","303","3","3","True"
"294","6","34","55","5","34","6","5","73","21922.9899341087","-110935.01227507","3657.68261632","3656.4929485321","39","44","299","304","3","4","True"
"295","6","35","55","5","35","6","5","73","25282.8195364676","-110935.01227507","3657.68261632","3656.4929485321","40","45","300","305","-1","3","False"
"296","6","36","55","5","36","6","5","73","28642.6491388265","-110935.01227507","3657.68261632","3656.4929485321","41","46","301","306","-1","3","False"
"297","6","37","55","5","37","6","5","73","32002.4787411854","-110935.01227507","3657.68261632","3656.4929485321","42","47","302","307","-1","3","False"
"298","6","38","55","5","38","6","5","73","35362.3083435443","-110935.01227507","3657.68261632","3656.4929485321","43","48","303","308","-1","3","False"
"299","6","39","55","5","39","6","5","73","38722.1379459033","-110935.01227507","3657.68261632","3656.4929485321","44","49","304","309","-1","4","False"
"300","6","40","55","5","40","6","5","73","42081.9675482622","-110935.01227507","3657.68261632","3656.4929485321","45","50","305","310","-1","3","False"
"301","6","41","55","5","41","6","5","73","45441.7971506211","-110935.01227507","3657.68261632","3656.4929485321","46","51","306","311","-1","3","False"
"302","6","42","55","5","42","6","5","73","48801.62675298","-110935.01227507","3657.68261632","3656.4929485321","47","52","307","312","-1","3","False"
"303","6","43","55","5","43","6","5","73","52161.4563553389","-110935.01227507","3657.68261632","3656.4929485321","48","53","308","313","-1","3","False"
"304","6","44","55","5","44","6","5","73","55521.2859576979","-110935.01227507","3657.68261632","3656.4929485321","49","54","309","314","-1","4","False"
"305","6","45","55","5","45","6","5","73","58881.1155600568","-110935.01227507","3657.68261632","3656.4929485321","35","40","295","300","-1","3","False"
"306","6","46","55","5","46","6","5","73","62240.9451624157","-110935.01227507","3657.68261632","3656.4929485321","36","41","296","301","-1","3","False"
"307","6","47","55","5","47","6","5","73","65600.7747647746","-110935.01227507","3657.68261632","3656.4929485321","37","42","297","302","-1","3","False"
"308","6","48","55","5","48","6","5","73","68960.6043671335","-110935.01227507","3657.68261632","3656.4929485321","38","43","298","303","-1","3","False"
"309","6","49","55","5","49","6","5","73","72320.4339694924","-110935.01227507","3657.68261632","3656.4929485321","39","44","299","304","-1","4","False"
"310","6","50","55","5","50","6","5","73","75680.2635718514","-110935.01227507","3657.68261632","3656.4929485321","40","45","300","305","2","3","True"
"311","6","51","55","5","51","6","5","73","79040.0931742103","-110935.01227507","3657.68261632","3656.4929485321","41","46","301","306","2","3","True"
"312","6","52","55","5","52","6","5","73","82399.9227765692","-110935.01227507","3657.68261632","3656.4929485321","42","47","302","307","2","3","True"
"313","6","53","55","5","53","6","5","73","85759.7523789281","-110935.01227507","3657.68261632","3656.4929485321","43","48","303","308","2","3","True"
"314","6","54","55","5","54","6","5","73","89119.581981287","-110935.01227507","3657.68261632","3656.4929485321","44","49","304","309","2","3","True"
"315","7","0","55","5","54","7","5","73","89119.581981287","-107310.775214523","3657.68261632","3656.4929485321","5","10","320","325","3","2","True"
"316","7","1","55","5","53","7","5","73","85759.7523789281","-107310.775214523","3657.68261632","3656.4929485321","6","11","321","326","3","3","True"
"317","7","2","55","5","52","7","5","73","82399.9227765692","-107310.775214523","3657.68261632","3656.4929485321","7","12","322","327","3","3","True"
"318","7","3","55","5","51","7","5","73","79040.0931742103","-107310.775214523","3657.68261632","3656.4929485321","8","13","323","328","3","3","True"
"319","7","4","55","5","50","7","5","73","75680.2635718514","-107310.775214523","3657.68261632","3656.4929485321","9","14","324","329","3","3","True"
"320","7","5","55","5","49","7","5","73","72320.4339694924","-107310.775214523","3657.68261632","3656.4929485321","10","15","325","330","-1","4","False"
"321","7","6","55","5","48","7","5","73","68960.6043671335","-107310.775214523","3657.68261632","3656.4929485321","11","16","326","331","-1","3","False"
"322","7","7","55","5","47","7","5","73","65600.7747647746","-107310.775214523","3657.68261632","3656.4929485321","12","17","327","332","-1","3","False"
"323","7","8","55","5","46","7","5","73","62240.9451624157","-107310.775214523","3657.68261632","3656.4929485321","13","18","328","333","-1","3","False"
"324","7","9","55","5","45","7","5","73","58881.1155600568","-107310.775214523","3657.68261632","3656.4929485321","14","19","329","334","-1","3","False"
"325","7","10","55","5","44","7","5","73","55521.2859576979","-107310.775214523","3657.68261632","3656.4929485321","15","20","330","335","-1","4","False"
"326","7","11","55","5","43","7","5","73","52161.4563553389","-107310.775214523","3657.68261632","3656.4929485321","16","21","331","336","-1","3","False"
"327","7","12","55","5","42","7","5","73","48801.62675298","-107310.775214523","3657.68261632","3656.4929485321","17","22","332","337","-1","3","False"
"328","7","13","55","5","41","7","5","73","45441.7971506211","-107310.775214523","3657.68261632","3656.4929485321","18","23","333","338","-1","3","False"
"329","7","14","55","5","40","7","5","73","42081.9675482622","-107310.775214523","3657.68261632","3656.4929485321","19","24","334","339","-1","3","False"
"330","7","15","55","5","39","7","5","73","38722.1379459033","-107310.775214523","3657.68261632","3656.4929485321","20","25","335","340","3","4","True"
"331","7","16","55","5","38","7","5","73","35362.3083435443","-107310.775214523","3657.68261632","3656.4929485321","21","26","336","341","3","3","True"
"332","7","17","55","5","37","7","5","73","32002.4787411854","-107310.775214523","3657.68261632","3656.4929485321","22","27","337","342","3","3","True"
"333","7","18","55","5","36","7","5","73","28642.6491388265","-107310.775214523","3657.68261632","3656.4929485321","23","28","338","343","3","3","True"
"334","7","19","55","5","35","7","5","73","25282.8195364676","-107310.775214523","3657.68261632","3656.4929485321","24","29","339","344","3","3","True"
"335","7","20","55","5","34","7","5","73","21922.9899341087","-107310.775214523","3657.68261632","3656.4929485321","25","30","340","345","-1","4","False"
"336","7","21","55","5","33","7","5","73","18563.1603317498","-107310.775214523","3657.68261632","3656.4929485321","26","31","341","346","-1","3","False"
"337","7","22","55","5","32","7","5","73","15203.3307293908","-107310.775214523","3657.68261632","3656.4929485321","27","32","342","347","-1","3","False"
"338","7","23","55","5","31","7","5","73","11843.5011270319","-107310.775214523","3657.68261632","3656.4929485321","28","33","343","348","-1","3","False"
"339","7","24","55","5","30","7","5","73","8483.67152467302","-107310.775214523","3657.68261632","3656.4929485321","29","34","344","349","-1","3","False"
"340","7","25","55","5","29","7","5","73","5123.84192231409","-107310.775214523","3657.68261632","3656.4929485321","30","35","345","350","-1","4","False"
"341","7","26","55","5","28","7","5","73","1764.01231995518","-107310.775214523","3657.68261632","3656.4929485321","31","36","346","351","-1","3","False"
"342","7","27","55","5","27","7","5","73","-1595.81728240374","-107310.775214523","3657.68261632","3656.4929485321","32","37","347","352","-1","3","False"
"343","7","28","55","5","26","7","5","73","-4955.64688476265","-107310.775214523","3657.68261632","3656.4929485321","33","38","348","353","-1","3","False"
"344","7","29","55","5","25","7","5","73","-8315.47648712156","-107310.775214523","3657.68261632","3656.4929485321","34","39","349","354","-1","3","False"
"345","7","30","55","5","24","7","5","73","-11675.3060894805","-107310.775214523","3657.68261632","3656.4929485321","35","40","350","355","3","4","True"
"346","7","31","55","5","23","7","5","73","-15035.1356918394","-107310.775214523","3657.68261632","3656.4929485321","36","41","351","356","3","3","True"
"347","7","32","55","5","22","7","5","73","-18394.9652941983","-107310.775214523","3657.68261632","3656.4929485321","37","42","352","357","3","3","True"
"348","7","33","55","5","21","7","5","73","-21754.7948965572","-107310.775214523","3657.68261632","3656.4929485321","38","43","353","358","3","3","True"
"349","7","34","55","5","20","7","5","73","-25114.6244989161","-107310.775214523","3657.68261632","3656.4929485321","39","44","354","359","3","3","True"
"350","7","35","55","5","19","7","5","73","-28474.4541012751","-107310.775214523","3657.68261632","3656.4929485321","40","45","355","360","-1","4","False"
"351","7","36","55","5","18","7","5","73","-31834.283703634","-107310.775214523","3657.68261632","3656.4929485321","41","46","356","361","-1","3","False"
"352","7","37","55","5","17","7","5","73","-35194.1133059929","-107310.775214523","3657.68261632","3656.4929485321","42","47","357","362","-1","3","False"
"353","7","38","55","5","16","7","5","73","-38553.9429083518","-107310.775214523","3657.68261632","3656.4929485321","43","48","358","363","-1","3","False"
"354","7","39","55","5","15","7","5","73","-41913.7725107107","-107310.775214523","3657.68261632","3656.4929485321","44","49","359","364","-1","3","False"
"355","7","40","55","5","14","7","5","73","-45273.6021130697","-107310.775214523","3657.68261632","3656.4929485321","45","50","360","365","-1","4","False"
"356","7","41","55","5","13","7","5","73","-48633.4317154286","-107310.775214523","3657.68261632","3656.4929485321","46","51","361","366","-1","3","False"
"357","7","42","55","5","12","7","5","73","-51993.2613177875","-107310.775214523","3657.68261632","3656.4929485321","47","52","362","367","-1","3","False"
"358","7","43","55","5","11","7","5","73","-55353.0909201464","-107310.775214523","3657.68261632","3656.4929485321","48","53","363","368","-1","3","False"
"359","7","44","55","5","10","7","5","73","-58712.9205225053","-107310.775214523","3657.68261632","3656.4929485321","49","54","364","369","-1","3","False"
"360","7","45","55","5","9","7","5","73","-62072.7501248642","-107310.775214523","3657.68261632","3656.4929485321","35","40","350","355","-1","4","False"
"361","7","46","55","5","8","7","5","73","-65432.5797272231","-107310.775214523","3657.68261632","3656.4929485321","36","41","351","356","-1","3","False"
"362","7","47","55","5","7","7","5","73","-68792.4093295821","-107310.775214523","3657.68261632","3656.4929485321","37","42","352","357","-1","3","False"
"363","7","48","55","5","6","7","5","73","-72152.238931941","-107310.775214523","3657.68261632","3656.4929485321","38","43","353","358","-1","3","False"
"364","7","49","55","5","5","7","5","73","-75512.0685342999","-107310.775214523","3657.68261632","3656.4929485321","39","44","354","359","-1","3","False"
"365","7","50","55","5","4","7","5","73","-78871.8981366588","-107310.775214523","3657.68261632","3656.4929485321","40","45","355","360","2","4","True"
"366","7","51","55","5","3","7","5","73","-82231.7277390177","-107310.775214523","3657.68261632","3656.4929485321","41","46","356","361","2","3","True"
"367","7","52","55","5","2","7","5","73","-85591.5573413767","-107310.775214523","3657.68261632","3656.4929485321","42","47","357","362","2","3","True"
"368","7","53","55","5","1","7","5","73","-88951.3869437356","-107310.775214523","3657.68261632","3656.4929485321","43","48","358","363","2","3","True"
"369","7","54","55","5","0","7","5","73","-92311.2165460945","-107310.775214523","3657.68261632","3656.4929485321","44","49","359","364","2","3","True"
"370","8","0","55","5","0","8","5","73","-92311.2165460945","-103686.538153977","3657.68261632","3656.4929485321","5","10","375","380","3","3","True"
"371","8","1","55","5","1","8","5","73","-88951.3869437356","-103686.538153977","3657.68261632","3656.4929485321","6","11","376","381","3","4","True"
"372","8","2","55","5","2","8","5","73","-85591.5573413767","-103686.538153977","3657.68261632","3656.4929485321","7","12","377","382","3","4","True"
"373","8","3","55","5","3","8","5","73","-82231.7277390177","-103686.538153977","3657.68261632","3656.4929485321","8","13","378","383","3","4","True"
"374","8","4","55","5","4","8","5","73","-78871.8981366588","-103686.538153977","3657.68261632","3656.4929485321","9","14","379","384","3","6","True"
"375","8","5","55","5","5","8","5","73","-75512.0685342999","-103686.538153977","3657.68261632","3656.4929485321","10","15","380","385","-1","4","False"
"376","8","6","55","5","6","8","5","73","-72152.238931941","-103686.538153977","3657.68261632","3656.4929485321","11","16","381","386","-1","4","False"
"377","8","7","55","5","7","8","5","73","-68792.4093295821","-103686.538153977","3657.68261632","3656.4929485321","12","17","382","387","-1","4","False"
"378","8","8","55","5","8","8","5","73","-65432.5797272231","-103686.538153977","3657.68261632","3656.4929485321","13","18","383","388","-1","4","False"
"379","8","9","55","5","9","8","5","73","-62072.7501248642","-103686.538153977","3657.68261632","3656.4929485321","14","19","384","389","-1","6","False"
"380","8","10","55","5","10","8","5","73","-58712.9205225053","-103686.538153977","3657.68261632","3656.4929485321","15","20","385","390","-1","4","False"
"381","8","11","55","5","11","8","5","73","-55353.0909201464","-103686.538153977","3657.68261632","3656.4929485321","16","21","386","391","-1","4","False"
"382","8","12","55","5","12","8","5","73","-51993.2613177875","-103686.538153977","3657.68261632","3656.4929485321","17","22","387","392","-1","4","False"
"383","8","13","55","5","13","8","5","73","-48633.4317154286","-103686.538153977","3657.68261632","3656.4929485321","18","23","388","393","-1","4","False"
"384","8","14","55","5","14","8","5","73","-45273.6021130697","-103686.538153977","3657.68261632","3656.4929485321","19","24","389","394","-1","6","False"
"385","8","15","55","5","15","8","5","73","-41913.7725107107","-103686.538153977","3657.68261632","3656.4929485321","20","25","390","395","3","4","True"
"386","8","16","55","5","16","8","5","73","-38553.9429083518","-103686.538153977","3657.68261632","3656.4929485321","21","26","391","396","3","4","True"
"387","8","17","55","5","17","8","5","73","-35194.1133059929","-103686.538153977","3657.68261632","3656.4929485321","22","27","392","397","3","4","True"
"388","8","18","55","5","18","8","5","73","-31834.283703634","-103686.538153977","3657.68261632","3656.4929485321","23","28","393","398","3","4","True"
"389","8","19","55","5","19","8","5","73","-28474.4541012751","-103686.538153977","3657.68261632","3656.4929485321","24","29","394","399","3","6","True"
"390","8","20","55","5","20","8","5","73","-25114.6244989161","-103686.538153977","3657.68261632","3656.4929485321","25","30","395","400","-1","4","False"
"391","8","21","55","5","21","8","5","73","-21754.7948965572","-103686.538153977","3657.68261632","3656.4929485321","26","31","396","401","-1","4","False"
"392","8","22","55","5","22","8","5","73","-18394.9652941983","-103686.538153977","3657.68261632","3656.4929485321","27","32","397","402","-1","4","False"
"393","8","23","55","5","23","8","5","73","-15035.1356918394","-103686.538153977","3657.68261632","3656.4929485321","28","33","398","403","-1","4","False"
"394","8","24","55","5","24","8","5","73","-11675.3060894805","-103686.538153977","3657.68261632","3656.4929485321","29","34","399","404","-1","6","False"
"395","8","25","55","5","25","8","5","73","-8315.47648712156","-103686.538153977","3657.68261632","3656.4929485321","30","35","400","405","-1","4","False"
"396","8","26","55","5","26","8","5","73","-4955.64688476265","-103686.538153977","3657.68261632","3656.4929485321","31","36","401","406","-1","4","False"
"397","8","27","55","5","27","8","5","73","-1595.81728240374","-103686.538153977","3657.68261632","3656.4929485321","32","37","402","407","-1","4","False"
"398","8","28","55","5","28","8","5","73","1764.01231995518","-103686.538153977","3657.68261632","3656.4929485321","33","38","403","408","-1","4","False"
"399","8","29","55","5","29","8","5","73","5123.84192231409","-103686.538153977","3657.68261632","3656.4929485321","34","39","404","409","-1","6","False"
"400","8","30","55","5","30","8","5","73","8483.67152467302","-103686.538153977","3657.68261632","3656.4929485321","35","40","405","410","3","4","True"
"401","8","31","55","5","31","8","5","73","11843.5011270319","-103686.538153977","3657.68261632","3656.4929485321","36","41","406","411","3","4","True"
"402","8","32","55","5","32","8","5","73","15203.3307293908","-103686.538153977","3657.68261632","3656.4929485321","37","42","407","412","3","4","True"
"403","8","33","55","5","33","8","5","73","18563.1603317498","-103686.538153977","3657.68261632","3656.4929485321","38","43","408","413","3","4","True"
"404","8","34","55","5","34","8","5","73","21922.9899341087","-103686.538153977","3657.68261632","3656.4929485321","39","44","409","414","3","6","True"
"405","8","35","55","5","35","8","5","73","25282.8195364676","-103686.538153977","3657.68261632","3656.4929485321","40","45","410","415","-1","4","False"
"406","8","36","55","5","36","8","5","73","28642.6491388265","-103686.538153977","3657.68261632","3656.4929485321","41","46","411","416","-1","4","False"
"407","8","37","55","5","37","8","5","73","32002.4787411854","-103686.538153977","3657.68261632","3656.4929485321","42","47","412","417","-1","4","False"
"408","8","38","55","5","38","8","5","73","35362.3083435443","-103686.538153977","3657.68261632","3656.4929485321","43","48","413","418","-1","4","False"
"409","8","39","55","5","39","8","5","73","38722.1379459033","-103686.538153977","3657.68261632","3656.4929485321","44","49","414","419","-1","6","False"
"410","8","40","55","5","40","8","5","73","42081.9675482622","-103686.538153977","3657.68261632","3656.4929485321","45","50","415","420","-1","4","False"
"411","8","41","55","5","41","8","5","73","45441.7971506211","-103686.538153977","3657.68261632","3656.4929485321","46","51","416","421","-1","4","False"
"412","8","42","55","5","42","8","5","73","48801.62675298","-103686.538153977","3657.68261632","3656.4929485321","47","52","417","422","-1","4","False"
"413","8","43","55","5","43","8","5","73","52161.4563553389","-103686.538153977","3657.68261632","3656.4929485321","48","53","418","423","-1","4","False"
"414","8","44","55","5","44","8","5","73","55521.2859576979","-103686.538153977","3657.68261632","3656.4929485321","49","54","419","424","-1","6","False"
"415","8","45","55","5","45","8","5","73","58881.1155600568","-103686.538153977","3657.68261632","3656.4929485321","35","40","405","410","-1","4","False"
"416","8","46","55","5","46","8","5","73","62240.9451624157","-103686.538153977","3657.68261632","3656.4929485321","36","41","406","411","-1","4","False"
"417","8","47","55","5","47","8","5","73","65600.7747647746","-103686.538153977","3657.68261632","3656.4929485321","37","42","407","412","-1","4","False"
"418","8","48","55","5","48","8","5","73","68960.6043671335","-103686.538153977","3657.68261632","3656.4929485321","38","43","408","413","-1","4","False"
"419","8","49","55","5","49","8","5","73","72320.4339694924","-103686.538153977","3657.68261632","3656.4929485321","39","44","409","414","-1","6","False"
"420","8","50","55","5","50","8","5","73","75680.2635718514","-103686.538153977","3657.68261632","3656.4929485321","40","45","410","415","2","4","True"
"421","8","51","55","5","51","8","5","73","79040.0931742103","-103686.538153977","3657.68261632","3656.4929485321","41","46","411","416","2","4","True"
"422","8","52","55","5","52","8","5","73","82399.9227765692","-103686.538153977","3657.68261632","3656.4929485321","42","47","412","417","2","4","True"
"423","8","53","55","5","53","8","5","73","85759.7523789281","-103686.538153977","3657.68261632","3656.4929485321","43","48","413","418","2","4","True"
"424","8","54","55","5","54","8","5","73","89119.581981287","-103686.538153977","3657.68261632","3656.4929485321","44","49","414","419","2","4","True"
"425","9","0","55","5","54","9","5","73","89119.581981287","-100062.30109343","3657.68261632","3656.4929485321","5","10","430","435","3","2","True"
"426","9","1","55","5","53","9","5","73","85759.7523789281","-100062.30109343","3657.68261632","3656.4929485321","6","11","431","436","3","3","True"
"427","9","2","55","5","52","9","5","73","82399.9227765692","-100062.30109343","3657.68261632","3656.4929485321","7","12","432","437","3","3","True"
"428","9","3","55","5","51","9","5","73","79040.0931742103","-100062.30109343","3657.68261632","3656.4929485321","8","13","433","438","3","3","True"
"429","9","4","55","5","50","9","5","73","75680.2635718514","-100062.30109343","3657.68261632","3656.4929485321","9","14","434","439","3","3","True"
"430","9","5","55","5","49","9","5","73","72320.4339694924","-100062.30109343","3657.68261632","3656.4929485321","10","15","435","440","-1","4","False"
"431","9","6","55","5","48","9","5","73","68960.6043671335","-100062.30109343","3657.68261632","3656.4929485321","11","16","436","441","-1","3","False"
"432","9","7","55","5","47","9","5","73","65600.7747647746","-100062.30109343","3657.68261632","3656.4929485321","12","17","437","442","-1","3","False"
"433","9","8","55","5","46","9","5","73","62240.9451624157","-100062.30109343","3657.68261632","3656.4929485321","13","18","438","443","-1","3","False"
"434","9","9","55","5","45","9","5","73","58881.1155600568","-100062.30109343","3657.68261632","3656.4929485321","14","19","439","444","-1","3","False"
"435","9","10","55","5","44","9","5","73","55521.2859576979","-100062.30109343","3657.68261632","3656.4929485321","15","20","440","445","-1","4","False"
"436","9","11","55","5","43","9","5","73","52161.4563553389","-100062.30109343","3657.68261632","3656.4929485321","16","21","441","446","-1","3","False"
"437","9","12","55","5","42","9","5","73","48801.62675298","-100062.30109343","3657.68261632","3656.4929485321","17","22","442","447","-1","3","False"
"438","9","13","55","5","41","9","5","73","45441.7971506211","-100062.30109343","3657.68261632","3656.4929485321","18","23","443","448","-1","3","False"
"439","9","14","55","5","40","9","5","73","42081.9675482622","-100062.30109343","3657.68261632","3656.4929485321","19","24","444","449","-1","3","False"
"440","9","15","55","5","39","9","5","73","38722.1379459033","-100062.30109343","3657.68261632","3656.4929485321","20","25","445","450","3","4","True"
"441","9","16","55","5","38","9","5","73","35362.3083435443","-100062.30109343","3657.68261632","3656.4929485321","21","26","446","451","3","3","True"
"442","9","17","55","5","37","9","5","73","32002.4787411854","-100062.30109343","3657.68261632","3656.4929485321","22","27","447","452","3","3","True"
"443","9","18","55","5","36","9","5","73","28642.6491388265","-100062.30109343","3657.68261632","3656.4929485321","23","28","448","453","3","3","True"
"444","9","19","55","5","35","9","5","73","25282.8195364676","-100062.30109343","3657.68261632","3656.4929485321","24","29","449","454","3","3","True"
"445","9","20","55","5","34","9","5","73","21922.9899341087","-100062.30109343","3657.68261632","3656.4929485321","25","30","450","455","-1","4","False"
"446","9","21","55","5","33","9","5","73","18563.1603317498","-100062.30109343","3657.68261632","3656.4929485321","26","31","451","456","-1","3","False"
"447","9","22","55","5","32","9","5","73","15203.3307293908","-100062.30109343","3657.68261632","3656.4929485321","27","32","452","457","-1","3","False"
"448","9","23","55","5","31","9","5","73","11843.5011270319","-100062.30109343","3657.68261632","3656.4929485321","28","33","453","458","-1","3","False"
"449","9","24","55","5","30","9","5","73","8483.67152467302","-100062.30109343","3657.68261632","3656.4929485321","29","34","454","459","-1","3","False"
"450","9","25","55","5","29","9","5","73","5123.84192231409","-100062.30109343","3657.68261632","3656.4929485321","30","35","455","460","-1","4","False"
"451","9","26","55","5","28","9","5","73","1764.01231995518","-100062.30109343","3657.68261632","3656.4929485321","31","36","456","461","-1","3","False"
"452","9","27","55","5","27","9","5","73","-1595.81728240374","-100062.30109343","3657.68261632","3656.4929485321","32","37","457","462","-1","3","False"
"453","9","28","55","5","26","9","5","73","-4955.64688476265","-100062.30109343","3657.68261632","3656.4929485321","33","38","458","463","-1","3","False"
"454","9","29","55","5","25","9","5","73","-8315.47648712156","-100062.30109343","3657.68261632","3656.4929485321","34","39","459","464","-1","3","False"
"455","9","30","55","5","24","9","5","73","-11675.3060894805","-100062.30109343","3657.68261632","3656.4929485321","35","40","460","465","3","4","True"
"456","9","31","55","5","23","9","5","73","-15035.1356918394","-100062.30109343","3657.68261632","3656.4929485321","36","41","461","466","3","3","True"
"457","9","32","55","5","22","9","5","73","-18394.9652941983","-100062.30109343","3657.68261632","3656.4929485321","37","42","462","467","3","3","True"
"458","9","33","55","5","21","9","5","73","-21754.7948965572","-100062.30109343","3657.68261632","3656.4929485321","38","43","463","468","3","3","True"
"459","9","34","55","5","20","9","5","73","-25114.6244989161","-100062.30109343","3657.68261632","3656.4929485321","39","44","464","469","3","3","True"
"460","9","35","55","5","19","9","5","73","-28474.4541012751","-100062.30109343","3657.68261632","3656.4929485321","40","45","465","470","-1","4","False"
"461","9","36","55","5","18","9","5","73","-31834.283703634","-100062.30109343","3657.68261632","3656.4929485321","41","46","466","471","-1","3","False"
"462","9","37","55","5","17","9","5","73","-35194.1133059929","-100062.30109343","3657.68261632","3656.4929485321","42","47","467","472","-1","3","False"
"463","9","38","55","5","16","9","5","73","-38553.9429083518","-100062.30109343","3657.68261632","3656.4929485321","43","48","468","473","-1","3","False"
"464","9","39","55","5","15","9","5","73","-41913.7725107107","-100062.30109343","3657.68261632","3656.4929485321","44","49","469","474","-1","3","False"
"465","9","40","55","5","14","9","5","73","-45273.6021130697","-100062.30109343","3657.68261632","3656.4929485321","45","50","470","475","-1","4","False"
"466","9","41","55","5","13","9","5","73","-48633.4317154286","-100062.30109343","3657.68261632","3656.4929485321","46","51","471","476","-1","3","False"
"467","9","42","55","5","12","9","5","73","-51993.2613177875","-100062.30109343","3657.68261632","3656.4929485321","47","52","472","477","-1","3","False"
"468","9","43","55","5","11","9","5","73","-55353.0909201464","-100062.30109343","3657.68261632","3656.4929485321","48","53","473","478","-1","3","False"
"469","9","44","55","5","10","9","5","73","-58712.9205225053","-100062.30109343","3657.68261632","3656.4929485321","49","54","474","479","-1","3","False"
"470","9","45","55","5","9","9","5","73","-62072.7501248642","-100062.30109343","3657.68261632","3656.4929485321","35","40","460","465","-1","4","False"
"471","9","46","55","5","8","9","5","73","-65432.5797272231","-100062.30109343","3657.68261632","3656.4929485321","36","41","461","466","-1","3","False"
"472","9","47","55","5","7","9","5","73","-68792.4093295821","-100062.30109343","3657.68261632","3656.4929485321","37","42","462","467","-1","3","False"
"473","9","48","55","5","6","9","5","73","-72152.238931941","-100062.30109343","3657.68261632","3656.4929485321","38","43","463","468","-1","3","False"
"474","9","49","55","5","5","9","5","73","-75512.0685342999","-100062.30109343","3657.68261632","3656.4929485321","39","44","464","469","-1","3","False"
"475","9","50","55","5","4","9","5","73","-78871.8981366588","-100062.30109343","3657.68261632","3656.4929485321","40","45","465","470","2","4","True"
"476","9","51","55","5","3","9","5","73","-82231.7277390177","-100062.30109343","3657.68261632","3656.4929485321","41","46","466","471","2","3","True"
"477","9","52","55","5","2","9","5","73","-85591.5573413767","-100062.30109343","3657.68261632","3656.4929485321","42","47","467","472","2","3","True"
"478","9","53","55","5","1","9","5","73","-88951.3869437356","-100062.30109343","3657.68261632","3656.4929485321","43","48","468","473","2","3","True"
"479","9","54","55","5","0","9","5","73","-92311.2165460945","-100062.30109343","3657.68261632","3656.4929485321","44","49","469","474","2","3","True"
"480","10","0","65","5","0","10","5","73","-109110.365105665","-96438.0640328828","3657.68261632","3656.4929485321","5","10","485","490","3","1","True"
"481","10","1","65","5","1","10","5","73","-105750.535503306","-96438.0640328828","3657.68261632","3656.4929485321","6","11","486","491","3","2","True"
"482","10","2","65","5","2","10","5","73","-102390.705900947","-96438.0640328828","3657.68261632","3656.4929485321","7","12","487","492","3","2","True"
"483","10","3","65","5","3","10","5","73","-99030.8762985881","-96438.0640328828","3657.68261632","3656.4929485321","8","13","488","493","3","2","True"
"484","10","4","65","5","4","10","5","73","-95671.0466962291","-96438.0640328828","3657.68261632","3656.4929485321","9","14","489","494","3","5","True"
"485","10","5","65","5","5","10","5","73","-92311.2170938702","-96438.0640328828","3657.68261632","3656.4929485321","10","15","490","495","-1","4","False"
"486","10","6","65","5","6","10","5","73","-88951.3874915113","-96438.0640328828","3657.68261632","3656.4929485321","11","16","491","496","-1","4","False"
"487","10","7","65","5","7","10","5","73","-85591.5578891524","-96438.0640328828","3657.68261632","3656.4929485321","12","17","492","497","-1","4","False"
"488","10","8","65","5","8","10","5","73","-82231.7282867935","-96438.0640328828","3657.68261632","3656.4929485321","13","18","493","498","-1","4","False"
"489","10","9","65","5","9","10","5","73","-78871.8986844345","-96438.0640328828","3657.68261632","3656.4929485321","14","19","494","499","-1","6","False"
"490","10","10","65","5","10","10","5","73","-75512.0690820756","-96438.0640328828","3657.68261632","3656.4929485321","15","20","495","500","-1","4","False"
"491","10","11","65","5","11","10","5","73","-72152.2394797167","-96438.0640328828","3657.68261632","3656.4929485321","16","21","496","501","-1","4","False"
"492","10","12","65","5","12","10","5","73","-68792.4098773578","-96438.0640328828","3657.68261632","3656.4929485321","17","22","497","502","-1","4","False"
"493","10","13","65","5","13","10","5","73","-65432.5802749989","-96438.0640328828","3657.68261632","3656.4929485321","18","23","498","503","-1","4","False"
"494","10","14","65","5","14","10","5","73","-62072.75067264","-96438.0640328828","3657.68261632","3656.4929485321","19","24","499","504","-1","6","False"
"495","10","15","65","5","15","10","5","73","-58712.921070281","-96438.0640328828","3657.68261632","3656.4929485321","20","25","500","505","3","4","True"
"496","10","16","65","5","16","10","5","73","-55353.0914679221","-96438.0640328828","3657.68261632","3656.4929485321","21","26","501","506","3","4","True"
"497","10","17","65","5","17","10","5","73","-51993.2618655632","-96438.0640328828","3657.68261632","3656.4929485321","22","27","502","507","3","4","True"
"498","10","18","65","5","18","10","5","73","-48633.4322632043","-96438.0640328828","3657.68261632","3656.4929485321","23","28","503","508","3","4","True"
"499","10","19","65","5","19","10","5","73","-45273.6026608454","-96438.0640328828","3657.68261632","3656.4929485321","24","29","504","509","3","6","True"
"500","10","20","65","5","20","10","5","73","-41913.7730584865","-96438.0640328828","3657.68261632","3656.4929485321","25","30","505","510","-1","4","False"
"501","10","21","65","5","21","10","5","73","-38553.9434561275","-96438.0640328828","3657.68261632","3656.4929485321","26","31","506","511","-1","4","False"
"502","10","22","65","5","22","10","5","73","-35194.1138537686","-96438.0640328828","3657.68261632","3656.4929485321","27","32","507","512","-1","4","False"
"503","10","23","65","5","23","10","5","73","-31834.2842514097","-96438.0640328828","3657.68261632","3656.4929485321","28","33","508","513","-1","4","False"
"504","10","24","65","5","24","10","5","73","-28474.4546490508","-96438.0640328828","3657.68261632","3656.4929485321","29","34","509","514","-1","6","False"
"505","10","25","65","5","25","10","5","73","-25114.6250466919","-96438.0640328828","3657.68261632","3656.4929485321","30","35","510","515","-1","4","False"
"506","10","26","65","5","26","10","5","73","-21754.795444333","-96438.0640328828","3657.68261632","3656.4929485321","31","36","511","516","-1","4","False"
"507","10","27","65","5","27","10","5","73","-18394.965841974","-96438.0640328828","3657.68261632","3656.4929485321","32","37","512","517","-1","4","False"
"508","10","28","65","5","28","10","5","73","-15035.1362396151","-96438.0640328828","3657.68261632","3656.4929485321","33","38","513","518","-1","4","False"
"509","10","29","65","5","29","10","5","73","-11675.3066372562","-96438.0640328828","3657.68261632","3656.4929485321","34","39","514","519","-1","6","False"
"510","10","30","65","5","30","10","5","73","-8315.47703489729","-96438.0640328828","3657.68261632","3656.4929485321","35","40","515","520","3","4","True"
"511","10","31","65","5","31","10","5","73","-4955.64743253838","-96438.0640328828","3657.68261632","3656.4929485321","36","41","516","521","3","4","True"
"512","10","32","65","5","32","10","5","73","-1595.81783017946","-96438.0640328828","3657.68261632","3656.4929485321","37","42","517","522","3","4","True"
"513","10","33","65","5","33","10","5","73","1764.01177217945","-96438.0640328828","3657.68261632","3656.4929485321","38","43","518","523","3","4","True"
"514","10","34","65","5","34","10","5","73","5123.84137453837","-96438.0640328828","3657.68261632","3656.4929485321","39","44","519","524","3","6","True"
"515","10","35","65","5","35","10","5","73","8483.67097689729","-96438.0640328828","3657.68261632","3656.4929485321","40","45","520","525","-1","4","False"
"516","10","36","65","5","36","10","5","73","11843.5005792562","-96438.0640328828","3657.68261632","3656.4929485321","41","46","521","526","-1","4","False"
"517","10","37","65","5","37","10","5","73","15203.3301816151","-96438.0640328828","3657.68261632","3656.4929485321","42","47","522","527","-1","4","False"
"518","10","38","65","5","38","10","5","73","18563.159783974","-96438.0640328828","3657.68261632","3656.4929485321","43","48","523","528","-1","4","False"
"519","10","39","65","5","39","10","5","73","21922.989386333","-96438.0640328828","3657.68261632","3656.4929485321","44","49","524","529","-1","6","False"
"520","10","40","65","5","40","10","5","73","25282.8189886919","-96438.0640328828","3657.68261632","3656.4929485321","45","50","525","530","-1","4","False"
"521","10","41","65","5","41","10","5","73","28642.6485910508","-96438.0640328828","3657.68261632","3656.4929485321","46","51","526","531","-1","4","False"
"522","10","42","65","5","42","10","5","73","32002.4781934097","-96438.0640328828","3657.68261632","3656.4929485321","47","52","527","532","-1","4","False"
"523","10","43","65","5","43","10","5","73","35362.3077957686","-96438.0640328828","3657.68261632","3656.4929485321","48","53","528","533","-1","4","False"
"524","10","44","65","5","44","10","5","73","38722.1373981275","-96438.0640328828","3657.68261632","3656.4929485321","49","54","529","534","-1","6","False"
"525","10","45","65","5","45","10","5","73","42081.9670004865","-96438.0640328828","3657.68261632","3656.4929485321","50","55","530","535","3","4","True"
"526","10","46","65","5","46","10","5","73","45441.7966028454","-96438.0640328828","3657.68261632","3656.4929485321","51","56","531","536","3","4","True"
"527","10","47","65","5","47","10","5","73","48801.6262052043","-96438.0640328828","3657.68261632","3656.4929485321","52","57","532","537","3","4","True"
"528","10","48","65","5","48","10","5","73","52161.4558075632","-96438.0640328828","3657.68261632","3656.4929485321","53","58","533","538","3","4","True"
"529","10","49","65","5","49","10","5","73","55521.2854099221","-96438.0640328828","3657.68261632","3656.4929485321","54","59","534","539","3","6","True"
"530","10","50","65","5","50","10","5","73","58881.1150122811","-96438.0640328828","3657.68261632","3656.4929485321","55","60","535","540","-1","4","False"
"531","10","51","65","5","51","10","5","73","62240.9446146399","-96438.0640328828","3657.68261632","3656.4929485321","56","61","536","541","-1","4","False"
"532","10","52","65","5","52","10","5","73","65600.7742169989","-96438.0640328828","3657.68261632","3656.4929485321","57","62","537","542","-1","4","False"
"533","10","53","65","5","53","10","5","73","68960.6038193578","-96438.0640328828","3657.68261632","3656.4929485321","58","63","538","543","-1","4","False"
"534","10","54","65","5","54","10","5","73","72320.4334217167","-96438.0640328828","3657.68261632","3656.4929485321","59","64","539","544","-1","6","False"
"535","10","55","65","5","55","10","5","73","75680.2630240756","-96438.0640328828","3657.68261632","3656.4929485321","45","50","525","530","-1","4","False"
"536","10","56","65","5","56","10","5","73","79040.0926264345","-96438.0640328828","3657.68261632","3656.4929485321","46","51","526","531","-1","4","False"
"537","10","57","65","5","57","10","5","73","82399.9222287935","-96438.0640328828","3657.68261632","3656.4929485321","47","52","527","532","-1","4","False"
"538","10","58","65","5","58","10","5","73","85759.7518311524","-96438.0640328828","3657.68261632","3656.4929485321","48","53","528","533","-1","4","False"
"539","10","59","65","5","59","10","5","73","89119.5814335113","-96438.0640328828","3657.68261632","3656.4929485321","49","54","529","534","-1","5","False"
"540","10","60","65","5","60","10","5","73","92479.4110358702","-96438.0640328828","3657.68261632","3656.4929485321","50","55","530","535","0","3","True"
"541","10","61","65","5","61","10","5","73","95839.2406382291","-96438.0640328828","3657.68261632","3656.4929485321","51","56","531","536","0","2","True"
"542","10","62","65","5","62","10","5","73","99199.0702405881","-96438.0640328828","3657.68261632","3656.4929485321","52","57","532","537","0","2","True"
"543","10","63","65","5","63","10","5","73","102558.899842947","-96438.0640328828","3657.68261632","3656.4929485321","53","58","533","538","0","2","True"
"544","10","64","65","5","64","10","5","73","105918.729445306","-96438.0640328828","3657.68261632","3656.4929485321","54","59","534","539","0","2","True"
"545","11","0","65","5","64","11","5","73","105918.729445306","-92813.8269723359","3657.68261632","3656.4929485321","5","10","550","555","3","2","True"
"546","11","1","65","5","63","11","5","73","102558.899842947","-92813.8269723359","3657.68261632","3656.4929485321","6","11","551","556","3","3","True"
"547","11","2","65","5","62","11","5","73","99199.0702405881","-92813.8269723359","3657.68261632","3656.4929485321","7","12","552","557","3","3","True"
"548","11","3","65","5","61","11","5","73","95839.2406382291","-92813.8269723359","3657.68261632","3656.4929485321","8","13","553","558","3","3","True"
"549","11","4","65","5","60","11","5","73","92479.4110358702","-92813.8269723359","3657.68261632","3656.4929485321","9","14","554","559","3","3","True"
"550","11","5","65","5","59","11","5","73","89119.5814335113","-92813.8269723359","3657.68261632","3656.4929485321","10","15","555","560","-1","4","False"
"551","11","6","65","5","58","11","5","73","85759.7518311524","-92813.8269723359","3657.68261632","3656.4929485321","11","16","556","561","-1","3","False"
"552","11","7","65","5","57","11","5","73","82399.9222287935","-92813.8269723359","3657.68261632","3656.4929485321","12","17","557","562","-1","3","False"
"553","11","8","65","5","56","11","5","73","79040.0926264345","-92813.8269723359","3657.68261632","3656.4929485321","13","18","558","563","-1","3","False"
"554","11","9","65","5","55","11","5","73","75680.2630240756","-92813.8269723359","3657.68261632","3656.4929485321","14","19","559","564","-1","3","False"
"555","11","10","65","5","54","11","5","73","72320.4334217167","-92813.8269723359","3657.68261632","3656.4929485321","15","20","560","565","-1","4","False"
"556","11","11","65","5","53","11","5","73","68960.6038193578","-92813.8269723359","3657.68261632","3656.4929485321","16","21","561","566","-1","3","False"
"557","11","12","65","5","52","11","5","73","65600.7742169989","-92813.8269723359","3657.68261632","3656.4929485321","17","22","562","567","-1","3","False"
"558","11","13","65","5","51","11","5","73","62240.9446146399","-92813.8269723359","3657.68261632","3656.4929485321","18","23","563","568","-1","3","False"
"559","11","14","65","5","50","11","5","73","58881.1150122811","-92813.8269723359","3657.68261632","3656.4929485321","19","24","564","569","-1","3","False"
"560","11","15","65","5","49","11","5","73","55521.2854099221","-92813.8269723359","3657.68261632","3656.4929485321","20","25","565","570","3","4","True"
"561","11","16","65","5","48","11","5","73","52161.4558075632","-92813.8269723359","3657.68261632","3656.4929485321","21","26","566","571","3","3","True"
"562","11","17","65","5","47","11","5","73","48801.6262052043","-92813.8269723359","3657.68261632","3656.4929485321","22","27","567","572","3","3","True"
"563","11","18","65","5","46","11","5","73","45441.7966028454","-92813.8269723359","3657.68261632","3656.4929485321","23","28","568","573","3","3","True"
"564","11","19","65","5","45","11","5","73","42081.9670004865","-92813.8269723359","3657.68261632","3656.4929485321","24","29","569","574","3","3","True"
"565","11","20","65","5","44","11","5","73","38722.1373981275","-92813.8269723359","3657.68261632","3656.4929485321","25","30","570","575","-1","4","False"
"566","11","21","65","5","43","11","5","73","35362.3077957686","-92813.8269723359","3657.68261632","3656.4929485321","26","31","571","576","-1","3","False"
"567","11","22","65","5","42","11","5","73","32002.4781934097","-92813.8269723359","3657.68261632","3656.4929485321","27","32","572","577","-1","3","False"
"568","11","23","65","5","41","11","5","73","28642.6485910508","-92813.8269723359","3657.68261632","3656.4929485321","28","33","573","578","-1","3","False"
"569","11","24","65","5","40","11","5","73","25282.8189886919","-92813.8269723359","3657.68261632","3656.4929485321","29","34","574","579","-1","3","False"
"570","11","25","65","5","39","11","5","73","21922.989386333","-92813.8269723359","3657.68261632","3656.4929485321","30","35","575","580","-1","4","False"
"571","11","26","65","5","38","11","5","73","18563.159783974","-92813.8269723359","3657.68261632","3656.4929485321","31","36","576","581","-1","3","False"
"572","11","27","65","5","37","11","5","73","15203.3301816151","-92813.8269723359","3657.68261632","3656.4929485321","32","37","577","582","-1","3","False"
"573","11","28","65","5","36","11","5","73","11843.5005792562","-92813.8269723359","3657.68261632","3656.4929485321","33","38","578","583","-1","3","False"
"574","11","29","65","5","35","11","5","73","8483.67097689729","-92813.8269723359","3657.68261632","3656.4929485321","34","39","579","584","-1","3","False"
"575","11","30","65","5","34","11","5","73","5123.84137453837","-92813.8269723359","3657.68261632","3656.4929485321","35","40","580","585","3","4","True"
"576","11","31","65","5","33","11","5","73","1764.01177217945","-92813.8269723359","3657.68261632","3656.4929485321","36","41","581","586","3","3","True"
"577","11","32","65","5","32","11","5","73","-1595.81783017946","-92813.8269723359","3657.68261632","3656.4929485321","37","42","582","587","3","3","True"
"578","11","33","65","5","31","11","5","73","-4955.64743253838","-92813.8269723359","3657.68261632","3656.4929485321","38","43","583","588","3","3","True"
"579","11","34","65","5","30","11","5","73","-8315.47703489729","-92813.8269723359","3657.68261632","3656.4929485321","39","44","584","589","3","3","True"
"580","11","35","65","5","29","11","5","73","-11675.3066372562","-92813.8269723359","3657.68261632","3656.4929485321","40","45","585","590","-1","4","False"
"581","11","36","65","5","28","11","5","73","-15035.1362396151","-92813.8269723359","3657.68261632","3656.4929485321","41","46","586","591","-1","3","False"
"582","11","37","65","5","27","11","5","73","-18394.965841974","-92813.8269723359","3657.68261632","3656.4929485321","42","47","587","592","-1","3","False"
"583","11","38","65","5","26","11","5","73","-21754.795444333","-92813.8269723359","3657.68261632","3656.4929485321","43","48","588","593","-1","3","False"
"584","11","39","65","5","25","11","5","73","-25114.6250466919","-92813.8269723359","3657.68261632","3656.4929485321","44","49","589","594","-1","3","False"
"585","11","40","65","5","24","11","5","73","-28474.4546490508","-92813.8269723359","3657.68261632","3656.4929485321","45","50","590","595","-1","4","False"
"586","11","41","65","5","23","11","5","73","-31834.2842514097","-92813.8269723359","3657.68261632","3656.4929485321","46","51","591","596","-1","3","False"
"587","11","42","65","5","22","11","5","73","-35194.1138537686","-92813.8269723359","3657.68261632","3656.4929485321","47","52","592","597","-1","3","False"
"588","11","43","65","5","21","11","5","73","-38553.9434561275","-92813.8269723359","3657.68261632","3656.4929485321","48","53","593","598","-1","3","False"
"589","11","44","65","5","20","11","5","73","-41913.7730584865","-92813.8269723359","3657.68261632","3656.4929485321","49","54","594","599","-1","3","False"
"590","11","45","65","5","19","11","5","73","-45273.6026608454","-92813.8269723359","3657.68261632","3656.4929485321","50","55","595","600","3","4","True"
"591","11","46","65","5","18","11","5","73","-48633.4322632043","-92813.8269723359","3657.68261632","3656.4929485321","51","56","596","601","3","3","True"
"592","11","47","65","5","17","11","5","73","-51993.2618655632","-92813.8269723359","3657.68261632","3656.4929485321","52","57","597","602","3","3","True"
"593","11","48","65","5","16","11","5","73","-55353.0914679221","-92813.8269723359","3657.68261632","3656.4929485321","53","58","598","603","3","3","True"
"594","11","49","65","5","15","11","5","73","-58712.921070281","-92813.8269723359","3657.68261632","3656.4929485321","54","59","599","604","3","3","True"
"595","11","50","65","5","14","11","5","73","-62072.75067264","-92813.8269723359","3657.68261632","3656.4929485321","55","60","600","605","-1","4","False"
"596","11","51","65","5","13","11","5","73","-65432.5802749989","-92813.8269723359","3657.68261632","3656.4929485321","56","61","601","606","-1","3","False"
"597","11","52","65","5","12","11","5","73","-68792.4098773578","-92813.8269723359","3657.68261632","3656.4929485321","57","62","602","607","-1","3","False"
"598","11","53","65","5","11","11","5","73","-72152.2394797167","-92813.8269723359","3657.68261632","3656.4929485321","58","63","603","608","-1","3","False"
"599","11","54","65","5","10","11","5","73","-75512.0690820756","-92813.8269723359","3657.68261632","3656.4929485321","59","64","604","609","-1","3","False"
"600","11","55","65","5","9","11","5","73","-78871.8986844345","-92813.8269723359","3657.68261632","3656.4929485321","45","50","590","595","-1","4","False"
"601","11","56","65","5","8","11","5","73","-82231.7282867935","-92813.8269723359","3657.68261632","3656.4929485321","46","51","591","596","-1","3","False"
"602","11","57","65","5","7","11","5","73","-85591.5578891524","-92813.8269723359","3657.68261632","3656.4929485321","47","52","592","597","-1","3","False"
"603","11","58","65","5","6","11","5","73","-88951.3874915113","-92813.8269723359","3657.68261632","3656.4929485321","48","53","593","598","-1","3","False"
"604","11","59","65","5","5","11","5","73","-92311.2170938702","-92813.8269723359","3657.68261632","3656.4929485321","49","54","594","599","-1","3","False"
"605","11","60","65","5","4","11","5","73","-95671.0466962291","-92813.8269723359","3657.68261632","3656.4929485321","50","55","595","600","0","4","True"
"606","11","61","65","5","3","11","5","73","-99030.8762985881","-92813.8269723359","3657.68261632","3656.4929485321","51","56","596","601","0","3","True"
"607","11","62","65","5","2","11","5","73","-102390.705900947","-92813.8269723359","3657.68261632","3656.4929485321","52","57","597","602","0","3","True"
"608","11","63","65","5","1","11","5","73","-105750.535503306","-92813.8269723359","3657.68261632","3656.4929485321","53","58","598","603","0","3","True"
"609","11","64","65","5","0","11","5","73","-109110.365105665","-92813.8269723359","3657.68261632","3656.4929485321","54","59","599","604","0","3","True"
"610","12","0","65","5","0","12","5","73","-109110.365105665","-89189.5899117891","3657.68261632","3656.4929485321","5","10","615","620","3","2","True"
"611","12","1","65","5","1","12","5","73","-105750.535503306","-89189.5899117891","3657.68261632","3656.4929485321","6","11","616","621","3","3","True"
"612","12","2","65","5","2","12","5","73","-102390.705900947","-89189.5899117891","3657.68261632","3656.4929485321","7","12","617","622","3","3","True"
"613","12","3","65","5","3","12","5","73","-99030.8762985881","-89189.5899117891","3657.68261632","3656.4929485321","8","13","618","623","3","3","True"
"614","12","4","65","5","4","12","5","73","-95671.0466962291","-89189.5899117891","3657.68261632","3656.4929485321","9","14","619","624","3","4","True"
"615","12","5","65","5","5","12","5","73","-92311.2170938702","-89189.5899117891","3657.68261632","3656.4929485321","10","15","620","625","-1","3","False"
"616","12","6","65","5","6","12","5","73","-88951.3874915113","-89189.5899117891","3657.68261632","3656.4929485321","11","16","621","626","-1","3","False"
"617","12","7","65","5","7","12","5","73","-85591.5578891524","-89189.5899117891","3657.68261632","3656.4929485321","12","17","622","627","-1","3","False"
"618","12","8","65","5","8","12","5","73","-82231.7282867935","-89189.5899117891","3657.68261632","3656.4929485321","13","18","623","628","-1","3","False"
"619","12","9","65","5","9","12","5","73","-78871.8986844345","-89189.5899117891","3657.68261632","3656.4929485321","14","19","624","629","-1","4","False"
"620","12","10","65","5","10","12","5","73","-75512.0690820756","-89189.5899117891","3657.68261632","3656.4929485321","15","20","625","630","-1","3","False"
"621","12","11","65","5","11","12","5","73","-72152.2394797167","-89189.5899117891","3657.68261632","3656.4929485321","16","21","626","631","-1","3","False"
"622","12","12","65","5","12","12","5","73","-68792.4098773578","-89189.5899117891","3657.68261632","3656.4929485321","17","22","627","632","-1","3","False"
"623","12","13","65","5","13","12","5","73","-65432.5802749989","-89189.5899117891","3657.68261632","3656.4929485321","18","23","628","633","-1","3","False"
"624","12","14","65","5","14","12","5","73","-62072.75067264","-89189.5899117891","3657.68261632","3656.4929485321","19","24","629","634","-1","4","False"
"625","12","15","65","5","15","12","5","73","-58712.921070281","-89189.5899117891","3657.68261632","3656.4929485321","20","25","630","635","3","3","True"
"626","12","16","65","5","16","12","5","73","-55353.0914679221","-89189.5899117891","3657.68261632","3656.4929485321","21","26","631","636","3","3","True"
"627","12","17","65","5","17","12","5","73","-51993.2618655632","-89189.5899117891","3657.68261632","3656.4929485321","22","27","632","637","3","3","True"
"628","12","18","65","5","18","12","5","73","-48633.4322632043","-89189.5899117891","3657.68261632","3656.4929485321","23","28","633","638","3","3","True"
"629","12","19","65","5","19","12","5","73","-45273.6026608454","-89189.5899117891","3657.68261632","3656.4929485321","24","29","634","639","3","4","True"
"630","12","20","65","5","20","12","5","73","-41913.7730584865","-89189.5899117891","3657.68261632","3656.4929485321","25","30","635","640","-1","3","False"
"631","12","21","65","5","21","12","5","73","-38553.9434561275","-89189.5899117891","3657.68261632","3656.4929485321","26","31","636","641","-1","3","False"
"632","12","22","65","5","22","12","5","73","-35194.1138537686","-89189.5899117891","3657.68261632","3656.4929485321","27","32","637","642","-1","3","False"
"633","12","23","65","5","23","12","5","73","-31834.2842514097","-89189.5899117891","3657.68261632","3656.4929485321","28","33","638","643","-1","3","False"
"634","12","24","65","5","24","12","5","73","-28474.4546490508","-89189.5899117891","3657.68261632","3656.4929485321","29","34","639","644","-1","4","False"
"635","12","25","65","5","25","12","5","73","-25114.6250466919","-89189.5899117891","3657.68261632","3656.4929485321","30","35","640","645","-1","3","False"
"636","12","26","65","5","26","12","5","73","-21754.795444333","-89189.5899117891","3657.68261632","3656.4929485321","31","36","641","646","-1","3","False"
"637","12","27","65","5","27","12","5","73","-18394.965841974","-89189.5899117891","3657.68261632","3656.4929485321","32","37","642","647","-1","3","False"
"638","12","28","65","5","28","12","5","73","-15035.1362396151","-89189.5899117891","3657.68261632","3656.4929485321","33","38","643","648","-1","3","False"
"639","12","29","65","5","29","12","5","73","-11675.3066372562","-89189.5899117891","3657.68261632","3656.4929485321","34","39","644","649","-1","4","False"
"640","12","30","65","5","30","12","5","73","-8315.47703489729","-89189.5899117891","3657.68261632","3656.4929485321","35","40","645","650","3","3","True"
"641","12","31","65","5","31","12","5","73","-4955.64743253838","-89189.5899117891","3657.68261632","3656.4929485321","36","41","646","651","3","3","True"
"642","12","32","65","5","32","12","5","73","-1595.81783017946","-89189.5899117891","3657.68261632","3656.4929485321","37","42","647","652","3","3","True"
"643","12","33","65","5","33","12","5","73","1764.01177217945","-89189.5899117891","3657.68261632","3656.4929485321","38","43","648","653","3","3","True"
"644","12","34","65","5","34","12","5","73","5123.84137453837","-89189.5899117891","3657.68261632","3656.4929485321","39","44","649","654","3","4","True"
"645","12","35","65","5","35","12","5","73","8483.67097689729","-89189.5899117891","3657.68261632","3656.4929485321","40","45","650","655","-1","3","False"
"646","12","36","65","5","36","12","5","73","11843.5005792562","-89189.5899117891","3657.68261632","3656.4929485321","41","46","651","656","-1","3","False"
"647","12","37","65","5","37","12","5","73","15203.3301816151","-89189.5899117891","3657.68261632","3656.4929485321","42","47","652","657","-1","3","False"
"648","12","38","65","5","38","12","5","73","18563.159783974","-89189.5899117891","3657.68261632","3656.4929485321","43","48","653","658","-1","3","False"
"649","12","39","65","5","39","12","5","73","21922.989386333","-89189.5899117891","3657.68261632","3656.4929485321","44","49","654","659","-1","4","False"
"650","12","40","65","5","40","12","5","73","25282.8189886919","-89189.5899117891","3657.68261632","3656.4929485321","45","50","655","660","-1","3","False"
"651","12","41","65","5","41","12","5","73","28642.6485910508","-89189.5899117891","3657.68261632","3656.4929485321","46","51","656","661","-1","3","False"
"652","12","42","65","5","42","12","5","73","32002.4781934097","-89189.5899117891","3657.68261632","3656.4929485321","47","52","657","662","-1","3","False"
"653","12","43","65","5","43","12","5","73","35362.3077957686","-89189.5899117891","3657.68261632","3656.4929485321","48","53","658","663","-1","3","False"
"654","12","44","65","5","44","12","5","73","38722.1373981275","-89189.5899117891","3657.68261632","3656.4929485321","49","54","659","664","-1","4","False"
"655","12","45","65","5","45","12","5","73","42081.9670004865","-89189.5899117891","3657.68261632","3656.4929485321","50","55","660","665","3","3","True"
"656","12","46","65","5","46","12","5","73","45441.7966028454","-89189.5899117891","3657.68261632","3656.4929485321","51","56","661","666","3","3","True"
"657","12","47","65","5","47","12","5","73","48801.6262052043","-89189.5899117891","3657.68261632","3656.4929485321","52","57","662","667","3","3","True"
"658","12","48","65","5","48","12","5","73","52161.4558075632","-89189.5899117891","3657.68261632","3656.4929485321","53","58","663","668","3","3","True"
"659","12","49","65","5","49","12","5","73","55521.2854099221","-89189.5899117891","3657.68261632","3656.4929485321","54","59","664","669","3","4","True"
"660","12","50","65","5","50","12","5","73","58881.1150122811","-89189.5899117891","3657.68261632","3656.4929485321","55","60","665","670","-1","3","False"
"661","12","51","65","5","51","12","5","73","62240.9446146399","-89189.5899117891","3657.68261632","3656.4929485321","56","61","666","671","-1","3","False"
"662","12","52","65","5","52","12","5","73","65600.7742169989","-89189.5899117891","3657.68261632","3656.4929485321","57","62","667","672","-1","3","False"
"663","12","53","65","5","53","12","5","73","68960.6038193578","-89189.5899117891","3657.68261632","3656.4929485321","58","63","668","673","-1","3","False"
"664","12","54","65","5","54","12","5","73","72320.4334217167","-89189.5899117891","3657.68261632","3656.4929485321","59","64","669","674","-1","4","False"
"665","12","55","65","5","55","12","5","73","75680.2630240756","-89189.5899117891","3657.68261632","3656.4929485321","45","50","655","660","-1","3","False"
"666","12","56","65","5","56","12","5","73","79040.0926264345","-89189.5899117891","3657.68261632","3656.4929485321","46","51","656","661","-1","3","False"
"667","12","57","65","5","57","12","5","73","82399.9222287935","-89189.5899117891","3657.68261632","3656.4929485321","47","52","657","662","-1","3","False"
"668","12","58","65","5","58","12","5","73","85759.7518311524","-89189.5899117891","3657.68261632","3656.4929485321","48","53","658","663","-1","3","False"
"669","12","59","65","5","59","12","5","73","89119.5814335113","-89189.5899117891","3657.68261632","3656.4929485321","49","54","659","664","-1","4","False"
"670","12","60","65","5","60","12","5","73","92479.4110358702","-89189.5899117891","3657.68261632","3656.4929485321","50","55","660","665","0","3","True"
"671","12","61","65","5","61","12","5","73","95839.2406382291","-89189.5899117891","3657.68261632","3656.4929485321","51","56","661","666","0","3","True"
"672","12","62","65","5","62","12","5","73","99199.0702405881","-89189.5899117891","3657.68261632","3656.4929485321","52","57","662","667","0","3","True"
"673","12","63","65","5","63","12","5","73","102558.899842947","-89189.5899117891","3657.68261632","3656.4929485321","53","58","663","668","0","3","True"
"674","12","64","65","5","64","12","5","73","105918.729445306","-89189.5899117891","3657.68261632","3656.4929485321","54","59","664","669","0","3","True"
"675","13","0","65","5","64","13","5","73","105918.729445306","-85565.3528512422","3657.68261632","3656.4929485321","5","10","680","685","3","3","True"
"676","13","1","65","5","63","13","5","73","102558.899842947","-85565.3528512422","3657.68261632","3656.4929485321","6","11","681","686","3","4","True"
"677","13","2","65","5","62","13","5","73","99199.0702405881","-85565.3528512422","3657.68261632","3656.4929485321","7","12","682","687","3","4","True"
"678","13","3","65","5","61","13","5","73","95839.2406382291","-85565.3528512422","3657.68261632","3656.4929485321","8","13","683","688","3","4","True"
"679","13","4","65","5","60","13","5","73","92479.4110358702","-85565.3528512422","3657.68261632","3656.4929485321","9","14","684","689","3","4","True"
"680","13","5","65","5","59","13","5","73","89119.5814335113","-85565.3528512422","3657.68261632","3656.4929485321","10","15","685","690","-1","6","False"
"681","13","6","65","5","58","13","5","73","85759.7518311524","-85565.3528512422","3657.68261632","3656.4929485321","11","16","686","691","-1","4","False"
"682","13","7","65","5","57","13","5","73","82399.9222287935","-85565.3528512422","3657.68261632","3656.4929485321","12","17","687","692","-1","4","False"
"683","13","8","65","5","56","13","5","73","79040.0926264345","-85565.3528512422","3657.68261632","3656.4929485321","13","18","688","693","-1","4","False"
"684","13","9","65","5","55","13","5","73","75680.2630240756","-85565.3528512422","3657.68261632","3656.4929485321","14","19","689","694","-1","4","False"
"685","13","10","65","5","54","13","5","73","72320.4334217167","-85565.3528512422","3657.68261632","3656.4929485321","15","20","690","695","-1","6","False"
"686","13","11","65","5","53","13","5","73","68960.6038193578","-85565.3528512422","3657.68261632","3656.4929485321","16","21","691","696","-1","4","False"
"687","13","12","65","5","52","13","5","73","65600.7742169989","-85565.3528512422","3657.68261632","3656.4929485321","17","22","692","697","-1","4","False"
"688","13","13","65","5","51","13","5","73","62240.9446146399","-85565.3528512422","3657.68261632","3656.4929485321","18","23","693","698","-1","4","False"
"689","13","14","65","5","50","13","5","73","58881.1150122811","-85565.3528512422","3657.68261632","3656.4929485321","19","24","694","699","-1","4","False"
"690","13","15","65","5","49","13","5","73","55521.2854099221","-85565.3528512422","3657.68261632","3656.4929485321","20","25","695","700","3","6","True"
"691","13","16","65","5","48","13","5","73","52161.4558075632","-85565.3528512422","3657.68261632","3656.4929485321","21","26","696","701","3","4","True"
"692","13","17","65","5","47","13","5","73","48801.6262052043","-85565.3528512422","3657.68261632","3656.4929485321","22","27","697","702","3","4","True"
"693","13","18","65","5","46","13","5","73","45441.7966028454","-85565.3528512422","3657.68261632","3656.4929485321","23","28","698","703","3","4","True"
"694","13","19","65","5","45","13","5","73","42081.9670004865","-85565.3528512422","3657.68261632","3656.4929485321","24","29","699","704","3","4","True"
"695","13","20","65","5","44","13","5","73","38722.1373981275","-85565.3528512422","3657.68261632","3656.4929485321","25","30","700","705","-1","6","False"
"696","13","21","65","5","43","13","5","73","35362.3077957686","-85565.3528512422","3657.68261632","3656.4929485321","26","31","701","706","-1","4","False"
"697","13","22","65","5","42","13","5","73","32002.4781934097","-85565.3528512422","3657.68261632","3656.4929485321","27","32","702","707","-1","4","False"
"698","13","23","65","5","41","13","5","73","28642.6485910508","-85565.3528512422","3657.68261632","3656.4929485321","28","33","703","708","-1","4","False"
"699","13","24","65","5","40","13","5","73","25282.8189886919","-85565.3528512422","3657.68261632","3656.4929485321","29","34","704","709","-1","4","False"
"700","13","25","65","5","39","13","5","73","21922.989386333","-85565.3528512422","3657.68261632","3656.4929485321","30","35","705","710","-1","6","False"
"701","13","26","65","5","38","13","5","73","18563.159783974","-85565.3528512422","3657.68261632","3656.4929485321","31","36","706","711","-1","4","False"
"702","13","27","65","5","37","13","5","73","15203.3301816151","-85565.3528512422","3657.68261632","3656.4929485321","32","37","707","712","-1","4","False"
"703","13","28","65","5","36","13","5","73","11843.5005792562","-85565.3528512422","3657.68261632","3656.4929485321","33","38","708","713","-1","4","False"
"704","13","29","65","5","35","13","5","73","8483.67097689729","-85565.3528512422","3657.68261632","3656.4929485321","34","39","709","714","-1","4","False"
"705","13","30","65","5","34","13","5","73","5123.84137453837","-85565.3528512422","3657.68261632","3656.4929485321","35","40","710","715","3","6","True"
"706","13","31","65","5","33","13","5","73","1764.01177217945","-85565.3528512422","3657.68261632","3656.4929485321","36","41","711","716","3","4","True"
"707","13","32","65","5","32","13","5","73","-1595.81783017946","-85565.3528512422","3657.68261632","3656.4929485321","37","42","712","717","3","4","True"
"708","13","33","65","5","31","13","5","73","-4955.64743253838","-85565.3528512422","3657.68261632","3656.4929485321","38","43","713","718","3","4","True"
"709","13","34","65","5","30","13","5","73","-8315.47703489729","-85565.3528512422","3657.68261632","3656.4929485321","39","44","714","719","3","4","True"
"710","13","35","65","5","29","13","5","73","-11675.3066372562","-85565.3528512422","3657.68261632","3656.4929485321","40","45","715","720","-1","6","False"
"711","13","36","65","5","28","13","5","73","-15035.1362396151","-85565.3528512422","3657.68261632","3656.4929485321","41","46","716","721","-1","4","False"
"712","13","37","65","5","27","13","5","73","-18394.965841974","-85565.3528512422","3657.68261632","3656.4929485321","42","47","717","722","-1","4","False"
"713","13","38","65","5","26","13","5","73","-21754.795444333","-85565.3528512422","3657.68261632","3656.4929485321","43","48","718","723","-1","4","False"
"714","13","39","65","5","25","13","5","73","-25114.6250466919","-85565.3528512422","3657.68261632","3656.4929485321","44","49","719","724","-1","4","False"
"715","13","40","65","5","24","13","5","73","-28474.4546490508","-85565.3528512422","3657.68261632","3656.4929485321","45","50","720","725","-1","6","False"
"716","13","41","65","5","23","13","5","73","-31834.2842514097","-85565.3528512422","3657.68261632","3656.4929485321","46","51","721","726","-1","4","False"
"717","13","42","65","5","22","13","5","73","-35194.1138537686","-85565.3528512422","3657.68261632","3656.4929485321","47","52","722","727","-1","4","False"
"718","13","43","65","5","21","13","5","73","-38553.9434561275","-85565.3528512422","3657.68261632","3656.4929485321","48","53","723","728","-1","4","False"
"719","13","44","65","5","20","13","5","73","-41913.7730584865","-85565.3528512422","3657.68261632","3656.4929485321","49","54","724","729","-1","4","False"
"720","13","45","65","5","19","13","5","73","-45273.6026608454","-85565.3528512422","3657.68261632","3656.4929485321","50","55","725","730","3","6","True"
"721","13","46","65","5","18","13","5","73","-48633.4322632043","-85565.3528512422","3657.68261632","3656.4929485321","51","56","726","731","3","4","True"
"722","13","47","65","5","17","13","5","73","-51993.2618655632","-85565.3528512422","3657.68261632","3656.4929485321","52","57","727","732","3","4","True"
"723","13","48","65","5","16","13","5","73","-55353.0914679221","-85565.3528512422","3657.68261632","3656.4929485321","53","58","728","733","3","4","True"
"724","13","49","65","5","15","13","5","73","-58712.921070281","-85565.3528512422","3657.68261632","3656.4929485321","54","59","729","734","3","4","True"
"725","13","50","65","5","14","13","5","73","-62072.75067264","-85565.3528512422","3657.68261632","3656.4929485321","55","60","730","735","-1","6","False"
"726","13","51","65","5","13","13","5","73","-65432.5802749989","-85565.3528512422","3657.68261632","3656.4929485321","56","61","731","736","-1","4","False"
"727","13","52","65","5","12","13","5","73","-68792.4098773578","-85565.3528512422","3657.68261632","3656.4929485321","57","62","732","737","-1","4","False"
"728","13","53","65","5","11","13","5","73","-72152.2394797167","-85565.3528512422","3657.68261632","3656.4929485321","58","63","733","738","-1","4","False"
"729","13","54","65","5","10","13","5","73","-75512.0690820756","-85565.3528512422","3657.68261632","3656.4929485321","59","64","734","739","-1","4","False"
"730","13","55","65","5","9","13","5","73","-78871.8986844345","-85565.3528512422","3657.68261632","3656.4929485321","45","50","720","725","-1","6","False"
"731","13","56","65","5","8","13","5","73","-82231.7282867935","-85565.3528512422","3657.68261632","3656.4929485321","46","51","721","726","-1","4","False"
"732","13","57","65","5","7","13","5","73","-85591.5578891524","-85565.3528512422","3657.68261632","3656.4929485321","47","52","722","727","-1","4","False"
"733","13","58","65","5","6","13","5","73","-88951.3874915113","-85565.3528512422","3657.68261632","3656.4929485321","48","53","723","728","-1","4","False"
"734","13","59","65","5","5","13","5","73","-92311.2170938702","-85565.3528512422","3657.68261632","3656.4929485321","49","54","724","729","-1","4","False"
"735","13","60","65","5","4","13","5","73","-95671.0466962291","-85565.3528512422","3657.68261632","3656.4929485321","50","55","725","730","0","6","True"
"736","13","61","65","5","3","13","5","73","-99030.8762985881","-85565.3528512422","3657.68261632","3656.4929485321","51","56","726","731","0","4","True"
"737","13","62","65","5","2","13","5","73","-102390.705900947","-85565.3528512422","3657.68261632","3656.4929485321","52","57","727","732","0","4","True"
"738","13","63","65","5","1","13","5","73","-105750.535503306","-85565.3528512422","3657.68261632","3656.4929485321","53","58","728","733","0","4","True"
"739","13","64","65","5","0","13","5","73","-109110.365105665","-85565.3528512422","3657.68261632","3656.4929485321","54","59","729","734","0","4","True"
"740","14","0","65","5","0","14","5","73","-109110.365105665","-81941.1157906953","3657.68261632","3656.4929485321","5","10","745","750","3","2","True"
"741","14","1","65","5","1","14","5","73","-105750.535503306","-81941.1157906953","3657.68261632","3656.4929485321","6","11","746","751","3","3","True"
"742","14","2","65","5","2","14","5","73","-102390.705900947","-81941.1157906953","3657.68261632","3656.4929485321","7","12","747","752","3","3","True"
"743","14","3","65","5","3","14","5","73","-99030.8762985881","-81941.1157906953","3657.68261632","3656.4929485321","8","13","748","753","3","3","True"
"744","14","4","65","5","4","14","5","73","-95671.0466962291","-81941.1157906953","3657.68261632","3656.4929485321","9","14","749","754","3","4","True"
"745","14","5","65","5","5","14","5","73","-92311.2170938702","-81941.1157906953","3657.68261632","3656.4929485321","10","15","750","755","-1","3","False"
"746","14","6","65","5","6","14","5","73","-88951.3874915113","-81941.1157906953","3657.68261632","3656.4929485321","11","16","751","756","-1","3","False"
"747","14","7","65","5","7","14","5","73","-85591.5578891524","-81941.1157906953","3657.68261632","3656.4929485321","12","17","752","757","-1","3","False"
"748","14","8","65","5","8","14","5","73","-82231.7282867935","-81941.1157906953","3657.68261632","3656.4929485321","13","18","753","758","-1","3","False"
"749","14","9","65","5","9","14","5","73","-78871.8986844345","-81941.1157906953","3657.68261632","3656.4929485321","14","19","754","759","-1","4","False"
"750","14","10","65","5","10","14","5","73","-75512.0690820756","-81941.1157906953","3657.68261632","3656.4929485321","15","20","755","760","-1","3","False"
"751","14","11","65","5","11","14","5","73","-72152.2394797167","-81941.1157906953","3657.68261632","3656.4929485321","16","21","756","761","-1","3","False"
"752","14","12","65","5","12","14","5","73","-68792.4098773578","-81941.1157906953","3657.68261632","3656.4929485321","17","22","757","762","-1","3","False"
"753","14","13","65","5","13","14","5","73","-65432.5802749989","-81941.1157906953","3657.68261632","3656.4929485321","18","23","758","763","-1","3","False"
"754","14","14","65","5","14","14","5","73","-62072.75067264","-81941.1157906953","3657.68261632","3656.4929485321","19","24","759","764","-1","4","False"
"755","14","15","65","5","15","14","5","73","-58712.921070281","-81941.1157906953","3657.68261632","3656.4929485321","20","25","760","765","3","3","True"
"756","14","16","65","5","16","14","5","73","-55353.0914679221","-81941.1157906953","3657.68261632","3656.4929485321","21","26","761","766","3","3","True"
"757","14","17","65","5","17","14","5","73","-51993.2618655632","-81941.1157906953","3657.68261632","3656.4929485321","22","27","762","767","3","3","True"
"758","14","18","65","5","18","14","5","73","-48633.4322632043","-81941.1157906953","3657.68261632","3656.4929485321","23","28","763","768","3","3","True"
"759","14","19","65","5","19","14","5","73","-45273.6026608454","-81941.1157906953","3657.68261632","3656.4929485321","24","29","764","769","3","4","True"
"760","14","20","65","5","20","14","5","73","-41913.7730584865","-81941.1157906953","3657.68261632","3656.4929485321","25","30","765","770","-1","3","False"
"761","14","21","65","5","21","14","5","73","-38553.9434561275","-81941.1157906953","3657.68261632","3656.4929485321","26","31","766","771","-1","3","False"
"762","14","22","65","5","22","14","5","73","-35194.1138537686","-81941.1157906953","3657.68261632","3656.4929485321","27","32","767","772","-1","3","False"
"763","14","23","65","5","23","14","5","73","-31834.2842514097","-81941.1157906953","3657.68261632","3656.4929485321","28","33","768","773","-1","3","False"
"764","14","24","65","5","24","14","5","73","-28474.4546490508","-81941.1157906953","3657.68261632","3656.4929485321","29","34","769","774","-1","4","False"
"765","14","25","65","5","25","14","5","73","-25114.6250466919","-81941.1157906953","3657.68261632","3656.4929485321","30","35","770","775","-1","3","False"
"766","14","26","65","5","26","14","5","73","-21754.795444333","-81941.1157906953","3657.68261632","3656.4929485321","31","36","771","776","-1","3","False"
"767","14","27","65","5","27","14","5","73","-18394.965841974","-81941.1157906953","3657.68261632","3656.4929485321","32","37","772","777","-1","3","False"
"768","14","28","65","5","28","14","5","73","-15035.1362396151","-81941.1157906953","3657.68261632","3656.4929485321","33","38","773","778","-1","3","False"
"769","14","29","65","5","29","14","5","73","-11675.3066372562","-81941.1157906953","3657.68261632","3656.4929485321","34","39","774","779","-1","4","False"
"770","14","30","65","5","30","14","5","73","-8315.47703489729","-81941.1157906953","3657.68261632","3656.4929485321","35","40","775","780","3","3","True"
"771","14","31","65","5","31","14","5","73","-4955.64743253838","-81941.1157906953","3657.68261632","3656.4929485321","36","41","776","781","3","3","True"
"772","14","32","65","5","32","14","5","73","-1595.81783017946","-81941.1157906953","3657.68261632","3656.4929485321","37","42","777","782","3","3","True"
"773","14","33","65","5","33","14","5","73","1764.01177217945","-81941.1157906953","3657.68261632","3656.4929485321","38","43","778","783","3","3","True"
"774","14","34","65","5","34","14","5","73","5123.84137453837","-81941.1157906953","3657.68261632","3656.4929485321","39","44","779","784","3","4","True"
"775","14","35","65","5","35","14","5","73","8483.67097689729","-81941.1157906953","3657.68261632","3656.4929485321","40","45","780","785","-1","3","False"
"776","14","36","65","5","36","14","5","73","11843.5005792562","-81941.1157906953","3657.68261632","3656.4929485321","41","46","781","786","-1","3","False"
"777","14","37","65","5","37","14","5","73","15203.3301816151","-81941.1157906953","3657.68261632","3656.4929485321","42","47","782","787","-1","3","False"
"778","14","38","65","5","38","14","5","73","18563.159783974","-81941.1157906953","3657.68261632","3656.4929485321","43","48","783","788","-1","3","False"
"779","14","39","65","5","39","14","5","73","21922.989386333","-81941.1157906953","3657.68261632","3656.4929485321","44","49","784","789","-1","4","False"
"780","14","40","65","5","40","14","5","73","25282.8189886919","-81941.1157906953","3657.68261632","3656.4929485321","45","50","785","790","-1","3","False"
"781","14","41","65","5","41","14","5","73","28642.6485910508","-81941.1157906953","3657.68261632","3656.4929485321","46","51","786","791","-1","3","False"
"782","14","42","65","5","42","14","5","73","32002.4781934097","-81941.1157906953","3657.68261632","3656.4929485321","47","52","787","792","-1","3","False"
"783","14","43","65","5","43","14","5","73","35362.3077957686","-81941.1157906953","3657.68261632","3656.4929485321","48","53","788","793","-1","3","False"
"784","14","44","65","5","44","14","5","73","38722.1373981275","-81941.1157906953","3657.68261632","3656.4929485321","49","54","789","794","-1","4","False"
"785","14","45","65","5","45","14","5","73","42081.9670004865","-81941.1157906953","3657.68261632","3656.4929485321","50","55","790","795","3","3","True"
"786","14","46","65","5","46","14","5","73","45441.7966028454","-81941.1157906953","3657.68261632","3656.4929485321","51","56","791","796","3","3","True"
"787","14","47","65","5","47","14","5","73","48801.6262052043","-81941.1157906953","3657.68261632","3656.4929485321","52","57","792","797","3","3","True"
"788","14","48","65","5","48","14","5","73","52161.4558075632","-81941.1157906953","3657.68261632","3656.4929485321","53","58","793","798","3","3","True"
"789","14","49","65","5","49","14","5","73","55521.2854099221","-81941.1157906953","3657.68261632","3656.4929485321","54","59","794","799","3","4","True"
"790","14","50","65","5","50","14","5","73","58881.1150122811","-81941.1157906953","3657.68261632","3656.4929485321","55","60","795","800","-1","3","False"
"791","14","51","65","5","51","14","5","73","62240.9446146399","-81941.1157906953","3657.68261632","3656.4929485321","56","61","796","801","-1","3","False"
"792","14","52","65","5","52","14","5","73","65600.7742169989","-81941.1157906953","3657.68261632","3656.4929485321","57","62","797","802","-1","3","False"
"793","14","53","65","5","53","14","5","73","68960.6038193578","-81941.1157906953","3657.68261632","3656.4929485321","58","63","798","803","-1","3","False"
"794","14","54","65","5","54","14","5","73","72320.4334217167","-81941.1157906953","3657.68261632","3656.4929485321","59","64","799","804","-1","4","False"
"795","14","55","65","5","55","14","5","73","75680.2630240756","-81941.1157906953","3657.68261632","3656.4929485321","45","50","785","790","-1","3","False"
"796","14","56","65","5","56","14","5","73","79040.0926264345","-81941.1157906953","3657.68261632","3656.4929485321","46","51","786","791","-1","3","False"
"797","14","57","65","5","57","14","5","73","82399.9222287935","-81941.1157906953","3657.68261632","3656.4929485321","47","52","787","792","-1","3","False"
"798","14","58","65","5","58","14","5","73","85759.7518311524","-81941.1157906953","3657.68261632","3656.4929485321","48","53","788","793","-1","3","False"
"799","14","59","65","5","59","14","5","73","89119.5814335113","-81941.1157906953","3657.68261632","3656.4929485321","49","54","789","794","-1","4","False"
"800","14","60","65","5","60","14","5","73","92479.4110358702","-81941.1157906953","3657.68261632","3656.4929485321","50","55","790","795","0","3","True"
"801","14","61","65","5","61","14","5","73","95839.2406382291","-81941.1157906953","3657.68261632","3656.4929485321","51","56","791","796","0","3","True"
"802","14","62","65","5","62","14","5","73","99199.0702405881","-81941.1157906953","3657.68261632","3656.4929485321","52","57","792","797","0","3","True"
"803","14","63","65","5","63","14","5","73","102558.899842947","-81941.1157906953","3657.68261632","3656.4929485321","53","58","793","798","0","3","True"
"804","14","64","65","5","64","14","5","73","105918.729445306","-81941.1157906953","3657.68261632","3656.4929485321","54","59","794","799","0","3","True"
"805","15","0","65","5","64","15","5","73","105918.729445306","-78316.8787301484","3657.68261632","3656.4929485321","5","10","810","815","3","2","True"
"806","15","1","65","5","63","15","5","73","102558.899842947","-78316.8787301484","3657.68261632","3656.4929485321","6","11","811","816","3","3","True"
"807","15","2","65","5","62","15","5","73","99199.0702405881","-78316.8787301484","3657.68261632","3656.4929485321","7","12","812","817","3","3","True"
"808","15","3","65","5","61","15","5","73","95839.2406382291","-78316.8787301484","3657.68261632","3656.4929485321","8","13","813","818","3","3","True"
"809","15","4","65","5","60","15","5","73","92479.4110358702","-78316.8787301484","3657.68261632","3656.4929485321","9","14","814","819","3","3","True"
"810","15","5","65","5","59","15","5","73","89119.5814335113","-78316.8787301484","3657.68261632","3656.4929485321","10","15","815","820","-1","4","False"
"811","15","6","65","5","58","15","5","73","85759.7518311524","-78316.8787301484","3657.68261632","3656.4929485321","11","16","816","821","-1","3","False"
"812","15","7","65","5","57","15","5","73","82399.9222287935","-78316.8787301484","3657.68261632","3656.4929485321","12","17","817","822","-1","3","False"
"813","15","8","65","5","56","15","5","73","79040.0926264345","-78316.8787301484","3657.68261632","3656.4929485321","13","18","818","823","-1","3","False"
"814","15","9","65","5","55","15","5","73","75680.2630240756","-78316.8787301484","3657.68261632","3656.4929485321","14","19","819","824","-1","3","False"
"815","15","10","65","5","54","15","5","73","72320.4334217167","-78316.8787301484","3657.68261632","3656.4929485321","15","20","820","825","-1","4","False"
"816","15","11","65","5","53","15","5","73","68960.6038193578","-78316.8787301484","3657.68261632","3656.4929485321","16","21","821","826","-1","3","False"
"817","15","12","65","5","52","15","5","73","65600.7742169989","-78316.8787301484","3657.68261632","3656.4929485321","17","22","822","827","-1","3","False"
"818","15","13","65","5","51","15","5","73","62240.9446146399","-78316.8787301484","3657.68261632","3656.4929485321","18","23","823","828","-1","3","False"
"819","15","14","65","5","50","15","5","73","58881.1150122811","-78316.8787301484","3657.68261632","3656.4929485321","19","24","824","829","-1","3","False"
"820","15","15","65","5","49","15","5","73","55521.2854099221","-78316.8787301484","3657.68261632","3656.4929485321","20","25","825","830","3","4","True"
"821","15","16","65","5","48","15","5","73","52161.4558075632","-78316.8787301484","3657.68261632","3656.4929485321","21","26","826","831","3","3","True"
"822","15","17","65","5","47","15","5","73","48801.6262052043","-78316.8787301484","3657.68261632","3656.4929485321","22","27","827","832","3","3","True"
"823","15","18","65","5","46","15","5","73","45441.7966028454","-78316.8787301484","3657.68261632","3656.4929485321","23","28","828","833","3","3","True"
"824","15","19","65","5","45","15","5","73","42081.9670004865","-78316.8787301484","3657.68261632","3656.4929485321","24","29","829","834","3","3","True"
"825","15","20","65","5","44","15","5","73","38722.1373981275","-78316.8787301484","3657.68261632","3656.4929485321","25","30","830","835","-1","4","False"
"826","15","21","65","5","43","15","5","73","35362.3077957686","-78316.8787301484","3657.68261632","3656.4929485321","26","31","831","836","-1","3","False"
"827","15","22","65","5","42","15","5","73","32002.4781934097","-78316.8787301484","3657.68261632","3656.4929485321","27","32","832","837","-1","3","False"
"828","15","23","65","5","41","15","5","73","28642.6485910508","-78316.8787301484","3657.68261632","3656.4929485321","28","33","833","838","-1","3","False"
"829","15","24","65","5","40","15","5","73","25282.8189886919","-78316.8787301484","3657.68261632","3656.4929485321","29","34","834","839","-1","3","False"
"830","15","25","65","5","39","15","5","73","21922.989386333","-78316.8787301484","3657.68261632","3656.4929485321","30","35","835","840","-1","4","False"
"831","15","26","65","5","38","15","5","73","18563.159783974","-78316.8787301484","3657.68261632","3656.4929485321","31","36","836","841","-1","3","False"
"832","15","27","65","5","37","15","5","73","15203.3301816151","-78316.8787301484","3657.68261632","3656.4929485321","32","37","837","842","-1","3","False"
"833","15","28","65","5","36","15","5","73","11843.5005792562","-78316.8787301484","3657.68261632","3656.4929485321","33","38","838","843","-1","3","False"
"834","15","29","65","5","35","15","5","73","8483.67097689729","-78316.8787301484","3657.68261632","3656.4929485321","34","39","839","844","-1","3","False"
"835","15","30","65","5","34","15","5","73","5123.84137453837","-78316.8787301484","3657.68261632","3656.4929485321","35","40","840","845","3","4","True"
"836","15","31","65","5","33","15","5","73","1764.01177217945","-78316.8787301484","3657.68261632","3656.4929485321","36","41","841","846","3","3","True"
"837","15","32","65","5","32","15","5","73","-1595.81783017946","-78316.8787301484","3657.68261632","3656.4929485321","37","42","842","847","3","3","True"
"838","15","33","65","5","31","15","5","73","-4955.64743253838","-78316.8787301484","3657.68261632","3656.4929485321","38","43","843","848","3","3","True"
"839","15","34","65","5","30","15","5","73","-8315.47703489729","-78316.8787301484","3657.68261632","3656.4929485321","39","44","844","849","3","3","True"
"840","15","35","65","5","29","15","5","73","-11675.3066372562","-78316.8787301484","3657.68261632","3656.4929485321","40","45","845","850","-1","4","False"
"841","15","36","65","5","28","15","5","73","-15035.1362396151","-78316.8787301484","3657.68261632","3656.4929485321","41","46","846","851","-1","3","False"
"842","15","37","65","5","27","15","5","73","-18394.965841974","-78316.8787301484","3657.68261632","3656.4929485321","42","47","847","852","-1","3","False"
"843","15","38","65","5","26","15","5","73","-21754.795444333","-78316.8787301484","3657.68261632","3656.4929485321","43","48","848","853","-1","3","False"
"844","15","39","65","5","25","15","5","73","-25114.6250466919","-78316.8787301484","3657.68261632","3656.4929485321","44","49","849","854","-1","3","False"
"845","15","40","65","5","24","15","5","73","-28474.4546490508","-78316.8787301484","3657.68261632","3656.4929485321","45","50","850","855","-1","4","False"
"846","15","41","65","5","23","15","5","73","-31834.2842514097","-78316.8787301484","3657.68261632","3656.4929485321","46","51","851","856","-1","3","False"
"847","15","42","65","5","22","15","5","73","-35194.1138537686","-78316.8787301484","3657.68261632","3656.4929485321","47","52","852","857","-1","3","False"
"848","15","43","65","5","21","15","5","73","-38553.9434561275","-78316.8787301484","3657.68261632","3656.4929485321","48","53","853","858","-1","3","False"
"849","15","44","65","5","20","15","5","73","-41913.7730584865","-78316.8787301484","3657.68261632","3656.4929485321","49","54","854","859","-1","3","False"
"850","15","45","65","5","19","15","5","73","-45273.6026608454","-78316.8787301484","3657.68261632","3656.4929485321","50","55","855","860","3","4","True"
"851","15","46","65","5","18","15","5","73","-48633.4322632043","-78316.8787301484","3657.68261632","3656.4929485321","51","56","856","861","3","3","True"
"852","15","47","65","5","17","15","5","73","-51993.2618655632","-78316.8787301484","3657.68261632","3656.4929485321","52","57","857","862","3","3","True"
"853","15","48","65","5","16","15","5","73","-55353.0914679221","-78316.8787301484","3657.68261632","3656.4929485321","53","58","858","863","3","3","True"
"854","15","49","65","5","15","15","5","73","-58712.921070281","-78316.8787301484","3657.68261632","3656.4929485321","54","59","859","864","3","3","True"
"855","15","50","65","5","14","15","5","73","-62072.75067264","-78316.8787301484","3657.68261632","3656.4929485321","55","60","860","865","-1","4","False"
"856","15","51","65","5","13","15","5","73","-65432.5802749989","-78316.8787301484","3657.68261632","3656.4929485321","56","61","861","866","-1","3","False"
"857","15","52","65","5","12","15","5","73","-68792.4098773578","-78316.8787301484","3657.68261632","3656.4929485321","57","62","862","867","-1","3","False"
"858","15","53","65","5","11","15","5","73","-72152.2394797167","-78316.8787301484","3657.68261632","3656.4929485321","58","63","863","868","-1","3","False"
"859","15","54","65","5","10","15","5","73","-75512.0690820756","-78316.8787301484","3657.68261632","3656.4929485321","59","64","864","869","-1","3","False"
"860","15","55","65","5","9","15","5","73","-78871.8986844345","-78316.8787301484","3657.68261632","3656.4929485321","45","50","850","855","-1","4","False"
"861","15","56","65","5","8","15","5","73","-82231.7282867935","-78316.8787301484","3657.68261632","3656.4929485321","46","51","851","856","-1","3","False"
"862","15","57","65","5","7","15","5","73","-85591.5578891524","-78316.8787301484","3657.68261632","3656.4929485321","47","52","852","857","-1","3","False"
"863","15","58","65","5","6","15","5","73","-88951.3874915113","-78316.8787301484","3657.68261632","3656.4929485321","48","53","853","858","-1","3","False"
"864","15","59","65","5","5","15","5","73","-92311.2170938702","-78316.8787301484","3657.68261632","3656.4929485321","49","54","854","859","-1","3","False"
"865","15","60","65","5","4","15","5","73","-95671.0466962291","-78316.8787301484","3657.68261632","3656.4929485321","50","55","855","860","0","4","True"
"866","15","61","65","5","3","15","5","73","-99030.8762985881","-78316.8787301484","3657.68261632","3656.4929485321","51","56","856","861","0","3","True"
"867","15","62","65","5","2","15","5","73","-102390.705900947","-78316.8787301484","3657.68261632","3656.4929485321","52","57","857","862","0","3","True"
"868","15","63","65","5","1","15","5","73","-105750.535503306","-78316.8787301484","3657.68261632","3656.4929485321","53","58","858","863","0","3","True"
"869","15","64","65","5","0","15","5","73","-109110.365105665","-78316.8787301484","3657.68261632","3656.4929485321","54","59","859","864","0","3","True"
"870","16","0","75","5","0","16","5","73","-125909.513665235","-74692.6416696016","3657.68261632","3656.4929485321","5","10","875","880","3","1","True"
"871","16","1","75","5","1","16","5","73","-122549.684062876","-74692.6416696016","3657.68261632","3656.4929485321","6","11","876","881","3","2","True"
"872","16","2","75","5","2","16","5","73","-119189.854460517","-74692.6416696016","3657.68261632","3656.4929485321","7","12","877","882","3","2","True"
"873","16","3","75","5","3","16","5","73","-115830.024858158","-74692.6416696016","3657.68261632","3656.4929485321","8","13","878","883","3","2","True"
"874","16","4","75","5","4","16","5","73","-112470.195255799","-74692.6416696016","3657.68261632","3656.4929485321","9","14","879","884","3","5","True"
"875","16","5","75","5","5","16","5","73","-109110.365653441","-74692.6416696016","3657.68261632","3656.4929485321","10","15","880","885","-1","4","False"
"876","16","6","75","5","6","16","5","73","-105750.536051082","-74692.6416696016","3657.68261632","3656.4929485321","11","16","881","886","-1","4","False"
"877","16","7","75","5","7","16","5","73","-102390.706448723","-74692.6416696016","3657.68261632","3656.4929485321","12","17","882","887","-1","4","False"
"878","16","8","75","5","8","16","5","73","-99030.8768463638","-74692.6416696016","3657.68261632","3656.4929485321","13","18","883","888","-1","4","False"
"879","16","9","75","5","9","16","5","73","-95671.0472440048","-74692.6416696016","3657.68261632","3656.4929485321","14","19","884","889","-1","6","False"
"880","16","10","75","5","10","16","5","73","-92311.2176416459","-74692.6416696016","3657.68261632","3656.4929485321","15","20","885","890","-1","4","False"
"881","16","11","75","5","11","16","5","73","-88951.388039287","-74692.6416696016","3657.68261632","3656.4929485321","16","21","886","891","-1","4","False"
"882","16","12","75","5","12","16","5","73","-85591.5584369281","-74692.6416696016","3657.68261632","3656.4929485321","17","22","887","892","-1","4","False"
"883","16","13","75","5","13","16","5","73","-82231.7288345692","-74692.6416696016","3657.68261632","3656.4929485321","18","23","888","893","-1","4","False"
"884","16","14","75","5","14","16","5","73","-78871.8992322103","-74692.6416696016","3657.68261632","3656.4929485321","19","24","889","894","-1","6","False"
"885","16","15","75","5","15","16","5","73","-75512.0696298514","-74692.6416696016","3657.68261632","3656.4929485321","20","25","890","895","3","4","True"
"886","16","16","75","5","16","16","5","73","-72152.2400274924","-74692.6416696016","3657.68261632","3656.4929485321","21","26","891","896","3","4","True"
"887","16","17","75","5","17","16","5","73","-68792.4104251335","-74692.6416696016","3657.68261632","3656.4929485321","22","27","892","897","3","4","True"
"888","16","18","75","5","18","16","5","73","-65432.5808227746","-74692.6416696016","3657.68261632","3656.4929485321","23","28","893","898","3","4","True"
"889","16","19","75","5","19","16","5","73","-62072.7512204157","-74692.6416696016","3657.68261632","3656.4929485321","24","29","894","899","3","6","True"
"890","16","20","75","5","20","16","5","73","-58712.9216180568","-74692.6416696016","3657.68261632","3656.4929485321","25","30","895","900","-1","4","False"
"891","16","21","75","5","21","16","5","73","-55353.0920156979","-74692.6416696016","3657.68261632","3656.4929485321","26","31","896","901","-1","4","False"
"892","16","22","75","5","22","16","5","73","-51993.2624133389","-74692.6416696016","3657.68261632","3656.4929485321","27","32","897","902","-1","4","False"
"893","16","23","75","5","23","16","5","73","-48633.43281098","-74692.6416696016","3657.68261632","3656.4929485321","28","33","898","903","-1","4","False"
"894","16","24","75","5","24","16","5","73","-45273.6032086211","-74692.6416696016","3657.68261632","3656.4929485321","29","34","899","904","-1","6","False"
"895","16","25","75","5","25","16","5","73","-41913.7736062622","-74692.6416696016","3657.68261632","3656.4929485321","30","35","900","905","-1","4","False"
"896","16","26","75","5","26","16","5","73","-38553.9440039033","-74692.6416696016","3657.68261632","3656.4929485321","31","36","901","906","-1","4","False"
"897","16","27","75","5","27","16","5","73","-35194.1144015444","-74692.6416696016","3657.68261632","3656.4929485321","32","37","902","907","-1","4","False"
"898","16","28","75","5","28","16","5","73","-31834.2847991854","-74692.6416696016","3657.68261632","3656.4929485321","33","38","903","908","-1","4","False"
"899","16","29","75","5","29","16","5","73","-28474.4551968265","-74692.6416696016","3657.68261632","3656.4929485321","34","39","904","909","-1","6","False"
"900","16","30","75","5","30","16","5","73","-25114.6255944676","-74692.6416696016","3657.68261632","3656.4929485321","35","40","905","910","3","4","True"
"901","16","31","75","5","31","16","5","73","-21754.7959921087","-74692.6416696016","3657.68261632","3656.4929485321","36","41","906","911","3","4","True"
"902","16","32","75","5","32","16","5","73","-18394.9663897498","-74692.6416696016","3657.68261632","3656.4929485321","37","42","907","912","3","4","True"
"903","16","33","75","5","33","16","5","73","-15035.1367873909","-74692.6416696016","3657.68261632","3656.4929485321","38","43","908","913","3","4","True"
"904","16","34","75","5","34","16","5","73","-11675.3071850319","-74692.6416696016","3657.68261632","3656.4929485321","39","44","909","914","3","6","True"
"905","16","35","75","5","35","16","5","73","-8315.47758267302","-74692.6416696016","3657.68261632","3656.4929485321","40","45","910","915","-1","4","False"
"906","16","36","75","5","36","16","5","73","-4955.6479803141","-74692.6416696016","3657.68261632","3656.4929485321","41","46","911","916","-1","4","False"
"907","16","37","75","5","37","16","5","73","-1595.81837795519","-74692.6416696016","3657.68261632","3656.4929485321","42","47","912","917","-1","4","False"
"908","16","38","75","5","38","16","5","73","1764.01122440373","-74692.6416696016","3657.68261632","3656.4929485321","43","48","913","918","-1","4","False"
"909","16","39","75","5","39","16","5","73","5123.84082676264","-74692.6416696016","3657.68261632","3656.4929485321","44","49","914","919","-1","6","False"
"910","16","40","75","5","40","16","5","73","8483.67042912157","-74692.6416696016","3657.68261632","3656.4929485321","45","50","915","920","-1","4","False"
"911","16","41","75","5","41","16","5","73","11843.5000314805","-74692.6416696016","3657.68261632","3656.4929485321","46","51","916","921","-1","4","False"
"912","16","42","75","5","42","16","5","73","15203.3296338394","-74692.6416696016","3657.68261632","3656.4929485321","47","52","917","922","-1","4","False"
"913","16","43","75","5","43","16","5","73","18563.1592361983","-74692.6416696016","3657.68261632","3656.4929485321","48","53","918","923","-1","4","False"
"914","16","44","75","5","44","16","5","73","21922.9888385572","-74692.6416696016","3657.68261632","3656.4929485321","49","54","919","924","-1","6","False"
"915","16","45","75","5","45","16","5","73","25282.8184409162","-74692.6416696016","3657.68261632","3656.4929485321","50","55","920","925","3","4","True"
"916","16","46","75","5","46","16","5","73","28642.6480432751","-74692.6416696016","3657.68261632","3656.4929485321","51","56","921","926","3","4","True"
"917","16","47","75","5","47","16","5","73","32002.477645634","-74692.6416696016","3657.68261632","3656.4929485321","52","57","922","927","3","4","True"
"918","16","48","75","5","48","16","5","73","35362.3072479929","-74692.6416696016","3657.68261632","3656.4929485321","53","58","923","928","3","4","True"
"919","16","49","75","5","49","16","5","73","38722.1368503518","-74692.6416696016","3657.68261632","3656.4929485321","54","59","924","929","3","6","True"
"920","16","50","75","5","50","16","5","73","42081.9664527107","-74692.6416696016","3657.68261632","3656.4929485321","55","60","925","930","-1","4","False"
"921","16","51","75","5","51","16","5","73","45441.7960550696","-74692.6416696016","3657.68261632","3656.4929485321","56","61","926","931","-1","4","False"
"922","16","52","75","5","52","16","5","73","48801.6256574286","-74692.6416696016","3657.68261632","3656.4929485321","57","62","927","932","-1","4","False"
"923","16","53","75","5","53","16","5","73","52161.4552597875","-74692.6416696016","3657.68261632","3656.4929485321","58","63","928","933","-1","4","False"
"924","16","54","75","5","54","16","5","73","55521.2848621464","-74692.6416696016","3657.68261632","3656.4929485321","59","64","929","934","-1","6","False"
"925","16","55","75","5","55","16","5","73","58881.1144645053","-74692.6416696016","3657.68261632","3656.4929485321","60","65","930","935","-1","4","False"
"926","16","56","75","5","56","16","5","73","62240.9440668642","-74692.6416696016","3657.68261632","3656.4929485321","61","66","931","936","-1","4","False"
"927","16","57","75","5","57","16","5","73","65600.7736692231","-74692.6416696016","3657.68261632","3656.4929485321","62","67","932","937","-1","4","False"
"928","16","58","75","5","58","16","5","73","68960.603271582","-74692.6416696016","3657.68261632","3656.4929485321","63","68","933","938","-1","4","False"
"929","16","59","75","5","59","16","5","73","72320.432873941","-74692.6416696016","3657.68261632","3656.4929485321","64","69","934","939","-1","6","False"
"930","16","60","75","5","60","16","5","73","75680.2624762999","-74692.6416696016","3657.68261632","3656.4929485321","65","70","935","940","3","4","True"
"931","16","61","75","5","61","16","5","73","79040.0920786588","-74692.6416696016","3657.68261632","3656.4929485321","66","71","936","941","3","4","True"
"932","16","62","75","5","62","16","5","73","82399.9216810177","-74692.6416696016","3657.68261632","3656.4929485321","67","72","937","942","3","4","True"
"933","16","63","75","5","63","16","5","73","85759.7512833766","-74692.6416696016","3657.68261632","3656.4929485321","68","73","938","943","3","4","True"
"934","16","64","75","5","64","16","5","73","89119.5808857356","-74692.6416696016","3657.68261632","3656.4929485321","69","74","939","944","3","6","True"
"935","16","65","75","5","65","16","5","73","92479.4104880945","-74692.6416696016","3657.68261632","3656.4929485321","55","60","925","930","-1","4","False"
"936","16","66","75","5","66","16","5","73","95839.2400904534","-74692.6416696016","3657.68261632","3656.4929485321","56","61","926","931","-1","4","False"
"937","16","67","75","5","67","16","5","73","99199.0696928123","-74692.6416696016","3657.68261632","3656.4929485321","57","62","927","932","-1","4","False"
"938","16","68","75","5","68","16","5","73","102558.899295171","-74692.6416696016","3657.68261632","3656.4929485321","58","63","928","933","-1","4","False"
"939","16","69","75","5","69","16","5","73","105918.72889753","-74692.6416696016","3657.68261632","3656.4929485321","59","64","929","934","-1","5","False"
"940","16","70","75","5","70","16","5","73","109278.558499889","-74692.6416696016","3657.68261632","3656.4929485321","60","65","930","935","-1","3","False"
"941","16","71","75","5","71","16","5","73","112638.388102248","-74692.6416696016","3657.68261632","3656.4929485321","61","66","931","936","-1","2","False"
"942","16","72","75","5","72","16","5","73","115998.217704607","-74692.6416696016","3657.68261632","3656.4929485321","62","67","932","937","-1","2","False"
"943","16","73","75","5","73","16","5","73","119358.047306966","-74692.6416696016","3657.68261632","3656.4929485321","63","68","933","938","-1","2","False"
"944","16","74","75","5","74","16","5","73","122717.876909325","-74692.6416696016","3657.68261632","3656.4929485321","64","69","934","939","-1","2","False"
"945","17","0","75","5","74","17","5","73","122717.876909325","-71068.4046090547","3657.68261632","3656.4929485321","5","10","950","955","3","2","True"
"946","17","1","75","5","73","17","5","73","119358.047306966","-71068.4046090547","3657.68261632","3656.4929485321","6","11","951","956","3","3","True"
"947","17","2","75","5","72","17","5","73","115998.217704607","-71068.4046090547","3657.68261632","3656.4929485321","7","12","952","957","3","3","True"
"948","17","3","75","5","71","17","5","73","112638.388102248","-71068.4046090547","3657.68261632","3656.4929485321","8","13","953","958","3","3","True"
"949","17","4","75","5","70","17","5","73","109278.558499889","-71068.4046090547","3657.68261632","3656.4929485321","9","14","954","959","3","3","True"
"950","17","5","75","5","69","17","5","73","105918.72889753","-71068.4046090547","3657.68261632","3656.4929485321","10","15","955","960","-1","4","False"
"951","17","6","75","5","68","17","5","73","102558.899295171","-71068.4046090547","3657.68261632","3656.4929485321","11","16","956","961","-1","3","False"
"952","17","7","75","5","67","17","5","73","99199.0696928123","-71068.4046090547","3657.68261632","3656.4929485321","12","17","957","962","-1","3","False"
"953","17","8","75","5","66","17","5","73","95839.2400904534","-71068.4046090547","3657.68261632","3656.4929485321","13","18","958","963","-1","3","False"
"954","17","9","75","5","65","17","5","73","92479.4104880945","-71068.4046090547","3657.68261632","3656.4929485321","14","19","959","964","-1","3","False"
"955","17","10","75","5","64","17","5","73","89119.5808857356","-71068.4046090547","3657.68261632","3656.4929485321","15","20","960","965","-1","4","False"
"956","17","11","75","5","63","17","5","73","85759.7512833766","-71068.4046090547","3657.68261632","3656.4929485321","16","21","961","966","-1","3","False"
"957","17","12","75","5","62","17","5","73","82399.9216810177","-71068.4046090547","3657.68261632","3656.4929485321","17","22","962","967","-1","3","False"
"958","17","13","75","5","61","17","5","73","79040.0920786588","-71068.4046090547","3657.68261632","3656.4929485321","18","23","963","968","-1","3","False"
"959","17","14","75","5","60","17","5","73","75680.2624762999","-71068.4046090547","3657.68261632","3656.4929485321","19","24","964","969","-1","3","False"
"960","17","15","75","5","59","17","5","73","72320.432873941","-71068.4046090547","3657.68261632","3656.4929485321","20","25","965","970","3","4","True"
"961","17","16","75","5","58","17","5","73","68960.603271582","-71068.4046090547","3657.68261632","3656.4929485321","21","26","966","971","3","3","True"
"962","17","17","75","5","57","17","5","73","65600.7736692231","-71068.4046090547","3657.68261632","3656.4929485321","22","27","967","972","3","3","True"
"963","17","18","75","5","56","17","5","73","62240.9440668642","-71068.4046090547","3657.68261632","3656.4929485321","23","28","968","973","3","3","True"
"964","17","19","75","5","55","17","5","73","58881.1144645053","-71068.4046090547","3657.68261632","3656.4929485321","24","29","969","974","3","3","True"
"965","17","20","75","5","54","17","5","73","55521.2848621464","-71068.4046090547","3657.68261632","3656.4929485321","25","30","970","975","-1","4","False"
"966","17","21","75","5","53","17","5","73","52161.4552597875","-71068.4046090547","3657.68261632","3656.4929485321","26","31","971","976","-1","3","False"
"967","17","22","75","5","52","17","5","73","48801.6256574286","-71068.4046090547","3657.68261632","3656.4929485321","27","32","972","977","-1","3","False"
"968","17","23","75","5","51","17","5","73","45441.7960550696","-71068.4046090547","3657.68261632","3656.4929485321","28","33","973","978","-1","3","False"
"969","17","24","75","5","50","17","5","73","42081.9664527107","-71068.4046090547","3657.68261632","3656.4929485321","29","34","974","979","-1","3","False"
"970","17","25","75","5","49","17","5","73","38722.1368503518","-71068.4046090547","3657.68261632","3656.4929485321","30","35","975","980","-1","4","False"
"971","17","26","75","5","48","17","5","73","35362.3072479929","-71068.4046090547","3657.68261632","3656.4929485321","31","36","976","981","-1","3","False"
"972","17","27","75","5","47","17","5","73","32002.477645634","-71068.4046090547","3657.68261632","3656.4929485321","32","37","977","982","-1","3","False"
"973","17","28","75","5","46","17","5","73","28642.6480432751","-71068.4046090547","3657.68261632","3656.4929485321","33","38","978","983","-1","3","False"
"974","17","29","75","5","45","17","5","73","25282.8184409162","-71068.4046090547","3657.68261632","3656.4929485321","34","39","979","984","-1","3","False"
"975","17","30","75","5","44","17","5","73","21922.9888385572","-71068.4046090547","3657.68261632","3656.4929485321","35","40","980","985","3","4","True"
"976","17","31","75","5","43","17","5","73","18563.1592361983","-71068.4046090547","3657.68261632","3656.4929485321","36","41","981","986","3","3","True"
"977","17","32","75","5","42","17","5","73","15203.3296338394","-71068.4046090547","3657.68261632","3656.4929485321","37","42","982","987","3","3","True"
"978","17","33","75","5","41","17","5","73","11843.5000314805","-71068.4046090547","3657.68261632","3656.4929485321","38","43","983","988","3","3","True"
"979","17","34","75","5","40","17","5","73","8483.67042912157","-71068.4046090547","3657.68261632","3656.4929485321","39","44","984","989","3","3","True"
"980","17","35","75","5","39","17","5","73","5123.84082676264","-71068.4046090547","3657.68261632","3656.4929485321","40","45","985","990","-1","4","False"
"981","17","36","75","5","38","17","5","73","1764.01122440373","-71068.4046090547","3657.68261632","3656.4929485321","41","46","986","991","-1","3","False"
"982","17","37","75","5","37","17","5","73","-1595.81837795519","-71068.4046090547","3657.68261632","3656.4929485321","42","47","987","992","-1","3","False"
"983","17","38","75","5","36","17","5","73","-4955.6479803141","-71068.4046090547","3657.68261632","3656.4929485321","43","48","988","993","-1","3","False"
"984","17","39","75","5","35","17","5","73","-8315.47758267302","-71068.4046090547","3657.68261632","3656.4929485321","44","49","989","994","-1","3","False"
"985","17","40","75","5","34","17","5","73","-11675.3071850319","-71068.4046090547","3657.68261632","3656.4929485321","45","50","990","995","-1","4","False"
"986","17","41","75","5","33","17","5","73","-15035.1367873909","-71068.4046090547","3657.68261632","3656.4929485321","46","51","991","996","-1","3","False"
"987","17","42","75","5","32","17","5","73","-18394.9663897498","-71068.4046090547","3657.68261632","3656.4929485321","47","52","992","997","-1","3","False"
"988","17","43","75","5","31","17","5","73","-21754.7959921087","-71068.4046090547","3657.68261632","3656.4929485321","48","53","993","998","-1","3","False"
"989","17","44","75","5","30","17","5","73","-25114.6255944676","-71068.4046090547","3657.68261632","3656.4929485321","49","54","994","999","-1","3","False"
"990","17","45","75","5","29","17","5","73","-28474.4551968265","-71068.4046090547","3657.68261632","3656.4929485321","50","55","995","1000","3","4","True"
"991","17","46","75","5","28","17","5","73","-31834.2847991854","-71068.4046090547","3657.68261632","3656.4929485321","51","56","996","1001","3","3","True"
"992","17","47","75","5","27","17","5","73","-35194.1144015444","-71068.4046090547","3657.68261632","3656.4929485321","52","57","997","1002","3","3","True"
"993","17","48","75","5","26","17","5","73","-38553.9440039033","-71068.4046090547","3657.68261632","3656.4929485321","53","58","998","1003","3","3","True"
"994","17","49","75","5","25","17","5","73","-41913.7736062622","-71068.4046090547","3657.68261632","3656.4929485321","54","59","999","1004","3","3","True"
"995","17","50","75","5","24","17","5","73","-45273.6032086211","-71068.4046090547","3657.68261632","3656.4929485321","55","60","1000","1005","-1","4","False"
"996","17","51","75","5","23","17","5","73","-48633.43281098","-71068.4046090547","3657.68261632","3656.4929485321","56","61","1001","1006","-1","3","False"
"997","17","52","75","5","22","17","5","73","-51993.2624133389","-71068.4046090547","3657.68261632","3656.4929485321","57","62","1002","1007","-1","3","False"
"998","17","53","75","5","21","17","5","73","-55353.0920156979","-71068.4046090547","3657.68261632","3656.4929485321","58","63","1003","1008","-1","3","False"
"999","17","54","75","5","20","17","5","73","-58712.9216180568","-71068.4046090547","3657.68261632","3656.4929485321","59","64","1004","1009","-1","3","False"
"1000","17","55","75","5","19","17","5","73","-62072.7512204157","-71068.4046090547","3657.68261632","3656.4929485321","60","65","1005","1010","-1","4","False"
"1001","17","56","75","5","18","17","5","73","-65432.5808227746","-71068.4046090547","3657.68261632","3656.4929485321","61","66","1006","1011","-1","3","False"
"1002","17","57","75","5","17","17","5","73","-68792.4104251335","-71068.4046090547","3657.68261632","3656.4929485321","62","67","1007","1012","-1","3","False"
"1003","17","58","75","5","16","17","5","73","-72152.2400274924","-71068.4046090547","3657.68261632","3656.4929485321","63","68","1008","1013","-1","3","False"
"1004","17","59","75","5","15","17","5","73","-75512.0696298514","-71068.4046090547","3657.68261632","3656.4929485321","64","69","1009","1014","-1","3","False"
"1005","17","60","75","5","14","17","5","73","-78871.8992322103","-71068.4046090547","3657.68261632","3656.4929485321","65","70","1010","1015","3","4","True"
"1006","17","61","75","5","13","17","5","73","-82231.7288345692","-71068.4046090547","3657.68261632","3656.4929485321","66","71","1011","1016","3","3","True"
"1007","17","62","75","5","12","17","5","73","-85591.5584369281","-71068.4046090547","3657.68261632","3656.4929485321","67","72","1012","1017","3","3","True"
"1008","17","63","75","5","11","17","5","73","-88951.388039287","-71068.4046090547","3657.68261632","3656.4929485321","68","73","1013","1018","3","3","True"
"1009","17","64","75","5","10","17","5","73","-92311.2176416459","-71068.4046090547","3657.68261632","3656.4929485321","69","74","1014","1019","3","3","True"
"1010","17","65","75","5","9","17","5","73","-95671.0472440048","-71068.4046090547","3657.68261632","3656.4929485321","55","60","1000","1005","-1","4","False"
"1011","17","66","75","5","8","17","5","73","-99030.8768463638","-71068.4046090547","3657.68261632","3656.4929485321","56","61","1001","1006","-1","3","False"
"1012","17","67","75","5","7","17","5","73","-102390.706448723","-71068.4046090547","3657.68261632","3656.4929485321","57","62","1002","1007","-1","3","False"
"1013","17","68","75","5","6","17","5","73","-105750.536051082","-71068.4046090547","3657.68261632","3656.4929485321","58","63","1003","1008","-1","3","False"
"1014","17","69","75","5","5","17","5","73","-109110.365653441","-71068.4046090547","3657.68261632","3656.4929485321","59","64","1004","1009","-1","3","False"
"1015","17","70","75","5","4","17","5","73","-112470.195255799","-71068.4046090547","3657.68261632","3656.4929485321","60","65","1005","1010","-1","4","False"
"1016","17","71","75","5","3","17","5","73","-115830.024858158","-71068.4046090547","3657.68261632","3656.4929485321","61","66","1006","1011","-1","3","False"
"1017","17","72","75","5","2","17","5","73","-119189.854460517","-71068.4046090547","3657.68261632","3656.4929485321","62","67","1007","1012","-1","3","False"
"1018","17","73","75","5","1","17","5","73","-122549.684062876","-71068.4046090547","3657.68261632","3656.4929485321","63","68","1008","1013","-1","3","False"
"1019","17","74","75","5","0","17","5","73","-125909.513665235","-71068.4046090547","3657.68261632","3656.4929485321","64","69","1009","1014","-1","3","False"
"1020","18","0","75","5","0","18","5","73","-125909.513665235","-67444.1675485078","3657.68261632","3656.4929485321","5","10","1025","1030","3","3","True"
"1021","18","1","75","5","1","18","5","73","-122549.684062876","-67444.1675485078","3657.68261632","3656.4929485321","6","11","1026","1031","3","4","True"
"1022","18","2","75","5","2","18","5","73","-119189.854460517","-67444.1675485078","3657.68261632","3656.4929485321","7","12","1027","1032","3","4","True"
"1023","18","3","75","5","3","18","5","73","-115830.024858158","-67444.1675485078","3657.68261632","3656.4929485321","8","13","1028","1033","3","4","True"
"1024","18","4","75","5","4","18","5","73","-112470.195255799","-67444.1675485078","3657.68261632","3656.4929485321","9","14","1029","1034","3","6","True"
"1025","18","5","75","5","5","18","5","73","-109110.365653441","-67444.1675485078","3657.68261632","3656.4929485321","10","15","1030","1035","-1","4","False"
"1026","18","6","75","5","6","18","5","73","-105750.536051082","-67444.1675485078","3657.68261632","3656.4929485321","11","16","1031","1036","-1","4","False"
"1027","18","7","75","5","7","18","5","73","-102390.706448723","-67444.1675485078","3657.68261632","3656.4929485321","12","17","1032","1037","-1","4","False"
"1028","18","8","75","5","8","18","5","73","-99030.8768463638","-67444.1675485078","3657.68261632","3656.4929485321","13","18","1033","1038","-1","4","False"
"1029","18","9","75","5","9","18","5","73","-95671.0472440048","-67444.1675485078","3657.68261632","3656.4929485321","14","19","1034","1039","-1","6","False"
"1030","18","10","75","5","10","18","5","73","-92311.2176416459","-67444.1675485078","3657.68261632","3656.4929485321","15","20","1035","1040","-1","4","False"
"1031","18","11","75","5","11","18","5","73","-88951.388039287","-67444.1675485078","3657.68261632","3656.4929485321","16","21","1036","1041","-1","4","False"
"1032","18","12","75","5","12","18","5","73","-85591.5584369281","-67444.1675485078","3657.68261632","3656.4929485321","17","22","1037","1042","-1","4","False"
"1033","18","13","75","5","13","18","5","73","-82231.7288345692","-67444.1675485078","3657.68261632","3656.4929485321","18","23","1038","1043","-1","4","False"
"1034","18","14","75","5","14","18","5","73","-78871.8992322103","-67444.1675485078","3657.68261632","3656.4929485321","19","24","1039","1044","-1","6","False"
"1035","18","15","75","5","15","18","5","73","-75512.0696298514","-67444.1675485078","3657.68261632","3656.4929485321","20","25","1040","1045","3","4","True"
"1036","18","16","75","5","16","18","5","73","-72152.2400274924","-67444.1675485078","3657.68261632","3656.4929485321","21","26","1041","1046","3","4","True"
"1037","18","17","75","5","17","18","5","73","-68792.4104251335","-67444.1675485078","3657.68261632","3656.4929485321","22","27","1042","1047","3","4","True"
"1038","18","18","75","5","18","18","5","73","-65432.5808227746","-67444.1675485078","3657.68261632","3656.4929485321","23","28","1043","1048","3","4","True"
"1039","18","19","75","5","19","18","5","73","-62072.7512204157","-67444.1675485078","3657.68261632","3656.4929485321","24","29","1044","1049","3","6","True"
"1040","18","20","75","5","20","18","5","73","-58712.9216180568","-67444.1675485078","3657.68261632","3656.4929485321","25","30","1045","1050","-1","4","False"
"1041","18","21","75","5","21","18","5","73","-55353.0920156979","-67444.1675485078","3657.68261632","3656.4929485321","26","31","1046","1051","-1","4","False"
"1042","18","22","75","5","22","18","5","73","-51993.2624133389","-67444.1675485078","3657.68261632","3656.4929485321","27","32","1047","1052","-1","4","False"
"1043","18","23","75","5","23","18","5","73","-48633.43281098","-67444.1675485078","3657.68261632","3656.4929485321","28","33","1048","1053","-1","4","False"
"1044","18","24","75","5","24","18","5","73","-45273.6032086211","-67444.1675485078","3657.68261632","3656.4929485321","29","34","1049","1054","-1","6","False"
"1045","18","25","75","5","25","18","5","73","-41913.7736062622","-67444.1675485078","3657.68261632","3656.4929485321","30","35","1050","1055","-1","4","False"
"1046","18","26","75","5","26","18","5","73","-38553.9440039033","-67444.1675485078","3657.68261632","3656.4929485321","31","36","1051","1056","-1","4","False"
"1047","18","27","75","5","27","18","5","73","-35194.1144015444","-67444.1675485078","3657.68261632","3656.4929485321","32","37","1052","1057","-1","4","False"
"1048","18","28","75","5","28","18","5","73","-31834.2847991854","-67444.1675485078","3657.68261632","3656.4929485321","33","38","1053","1058","-1","4","False"
"1049","18","29","75","5","29","18","5","73","-28474.4551968265","-67444.1675485078","3657.68261632","3656.4929485321","34","39","1054","1059","-1","6","False"
"1050","18","30","75","5","30","18","5","73","-25114.6255944676","-67444.1675485078","3657.68261632","3656.4929485321","35","40","1055","1060","3","4","True"
"1051","18","31","75","5","31","18","5","73","-21754.7959921087","-67444.1675485078","3657.68261632","3656.4929485321","36","41","1056","1061","3","4","True"
"1052","18","32","75","5","32","18","5","73","-18394.9663897498","-67444.1675485078","3657.68261632","3656.4929485321","37","42","1057","1062","3","4","True"
"1053","18","33","75","5","33","18","5","73","-15035.1367873909","-67444.1675485078","3657.68261632","3656.4929485321","38","43","1058","1063","3","4","True"
"1054","18","34","75","5","34","18","5","73","-11675.3071850319","-67444.1675485078","3657.68261632","3656.4929485321","39","44","1059","1064","3","6","True"
"1055","18","35","75","5","35","18","5","73","-8315.47758267302","-67444.1675485078","3657.68261632","3656.4929485321","40","45","1060","1065","-1","4","False"
"1056","18","36","75","5","36","18","5","73","-4955.6479803141","-67444.1675485078","3657.68261632","3656.4929485321","41","46","1061","1066","-1","4","False"
"1057","18","37","75","5","37","18","5","73","-1595.81837795519","-67444.1675485078","3657.68261632","3656.4929485321","42","47","1062","1067","-1","4","False"
"1058","18","38","75","5","38","18","5","73","1764.01122440373","-67444.1675485078","3657.68261632","3656.4929485321","43","48","1063","1068","-1","4","False"
"1059","18","39","75","5","39","18","5","73","5123.84082676264","-67444.1675485078","3657.68261632","3656.4929485321","44","49","1064","1069","-1","6","False"
"1060","18","40","75","5","40","18","5","73","8483.67042912157","-67444.1675485078","3657.68261632","3656.4929485321","45","50","1065","1070","-1","4","False"
"1061","18","41","75","5","41","18","5","73","11843.5000314805","-67444.1675485078","3657.68261632","3656.4929485321","46","51","1066","1071","-1","4","False"
"1062","18","42","75","5","42","18","5","73","15203.3296338394","-67444.1675485078","3657.68261632","3656.4929485321","47","52","1067","1072","-1","4","False"
"1063","18","43","75","5","43","18","5","73","18563.1592361983","-67444.1675485078","3657.68261632","3656.4929485321","48","53","1068","1073","-1","4","False"
"1064","18","44","75","5","44","18","5","73","21922.9888385572","-67444.1675485078","3657.68261632","3656.4929485321","49","54","1069","1074","-1","6","False"
"1065","18","45","75","5","45","18","5","73","25282.8184409162","-67444.1675485078","3657.68261632","3656.4929485321","50","55","1070","1075","3","4","True"
"1066","18","46","75","5","46","18","5","73","28642.6480432751","-67444.1675485078","3657.68261632","3656.4929485321","51","56","1071","1076","3","4","True"
"1067","18","47","75","5","47","18","5","73","32002.477645634","-67444.1675485078","3657.68261632","3656.4929485321","52","57","1072","1077","3","4","True"
"1068","18","48","75","5","48","18","5","73","35362.3072479929","-67444.1675485078","3657.68261632","3656.4929485321","53","58","1073","1078","3","4","True"
"1069","18","49","75","5","49","18","5","73","38722.1368503518","-67444.1675485078","3657.68261632","3656.4929485321","54","59","1074","1079","3","6","True"
"1070","18","50","75","5","50","18","5","73","42081.9664527107","-67444.1675485078","3657.68261632","3656.4929485321","55","60","1075","1080","-1","4","False"
"1071","18","51","75","5","51","18","5","73","45441.7960550696","-67444.1675485078","3657.68261632","3656.4929485321","56","61","1076","1081","-1","4","False"
"1072","18","52","75","5","52","18","5","73","48801.6256574286","-67444.1675485078","3657.68261632","3656.4929485321","57","62","1077","1082","-1","4","False"
"1073","18","53","75","5","53","18","5","73","52161.4552597875","-67444.1675485078","3657.68261632","3656.4929485321","58","63","1078","1083","-1","4","False"
"1074","18","54","75","5","54","18","5","73","55521.2848621464","-67444.1675485078","3657.68261632","3656.4929485321","59","64","1079","1084","-1","6","False"
"1075","18","55","75","5","55","18","5","73","58881.1144645053","-67444.1675485078","3657.68261632","3656.4929485321","60","65","1080","1085","-1","4","False"
"1076","18","56","75","5","56","18","5","73","62240.9440668642","-67444.1675485078","3657.68261632","3656.4929485321","61","66","1081","1086","-1","4","False"
"1077","18","57","75","5","57","18","5","73","65600.7736692231","-67444.1675485078","3657.68261632","3656.4929485321","62","67","1082","1087","-1","4","False"
"1078","18","58","75","5","58","18","5","73","68960.603271582","-67444.1675485078","3657.68261632","3656.4929485321","63","68","1083","1088","-1","4","False"
"1079","18","59","75","5","59","18","5","73","72320.432873941","-67444.1675485078","3657.68261632","3656.4929485321","64","69","1084","1089","-1","6","False"
"1080","18","60","75","5","60","18","5","73","75680.2624762999","-67444.1675485078","3657.68261632","3656.4929485321","65","70","1085","1090","3","4","True"
"1081","18","61","75","5","61","18","5","73","79040.0920786588","-67444.1675485078","3657.68261632","3656.4929485321","66","71","1086","1091","3","4","True"
"1082","18","62","75","5","62","18","5","73","82399.9216810177","-67444.1675485078","3657.68261632","3656.4929485321","67","72","1087","1092","3","4","True"
"1083","18","63","75","5","63","18","5","73","85759.7512833766","-67444.1675485078","3657.68261632","3656.4929485321","68","73","1088","1093","3","4","True"
"1084","18","64","75","5","64","18","5","73","89119.5808857356","-67444.1675485078","3657.68261632","3656.4929485321","69","74","1089","1094","3","6","True"
"1085","18","65","75","5","65","18","5","73","92479.4104880945","-67444.1675485078","3657.68261632","3656.4929485321","55","60","1075","1080","-1","4","False"
"1086","18","66","75","5","66","18","5","73","95839.2400904534","-67444.1675485078","3657.68261632","3656.4929485321","56","61","1076","1081","-1","4","False"
"1087","18","67","75","5","67","18","5","73","99199.0696928123","-67444.1675485078","3657.68261632","3656.4929485321","57","62","1077","1082","-1","4","False"
"1088","18","68","75","5","68","18","5","73","102558.899295171","-67444.1675485078","3657.68261632","3656.4929485321","58","63","1078","1083","-1","4","False"
"1089","18","69","75","5","69","18","5","73","105918.72889753","-67444.1675485078","3657.68261632","3656.4929485321","59","64","1079","1084","-1","6","False"
"1090","18","70","75","5","70","18","5","73","109278.558499889","-67444.1675485078","3657.68261632","3656.4929485321","60","65","1080","1085","-1","4","False"
"1091","18","71","75","5","71","18","5","73","112638.388102248","-67444.1675485078","3657.68261632","3656.4929485321","61","66","1081","1086","-1","4","False"
"1092","18","72","75","5","72","18","5","73","115998.217704607","-67444.1675485078","3657.68261632","3656.4929485321","62","67","1082","1087","-1","4","False"
"1093","18","73","75","5","73","18","5","73","119358.047306966","-67444.1675485078","3657.68261632","3656.4929485321","63","68","1083","1088","-1","4","False"
"1094","18","74","75","5","74","18","5","73","122717.876909325","-67444.1675485078","3657.68261632","3656.4929485321","64","69","1084","1089","-1","4","False"
"1095","19","0","75","5","74","19","5","73","122717.876909325","-63819.9304879609","3657.68261632","3656.4929485321","5","10","1100","1105","3","2","True"
"1096","19","1","75","5","73","19","5","73","119358.047306966","-63819.9304879609","3657.68261632","3656.4929485321","6","11","1101","1106","3","3","True"
"1097","19","2","75","5","72","19","5","73","115998.217704607","-63819.9304879609","3657.68261632","3656.4929485321","7","12","1102","1107","3","3","True"
"1098","19","3","75","5","71","19","5","73","112638.388102248","-63819.9304879609","3657.68261632","3656.4929485321","8","13","1103","1108","3","3","True"
"1099","19","4","75","5","70","19","5","73","109278.558499889","-63819.9304879609","3657.68261632","3656.4929485321","9","14","1104","1109","3","3","True"
"1100","19","5","75","5","69","19","5","73","105918.72889753","-63819.9304879609","3657.68261632","3656.4929485321","10","15","1105","1110","-1","4","False"
"1101","19","6","75","5","68","19","5","73","102558.899295171","-63819.9304879609","3657.68261632","3656.4929485321","11","16","1106","1111","-1","3","False"
"1102","19","7","75","5","67","19","5","73","99199.0696928123","-63819.9304879609","3657.68261632","3656.4929485321","12","17","1107","1112","-1","3","False"
"1103","19","8","75","5","66","19","5","73","95839.2400904534","-63819.9304879609","3657.68261632","3656.4929485321","13","18","1108","1113","-1","3","False"
"1104","19","9","75","5","65","19","5","73","92479.4104880945","-63819.9304879609","3657.68261632","3656.4929485321","14","19","1109","1114","-1","3","False"
"1105","19","10","75","5","64","19","5","73","89119.5808857356","-63819.9304879609","3657.68261632","3656.4929485321","15","20","1110","1115","-1","4","False"
"1106","19","11","75","5","63","19","5","73","85759.7512833766","-63819.9304879609","3657.68261632","3656.4929485321","16","21","1111","1116","-1","3","False"
"1107","19","12","75","5","62","19","5","73","82399.9216810177","-63819.9304879609","3657.68261632","3656.4929485321","17","22","1112","1117","-1","3","False"
"1108","19","13","75","5","61","19","5","73","79040.0920786588","-63819.9304879609","3657.68261632","3656.4929485321","18","23","1113","1118","-1","3","False"
"1109","19","14","75","5","60","19","5","73","75680.2624762999","-63819.9304879609","3657.68261632","3656.4929485321","19","24","1114","1119","-1","3","False"
"1110","19","15","75","5","59","19","5","73","72320.432873941","-63819.9304879609","3657.68261632","3656.4929485321","20","25","1115","1120","3","4","True"
"1111","19","16","75","5","58","19","5","73","68960.603271582","-63819.9304879609","3657.68261632","3656.4929485321","21","26","1116","1121","3","3","True"
"1112","19","17","75","5","57","19","5","73","65600.7736692231","-63819.9304879609","3657.68261632","3656.4929485321","22","27","1117","1122","3","3","True"
"1113","19","18","75","5","56","19","5","73","62240.9440668642","-63819.9304879609","3657.68261632","3656.4929485321","23","28","1118","1123","3","3","True"
"1114","19","19","75","5","55","19","5","73","58881.1144645053","-63819.9304879609","3657.68261632","3656.4929485321","24","29","1119","1124","3","3","True"
"1115","19","20","75","5","54","19","5","73","55521.2848621464","-63819.9304879609","3657.68261632","3656.4929485321","25","30","1120","1125","-1","4","False"
"1116","19","21","75","5","53","19","5","73","52161.4552597875","-63819.9304879609","3657.68261632","3656.4929485321","26","31","1121","1126","-1","3","False"
"1117","19","22","75","5","52","19","5","73","48801.6256574286","-63819.9304879609","3657.68261632","3656.4929485321","27","32","1122","1127","-1","3","False"
"1118","19","23","75","5","51","19","5","73","45441.7960550696","-63819.9304879609","3657.68261632","3656.4929485321","28","33","1123","1128","-1","3","False"
"1119","19","24","75","5","50","19","5","73","42081.9664527107","-63819.9304879609","3657.68261632","3656.4929485321","29","34","1124","1129","-1","3","False"
"1120","19","25","75","5","49","19","5","73","38722.1368503518","-63819.9304879609","3657.68261632","3656.4929485321","30","35","1125","1130","-1","4","False"
"1121","19","26","75","5","48","19","5","73","35362.3072479929","-63819.9304879609","3657.68261632","3656.4929485321","31","36","1126","1131","-1","3","False"
"1122","19","27","75","5","47","19","5","73","32002.477645634","-63819.9304879609","3657.68261632","3656.4929485321","32","37","1127","1132","-1","3","False"
"1123","19","28","75","5","46","19","5","73","28642.6480432751","-63819.9304879609","3657.68261632","3656.4929485321","33","38","1128","1133","-1","3","False"
"1124","19","29","75","5","45","19","5","73","25282.8184409162","-63819.9304879609","3657.68261632","3656.4929485321","34","39","1129","1134","-1","3","False"
"1125","19","30","75","5","44","19","5","73","21922.9888385572","-63819.9304879609","3657.68261632","3656.4929485321","35","40","1130","1135","3","4","True"
"1126","19","31","75","5","43","19","5","73","18563.1592361983","-63819.9304879609","3657.68261632","3656.4929485321","36","41","1131","1136","3","3","True"
"1127","19","32","75","5","42","19","5","73","15203.3296338394","-63819.9304879609","3657.68261632","3656.4929485321","37","42","1132","1137","3","3","True"
"1128","19","33","75","5","41","19","5","73","11843.5000314805","-63819.9304879609","3657.68261632","3656.4929485321","38","43","1133","1138","3","3","True"
"1129","19","34","75","5","40","19","5","73","8483.67042912157","-63819.9304879609","3657.68261632","3656.4929485321","39","44","1134","1139","3","3","True"
"1130","19","35","75","5","39","19","5","73","5123.84082676264","-63819.9304879609","3657.68261632","3656.4929485321","40","45","1135","1140","-1","4","False"
"1131","19","36","75","5","38","19","5","73","1764.01122440373","-63819.9304879609","3657.68261632","3656.4929485321","41","46","1136","1141","-1","3","False"
"1132","19","37","75","5","37","19","5","73","-1595.81837795519","-63819.9304879609","3657.68261632","3656.4929485321","42","47","1137","1142","-1","3","False"
"1133","19","38","75","5","36","19","5","73","-4955.6479803141","-63819.9304879609","3657.68261632","3656.4929485321","43","48","1138","1143","-1","3","False"
"1134","19","39","75","5","35","19","5","73","-8315.47758267302","-63819.9304879609","3657.68261632","3656.4929485321","44","49","1139","1144","-1","3","False"
"1135","19","40","75","5","34","19","5","73","-11675.3071850319","-63819.9304879609","3657.68261632","3656.4929485321","45","50","1140","1145","-1","4","False"
"1136","19","41","75","5","33","19","5","73","-15035.1367873909","-63819.9304879609","3657.68261632","3656.4929485321","46","51","1141","1146","-1","3","False"
"1137","19","42","75","5","32","19","5","73","-18394.9663897498","-63819.9304879609","3657.68261632","3656.4929485321","47","52","1142","1147","-1","3","False"
"1138","19","43","75","5","31","19","5","73","-21754.7959921087","-63819.9304879609","3657.68261632","3656.4929485321","48","53","1143","1148","-1","3","False"
"1139","19","44","75","5","30","19","5","73","-25114.6255944676","-63819.9304879609","3657.68261632","3656.4929485321","49","54","1144","1149","-1","3","False"
"1140","19","45","75","5","29","19","5","73","-28474.4551968265","-63819.9304879609","3657.68261632","3656.4929485321","50","55","1145","1150","3","4","True"
"1141","19","46","75","5","28","19","5","73","-31834.2847991854","-63819.9304879609","3657.68261632","3656.4929485321","51","56","1146","1151","3","3","True"
"1142","19","47","75","5","27","19","5","73","-35194.1144015444","-63819.9304879609","3657.68261632","3656.4929485321","52","57","1147","1152","3","3","True"
"1143","19","48","75","5","26","19","5","73","-38553.9440039033","-63819.9304879609","3657.68261632","3656.4929485321","53","58","1148","1153","3","3","True"
"1144","19","49","75","5","25","19","5","73","-41913.7736062622","-63819.9304879609","3657.68261632","3656.4929485321","54","59","1149","1154","3","3","True"
"1145","19","50","75","5","24","19","5","73","-45273.6032086211","-63819.9304879609","3657.68261632","3656.4929485321","55","60","1150","1155","-1","4","False"
"1146","19","51","75","5","23","19","5","73","-48633.43281098","-63819.9304879609","3657.68261632","3656.4929485321","56","61","1151","1156","-1","3","False"
"1147","19","52","75","5","22","19","5","73","-51993.2624133389","-63819.9304879609","3657.68261632","3656.4929485321","57","62","1152","1157","-1","3","False"
"1148","19","53","75","5","21","19","5","73","-55353.0920156979","-63819.9304879609","3657.68261632","3656.4929485321","58","63","1153","1158","-1","3","False"
"1149","19","54","75","5","20","19","5","73","-58712.9216180568","-63819.9304879609","3657.68261632","3656.4929485321","59","64","1154","1159","-1","3","False"
"1150","19","55","75","5","19","19","5","73","-62072.7512204157","-63819.9304879609","3657.68261632","3656.4929485321","60","65","1155","1160","-1","4","False"
"1151","19","56","75","5","18","19","5","73","-65432.5808227746","-63819.9304879609","3657.68261632","3656.4929485321","61","66","1156","1161","-1","3","False"
"1152","19","57","75","5","17","19","5","73","-68792.4104251335","-63819.9304879609","3657.68261632","3656.4929485321","62","67","1157","1162","-1","3","False"
"1153","19","58","75","5","16","19","5","73","-72152.2400274924","-63819.9304879609","3657.68261632","3656.4929485321","63","68","1158","1163","-1","3","False"
"1154","19","59","75","5","15","19","5","73","-75512.0696298514","-63819.9304879609","3657.68261632","3656.4929485321","64","69","1159","1164","-1","3","False"
"1155","19","60","75","5","14","19","5","73","-78871.8992322103","-63819.9304879609","3657.68261632","3656.4929485321","65","70","1160","1165","3","4","True"
"1156","19","61","75","5","13","19","5","73","-82231.7288345692","-63819.9304879609","3657.68261632","3656.4929485321","66","71","1161","1166","3","3","True"
"1157","19","62","75","5","12","19","5","73","-85591.5584369281","-63819.9304879609","3657.68261632","3656.4929485321","67","72","1162","1167","3","3","True"
"1158","19","63","75","5","11","19","5","73","-88951.388039287","-63819.9304879609","3657.68261632","3656.4929485321","68","73","1163","1168","3","3","True"
"1159","19","64","75","5","10","19","5","73","-92311.2176416459","-63819.9304879609","3657.68261632","3656.4929485321","69","74","1164","1169","3","3","True"
"1160","19","65","75","5","9","19","5","73","-95671.0472440048","-63819.9304879609","3657.68261632","3656.4929485321","55","60","1150","1155","-1","4","False"
"1161","19","66","75","5","8","19","5","73","-99030.8768463638","-63819.9304879609","3657.68261632","3656.4929485321","56","61","1151","1156","-1","3","False"
"1162","19","67","75","5","7","19","5","73","-102390.706448723","-63819.9304879609","3657.68261632","3656.4929485321","57","62","1152","1157","-1","3","False"
"1163","19","68","75","5","6","19","5","73","-105750.536051082","-63819.9304879609","3657.68261632","3656.4929485321","58","63","1153","1158","-1","3","False"
"1164","19","69","75","5","5","19","5","73","-109110.365653441","-63819.9304879609","3657.68261632","3656.4929485321","59","64","1154","1159","-1","3","False"
"1165","19","70","75","5","4","19","5","73","-112470.195255799","-63819.9304879609","3657.68261632","3656.4929485321","60","65","1155","1160","-1","4","False"
"1166","19","71","75","5","3","19","5","73","-115830.024858158","-63819.9304879609","3657.68261632","3656.4929485321","61","66","1156","1161","-1","3","False"
"1167","19","72","75","5","2","19","5","73","-119189.854460517","-63819.9304879609","3657.68261632","3656.4929485321","62","67","1157","1162","-1","3","False"
"1168","19","73","75","5","1","19","5","73","-122549.684062876","-63819.9304879609","3657.68261632","3656.4929485321","63","68","1158","1163","-1","3","False"
"1169","19","74","75","5","0","19","5","73","-125909.513665235","-63819.9304879609","3657.68261632","3656.4929485321","64","69","1159","1164","-1","3","False"
"1170","20","0","75","5","0","20","5","73","-125909.513665235","-60195.6934274141","3657.68261632","3656.4929485321","5","10","1175","1180","3","2","True"
"1171","20","1","75","5","1","20","5","73","-122549.684062876","-60195.6934274141","3657.68261632","3656.4929485321","6","11","1176","1181","3","3","True"
"1172","20","2","75","5","2","20","5","73","-119189.854460517","-60195.6934274141","3657.68261632","3656.4929485321","7","12","1177","1182","3","3","True"
"1173","20","3","75","5","3","20","5","73","-115830.024858158","-60195.6934274141","3657.68261632","3656.4929485321","8","13","1178","1183","3","3","True"
"1174","20","4","75","5","4","20","5","73","-112470.195255799","-60195.6934274141","3657.68261632","3656.4929485321","9","14","1179","1184","3","4","True"
"1175","20","5","75","5","5","20","5","73","-109110.365653441","-60195.6934274141","3657.68261632","3656.4929485321","10","15","1180","1185","-1","3","False"
"1176","20","6","75","5","6","20","5","73","-105750.536051082","-60195.6934274141","3657.68261632","3656.4929485321","11","16","1181","1186","-1","3","False"
"1177","20","7","75","5","7","20","5","73","-102390.706448723","-60195.6934274141","3657.68261632","3656.4929485321","12","17","1182","1187","-1","3","False"
"1178","20","8","75","5","8","20","5","73","-99030.8768463638","-60195.6934274141","3657.68261632","3656.4929485321","13","18","1183","1188","-1","3","False"
"1179","20","9","75","5","9","20","5","73","-95671.0472440048","-60195.6934274141","3657.68261632","3656.4929485321","14","19","1184","1189","-1","4","False"
"1180","20","10","75","5","10","20","5","73","-92311.2176416459","-60195.6934274141","3657.68261632","3656.4929485321","15","20","1185","1190","-1","3","False"
"1181","20","11","75","5","11","20","5","73","-88951.388039287","-60195.6934274141","3657.68261632","3656.4929485321","16","21","1186","1191","-1","3","False"
"1182","20","12","75","5","12","20","5","73","-85591.5584369281","-60195.6934274141","3657.68261632","3656.4929485321","17","22","1187","1192","-1","3","False"
"1183","20","13","75","5","13","20","5","73","-82231.7288345692","-60195.6934274141","3657.68261632","3656.4929485321","18","23","1188","1193","-1","3","False"
"1184","20","14","75","5","14","20","5","73","-78871.8992322103","-60195.6934274141","3657.68261632","3656.4929485321","19","24","1189","1194","-1","4","False"
"1185","20","15","75","5","15","20","5","73","-75512.0696298514","-60195.6934274141","3657.68261632","3656.4929485321","20","25","1190","1195","3","3","True"
"1186","20","16","75","5","16","20","5","73","-72152.2400274924","-60195.6934274141","3657.68261632","3656.4929485321","21","26","1191","1196","3","3","True"
"1187","20","17","75","5","17","20","5","73","-68792.4104251335","-60195.6934274141","3657.68261632","3656.4929485321","22","27","1192","1197","3","3","True"
"1188","20","18","75","5","18","20","5","73","-65432.5808227746","-60195.6934274141","3657.68261632","3656.4929485321","23","28","1193","1198","3","3","True"
"1189","20","19","75","5","19","20","5","73","-62072.7512204157","-60195.6934274141","3657.68261632","3656.4929485321","24","29","1194","1199","3","4","True"
"1190","20","20","75","5","20","20","5","73","-58712.9216180568","-60195.6934274141","3657.68261632","3656.4929485321","25","30","1195","1200","-1","3","False"
"1191","20","21","75","5","21","20","5","73","-55353.0920156979","-60195.6934274141","3657.68261632","3656.4929485321","26","31","1196","1201","-1","3","False"
"1192","20","22","75","5","22","20","5","73","-51993.2624133389","-60195.6934274141","3657.68261632","3656.4929485321","27","32","1197","1202","-1","3","False"
"1193","20","23","75","5","23","20","5","73","-48633.43281098","-60195.6934274141","3657.68261632","3656.4929485321","28","33","1198","1203","-1","3","False"
"1194","20","24","75","5","24","20","5","73","-45273.6032086211","-60195.6934274141","3657.68261632","3656.4929485321","29","34","1199","1204","-1","4","False"
"1195","20","25","75","5","25","20","5","73","-41913.7736062622","-60195.6934274141","3657.68261632","3656.4929485321","30","35","1200","1205","-1","3","False"
"1196","20","26","75","5","26","20","5","73","-38553.9440039033","-60195.6934274141","3657.68261632","3656.4929485321","31","36","1201","1206","-1","3","False"
"1197","20","27","75","5","27","20","5","73","-35194.1144015444","-60195.6934274141","3657.68261632","3656.4929485321","32","37","1202","1207","-1","3","False"
"1198","20","28","75","5","28","20","5","73","-31834.2847991854","-60195.6934274141","3657.68261632","3656.4929485321","33","38","1203","1208","-1","3","False"
"1199","20","29","75","5","29","20","5","73","-28474.4551968265","-60195.6934274141","3657.68261632","3656.4929485321","34","39","1204","1209","-1","4","False"
"1200","20","30","75","5","30","20","5","73","-25114.6255944676","-60195.6934274141","3657.68261632","3656.4929485321","35","40","1205","1210","3","3","True"
"1201","20","31","75","5","31","20","5","73","-21754.7959921087","-60195.6934274141","3657.68261632","3656.4929485321","36","41","1206","1211","3","3","True"
"1202","20","32","75","5","32","20","5","73","-18394.9663897498","-60195.6934274141","3657.68261632","3656.4929485321","37","42","1207","1212","3","3","True"
"1203","20","33","75","5","33","20","5","73","-15035.1367873909","-60195.6934274141","3657.68261632","3656.4929485321","38","43","1208","1213","3","3","True"
"1204","20","34","75","5","34","20","5","73","-11675.3071850319","-60195.6934274141","3657.68261632","3656.4929485321","39","44","1209","1214","3","4","True"
"1205","20","35","75","5","35","20","5","73","-8315.47758267302","-60195.6934274141","3657.68261632","3656.4929485321","40","45","1210","1215","-1","3","False"
"1206","20","36","75","5","36","20","5","73","-4955.6479803141","-60195.6934274141","3657.68261632","3656.4929485321","41","46","1211","1216","-1","3","False"
"1207","20","37","75","5","37","20","5","73","-1595.81837795519","-60195.6934274141","3657.68261632","3656.4929485321","42","47","1212","1217","-1","3","False"
"1208","20","38","75","5","38","20","5","73","1764.01122440373","-60195.6934274141","3657.68261632","3656.4929485321","43","48","1213","1218","-1","3","False"
"1209","20","39","75","5","39","20","5","73","5123.84082676264","-60195.6934274141","3657.68261632","3656.4929485321","44","49","1214","1219","-1","4","False"
"1210","20","40","75","5","40","20","5","73","8483.67042912157","-60195.6934274141","3657.68261632","3656.4929485321","45","50","1215","1220","-1","3","False"
"1211","20","41","75","5","41","20","5","73","11843.5000314805","-60195.6934274141","3657.68261632","3656.4929485321","46","51","1216","1221","-1","3","False"
"1212","20","42","75","5","42","20","5","73","15203.3296338394","-60195.6934274141","3657.68261632","3656.4929485321","47","52","1217","1222","-1","3","False"
"1213","20","43","75","5","43","20","5","73","18563.1592361983","-60195.6934274141","3657.68261632","3656.4929485321","48","53","1218","1223","-1","3","False"
"1214","20","44","75","5","44","20","5","73","21922.9888385572","-60195.6934274141","3657.68261632","3656.4929485321","49","54","1219","1224","-1","4","False"
"1215","20","45","75","5","45","20","5","73","25282.8184409162","-60195.6934274141","3657.68261632","3656.4929485321","50","55","1220","1225","3","3","True"
"1216","20","46","75","5","46","20","5","73","28642.6480432751","-60195.6934274141","3657.68261632","3656.4929485321","51","56","1221","1226","3","3","True"
"1217","20","47","75","5","47","20","5","73","32002.477645634","-60195.6934274141","3657.68261632","3656.4929485321","52","57","1222","1227","3","3","True"
"1218","20","48","75","5","48","20","5","73","35362.3072479929","-60195.6934274141","3657.68261632","3656.4929485321","53","58","1223","1228","3","3","True"
"1219","20","49","75","5","49","20","5","73","38722.1368503518","-60195.6934274141","3657.68261632","3656.4929485321","54","59","1224","1229","3","4","True"
"1220","20","50","75","5","50","20","5","73","42081.9664527107","-60195.6934274141","3657.68261632","3656.4929485321","55","60","1225","1230","-1","3","False"
"1221","20","51","75","5","51","20","5","73","45441.7960550696","-60195.6934274141","3657.68261632","3656.4929485321","56","61","1226","1231","-1","3","False"
"1222","20","52","75","5","52","20","5","73","48801.6256574286","-60195.6934274141","3657.68261632","3656.4929485321","57","62","1227","1232","-1","3","False"
"1223","20","53","75","5","53","20","5","73","52161.4552597875","-60195.6934274141","3657.68261632","3656.4929485321","58","63","1228","1233","-1","3","False"
"1224","20","54","75","5","54","20","5","73","55521.2848621464","-60195.6934274141","3657.68261632","3656.4929485321","59","64","1229","1234","-1","4","False"
"1225","20","55","75","5","55","20","5","73","58881.1144645053","-60195.6934274141","3657.68261632","3656.4929485321","60","65","1230","1235","-1","3","False"
"1226","20","56","75","5","56","20","5","73","62240.9440668642","-60195.6934274141","3657.68261632","3656.4929485321","61","66","1231","1236","-1","3","False"
"1227","20","57","75","5","57","20","5","73","65600.7736692231","-60195.6934274141","3657.68261632","3656.4929485321","62","67","1232","1237","-1","3","False"
"1228","20","58","75","5","58","20","5","73","68960.603271582","-60195.6934274141","3657.68261632","3656.4929485321","63","68","1233","1238","-1","3","False"
"1229","20","59","75","5","59","20","5","73","72320.432873941","-60195.6934274141","3657.68261632","3656.4929485321","64","69","1234","1239","-1","4","False"
"1230","20","60","75","5","60","20","5","73","75680.2624762999","-60195.6934274141","3657.68261632","3656.4929485321","65","70","1235","1240","3","3","True"
"1231","20","61","75","5","61","20","5","73","79040.0920786588","-60195.6934274141","3657.68261632","3656.4929485321","66","71","1236","1241","3","3","True"
"1232","20","62","75","5","62","20","5","73","82399.9216810177","-60195.6934274141","3657.68261632","3656.4929485321","67","72","1237","1242","3","3","True"
"1233","20","63","75","5","63","20","5","73","85759.7512833766","-60195.6934274141","3657.68261632","3656.4929485321","68","73","1238","1243","3","3","True"
"1234","20","64","75","5","64","20","5","73","89119.5808857356","-60195.6934274141","3657.68261632","3656.4929485321","69","74","1239","1244","3","4","True"
"1235","20","65","75","5","65","20","5","73","92479.4104880945","-60195.6934274141","3657.68261632","3656.4929485321","55","60","1225","1230","-1","3","False"
"1236","20","66","75","5","66","20","5","73","95839.2400904534","-60195.6934274141","3657.68261632","3656.4929485321","56","61","1226","1231","-1","3","False"
"1237","20","67","75","5","67","20","5","73","99199.0696928123","-60195.6934274141","3657.68261632","3656.4929485321","57","62","1227","1232","-1","3","False"
"1238","20","68","75","5","68","20","5","73","102558.899295171","-60195.6934274141","3657.68261632","3656.4929485321","58","63","1228","1233","-1","3","False"
"1239","20","69","75","5","69","20","5","73","105918.72889753","-60195.6934274141","3657.68261632","3656.4929485321","59","64","1229","1234","-1","4","False"
"1240","20","70","75","5","70","20","5","73","109278.558499889","-60195.6934274141","3657.68261632","3656.4929485321","60","65","1230","1235","-1","3","False"
"1241","20","71","75","5","71","20","5","73","112638.388102248","-60195.6934274141","3657.68261632","3656.4929485321","61","66","1231","1236","-1","3","False"
"1242","20","72","75","5","72","20","5","73","115998.217704607","-60195.6934274141","3657.68261632","3656.4929485321","62","67","1232","1237","-1","3","False"
"1243","20","73","75","5","73","20","5","73","119358.047306966","-60195.6934274141","3657.68261632","3656.4929485321","63","68","1233","1238","-1","3","False"
"1244","20","74","75","5","74","20","5","73","122717.876909325","-60195.6934274141","3657.68261632","3656.4929485321","64","69","1234","1239","-1","3","False"
"1245","21","0","75","5","74","21","5","73","122717.876909325","-56571.4563668672","3657.68261632","3656.4929485321","5","10","1250","1255","3","3","True"
"1246","21","1","75","5","73","21","5","73","119358.047306966","-56571.4563668672","3657.68261632","3656.4929485321","6","11","1251","1256","3","4","True"
"1247","21","2","75","5","72","21","5","73","115998.217704607","-56571.4563668672","3657.68261632","3656.4929485321","7","12","1252","1257","3","4","True"
"1248","21","3","75","5","71","21","5","73","112638.388102248","-56571.4563668672","3657.68261632","3656.4929485321","8","13","1253","1258","3","4","True"
"1249","21","4","75","5","70","21","5","73","109278.558499889","-56571.4563668672","3657.68261632","3656.4929485321","9","14","1254","1259","3","4","True"
"1250","21","5","75","5","69","21","5","73","105918.72889753","-56571.4563668672","3657.68261632","3656.4929485321","10","15","1255","1260","-1","6","False"
"1251","21","6","75","5","68","21","5","73","102558.899295171","-56571.4563668672","3657.68261632","3656.4929485321","11","16","1256","1261","-1","4","False"
"1252","21","7","75","5","67","21","5","73","99199.0696928123","-56571.4563668672","3657.68261632","3656.4929485321","12","17","1257","1262","-1","4","False"
"1253","21","8","75","5","66","21","5","73","95839.2400904534","-56571.4563668672","3657.68261632","3656.4929485321","13","18","1258","1263","-1","4","False"
"1254","21","9","75","5","65","21","5","73","92479.4104880945","-56571.4563668672","3657.68261632","3656.4929485321","14","19","1259","1264","-1","4","False"
"1255","21","10","75","5","64","21","5","73","89119.5808857356","-56571.4563668672","3657.68261632","3656.4929485321","15","20","1260","1265","-1","6","False"
"1256","21","11","75","5","63","21","5","73","85759.7512833766","-56571.4563668672","3657.68261632","3656.4929485321","16","21","1261","1266","-1","4","False"
"1257","21","12","75","5","62","21","5","73","82399.9216810177","-56571.4563668672","3657.68261632","3656.4929485321","17","22","1262","1267","-1","4","False"
"1258","21","13","75","5","61","21","5","73","79040.0920786588","-56571.4563668672","3657.68261632","3656.4929485321","18","23","1263","1268","-1","4","False"
"1259","21","14","75","5","60","21","5","73","75680.2624762999","-56571.4563668672","3657.68261632","3656.4929485321","19","24","1264","1269","-1","4","False"
"1260","21","15","75","5","59","21","5","73","72320.432873941","-56571.4563668672","3657.68261632","3656.4929485321","20","25","1265","1270","3","6","True"
"1261","21","16","75","5","58","21","5","73","68960.603271582","-56571.4563668672","3657.68261632","3656.4929485321","21","26","1266","1271","3","4","True"
"1262","21","17","75","5","57","21","5","73","65600.7736692231","-56571.4563668672","3657.68261632","3656.4929485321","22","27","1267","1272","3","4","True"
"1263","21","18","75","5","56","21","5","73","62240.9440668642","-56571.4563668672","3657.68261632","3656.4929485321","23","28","1268","1273","3","4","True"
"1264","21","19","75","5","55","21","5","73","58881.1144645053","-56571.4563668672","3657.68261632","3656.4929485321","24","29","1269","1274","3","4","True"
"1265","21","20","75","5","54","21","5","73","55521.2848621464","-56571.4563668672","3657.68261632","3656.4929485321","25","30","1270","1275","-1","6","False"
"1266","21","21","75","5","53","21","5","73","52161.4552597875","-56571.4563668672","3657.68261632","3656.4929485321","26","31","1271","1276","-1","4","False"
"1267","21","22","75","5","52","21","5","73","48801.6256574286","-56571.4563668672","3657.68261632","3656.4929485321","27","32","1272","1277","-1","4","False"
"1268","21","23","75","5","51","21","5","73","45441.7960550696","-56571.4563668672","3657.68261632","3656.4929485321","28","33","1273","1278","-1","4","False"
"1269","21","24","75","5","50","21","5","73","42081.9664527107","-56571.4563668672","3657.68261632","3656.4929485321","29","34","1274","1279","-1","4","False"
"1270","21","25","75","5","49","21","5","73","38722.1368503518","-56571.4563668672","3657.68261632","3656.4929485321","30","35","1275","1280","-1","6","False"
"1271","21","26","75","5","48","21","5","73","35362.3072479929","-56571.4563668672","3657.68261632","3656.4929485321","31","36","1276","1281","-1","4","False"
"1272","21","27","75","5","47","21","5","73","32002.477645634","-56571.4563668672","3657.68261632","3656.4929485321","32","37","1277","1282","-1","4","False"
"1273","21","28","75","5","46","21","5","73","28642.6480432751","-56571.4563668672","3657.68261632","3656.4929485321","33","38","1278","1283","-1","4","False"
"1274","21","29","75","5","45","21","5","73","25282.8184409162","-56571.4563668672","3657.68261632","3656.4929485321","34","39","1279","1284","-1","4","False"
"1275","21","30","75","5","44","21","5","73","21922.9888385572","-56571.4563668672","3657.68261632","3656.4929485321","35","40","1280","1285","3","6","True"
"1276","21","31","75","5","43","21","5","73","18563.1592361983","-56571.4563668672","3657.68261632","3656.4929485321","36","41","1281","1286","3","4","True"
"1277","21","32","75","5","42","21","5","73","15203.3296338394","-56571.4563668672","3657.68261632","3656.4929485321","37","42","1282","1287","3","4","True"
"1278","21","33","75","5","41","21","5","73","11843.5000314805","-56571.4563668672","3657.68261632","3656.4929485321","38","43","1283","1288","3","4","True"
"1279","21","34","75","5","40","21","5","73","8483.67042912157","-56571.4563668672","3657.68261632","3656.4929485321","39","44","1284","1289","3","4","True"
"1280","21","35","75","5","39","21","5","73","5123.84082676264","-56571.4563668672","3657.68261632","3656.4929485321","40","45","1285","1290","-1","6","False"
"1281","21","36","75","5","38","21","5","73","1764.01122440373","-56571.4563668672","3657.68261632","3656.4929485321","41","46","1286","1291","-1","4","False"
"1282","21","37","75","5","37","21","5","73","-1595.81837795519","-56571.4563668672","3657.68261632","3656.4929485321","42","47","1287","1292","-1","4","False"
"1283","21","38","75","5","36","21","5","73","-4955.6479803141","-56571.4563668672","3657.68261632","3656.4929485321","43","48","1288","1293","-1","4","False"
"1284","21","39","75","5","35","21","5","73","-8315.47758267302","-56571.4563668672","3657.68261632","3656.4929485321","44","49","1289","1294","-1","4","False"
"1285","21","40","75","5","34","21","5","73","-11675.3071850319","-56571.4563668672","3657.68261632","3656.4929485321","45","50","1290","1295","-1","6","False"
"1286","21","41","75","5","33","21","5","73","-15035.1367873909","-56571.4563668672","3657.68261632","3656.4929485321","46","51","1291","1296","-1","4","False"
"1287","21","42","75","5","32","21","5","73","-18394.9663897498","-56571.4563668672","3657.68261632","3656.4929485321","47","52","1292","1297","-1","4","False"
"1288","21","43","75","5","31","21","5","73","-21754.7959921087","-56571.4563668672","3657.68261632","3656.4929485321","48","53","1293","1298","-1","4","False"
"1289","21","44","75","5","30","21","5","73","-25114.6255944676","-56571.4563668672","3657.68261632","3656.4929485321","49","54","1294","1299","-1","4","False"
"1290","21","45","75","5","29","21","5","73","-28474.4551968265","-56571.4563668672","3657.68261632","3656.4929485321","50","55","1295","1300","3","6","True"
"1291","21","46","75","5","28","21","5","73","-31834.2847991854","-56571.4563668672","3657.68261632","3656.4929485321","51","56","1296","1301","3","4","True"
"1292","21","47","75","5","27","21","5","73","-35194.1144015444","-56571.4563668672","3657.68261632","3656.4929485321","52","57","1297","1302","3","4","True"
"1293","21","48","75","5","26","21","5","73","-38553.9440039033","-56571.4563668672","3657.68261632","3656.4929485321","53","58","1298","1303","3","4","True"
"1294","21","49","75","5","25","21","5","73","-41913.7736062622","-56571.4563668672","3657.68261632","3656.4929485321","54","59","1299","1304","3","4","True"
"1295","21","50","75","5","24","21","5","73","-45273.6032086211","-56571.4563668672","3657.68261632","3656.4929485321","55","60","1300","1305","-1","6","False"
"1296","21","51","75","5","23","21","5","73","-48633.43281098","-56571.4563668672","3657.68261632","3656.4929485321","56","61","1301","1306","-1","4","False"
"1297","21","52","75","5","22","21","5","73","-51993.2624133389","-56571.4563668672","3657.68261632","3656.4929485321","57","62","1302","1307","-1","4","False"
"1298","21","53","75","5","21","21","5","73","-55353.0920156979","-56571.4563668672","3657.68261632","3656.4929485321","58","63","1303","1308","-1","4","False"
"1299","21","54","75","5","20","21","5","73","-58712.9216180568","-56571.4563668672","3657.68261632","3656.4929485321","59","64","1304","1309","-1","4","False"
"1300","21","55","75","5","19","21","5","73","-62072.7512204157","-56571.4563668672","3657.68261632","3656.4929485321","60","65","1305","1310","-1","6","False"
"1301","21","56","75","5","18","21","5","73","-65432.5808227746","-56571.4563668672","3657.68261632","3656.4929485321","61","66","1306","1311","-1","4","False"
"1302","21","57","75","5","17","21","5","73","-68792.4104251335","-56571.4563668672","3657.68261632","3656.4929485321","62","67","1307","1312","-1","4","False"
"1303","21","58","75","5","16","21","5","73","-72152.2400274924","-56571.4563668672","3657.68261632","3656.4929485321","63","68","1308","1313","-1","4","False"
"1304","21","59","75","5","15","21","5","73","-75512.0696298514","-56571.4563668672","3657.68261632","3656.4929485321","64","69","1309","1314","-1","4","False"
"1305","21","60","75","5","14","21","5","73","-78871.8992322103","-56571.4563668672","3657.68261632","3656.4929485321","65","70","1310","1315","3","6","True"
"1306","21","61","75","5","13","21","5","73","-82231.7288345692","-56571.4563668672","3657.68261632","3656.4929485321","66","71","1311","1316","3","4","True"
"1307","21","62","75","5","12","21","5","73","-85591.5584369281","-56571.4563668672","3657.68261632","3656.4929485321","67","72","1312","1317","3","4","True"
"1308","21","63","75","5","11","21","5","73","-88951.388039287","-56571.4563668672","3657.68261632","3656.4929485321","68","73","1313","1318","3","4","True"
"1309","21","64","75","5","10","21","5","73","-92311.2176416459","-56571.4563668672","3657.68261632","3656.4929485321","69","74","1314","1319","3","4","True"
"1310","21","65","75","5","9","21","5","73","-95671.0472440048","-56571.4563668672","3657.68261632","3656.4929485321","55","60","1300","1305","-1","6","False"
"1311","21","66","75","5","8","21","5","73","-99030.8768463638","-56571.4563668672","3657.68261632","3656.4929485321","56","61","1301","1306","-1","4","False"
"1312","21","67","75","5","7","21","5","73","-102390.706448723","-56571.4563668672","3657.68261632","3656.4929485321","57","62","1302","1307","-1","4","False"
"1313","21","68","75","5","6","21","5","73","-105750.536051082","-56571.4563668672","3657.68261632","3656.4929485321","58","63","1303","1308","-1","4","False"
"1314","21","69","75","5","5","21","5","73","-109110.365653441","-56571.4563668672","3657.68261632","3656.4929485321","59","64","1304","1309","-1","4","False"
"1315","21","70","75","5","4","21","5","73","-112470.195255799","-56571.4563668672","3657.68261632","3656.4929485321","60","65","1305","1310","-1","6","False"
"1316","21","71","75","5","3","21","5","73","-115830.024858158","-56571.4563668672","3657.68261632","3656.4929485321","61","66","1306","1311","-1","4","False"
"1317","21","72","75","5","2","21","5","73","-119189.854460517","-56571.4563668672","3657.68261632","3656.4929485321","62","67","1307","1312","-1","4","False"
"1318","21","73","75","5","1","21","5","73","-122549.684062876","-56571.4563668672","3657.68261632","3656.4929485321","63","68","1308","1313","-1","4","False"
"1319","21","74","75","5","0","21","5","73","-125909.513665235","-56571.4563668672","3657.68261632","3656.4929485321","64","69","1309","1314","-1","4","False"
"1320","22","0","75","5","0","22","5","73","-125909.513665235","-52947.2193063203","3657.68261632","3656.4929485321","5","10","1325","1330","3","2","True"
"1321","22","1","75","5","1","22","5","73","-122549.684062876","-52947.2193063203","3657.68261632","3656.4929485321","6","11","1326","1331","3","3","True"
"1322","22","2","75","5","2","22","5","73","-119189.854460517","-52947.2193063203","3657.68261632","3656.4929485321","7","12","1327","1332","3","3","True"
"1323","22","3","75","5","3","22","5","73","-115830.024858158","-52947.2193063203","3657.68261632","3656.4929485321","8","13","1328","1333","3","3","True"
"1324","22","4","75","5","4","22","5","73","-112470.195255799","-52947.2193063203","3657.68261632","3656.4929485321","9","14","1329","1334","3","4","True"
"1325","22","5","75","5","5","22","5","73","-109110.365653441","-52947.2193063203","3657.68261632","3656.4929485321","10","15","1330","1335","-1","3","False"
"1326","22","6","75","5","6","22","5","73","-105750.536051082","-52947.2193063203","3657.68261632","3656.4929485321","11","16","1331","1336","-1","3","False"
"1327","22","7","75","5","7","22","5","73","-102390.706448723","-52947.2193063203","3657.68261632","3656.4929485321","12","17","1332","1337","-1","3","False"
"1328","22","8","75","5","8","22","5","73","-99030.8768463638","-52947.2193063203","3657.68261632","3656.4929485321","13","18","1333","1338","-1","3","False"
"1329","22","9","75","5","9","22","5","73","-95671.0472440048","-52947.2193063203","3657.68261632","3656.4929485321","14","19","1334","1339","-1","4","False"
"1330","22","10","75","5","10","22","5","73","-92311.2176416459","-52947.2193063203","3657.68261632","3656.4929485321","15","20","1335","1340","-1","3","False"
"1331","22","11","75","5","11","22","5","73","-88951.388039287","-52947.2193063203","3657.68261632","3656.4929485321","16","21","1336","1341","-1","3","False"
"1332","22","12","75","5","12","22","5","73","-85591.5584369281","-52947.2193063203","3657.68261632","3656.4929485321","17","22","1337","1342","-1","3","False"
"1333","22","13","75","5","13","22","5","73","-82231.7288345692","-52947.2193063203","3657.68261632","3656.4929485321","18","23","1338","1343","-1","3","False"
"1334","22","14","75","5","14","22","5","73","-78871.8992322103","-52947.2193063203","3657.68261632","3656.4929485321","19","24","1339","1344","-1","4","False"
"1335","22","15","75","5","15","22","5","73","-75512.0696298514","-52947.2193063203","3657.68261632","3656.4929485321","20","25","1340","1345","3","3","True"
"1336","22","16","75","5","16","22","5","73","-72152.2400274924","-52947.2193063203","3657.68261632","3656.4929485321","21","26","1341","1346","3","3","True"
"1337","22","17","75","5","17","22","5","73","-68792.4104251335","-52947.2193063203","3657.68261632","3656.4929485321","22","27","1342","1347","3","3","True"
"1338","22","18","75","5","18","22","5","73","-65432.5808227746","-52947.2193063203","3657.68261632","3656.4929485321","23","28","1343","1348","3","3","True"
"1339","22","19","75","5","19","22","5","73","-62072.7512204157","-52947.2193063203","3657.68261632","3656.4929485321","24","29","1344","1349","3","4","True"
"1340","22","20","75","5","20","22","5","73","-58712.9216180568","-52947.2193063203","3657.68261632","3656.4929485321","25","30","1345","1350","-1","3","False"
"1341","22","21","75","5","21","22","5","73","-55353.0920156979","-52947.2193063203","3657.68261632","3656.4929485321","26","31","1346","1351","-1","3","False"
"1342","22","22","75","5","22","22","5","73","-51993.2624133389","-52947.2193063203","3657.68261632","3656.4929485321","27","32","1347","1352","-1","3","False"
"1343","22","23","75","5","23","22","5","73","-48633.43281098","-52947.2193063203","3657.68261632","3656.4929485321","28","33","1348","1353","-1","3","False"
"1344","22","24","75","5","24","22","5","73","-45273.6032086211","-52947.2193063203","3657.68261632","3656.4929485321","29","34","1349","1354","-1","4","False"
"1345","22","25","75","5","25","22","5","73","-41913.7736062622","-52947.2193063203","3657.68261632","3656.4929485321","30","35","1350","1355","-1","3","False"
"1346","22","26","75","5","26","22","5","73","-38553.9440039033","-52947.2193063203","3657.68261632","3656.4929485321","31","36","1351","1356","-1","3","False"
"1347","22","27","75","5","27","22","5","73","-35194.1144015444","-52947.2193063203","3657.68261632","3656.4929485321","32","37","1352","1357","-1","3","False"
"1348","22","28","75","5","28","22","5","73","-31834.2847991854","-52947.2193063203","3657.68261632","3656.4929485321","33","38","1353","1358","-1","3","False"
"1349","22","29","75","5","29","22","5","73","-28474.4551968265","-52947.2193063203","3657.68261632","3656.4929485321","34","39","1354","1359","-1","4","False"
"1350","22","30","75","5","30","22","5","73","-25114.6255944676","-52947.2193063203","3657.68261632","3656.4929485321","35","40","1355","1360","3","3","True"
"1351","22","31","75","5","31","22","5","73","-21754.7959921087","-52947.2193063203","3657.68261632","3656.4929485321","36","41","1356","1361","3","3","True"
"1352","22","32","75","5","32","22","5","73","-18394.9663897498","-52947.2193063203","3657.68261632","3656.4929485321","37","42","1357","1362","3","3","True"
"1353","22","33","75","5","33","22","5","73","-15035.1367873909","-52947.2193063203","3657.68261632","3656.4929485321","38","43","1358","1363","3","3","True"
"1354","22","34","75","5","34","22","5","73","-11675.3071850319","-52947.2193063203","3657.68261632","3656.4929485321","39","44","1359","1364","3","4","True"
"1355","22","35","75","5","35","22","5","73","-8315.47758267302","-52947.2193063203","3657.68261632","3656.4929485321","40","45","1360","1365","-1","3","False"
"1356","22","36","75","5","36","22","5","73","-4955.6479803141","-52947.2193063203","3657.68261632","3656.4929485321","41","46","1361","1366","-1","3","False"
"1357","22","37","75","5","37","22","5","73","-1595.81837795519","-52947.2193063203","3657.68261632","3656.4929485321","42","47","1362","1367","-1","3","False"
"1358","22","38","75","5","38","22","5","73","1764.01122440373","-52947.2193063203","3657.68261632","3656.4929485321","43","48","1363","1368","-1","3","False"
"1359","22","39","75","5","39","22","5","73","5123.84082676264","-52947.2193063203","3657.68261632","3656.4929485321","44","49","1364","1369","-1","4","False"
"1360","22","40","75","5","40","22","5","73","8483.67042912157","-52947.2193063203","3657.68261632","3656.4929485321","45","50","1365","1370","-1","3","False"
"1361","22","41","75","5","41","22","5","73","11843.5000314805","-52947.2193063203","3657.68261632","3656.4929485321","46","51","1366","1371","-1","3","False"
"1362","22","42","75","5","42","22","5","73","15203.3296338394","-52947.2193063203","3657.68261632","3656.4929485321","47","52","1367","1372","-1","3","False"
"1363","22","43","75","5","43","22","5","73","18563.1592361983","-52947.2193063203","3657.68261632","3656.4929485321","48","53","1368","1373","-1","3","False"
"1364","22","44","75","5","44","22","5","73","21922.9888385572","-52947.2193063203","3657.68261632","3656.4929485321","49","54","1369","1374","-1","4","False"
"1365","22","45","75","5","45","22","5","73","25282.8184409162","-52947.2193063203","3657.68261632","3656.4929485321","50","55","1370","1375","3","3","True"
"1366","22","46","75","5","46","22","5","73","28642.6480432751","-52947.2193063203","3657.68261632","3656.4929485321","51","56","1371","1376","3","3","True"
"1367","22","47","75","5","47","22","5","73","32002.477645634","-52947.2193063203","3657.68261632","3656.4929485321","52","57","1372","1377","3","3","True"
"1368","22","48","75","5","48","22","5","73","35362.3072479929","-52947.2193063203","3657.68261632","3656.4929485321","53","58","1373","1378","3","3","True"
"1369","22","49","75","5","49","22","5","73","38722.1368503518","-52947.2193063203","3657.68261632","3656.4929485321","54","59","1374","1379","3","4","True"
"1370","22","50","75","5","50","22","5","73","42081.9664527107","-52947.2193063203","3657.68261632","3656.4929485321","55","60","1375","1380","-1","3","False"
"1371","22","51","75","5","51","22","5","73","45441.7960550696","-52947.2193063203","3657.68261632","3656.4929485321","56","61","1376","1381","-1","3","False"
"1372","22","52","75","5","52","22","5","73","48801.6256574286","-52947.2193063203","3657.68261632","3656.4929485321","57","62","1377","1382","-1","3","False"
"1373","22","53","75","5","53","22","5","73","52161.4552597875","-52947.2193063203","3657.68261632","3656.4929485321","58","63","1378","1383","-1","3","False"
"1374","22","54","75","5","54","22","5","73","55521.2848621464","-52947.2193063203","3657.68261632","3656.4929485321","59","64","1379","1384","-1","4","False"
"1375","22","55","75","5","55","22","5","73","58881.1144645053","-52947.2193063203","3657.68261632","3656.4929485321","60","65","1380","1385","-1","3","False"
"1376","22","56","75","5","56","22","5","73","62240.9440668642","-52947.2193063203","3657.68261632","3656.4929485321","61","66","1381","1386","-1","3","False"
"1377","22","57","75","5","57","22","5","73","65600.7736692231","-52947.2193063203","3657.68261632","3656.4929485321","62","67","1382","1387","-1","3","False"
"1378","22","58","75","5","58","22","5","73","68960.603271582","-52947.2193063203","3657.68261632","3656.4929485321","63","68","1383","1388","-1","3","False"
"1379","22","59","75","5","59","22","5","73","72320.432873941","-52947.2193063203","3657.68261632","3656.4929485321","64","69","1384","1389","-1","4","False"
"1380","22","60","75","5","60","22","5","73","75680.2624762999","-52947.2193063203","3657.68261632","3656.4929485321","65","70","1385","1390","3","3","True"
"1381","22","61","75","5","61","22","5","73","79040.0920786588","-52947.2193063203","3657.68261632","3656.4929485321","66","71","1386","1391","3","3","True"
"1382","22","62","75","5","62","22","5","73","82399.9216810177","-52947.2193063203","3657.68261632","3656.4929485321","67","72","1387","1392","3","3","True"
"1383","22","63","75","5","63","22","5","73","85759.7512833766","-52947.2193063203","3657.68261632","3656.4929485321","68","73","1388","1393","3","3","True"
"1384","22","64","75","5","64","22","5","73","89119.5808857356","-52947.2193063203","3657.68261632","3656.4929485321","69","74","1389","1394","3","4","True"
"1385","22","65","75","5","65","22","5","73","92479.4104880945","-52947.2193063203","3657.68261632","3656.4929485321","55","60","1375","1380","-1","3","False"
"1386","22","66","75","5","66","22","5","73","95839.2400904534","-52947.2193063203","3657.68261632","3656.4929485321","56","61","1376","1381","-1","3","False"
"1387","22","67","75","5","67","22","5","73","99199.0696928123","-52947.2193063203","3657.68261632","3656.4929485321","57","62","1377","1382","-1","3","False"
"1388","22","68","75","5","68","22","5","73","102558.899295171","-52947.2193063203","3657.68261632","3656.4929485321","58","63","1378","1383","-1","3","False"
"1389","22","69","75","5","69","22","5","73","105918.72889753","-52947.2193063203","3657.68261632","3656.4929485321","59","64","1379","1384","-1","4","False"
"1390","22","70","75","5","70","22","5","73","109278.558499889","-52947.2193063203","3657.68261632","3656.4929485321","60","65","1380","1385","-1","3","False"
"1391","22","71","75","5","71","22","5","73","112638.388102248","-52947.2193063203","3657.68261632","3656.4929485321","61","66","1381","1386","-1","3","False"
"1392","22","72","75","5","72","22","5","73","115998.217704607","-52947.2193063203","3657.68261632","3656.4929485321","62","67","1382","1387","-1","3","False"
"1393","22","73","75","5","73","22","5","73","119358.047306966","-52947.2193063203","3657.68261632","3656.4929485321","63","68","1383","1388","-1","3","False"
"1394","22","74","75","5","74","22","5","73","122717.876909325","-52947.2193063203","3657.68261632","3656.4929485321","64","69","1384","1389","-1","3","False"
"1395","23","0","75","5","74","23","5","73","122717.876909325","-49322.9822457734","3657.68261632","3656.4929485321","5","10","1400","1405","3","2","True"
"1396","23","1","75","5","73","23","5","73","119358.047306966","-49322.9822457734","3657.68261632","3656.4929485321","6","11","1401","1406","3","3","True"
"1397","23","2","75","5","72","23","5","73","115998.217704607","-49322.9822457734","3657.68261632","3656.4929485321","7","12","1402","1407","3","3","True"
"1398","23","3","75","5","71","23","5","73","112638.388102248","-49322.9822457734","3657.68261632","3656.4929485321","8","13","1403","1408","3","3","True"
"1399","23","4","75","5","70","23","5","73","109278.558499889","-49322.9822457734","3657.68261632","3656.4929485321","9","14","1404","1409","3","3","True"
"1400","23","5","75","5","69","23","5","73","105918.72889753","-49322.9822457734","3657.68261632","3656.4929485321","10","15","1405","1410","-1","4","False"
"1401","23","6","75","5","68","23","5","73","102558.899295171","-49322.9822457734","3657.68261632","3656.4929485321","11","16","1406","1411","-1","3","False"
"1402","23","7","75","5","67","23","5","73","99199.0696928123","-49322.9822457734","3657.68261632","3656.4929485321","12","17","1407","1412","-1","3","False"
"1403","23","8","75","5","66","23","5","73","95839.2400904534","-49322.9822457734","3657.68261632","3656.4929485321","13","18","1408","1413","-1","3","False"
"1404","23","9","75","5","65","23","5","73","92479.4104880945","-49322.9822457734","3657.68261632","3656.4929485321","14","19","1409","1414","-1","3","False"
"1405","23","10","75","5","64","23","5","73","89119.5808857356","-49322.9822457734","3657.68261632","3656.4929485321","15","20","1410","1415","-1","4","False"
"1406","23","11","75","5","63","23","5","73","85759.7512833766","-49322.9822457734","3657.68261632","3656.4929485321","16","21","1411","1416","-1","3","False"
"1407","23","12","75","5","62","23","5","73","82399.9216810177","-49322.9822457734","3657.68261632","3656.4929485321","17","22","1412","1417","-1","3","False"
"1408","23","13","75","5","61","23","5","73","79040.0920786588","-49322.9822457734","3657.68261632","3656.4929485321","18","23","1413","1418","-1","3","False"
"1409","23","14","75","5","60","23","5","73","75680.2624762999","-49322.9822457734","3657.68261632","3656.4929485321","19","24","1414","1419","-1","3","False"
"1410","23","15","75","5","59","23","5","73","72320.432873941","-49322.9822457734","3657.68261632","3656.4929485321","20","25","1415","1420","3","4","True"
"1411","23","16","75","5","58","23","5","73","68960.603271582","-49322.9822457734","3657.68261632","3656.4929485321","21","26","1416","1421","3","3","True"
"1412","23","17","75","5","57","23","5","73","65600.7736692231","-49322.9822457734","3657.68261632","3656.4929485321","22","27","1417","1422","3","3","True"
"1413","23","18","75","5","56","23","5","73","62240.9440668642","-49322.9822457734","3657.68261632","3656.4929485321","23","28","1418","1423","3","3","True"
"1414","23","19","75","5","55","23","5","73","58881.1144645053","-49322.9822457734","3657.68261632","3656.4929485321","24","29","1419","1424","3","3","True"
"1415","23","20","75","5","54","23","5","73","55521.2848621464","-49322.9822457734","3657.68261632","3656.4929485321","25","30","1420","1425","-1","4","False"
"1416","23","21","75","5","53","23","5","73","52161.4552597875","-49322.9822457734","3657.68261632","3656.4929485321","26","31","1421","1426","-1","3","False"
"1417","23","22","75","5","52","23","5","73","48801.6256574286","-49322.9822457734","3657.68261632","3656.4929485321","27","32","1422","1427","-1","3","False"
"1418","23","23","75","5","51","23","5","73","45441.7960550696","-49322.9822457734","3657.68261632","3656.4929485321","28","33","1423","1428","-1","3","False"
"1419","23","24","75","5","50","23","5","73","42081.9664527107","-49322.9822457734","3657.68261632","3656.4929485321","29","34","1424","1429","-1","3","False"
"1420","23","25","75","5","49","23","5","73","38722.1368503518","-49322.9822457734","3657.68261632","3656.4929485321","30","35","1425","1430","-1","4","False"
"1421","23","26","75","5","48","23","5","73","35362.3072479929","-49322.9822457734","3657.68261632","3656.4929485321","31","36","1426","1431","-1","3","False"
"1422","23","27","75","5","47","23","5","73","32002.477645634","-49322.9822457734","3657.68261632","3656.4929485321","32","37","1427","1432","-1","3","False"
"1423","23","28","75","5","46","23","5","73","28642.6480432751","-49322.9822457734","3657.68261632","3656.4929485321","33","38","1428","1433","-1","3","False"
"1424","23","29","75","5","45","23","5","73","25282.8184409162","-49322.9822457734","3657.68261632","3656.4929485321","34","39","1429","1434","-1","3","False"
"1425","23","30","75","5","44","23","5","73","21922.9888385572","-49322.9822457734","3657.68261632","3656.4929485321","35","40","1430","1435","3","4","True"
"1426","23","31","75","5","43","23","5","73","18563.1592361983","-49322.9822457734","3657.68261632","3656.4929485321","36","41","1431","1436","3","3","True"
"1427","23","32","75","5","42","23","5","73","15203.3296338394","-49322.9822457734","3657.68261632","3656.4929485321","37","42","1432","1437","3","3","True"
"1428","23","33","75","5","41","23","5","73","11843.5000314805","-49322.9822457734","3657.68261632","3656.4929485321","38","43","1433","1438","3","3","True"
"1429","23","34","75","5","40","23","5","73","8483.67042912157","-49322.9822457734","3657.68261632","3656.4929485321","39","44","1434","1439","3","3","True"
"1430","23","35","75","5","39","23","5","73","5123.84082676264","-49322.9822457734","3657.68261632","3656.4929485321","40","45","1435","1440","-1","4","False"
"1431","23","36","75","5","38","23","5","73","1764.01122440373","-49322.9822457734","3657.68261632","3656.4929485321","41","46","1436","1441","-1","3","False"
"1432","23","37","75","5","37","23","5","73","-1595.81837795519","-49322.9822457734","3657.68261632","3656.4929485321","42","47","1437","1442","-1","3","False"
"1433","23","38","75","5","36","23","5","73","-4955.6479803141","-49322.9822457734","3657.68261632","3656.4929485321","43","48","1438","1443","-1","3","False"
"1434","23","39","75","5","35","23","5","73","-8315.47758267302","-49322.9822457734","3657.68261632","3656.4929485321","44","49","1439","1444","-1","3","False"
"1435","23","40","75","5","34","23","5","73","-11675.3071850319","-49322.9822457734","3657.68261632","3656.4929485321","45","50","1440","1445","-1","4","False"
"1436","23","41","75","5","33","23","5","73","-15035.1367873909","-49322.9822457734","3657.68261632","3656.4929485321","46","51","1441","1446","-1","3","False"
"1437","23","42","75","5","32","23","5","73","-18394.9663897498","-49322.9822457734","3657.68261632","3656.4929485321","47","52","1442","1447","-1","3","False"
"1438","23","43","75","5","31","23","5","73","-21754.7959921087","-49322.9822457734","3657.68261632","3656.4929485321","48","53","1443","1448","-1","3","False"
"1439","23","44","75","5","30","23","5","73","-25114.6255944676","-49322.9822457734","3657.68261632","3656.4929485321","49","54","1444","1449","-1","3","False"
"1440","23","45","75","5","29","23","5","73","-28474.4551968265","-49322.9822457734","3657.68261632","3656.4929485321","50","55","1445","1450","3","4","True"
"1441","23","46","75","5","28","23","5","73","-31834.2847991854","-49322.9822457734","3657.68261632","3656.4929485321","51","56","1446","1451","3","3","True"
"1442","23","47","75","5","27","23","5","73","-35194.1144015444","-49322.9822457734","3657.68261632","3656.4929485321","52","57","1447","1452","3","3","True"
"1443","23","48","75","5","26","23","5","73","-38553.9440039033","-49322.9822457734","3657.68261632","3656.4929485321","53","58","1448","1453","3","3","True"
"1444","23","49","75","5","25","23","5","73","-41913.7736062622","-49322.9822457734","3657.68261632","3656.4929485321","54","59","1449","1454","3","3","True"
"1445","23","50","75","5","24","23","5","73","-45273.6032086211","-49322.9822457734","3657.68261632","3656.4929485321","55","60","1450","1455","-1","4","False"
"1446","23","51","75","5","23","23","5","73","-48633.43281098","-49322.9822457734","3657.68261632","3656.4929485321","56","61","1451","1456","-1","3","False"
"1447","23","52","75","5","22","23","5","73","-51993.2624133389","-49322.9822457734","3657.68261632","3656.4929485321","57","62","1452","1457","-1","3","False"
"1448","23","53","75","5","21","23","5","73","-55353.0920156979","-49322.9822457734","3657.68261632","3656.4929485321","58","63","1453","1458","-1","3","False"
"1449","23","54","75","5","20","23","5","73","-58712.9216180568","-49322.9822457734","3657.68261632","3656.4929485321","59","64","1454","1459","-1","3","False"
"1450","23","55","75","5","19","23","5","73","-62072.7512204157","-49322.9822457734","3657.68261632","3656.4929485321","60","65","1455","1460","-1","4","False"
"1451","23","56","75","5","18","23","5","73","-65432.5808227746","-49322.9822457734","3657.68261632","3656.4929485321","61","66","1456","1461","-1","3","False"
"1452","23","57","75","5","17","23","5","73","-68792.4104251335","-49322.9822457734","3657.68261632","3656.4929485321","62","67","1457","1462","-1","3","False"
"1453","23","58","75","5","16","23","5","73","-72152.2400274924","-49322.9822457734","3657.68261632","3656.4929485321","63","68","1458","1463","-1","3","False"
"1454","23","59","75","5","15","23","5","73","-75512.0696298514","-49322.9822457734","3657.68261632","3656.4929485321","64","69","1459","1464","-1","3","False"
"1455","23","60","75","5","14","23","5","73","-78871.8992322103","-49322.9822457734","3657.68261632","3656.4929485321","65","70","1460","1465","3","4","True"
"1456","23","61","75","5","13","23","5","73","-82231.7288345692","-49322.9822457734","3657.68261632","3656.4929485321","66","71","1461","1466","3","3","True"
"1457","23","62","75","5","12","23","5","73","-85591.5584369281","-49322.9822457734","3657.68261632","3656.4929485321","67","72","1462","1467","3","3","True"
"1458","23","63","75","5","11","23","5","73","-88951.388039287","-49322.9822457734","3657.68261632","3656.4929485321","68","73","1463","1468","3","3","True"
"1459","23","64","75","5","10","23","5","73","-92311.2176416459","-49322.9822457734","3657.68261632","3656.4929485321","69","74","1464","1469","3","3","True"
"1460","23","65","75","5","9","23","5","73","-95671.0472440048","-49322.9822457734","3657.68261632","3656.4929485321","55","60","1450","1455","-1","4","False"
"1461","23","66","75","5","8","23","5","73","-99030.8768463638","-49322.9822457734","3657.68261632","3656.4929485321","56","61","1451","1456","-1","3","False"
"1462","23","67","75","5","7","23","5","73","-102390.706448723","-49322.9822457734","3657.68261632","3656.4929485321","57","62","1452","1457","-1","3","False"
"1463","23","68","75","5","6","23","5","73","-105750.536051082","-49322.9822457734","3657.68261632","3656.4929485321","58","63","1453","1458","-1","3","False"
"1464","23","69","75","5","5","23","5","73","-109110.365653441","-49322.9822457734","3657.68261632","3656.4929485321","59","64","1454","1459","-1","3","False"
"1465","23","70","75","5","4","23","5","73","-112470.195255799","-49322.9822457734","3657.68261632","3656.4929485321","60","65","1455","1460","-1","4","False"
"1466","23","71","75","5","3","23","5","73","-115830.024858158","-49322.9822457734","3657.68261632","3656.4929485321","61","66","1456","1461","-1","3","False"
"1467","23","72","75","5","2","23","5","73","-119189.854460517","-49322.9822457734","3657.68261632","3656.4929485321","62","67","1457","1462","-1","3","False"
"1468","23","73","75","5","1","23","5","73","-122549.684062876","-49322.9822457734","3657.68261632","3656.4929485321","63","68","1458","1463","-1","3","False"
"1469","23","74","75","5","0","23","5","73","-125909.513665235","-49322.9822457734","3657.68261632","3656.4929485321","64","69","1459","1464","-1","3","False"
"1470","24","0","75","5","0","24","5","73","-125909.513665235","-45698.7451852266","3657.68261632","3656.4929485321","5","10","1475","1480","3","3","True"
"1471","24","1","75","5","1","24","5","73","-122549.684062876","-45698.7451852266","3657.68261632","3656.4929485321","6","11","1476","1481","3","4","True"
"1472","24","2","75","5","2","24","5","73","-119189.854460517","-45698.7451852266","3657.68261632","3656.4929485321","7","12","1477","1482","3","4","True"
"1473","24","3","75","5","3","24","5","73","-115830.024858158","-45698.7451852266","3657.68261632","3656.4929485321","8","13","1478","1483","3","4","True"
"1474","24","4","75","5","4","24","5","73","-112470.195255799","-45698.7451852266","3657.68261632","3656.4929485321","9","14","1479","1484","3","6","True"
"1475","24","5","75","5","5","24","5","73","-109110.365653441","-45698.7451852266","3657.68261632","3656.4929485321","10","15","1480","1485","-1","4","False"
"1476","24","6","75","5","6","24","5","73","-105750.536051082","-45698.7451852266","3657.68261632","3656.4929485321","11","16","1481","1486","-1","4","False"
"1477","24","7","75","5","7","24","5","73","-102390.706448723","-45698.7451852266","3657.68261632","3656.4929485321","12","17","1482","1487","-1","4","False"
"1478","24","8","75","5","8","24","5","73","-99030.8768463638","-45698.7451852266","3657.68261632","3656.4929485321","13","18","1483","1488","-1","4","False"
"1479","24","9","75","5","9","24","5","73","-95671.0472440048","-45698.7451852266","3657.68261632","3656.4929485321","14","19","1484","1489","-1","6","False"
"1480","24","10","75","5","10","24","5","73","-92311.2176416459","-45698.7451852266","3657.68261632","3656.4929485321","15","20","1485","1490","-1","4","False"
"1481","24","11","75","5","11","24","5","73","-88951.388039287","-45698.7451852266","3657.68261632","3656.4929485321","16","21","1486","1491","-1","4","False"
"1482","24","12","75","5","12","24","5","73","-85591.5584369281","-45698.7451852266","3657.68261632","3656.4929485321","17","22","1487","1492","-1","4","False"
"1483","24","13","75","5","13","24","5","73","-82231.7288345692","-45698.7451852266","3657.68261632","3656.4929485321","18","23","1488","1493","-1","4","False"
"1484","24","14","75","5","14","24","5","73","-78871.8992322103","-45698.7451852266","3657.68261632","3656.4929485321","19","24","1489","1494","-1","6","False"
"1485","24","15","75","5","15","24","5","73","-75512.0696298514","-45698.7451852266","3657.68261632","3656.4929485321","20","25","1490","1495","3","4","True"
"1486","24","16","75","5","16","24","5","73","-72152.2400274924","-45698.7451852266","3657.68261632","3656.4929485321","21","26","1491","1496","3","4","True"
"1487","24","17","75","5","17","24","5","73","-68792.4104251335","-45698.7451852266","3657.68261632","3656.4929485321","22","27","1492","1497","3","4","True"
"1488","24","18","75","5","18","24","5","73","-65432.5808227746","-45698.7451852266","3657.68261632","3656.4929485321","23","28","1493","1498","3","4","True"
"1489","24","19","75","5","19","24","5","73","-62072.7512204157","-45698.7451852266","3657.68261632","3656.4929485321","24","29","1494","1499","3","6","True"
"1490","24","20","75","5","20","24","5","73","-58712.9216180568","-45698.7451852266","3657.68261632","3656.4929485321","25","30","1495","1500","-1","4","False"
"1491","24","21","75","5","21","24","5","73","-55353.0920156979","-45698.7451852266","3657.68261632","3656.4929485321","26","31","1496","1501","-1","4","False"
"1492","24","22","75","5","22","24","5","73","-51993.2624133389","-45698.7451852266","3657.68261632","3656.4929485321","27","32","1497","1502","-1","4","False"
"1493","24","23","75","5","23","24","5","73","-48633.43281098","-45698.7451852266","3657.68261632","3656.4929485321","28","33","1498","1503","-1","4","False"
"1494","24","24","75","5","24","24","5","73","-45273.6032086211","-45698.7451852266","3657.68261632","3656.4929485321","29","34","1499","1504","-1","6","False"
"1495","24","25","75","5","25","24","5","73","-41913.7736062622","-45698.7451852266","3657.68261632","3656.4929485321","30","35","1500","1505","-1","4","False"
"1496","24","26","75","5","26","24","5","73","-38553.9440039033","-45698.7451852266","3657.68261632","3656.4929485321","31","36","1501","1506","-1","4","False"
"1497","24","27","75","5","27","24","5","73","-35194.1144015444","-45698.7451852266","3657.68261632","3656.4929485321","32","37","1502","1507","-1","4","False"
"1498","24","28","75","5","28","24","5","73","-31834.2847991854","-45698.7451852266","3657.68261632","3656.4929485321","33","38","1503","1508","-1","4","False"
"1499","24","29","75","5","29","24","5","73","-28474.4551968265","-45698.7451852266","3657.68261632","3656.4929485321","34","39","1504","1509","-1","6","False"
"1500","24","30","75","5","30","24","5","73","-25114.6255944676","-45698.7451852266","3657.68261632","3656.4929485321","35","40","1505","1510","3","4","True"
"1501","24","31","75","5","31","24","5","73","-21754.7959921087","-45698.7451852266","3657.68261632","3656.4929485321","36","41","1506","1511","3","4","True"
"1502","24","32","75","5","32","24","5","73","-18394.9663897498","-45698.7451852266","3657.68261632","3656.4929485321","37","42","1507","1512","3","4","True"
"1503","24","33","75","5","33","24","5","73","-15035.1367873909","-45698.7451852266","3657.68261632","3656.4929485321","38","43","1508","1513","3","4","True"
"1504","24","34","75","5","34","24","5","73","-11675.3071850319","-45698.7451852266","3657.68261632","3656.4929485321","39","44","1509","1514","3","6","True"
"1505","24","35","75","5","35","24","5","73","-8315.47758267302","-45698.7451852266","3657.68261632","3656.4929485321","40","45","1510","1515","-1","4","False"
"1506","24","36","75","5","36","24","5","73","-4955.6479803141","-45698.7451852266","3657.68261632","3656.4929485321","41","46","1511","1516","-1","4","False"
"1507","24","37","75","5","37","24","5","73","-1595.81837795519","-45698.7451852266","3657.68261632","3656.4929485321","42","47","1512","1517","-1","4","False"
"1508","24","38","75","5","38","24","5","73","1764.01122440373","-45698.7451852266","3657.68261632","3656.4929485321","43","48","1513","1518","-1","4","False"
"1509","24","39","75","5","39","24","5","73","5123.84082676264","-45698.7451852266","3657.68261632","3656.4929485321","44","49","1514","1519","-1","6","False"
"1510","24","40","75","5","40","24","5","73","8483.67042912157","-45698.7451852266","3657.68261632","3656.4929485321","45","50","1515","1520","-1","4","False"
"1511","24","41","75","5","41","24","5","73","11843.5000314805","-45698.7451852266","3657.68261632","3656.4929485321","46","51","1516","1521","-1","4","False"
"1512","24","42","75","5","42","24","5","73","15203.3296338394","-45698.7451852266","3657.68261632","3656.4929485321","47","52","1517","1522","-1","4","False"
"1513","24","43","75","5","43","24","5","73","18563.1592361983","-45698.7451852266","3657.68261632","3656.4929485321","48","53","1518","1523","-1","4","False"
"1514","24","44","75","5","44","24","5","73","21922.9888385572","-45698.7451852266","3657.68261632","3656.4929485321","49","54","1519","1524","-1","6","False"
"1515","24","45","75","5","45","24","5","73","25282.8184409162","-45698.7451852266","3657.68261632","3656.4929485321","50","55","1520","1525","3","4","True"
"1516","24","46","75","5","46","24","5","73","28642.6480432751","-45698.7451852266","3657.68261632","3656.4929485321","51","56","1521","1526","3","4","True"
"1517","24","47","75","5","47","24","5","73","32002.477645634","-45698.7451852266","3657.68261632","3656.4929485321","52","57","1522","1527","3","4","True"
"1518","24","48","75","5","48","24","5","73","35362.3072479929","-45698.7451852266","3657.68261632","3656.4929485321","53","58","1523","1528","3","4","True"
"1519","24","49","75","5","49","24","5","73","38722.1368503518","-45698.7451852266","3657.68261632","3656.4929485321","54","59","1524","1529","3","6","True"
"1520","24","50","75","5","50","24","5","73","42081.9664527107","-45698.7451852266","3657.68261632","3656.4929485321","55","60","1525","1530","-1","4","False"
"1521","24","51","75","5","51","24","5","73","45441.7960550696","-45698.7451852266","3657.68261632","3656.4929485321","56","61","1526","1531","-1","4","False"
"1522","24","52","75","5","52","24","5","73","48801.6256574286","-45698.7451852266","3657.68261632","3656.4929485321","57","62","1527","1532","-1","4","False"
"1523","24","53","75","5","53","24","5","73","52161.4552597875","-45698.7451852266","3657.68261632","3656.4929485321","58","63","1528","1533","-1","4","False"
"1524","24","54","75","5","54","24","5","73","55521.2848621464","-45698.7451852266","3657.68261632","3656.4929485321","59","64","1529","1534","-1","6","False"
"1525","24","55","75","5","55","24","5","73","58881.1144645053","-45698.7451852266","3657.68261632","3656.4929485321","60","65","1530","1535","-1","4","False"
"1526","24","56","75","5","56","24","5","73","62240.9440668642","-45698.7451852266","3657.68261632","3656.4929485321","61","66","1531","1536","-1","4","False"
"1527","24","57","75","5","57","24","5","73","65600.7736692231","-45698.7451852266","3657.68261632","3656.4929485321","62","67","1532","1537","-1","4","False"
"1528","24","58","75","5","58","24","5","73","68960.603271582","-45698.7451852266","3657.68261632","3656.4929485321","63","68","1533","1538","-1","4","False"
"1529","24","59","75","5","59","24","5","73","72320.432873941","-45698.7451852266","3657.68261632","3656.4929485321","64","69","1534","1539","-1","6","False"
"1530","24","60","75","5","60","24","5","73","75680.2624762999","-45698.7451852266","3657.68261632","3656.4929485321","65","70","1535","1540","3","4","True"
"1531","24","61","75","5","61","24","5","73","79040.0920786588","-45698.7451852266","3657.68261632","3656.4929485321","66","71","1536","1541","3","4","True"
"1532","24","62","75","5","62","24","5","73","82399.9216810177","-45698.7451852266","3657.68261632","3656.4929485321","67","72","1537","1542","3","4","True"
"1533","24","63","75","5","63","24","5","73","85759.7512833766","-45698.7451852266","3657.68261632","3656.4929485321","68","73","1538","1543","3","4","True"
"1534","24","64","75","5","64","24","5","73","89119.5808857356","-45698.7451852266","3657.68261632","3656.4929485321","69","74","1539","1544","3","6","True"
"1535","24","65","75","5","65","24","5","73","92479.4104880945","-45698.7451852266","3657.68261632","3656.4929485321","55","60","1525","1530","-1","4","False"
"1536","24","66","75","5","66","24","5","73","95839.2400904534","-45698.7451852266","3657.68261632","3656.4929485321","56","61","1526","1531","-1","4","False"
"1537","24","67","75","5","67","24","5","73","99199.0696928123","-45698.7451852266","3657.68261632","3656.4929485321","57","62","1527","1532","-1","4","False"
"1538","24","68","75","5","68","24","5","73","102558.899295171","-45698.7451852266","3657.68261632","3656.4929485321","58","63","1528","1533","-1","4","False"
"1539","24","69","75","5","69","24","5","73","105918.72889753","-45698.7451852266","3657.68261632","3656.4929485321","59","64","1529","1534","-1","6","False"
"1540","24","70","75","5","70","24","5","73","109278.558499889","-45698.7451852266","3657.68261632","3656.4929485321","60","65","1530","1535","-1","4","False"
"1541","24","71","75","5","71","24","5","73","112638.388102248","-45698.7451852266","3657.68261632","3656.4929485321","61","66","1531","1536","-1","4","False"
"1542","24","72","75","5","72","24","5","73","115998.217704607","-45698.7451852266","3657.68261632","3656.4929485321","62","67","1532","1537","-1","4","False"
"1543","24","73","75","5","73","24","5","73","119358.047306966","-45698.7451852266","3657.68261632","3656.4929485321","63","68","1533","1538","-1","4","False"
"1544","24","74","75","5","74","24","5","73","122717.876909325","-45698.7451852266","3657.68261632","3656.4929485321","64","69","1534","1539","-1","4","False"
"1545","25","0","75","5","74","25","5","73","122717.876909325","-42074.511939377","3657.68261632","3656.4929485321","5","10","1550","1555","3","2","True"
"1546","25","1","75","5","73","25","5","73","119358.047306966","-42074.511939377","3657.68261632","3656.4929485321","6","11","1551","1556","3","3","True"
"1547","25","2","75","5","72","25","5","73","115998.217704607","-42074.511939377","3657.68261632","3656.4929485321","7","12","1552","1557","3","3","True"
"1548","25","3","75","5","71","25","5","73","112638.388102248","-42074.511939377","3657.68261632","3656.4929485321","8","13","1553","1558","3","3","True"
"1549","25","4","75","5","70","25","5","73","109278.558499889","-42074.511939377","3657.68261632","3656.4929485321","9","14","1554","1559","3","3","True"
"1550","25","5","75","5","69","25","5","73","105918.72889753","-42074.511939377","3657.68261632","3656.4929485321","10","15","1555","1560","-1","4","False"
"1551","25","6","75","5","68","25","5","73","102558.899295171","-42074.511939377","3657.68261632","3656.4929485321","11","16","1556","1561","-1","3","False"
"1552","25","7","75","5","67","25","5","73","99199.0696928123","-42074.511939377","3657.68261632","3656.4929485321","12","17","1557","1562","-1","3","False"
"1553","25","8","75","5","66","25","5","73","95839.2400904534","-42074.511939377","3657.68261632","3656.4929485321","13","18","1558","1563","-1","3","False"
"1554","25","9","75","5","65","25","5","73","92479.4104880945","-42074.511939377","3657.68261632","3656.4929485321","14","19","1559","1564","-1","3","False"
"1555","25","10","75","5","64","25","5","73","89119.5808857356","-42074.511939377","3657.68261632","3656.4929485321","15","20","1560","1565","-1","4","False"
"1556","25","11","75","5","63","25","5","73","85759.7512833766","-42074.511939377","3657.68261632","3656.4929485321","16","21","1561","1566","-1","3","False"
"1557","25","12","75","5","62","25","5","73","82399.9216810177","-42074.511939377","3657.68261632","3656.4929485321","17","22","1562","1567","-1","3","False"
"1558","25","13","75","5","61","25","5","73","79040.0920786588","-42074.511939377","3657.68261632","3656.4929485321","18","23","1563","1568","-1","3","False"
"1559","25","14","75","5","60","25","5","73","75680.2624762999","-42074.511939377","3657.68261632","3656.4929485321","19","24","1564","1569","-1","3","False"
"1560","25","15","75","5","59","25","5","73","72320.432873941","-42074.511939377","3657.68261632","3656.4929485321","20","25","1565","1570","3","4","True"
"1561","25","16","75","5","58","25","5","73","68960.603271582","-42074.511939377","3657.68261632","3656.4929485321","21","26","1566","1571","3","3","True"
"1562","25","17","75","5","57","25","5","73","65600.7736692231","-42074.511939377","3657.68261632","3656.4929485321","22","27","1567","1572","3","3","True"
"1563","25","18","75","5","56","25","5","73","62240.9440668642","-42074.511939377","3657.68261632","3656.4929485321","23","28","1568","1573","3","3","True"
"1564","25","19","75","5","55","25","5","73","58881.1144645053","-42074.511939377","3657.68261632","3656.4929485321","24","29","1569","1574","3","3","True"
"1565","25","20","75","5","54","25","5","73","55521.2848621464","-42074.511939377","3657.68261632","3656.4929485321","25","30","1570","1575","-1","4","False"
"1566","25","21","75","5","53","25","5","73","52161.4552597875","-42074.511939377","3657.68261632","3656.4929485321","26","31","1571","1576","-1","3","False"
"1567","25","22","75","5","52","25","5","73","48801.6256574286","-42074.511939377","3657.68261632","3656.4929485321","27","32","1572","1577","-1","3","False"
"1568","25","23","75","5","51","25","5","73","45441.7960550696","-42074.511939377","3657.68261632","3656.4929485321","28","33","1573","1578","-1","3","False"
"1569","25","24","75","5","50","25","5","73","42081.9664527107","-42074.511939377","3657.68261632","3656.4929485321","29","34","1574","1579","-1","3","False"
"1570","25","25","75","5","49","25","5","73","38722.1368503518","-42074.511939377","3657.68261632","3656.4929485321","30","35","1575","1580","-1","4","False"
"1571","25","26","75","5","48","25","5","73","35362.3072479929","-42074.511939377","3657.68261632","3656.4929485321","31","36","1576","1581","-1","3","False"
"1572","25","27","75","5","47","25","5","73","32002.477645634","-42074.511939377","3657.68261632","3656.4929485321","32","37","1577","1582","-1","3","False"
"1573","25","28","75","5","46","25","5","73","28642.6480432751","-42074.511939377","3657.68261632","3656.4929485321","33","38","1578","1583","-1","3","False"
"1574","25","29","75","5","45","25","5","73","25282.8184409162","-42074.511939377","3657.68261632","3656.4929485321","34","39","1579","1584","-1","3","False"
"1575","25","30","75","5","44","25","5","73","21922.9888385572","-42074.511939377","3657.68261632","3656.4929485321","35","40","1580","1585","3","4","True"
"1576","25","31","75","5","43","25","5","73","18563.1592361983","-42074.511939377","3657.68261632","3656.4929485321","36","41","1581","1586","3","3","True"
"1577","25","32","75","5","42","25","5","73","15203.3296338394","-42074.511939377","3657.68261632","3656.4929485321","37","42","1582","1587","3","3","True"
"1578","25","33","75","5","41","25","5","73","11843.5000314805","-42074.511939377","3657.68261632","3656.4929485321","38","43","1583","1588","3","3","True"
"1579","25","34","75","5","40","25","5","73","8483.67042912157","-42074.511939377","3657.68261632","3656.4929485321","39","44","1584","1589","3","3","True"
"1580","25","35","75","5","39","25","5","73","5123.84082676264","-42074.511939377","3657.68261632","3656.4929485321","40","45","1585","1590","-1","4","False"
"1581","25","36","75","5","38","25","5","73","1764.01122440373","-42074.511939377","3657.68261632","3656.4929485321","41","46","1586","1591","-1","3","False"
"1582","25","37","75","5","37","25","5","73","-1595.81837795519","-42074.511939377","3657.68261632","3656.4929485321","42","47","1587","1592","-1","3","False"
"1583","25","38","75","5","36","25","5","73","-4955.6479803141","-42074.511939377","3657.68261632","3656.4929485321","43","48","1588","1593","-1","3","False"
"1584","25","39","75","5","35","25","5","73","-8315.47758267302","-42074.511939377","3657.68261632","3656.4929485321","44","49","1589","1594","-1","3","False"
"1585","25","40","75","5","34","25","5","73","-11675.3071850319","-42074.511939377","3657.68261632","3656.4929485321","45","50","1590","1595","-1","4","False"
"1586","25","41","75","5","33","25","5","73","-15035.1367873909","-42074.511939377","3657.68261632","3656.4929485321","46","51","1591","1596","-1","3","False"
"1587","25","42","75","5","32","25","5","73","-18394.9663897498","-42074.511939377","3657.68261632","3656.4929485321","47","52","1592","1597","-1","3","False"
"1588","25","43","75","5","31","25","5","73","-21754.7959921087","-42074.511939377","3657.68261632","3656.4929485321","48","53","1593","1598","-1","3","False"
"1589","25","44","75","5","30","25","5","73","-25114.6255944676","-42074.511939377","3657.68261632","3656.4929485321","49","54","1594","1599","-1","3","False"
"1590","25","45","75","5","29","25","5","73","-28474.4551968265","-42074.511939377","3657.68261632","3656.4929485321","50","55","1595","1600","3","4","True"
"1591","25","46","75","5","28","25","5","73","-31834.2847991854","-42074.511939377","3657.68261632","3656.4929485321","51","56","1596","1601","3","3","True"
"1592","25","47","75","5","27","25","5","73","-35194.1144015444","-42074.511939377","3657.68261632","3656.4929485321","52","57","1597","1602","3","3","True"
"1593","25","48","75","5","26","25","5","73","-38553.9440039033","-42074.511939377","3657.68261632","3656.4929485321","53","58","1598","1603","3","3","True"
"1594","25","49","75","5","25","25","5","73","-41913.7736062622","-42074.511939377","3657.68261632","3656.4929485321","54","59","1599","1604","3","3","True"
"1595","25","50","75","5","24","25","5","73","-45273.6032086211","-42074.511939377","3657.68261632","3656.4929485321","55","60","1600","1605","-1","4","False"
"1596","25","51","75","5","23","25","5","73","-48633.43281098","-42074.511939377","3657.68261632","3656.4929485321","56","61","1601","1606","-1","3","False"
"1597","25","52","75","5","22","25","5","73","-51993.2624133389","-42074.511939377","3657.68261632","3656.4929485321","57","62","1602","1607","-1","3","False"
"1598","25","53","75","5","21","25","5","73","-55353.0920156979","-42074.511939377","3657.68261632","3656.4929485321","58","63","1603","1608","-1","3","False"
"1599","25","54","75","5","20","25","5","73","-58712.9216180568","-42074.511939377","3657.68261632","3656.4929485321","59","64","1604","1609","-1","3","False"
"1600","25","55","75","5","19","25","5","73","-62072.7512204157","-42074.511939377","3657.68261632","3656.4929485321","60","65","1605","1610","-1","4","False"
"1601","25","56","75","5","18","25","5","73","-65432.5808227746","-42074.511939377","3657.68261632","3656.4929485321","61","66","1606","1611","-1","3","False"
"1602","25","57","75","5","17","25","5","73","-68792.4104251335","-42074.511939377","3657.68261632","3656.4929485321","62","67","1607","1612","-1","3","False"
"1603","25","58","75","5","16","25","5","73","-72152.2400274924","-42074.511939377","3657.68261632","3656.4929485321","63","68","1608","1613","-1","3","False"
"1604","25","59","75","5","15","25","5","73","-75512.0696298514","-42074.511939377","3657.68261632","3656.4929485321","64","69","1609","1614","-1","3","False"
"1605","25","60","75","5","14","25","5","73","-78871.8992322103","-42074.511939377","3657.68261632","3656.4929485321","65","70","1610","1615","3","4","True"
"1606","25","61","75","5","13","25","5","73","-82231.7288345692","-42074.511939377","3657.68261632","3656.4929485321","66","71","1611","1616","3","3","True"
"1607","25","62","75","5","12","25","5","73","-85591.5584369281","-42074.511939377","3657.68261632","3656.4929485321","67","72","1612","1617","3","3","True"
"1608","25","63","75","5","11","25","5","73","-88951.388039287","-42074.511939377","3657.68261632","3656.4929485321","68","73","1613","1618","3","3","True"
"1609","25","64","75","5","10","25","5","73","-92311.2176416459","-42074.511939377","3657.68261632","3656.4929485321","69","74","1614","1619","3","3","True"
"1610","25","65","75","5","9","25","5","73","-95671.0472440048","-42074.511939377","3657.68261632","3656.4929485321","55","60","1600","1605","-1","4","False"
"1611","25","66","75","5","8","25","5","73","-99030.8768463638","-42074.511939377","3657.68261632","3656.4929485321","56","61","1601","1606","-1","3","False"
"1612","25","67","75","5","7","25","5","73","-102390.706448723","-42074.511939377","3657.68261632","3656.4929485321","57","62","1602","1607","-1","3","False"
"1613","25","68","75","5","6","25","5","73","-105750.536051082","-42074.511939377","3657.68261632","3656.4929485321","58","63","1603","1608","-1","3","False"
"1614","25","69","75","5","5","25","5","73","-109110.365653441","-42074.511939377","3657.68261632","3656.4929485321","59","64","1604","1609","-1","3","False"
"1615","25","70","75","5","4","25","5","73","-112470.195255799","-42074.511939377","3657.68261632","3656.4929485321","60","65","1605","1610","-1","4","False"
"1616","25","71","75","5","3","25","5","73","-115830.024858158","-42074.511939377","3657.68261632","3656.4929485321","61","66","1606","1611","-1","3","False"
"1617","25","72","75","5","2","25","5","73","-119189.854460517","-42074.511939377","3657.68261632","3656.4929485321","62","67","1607","1612","-1","3","False"
"1618","25","73","75","5","1","25","5","73","-122549.684062876","-42074.511939377","3657.68261632","3656.4929485321","63","68","1608","1613","-1","3","False"
"1619","25","74","75","5","0","25","5","73","-125909.513665235","-42074.511939377","3657.68261632","3656.4929485321","64","69","1609","1614","-1","3","False"
"1620","26","0","75","5","0","26","5","73","-125909.513665235","-38450.2748788301","3657.68261632","3656.4929485321","5","10","1625","1630","3","2","True"
"1621","26","1","75","5","1","26","5","73","-122549.684062876","-38450.2748788301","3657.68261632","3656.4929485321","6","11","1626","1631","3","3","True"
"1622","26","2","75","5","2","26","5","73","-119189.854460517","-38450.2748788301","3657.68261632","3656.4929485321","7","12","1627","1632","3","3","True"
"1623","26","3","75","5","3","26","5","73","-115830.024858158","-38450.2748788301","3657.68261632","3656.4929485321","8","13","1628","1633","3","3","True"
"1624","26","4","75","5","4","26","5","73","-112470.195255799","-38450.2748788301","3657.68261632","3656.4929485321","9","14","1629","1634","3","4","True"
"1625","26","5","75","5","5","26","5","73","-109110.365653441","-38450.2748788301","3657.68261632","3656.4929485321","10","15","1630","1635","-1","3","False"
"1626","26","6","75","5","6","26","5","73","-105750.536051082","-38450.2748788301","3657.68261632","3656.4929485321","11","16","1631","1636","-1","3","False"
"1627","26","7","75","5","7","26","5","73","-102390.706448723","-38450.2748788301","3657.68261632","3656.4929485321","12","17","1632","1637","-1","3","False"
"1628","26","8","75","5","8","26","5","73","-99030.8768463638","-38450.2748788301","3657.68261632","3656.4929485321","13","18","1633","1638","-1","3","False"
"1629","26","9","75","5","9","26","5","73","-95671.0472440048","-38450.2748788301","3657.68261632","3656.4929485321","14","19","1634","1639","-1","4","False"
"1630","26","10","75","5","10","26","5","73","-92311.2176416459","-38450.2748788301","3657.68261632","3656.4929485321","15","20","1635","1640","-1","3","False"
"1631","26","11","75","5","11","26","5","73","-88951.388039287","-38450.2748788301","3657.68261632","3656.4929485321","16","21","1636","1641","-1","3","False"
"1632","26","12","75","5","12","26","5","73","-85591.5584369281","-38450.2748788301","3657.68261632","3656.4929485321","17","22","1637","1642","-1","3","False"
"1633","26","13","75","5","13","26","5","73","-82231.7288345692","-38450.2748788301","3657.68261632","3656.4929485321","18","23","1638","1643","-1","3","False"
"1634","26","14","75","5","14","26","5","73","-78871.8992322103","-38450.2748788301","3657.68261632","3656.4929485321","19","24","1639","1644","-1","4","False"
"1635","26","15","75","5","15","26","5","73","-75512.0696298514","-38450.2748788301","3657.68261632","3656.4929485321","20","25","1640","1645","3","3","True"
"1636","26","16","75","5","16","26","5","73","-72152.2400274924","-38450.2748788301","3657.68261632","3656.4929485321","21","26","1641","1646","3","3","True"
"1637","26","17","75","5","17","26","5","73","-68792.4104251335","-38450.2748788301","3657.68261632","3656.4929485321","22","27","1642","1647","3","3","True"
"1638","26","18","75","5","18","26","5","73","-65432.5808227746","-38450.2748788301","3657.68261632","3656.4929485321","23","28","1643","1648","3","3","True"
"1639","26","19","75","5","19","26","5","73","-62072.7512204157","-38450.2748788301","3657.68261632","3656.4929485321","24","29","1644","1649","3","4","True"
"1640","26","20","75","5","20","26","5","73","-58712.9216180568","-38450.2748788301","3657.68261632","3656.4929485321","25","30","1645","1650","-1","3","False"
"1641","26","21","75","5","21","26","5","73","-55353.0920156979","-38450.2748788301","3657.68261632","3656.4929485321","26","31","1646","1651","-1","3","False"
"1642","26","22","75","5","22","26","5","73","-51993.2624133389","-38450.2748788301","3657.68261632","3656.4929485321","27","32","1647","1652","-1","3","False"
"1643","26","23","75","5","23","26","5","73","-48633.43281098","-38450.2748788301","3657.68261632","3656.4929485321","28","33","1648","1653","-1","3","False"
"1644","26","24","75","5","24","26","5","73","-45273.6032086211","-38450.2748788301","3657.68261632","3656.4929485321","29","34","1649","1654","-1","4","False"
"1645","26","25","75","5","25","26","5","73","-41913.7736062622","-38450.2748788301","3657.68261632","3656.4929485321","30","35","1650","1655","-1","3","False"
"1646","26","26","75","5","26","26","5","73","-38553.9440039033","-38450.2748788301","3657.68261632","3656.4929485321","31","36","1651","1656","-1","3","False"
"1647","26","27","75","5","27","26","5","73","-35194.1144015444","-38450.2748788301","3657.68261632","3656.4929485321","32","37","1652","1657","-1","3","False"
"1648","26","28","75","5","28","26","5","73","-31834.2847991854","-38450.2748788301","3657.68261632","3656.4929485321","33","38","1653","1658","-1","3","False"
"1649","26","29","75","5","29","26","5","73","-28474.4551968265","-38450.2748788301","3657.68261632","3656.4929485321","34","39","1654","1659","-1","4","False"
"1650","26","30","75","5","30","26","5","73","-25114.6255944676","-38450.2748788301","3657.68261632","3656.4929485321","35","40","1655","1660","3","3","True"
"1651","26","31","75","5","31","26","5","73","-21754.7959921087","-38450.2748788301","3657.68261632","3656.4929485321","36","41","1656","1661","3","3","True"
"1652","26","32","75","5","32","26","5","73","-18394.9663897498","-38450.2748788301","3657.68261632","3656.4929485321","37","42","1657","1662","3","3","True"
"1653","26","33","75","5","33","26","5","73","-15035.1367873909","-38450.2748788301","3657.68261632","3656.4929485321","38","43","1658","1663","3","3","True"
"1654","26","34","75","5","34","26","5","73","-11675.3071850319","-38450.2748788301","3657.68261632","3656.4929485321","39","44","1659","1664","3","4","True"
"1655","26","35","75","5","35","26","5","73","-8315.47758267302","-38450.2748788301","3657.68261632","3656.4929485321","40","45","1660","1665","-1","3","False"
"1656","26","36","75","5","36","26","5","73","-4955.6479803141","-38450.2748788301","3657.68261632","3656.4929485321","41","46","1661","1666","-1","3","False"
"1657","26","37","75","5","37","26","5","73","-1595.81837795519","-38450.2748788301","3657.68261632","3656.4929485321","42","47","1662","1667","-1","3","False"
"1658","26","38","75","5","38","26","5","73","1764.01122440373","-38450.2748788301","3657.68261632","3656.4929485321","43","48","1663","1668","-1","3","False"
"1659","26","39","75","5","39","26","5","73","5123.84082676264","-38450.2748788301","3657.68261632","3656.4929485321","44","49","1664","1669","-1","4","False"
"1660","26","40","75","5","40","26","5","73","8483.67042912157","-38450.2748788301","3657.68261632","3656.4929485321","45","50","1665","1670","-1","3","False"
"1661","26","41","75","5","41","26","5","73","11843.5000314805","-38450.2748788301","3657.68261632","3656.4929485321","46","51","1666","1671","-1","3","False"
"1662","26","42","75","5","42","26","5","73","15203.3296338394","-38450.2748788301","3657.68261632","3656.4929485321","47","52","1667","1672","-1","3","False"
"1663","26","43","75","5","43","26","5","73","18563.1592361983","-38450.2748788301","3657.68261632","3656.4929485321","48","53","1668","1673","-1","3","False"
"1664","26","44","75","5","44","26","5","73","21922.9888385572","-38450.2748788301","3657.68261632","3656.4929485321","49","54","1669","1674","-1","4","False"
"1665","26","45","75","5","45","26","5","73","25282.8184409162","-38450.2748788301","3657.68261632","3656.4929485321","50","55","1670","1675","3","3","True"
"1666","26","46","75","5","46","26","5","73","28642.6480432751","-38450.2748788301","3657.68261632","3656.4929485321","51","56","1671","1676","3","3","True"
"1667","26","47","75","5","47","26","5","73","32002.477645634","-38450.2748788301","3657.68261632","3656.4929485321","52","57","1672","1677","3","3","True"
"1668","26","48","75","5","48","26","5","73","35362.3072479929","-38450.2748788301","3657.68261632","3656.4929485321","53","58","1673","1678","3","3","True"
"1669","26","49","75","5","49","26","5","73","38722.1368503518","-38450.2748788301","3657.68261632","3656.4929485321","54","59","1674","1679","3","4","True"
"1670","26","50","75","5","50","26","5","73","42081.9664527107","-38450.2748788301","3657.68261632","3656.4929485321","55","60","1675","1680","-1","3","False"
"1671","26","51","75","5","51","26","5","73","45441.7960550696","-38450.2748788301","3657.68261632","3656.4929485321","56","61","1676","1681","-1","3","False"
"1672","26","52","75","5","52","26","5","73","48801.6256574286","-38450.2748788301","3657.68261632","3656.4929485321","57","62","1677","1682","-1","3","False"
"1673","26","53","75","5","53","26","5","73","52161.4552597875","-38450.2748788301","3657.68261632","3656.4929485321","58","63","1678","1683","-1","3","False"
"1674","26","54","75","5","54","26","5","73","55521.2848621464","-38450.2748788301","3657.68261632","3656.4929485321","59","64","1679","1684","-1","4","False"
"1675","26","55","75","5","55","26","5","73","58881.1144645053","-38450.2748788301","3657.68261632","3656.4929485321","60","65","1680","1685","-1","3","False"
"1676","26","56","75","5","56","26","5","73","62240.9440668642","-38450.2748788301","3657.68261632","3656.4929485321","61","66","1681","1686","-1","3","False"
"1677","26","57","75","5","57","26","5","73","65600.7736692231","-38450.2748788301","3657.68261632","3656.4929485321","62","67","1682","1687","-1","3","False"
"1678","26","58","75","5","58","26","5","73","68960.603271582","-38450.2748788301","3657.68261632","3656.4929485321","63","68","1683","1688","-1","3","False"
"1679","26","59","75","5","59","26","5","73","72320.432873941","-38450.2748788301","3657.68261632","3656.4929485321","64","69","1684","1689","-1","4","False"
"1680","26","60","75","5","60","26","5","73","75680.2624762999","-38450.2748788301","3657.68261632","3656.4929485321","65","70","1685","1690","3","3","True"
"1681","26","61","75","5","61","26","5","73","79040.0920786588","-38450.2748788301","3657.68261632","3656.4929485321","66","71","1686","1691","3","3","True"
"1682","26","62","75","5","62","26","5","73","82399.9216810177","-38450.2748788301","3657.68261632","3656.4929485321","67","72","1687","1692","3","3","True"
"1683","26","63","75","5","63","26","5","73","85759.7512833766","-38450.2748788301","3657.68261632","3656.4929485321","68","73","1688","1693","3","3","True"
"1684","26","64","75","5","64","26","5","73","89119.5808857356","-38450.2748788301","3657.68261632","3656.4929485321","69","74","1689","1694","3","4","True"
"1685","26","65","75","5","65","26","5","73","92479.4104880945","-38450.2748788301","3657.68261632","3656.4929485321","55","60","1675","1680","-1","3","False"
"1686","26","66","75","5","66","26","5","73","95839.2400904534","-38450.2748788301","3657.68261632","3656.4929485321","56","61","1676","1681","-1","3","False"
"1687","26","67","75","5","67","26","5","73","99199.0696928123","-38450.2748788301","3657.68261632","3656.4929485321","57","62","1677","1682","-1","3","False"
"1688","26","68","75","5","68","26","5","73","102558.899295171","-38450.2748788301","3657.68261632","3656.4929485321","58","63","1678","1683","-1","3","False"
"1689","26","69","75","5","69","26","5","73","105918.72889753","-38450.2748788301","3657.68261632","3656.4929485321","59","64","1679","1684","-1","4","False"
"1690","26","70","75","5","70","26","5","73","109278.558499889","-38450.2748788301","3657.68261632","3656.4929485321","60","65","1680","1685","-1","3","False"
"1691","26","71","75","5","71","26","5","73","112638.388102248","-38450.2748788301","3657.68261632","3656.4929485321","61","66","1681","1686","-1","3","False"
"1692","26","72","75","5","72","26","5","73","115998.217704607","-38450.2748788301","3657.68261632","3656.4929485321","62","67","1682","1687","-1","3","False"
"1693","26","73","75","5","73","26","5","73","119358.047306966","-38450.2748788301","3657.68261632","3656.4929485321","63","68","1683","1688","-1","3","False"
"1694","26","74","75","5","74","26","5","73","122717.876909325","-38450.2748788301","3657.68261632","3656.4929485321","64","69","1684","1689","-1","3","False"
"1695","27","0","80","5","79","27","5","73","122717.876361549","-34826.0378182832","3657.68261632","3656.4929485321","5","10","1700","1705","3","3","True"
"1696","27","1","80","5","78","27","5","73","119358.04675919","-34826.0378182832","3657.68261632","3656.4929485321","6","11","1701","1706","3","4","True"
"1697","27","2","80","5","77","27","5","73","115998.217156831","-34826.0378182832","3657.68261632","3656.4929485321","7","12","1702","1707","3","4","True"
"1698","27","3","80","5","76","27","5","73","112638.387554472","-34826.0378182832","3657.68261632","3656.4929485321","8","13","1703","1708","3","4","True"
"1699","27","4","80","5","75","27","5","73","109278.557952113","-34826.0378182832","3657.68261632","3656.4929485321","9","14","1704","1709","3","4","True"
"1700","27","5","80","5","74","27","5","73","105918.728349754","-34826.0378182832","3657.68261632","3656.4929485321","10","15","1705","1710","-1","6","False"
"1701","27","6","80","5","73","27","5","73","102558.898747396","-34826.0378182832","3657.68261632","3656.4929485321","11","16","1706","1711","-1","4","False"
"1702","27","7","80","5","72","27","5","73","99199.0691450366","-34826.0378182832","3657.68261632","3656.4929485321","12","17","1707","1712","-1","4","False"
"1703","27","8","80","5","71","27","5","73","95839.2395426777","-34826.0378182832","3657.68261632","3656.4929485321","13","18","1708","1713","-1","4","False"
"1704","27","9","80","5","70","27","5","73","92479.4099403188","-34826.0378182832","3657.68261632","3656.4929485321","14","19","1709","1714","-1","4","False"
"1705","27","10","80","5","69","27","5","73","89119.5803379599","-34826.0378182832","3657.68261632","3656.4929485321","15","20","1710","1715","-1","6","False"
"1706","27","11","80","5","68","27","5","73","85759.7507356009","-34826.0378182832","3657.68261632","3656.4929485321","16","21","1711","1716","-1","4","False"
"1707","27","12","80","5","67","27","5","73","82399.921133242","-34826.0378182832","3657.68261632","3656.4929485321","17","22","1712","1717","-1","4","False"
"1708","27","13","80","5","66","27","5","73","79040.0915308831","-34826.0378182832","3657.68261632","3656.4929485321","18","23","1713","1718","-1","4","False"
"1709","27","14","80","5","65","27","5","73","75680.2619285242","-34826.0378182832","3657.68261632","3656.4929485321","19","24","1714","1719","-1","4","False"
"1710","27","15","80","5","64","27","5","73","72320.4323261653","-34826.0378182832","3657.68261632","3656.4929485321","20","25","1715","1720","3","6","True"
"1711","27","16","80","5","63","27","5","73","68960.6027238063","-34826.0378182832","3657.68261632","3656.4929485321","21","26","1716","1721","3","4","True"
"1712","27","17","80","5","62","27","5","73","65600.7731214474","-34826.0378182832","3657.68261632","3656.4929485321","22","27","1717","1722","3","4","True"
"1713","27","18","80","5","61","27","5","73","62240.9435190885","-34826.0378182832","3657.68261632","3656.4929485321","23","28","1718","1723","3","4","True"
"1714","27","19","80","5","60","27","5","73","58881.1139167296","-34826.0378182832","3657.68261632","3656.4929485321","24","29","1719","1724","3","4","True"
"1715","27","20","80","5","59","27","5","73","55521.2843143707","-34826.0378182832","3657.68261632","3656.4929485321","25","30","1720","1725","-1","6","False"
"1716","27","21","80","5","58","27","5","73","52161.4547120117","-34826.0378182832","3657.68261632","3656.4929485321","26","31","1721","1726","-1","4","False"
"1717","27","22","80","5","57","27","5","73","48801.6251096528","-34826.0378182832","3657.68261632","3656.4929485321","27","32","1722","1727","-1","4","False"
"1718","27","23","80","5","56","27","5","73","45441.7955072939","-34826.0378182832","3657.68261632","3656.4929485321","28","33","1723","1728","-1","4","False"
"1719","27","24","80","5","55","27","5","73","42081.965904935","-34826.0378182832","3657.68261632","3656.4929485321","29","34","1724","1729","-1","4","False"
"1720","27","25","80","5","54","27","5","73","38722.1363025761","-34826.0378182832","3657.68261632","3656.4929485321","30","35","1725","1730","-1","6","False"
"1721","27","26","80","5","53","27","5","73","35362.3067002172","-34826.0378182832","3657.68261632","3656.4929485321","31","36","1726","1731","-1","4","False"
"1722","27","27","80","5","52","27","5","73","32002.4770978583","-34826.0378182832","3657.68261632","3656.4929485321","32","37","1727","1732","-1","4","False"
"1723","27","28","80","5","51","27","5","73","28642.6474954993","-34826.0378182832","3657.68261632","3656.4929485321","33","38","1728","1733","-1","4","False"
"1724","27","29","80","5","50","27","5","73","25282.8178931404","-34826.0378182832","3657.68261632","3656.4929485321","34","39","1729","1734","-1","4","False"
"1725","27","30","80","5","49","27","5","73","21922.9882907815","-34826.0378182832","3657.68261632","3656.4929485321","35","40","1730","1735","3","6","True"
"1726","27","31","80","5","48","27","5","73","18563.1586884226","-34826.0378182832","3657.68261632","3656.4929485321","36","41","1731","1736","3","4","True"
"1727","27","32","80","5","47","27","5","73","15203.3290860637","-34826.0378182832","3657.68261632","3656.4929485321","37","42","1732","1737","3","4","True"
"1728","27","33","80","5","46","27","5","73","11843.4994837047","-34826.0378182832","3657.68261632","3656.4929485321","38","43","1733","1738","3","4","True"
"1729","27","34","80","5","45","27","5","73","8483.66988134584","-34826.0378182832","3657.68261632","3656.4929485321","39","44","1734","1739","3","4","True"
"1730","27","35","80","5","44","27","5","73","5123.84027898691","-34826.0378182832","3657.68261632","3656.4929485321","40","45","1735","1740","-1","6","False"
"1731","27","36","80","5","43","27","5","73","1764.01067662801","-34826.0378182832","3657.68261632","3656.4929485321","41","46","1736","1741","-1","4","False"
"1732","27","37","80","5","42","27","5","73","-1595.81892573092","-34826.0378182832","3657.68261632","3656.4929485321","42","47","1737","1742","-1","4","False"
"1733","27","38","80","5","41","27","5","73","-4955.64852808984","-34826.0378182832","3657.68261632","3656.4929485321","43","48","1738","1743","-1","4","False"
"1734","27","39","80","5","40","27","5","73","-8315.47813044874","-34826.0378182832","3657.68261632","3656.4929485321","44","49","1739","1744","-1","4","False"
"1735","27","40","80","5","39","27","5","73","-11675.3077328077","-34826.0378182832","3657.68261632","3656.4929485321","45","50","1740","1745","-1","6","False"
"1736","27","41","80","5","38","27","5","73","-15035.1373351666","-34826.0378182832","3657.68261632","3656.4929485321","46","51","1741","1746","-1","4","False"
"1737","27","42","80","5","37","27","5","73","-18394.9669375255","-34826.0378182832","3657.68261632","3656.4929485321","47","52","1742","1747","-1","4","False"
"1738","27","43","80","5","36","27","5","73","-21754.7965398844","-34826.0378182832","3657.68261632","3656.4929485321","48","53","1743","1748","-1","4","False"
"1739","27","44","80","5","35","27","5","73","-25114.6261422433","-34826.0378182832","3657.68261632","3656.4929485321","49","54","1744","1749","-1","4","False"
"1740","27","45","80","5","34","27","5","73","-28474.4557446023","-34826.0378182832","3657.68261632","3656.4929485321","50","55","1745","1750","3","6","True"
"1741","27","46","80","5","33","27","5","73","-31834.2853469612","-34826.0378182832","3657.68261632","3656.4929485321","51","56","1746","1751","3","4","True"
"1742","27","47","80","5","32","27","5","73","-35194.1149493201","-34826.0378182832","3657.68261632","3656.4929485321","52","57","1747","1752","3","4","True"
"1743","27","48","80","5","31","27","5","73","-38553.944551679","-34826.0378182832","3657.68261632","3656.4929485321","53","58","1748","1753","3","4","True"
"1744","27","49","80","5","30","27","5","73","-41913.7741540379","-34826.0378182832","3657.68261632","3656.4929485321","54","59","1749","1754","3","4","True"
"1745","27","50","80","5","29","27","5","73","-45273.6037563968","-34826.0378182832","3657.68261632","3656.4929485321","55","60","1750","1755","-1","6","False"
"1746","27","51","80","5","28","27","5","73","-48633.4333587558","-34826.0378182832","3657.68261632","3656.4929485321","56","61","1751","1756","-1","4","False"
"1747","27","52","80","5","27","27","5","73","-51993.2629611147","-34826.0378182832","3657.68261632","3656.4929485321","57","62","1752","1757","-1","4","False"
"1748","27","53","80","5","26","27","5","73","-55353.0925634736","-34826.0378182832","3657.68261632","3656.4929485321","58","63","1753","1758","-1","4","False"
"1749","27","54","80","5","25","27","5","73","-58712.9221658325","-34826.0378182832","3657.68261632","3656.4929485321","59","64","1754","1759","-1","4","False"
"1750","27","55","80","5","24","27","5","73","-62072.7517681914","-34826.0378182832","3657.68261632","3656.4929485321","60","65","1755","1760","-1","6","False"
"1751","27","56","80","5","23","27","5","73","-65432.5813705503","-34826.0378182832","3657.68261632","3656.4929485321","61","66","1756","1761","-1","4","False"
"1752","27","57","80","5","22","27","5","73","-68792.4109729092","-34826.0378182832","3657.68261632","3656.4929485321","62","67","1757","1762","-1","4","False"
"1753","27","58","80","5","21","27","5","73","-72152.2405752682","-34826.0378182832","3657.68261632","3656.4929485321","63","68","1758","1763","-1","4","False"
"1754","27","59","80","5","20","27","5","73","-75512.0701776271","-34826.0378182832","3657.68261632","3656.4929485321","64","69","1759","1764","-1","4","False"
"1755","27","60","80","5","19","27","5","73","-78871.899779986","-34826.0378182832","3657.68261632","3656.4929485321","65","70","1760","1765","3","6","True"
"1756","27","61","80","5","18","27","5","73","-82231.7293823449","-34826.0378182832","3657.68261632","3656.4929485321","66","71","1761","1766","3","4","True"
"1757","27","62","80","5","17","27","5","73","-85591.5589847038","-34826.0378182832","3657.68261632","3656.4929485321","67","72","1762","1767","3","4","True"
"1758","27","63","80","5","16","27","5","73","-88951.3885870628","-34826.0378182832","3657.68261632","3656.4929485321","68","73","1763","1768","3","4","True"
"1759","27","64","80","5","15","27","5","73","-92311.2181894217","-34826.0378182832","3657.68261632","3656.4929485321","69","74","1764","1769","3","4","True"
"1760","27","65","80","5","14","27","5","73","-95671.0477917806","-34826.0378182832","3657.68261632","3656.4929485321","70","75","1765","1770","-1","6","False"
"1761","27","66","80","5","13","27","5","73","-99030.8773941395","-34826.0378182832","3657.68261632","3656.4929485321","71","76","1766","1771","-1","4","False"
"1762","27","67","80","5","12","27","5","73","-102390.706996498","-34826.0378182832","3657.68261632","3656.4929485321","72","77","1767","1772","-1","4","False"
"1763","27","68","80","5","11","27","5","73","-105750.536598857","-34826.0378182832","3657.68261632","3656.4929485321","73","78","1768","1773","-1","4","False"
"1764","27","69","80","5","10","27","5","73","-109110.366201216","-34826.0378182832","3657.68261632","3656.4929485321","74","79","1769","1774","-1","4","False"
"1765","27","70","80","5","9","27","5","73","-112470.195803575","-34826.0378182832","3657.68261632","3656.4929485321","60","65","1755","1760","-1","6","False"
"1766","27","71","80","5","8","27","5","73","-115830.025405934","-34826.0378182832","3657.68261632","3656.4929485321","61","66","1756","1761","-1","4","False"
"1767","27","72","80","5","7","27","5","73","-119189.855008293","-34826.0378182832","3657.68261632","3656.4929485321","62","67","1757","1762","-1","4","False"
"1768","27","73","80","5","6","27","5","73","-122549.684610652","-34826.0378182832","3657.68261632","3656.4929485321","63","68","1758","1763","-1","4","False"
"1769","27","74","80","5","5","27","5","73","-125909.514213011","-34826.0378182832","3657.68261632","3656.4929485321","64","69","1759","1764","-1","4","False"
"1770","27","75","80","5","4","27","5","73","-129269.34381537","-34826.0378182832","3657.68261632","3656.4929485321","65","70","1760","1765","0","5","True"
"1771","27","76","80","5","3","27","5","73","-132629.173417729","-34826.0378182832","3657.68261632","3656.4929485321","66","71","1761","1766","0","2","True"
"1772","27","77","80","5","2","27","5","73","-135989.003020088","-34826.0378182832","3657.68261632","3656.4929485321","67","72","1762","1767","0","2","True"
"1773","27","78","80","5","1","27","5","73","-139348.832622446","-34826.0378182832","3657.68261632","3656.4929485321","68","73","1763","1768","0","2","True"
"1774","27","79","80","5","0","27","5","73","-142708.662224805","-34826.0378182832","3657.68261632","3656.4929485321","69","74","1764","1769","0","2","True"
"1775","28","0","80","5","0","28","5","73","-142708.662224805","-31201.7988503877","3657.68261632","3656.4929485321","5","10","1780","1785","3","2","True"
"1776","28","1","80","5","1","28","5","73","-139348.832622446","-31201.7988503877","3657.68261632","3656.4929485321","6","11","1781","1786","3","3","True"
"1777","28","2","80","5","2","28","5","73","-135989.003020088","-31201.7988503877","3657.68261632","3656.4929485321","7","12","1782","1787","3","3","True"
"1778","28","3","80","5","3","28","5","73","-132629.173417729","-31201.7988503877","3657.68261632","3656.4929485321","8","13","1783","1788","3","3","True"
"1779","28","4","80","5","4","28","5","73","-129269.34381537","-31201.7988503877","3657.68261632","3656.4929485321","9","14","1784","1789","3","4","True"
"1780","28","5","80","5","5","28","5","73","-125909.514213011","-31201.7988503877","3657.68261632","3656.4929485321","10","15","1785","1790","-1","3","False"
"1781","28","6","80","5","6","28","5","73","-122549.684610652","-31201.7988503877","3657.68261632","3656.4929485321","11","16","1786","1791","-1","3","False"
"1782","28","7","80","5","7","28","5","73","-119189.855008293","-31201.7988503877","3657.68261632","3656.4929485321","12","17","1787","1792","-1","3","False"
"1783","28","8","80","5","8","28","5","73","-115830.025405934","-31201.7988503877","3657.68261632","3656.4929485321","13","18","1788","1793","-1","3","False"
"1784","28","9","80","5","9","28","5","73","-112470.195803575","-31201.7988503877","3657.68261632","3656.4929485321","14","19","1789","1794","-1","4","False"
"1785","28","10","80","5","10","28","5","73","-109110.366201216","-31201.7988503877","3657.68261632","3656.4929485321","15","20","1790","1795","-1","3","False"
"1786","28","11","80","5","11","28","5","73","-105750.536598857","-31201.7988503877","3657.68261632","3656.4929485321","16","21","1791","1796","-1","3","False"
"1787","28","12","80","5","12","28","5","73","-102390.706996498","-31201.7988503877","3657.68261632","3656.4929485321","17","22","1792","1797","-1","3","False"
"1788","28","13","80","5","13","28","5","73","-99030.8773941395","-31201.7988503877","3657.68261632","3656.4929485321","18","23","1793","1798","-1","3","False"
"1789","28","14","80","5","14","28","5","73","-95671.0477917806","-31201.7988503877","3657.68261632","3656.4929485321","19","24","1794","1799","-1","4","False"
"1790","28","15","80","5","15","28","5","73","-92311.2181894217","-31201.7988503877","3657.68261632","3656.4929485321","20","25","1795","1800","3","3","True"
"1791","28","16","80","5","16","28","5","73","-88951.3885870628","-31201.7988503877","3657.68261632","3656.4929485321","21","26","1796","1801","3","3","True"
"1792","28","17","80","5","17","28","5","73","-85591.5589847038","-31201.7988503877","3657.68261632","3656.4929485321","22","27","1797","1802","3","3","True"
"1793","28","18","80","5","18","28","5","73","-82231.7293823449","-31201.7988503877","3657.68261632","3656.4929485321","23","28","1798","1803","3","3","True"
"1794","28","19","80","5","19","28","5","73","-78871.899779986","-31201.7988503877","3657.68261632","3656.4929485321","24","29","1799","1804","3","4","True"
"1795","28","20","80","5","20","28","5","73","-75512.0701776271","-31201.7988503877","3657.68261632","3656.4929485321","25","30","1800","1805","-1","3","False"
"1796","28","21","80","5","21","28","5","73","-72152.2405752682","-31201.7988503877","3657.68261632","3656.4929485321","26","31","1801","1806","-1","3","False"
"1797","28","22","80","5","22","28","5","73","-68792.4109729092","-31201.7988503877","3657.68261632","3656.4929485321","27","32","1802","1807","-1","3","False"
"1798","28","23","80","5","23","28","5","73","-65432.5813705503","-31201.7988503877","3657.68261632","3656.4929485321","28","33","1803","1808","-1","3","False"
"1799","28","24","80","5","24","28","5","73","-62072.7517681914","-31201.7988503877","3657.68261632","3656.4929485321","29","34","1804","1809","-1","4","False"
"1800","28","25","80","5","25","28","5","73","-58712.9221658325","-31201.7988503877","3657.68261632","3656.4929485321","30","35","1805","1810","-1","3","False"
"1801","28","26","80","5","26","28","5","73","-55353.0925634736","-31201.7988503877","3657.68261632","3656.4929485321","31","36","1806","1811","-1","3","False"
"1802","28","27","80","5","27","28","5","73","-51993.2629611147","-31201.7988503877","3657.68261632","3656.4929485321","32","37","1807","1812","-1","3","False"
"1803","28","28","80","5","28","28","5","73","-48633.4333587558","-31201.7988503877","3657.68261632","3656.4929485321","33","38","1808","1813","-1","3","False"
"1804","28","29","80","5","29","28","5","73","-45273.6037563968","-31201.7988503877","3657.68261632","3656.4929485321","34","39","1809","1814","-1","4","False"
"1805","28","30","80","5","30","28","5","73","-41913.7741540379","-31201.7988503877","3657.68261632","3656.4929485321","35","40","1810","1815","3","3","True"
"1806","28","31","80","5","31","28","5","73","-38553.944551679","-31201.7988503877","3657.68261632","3656.4929485321","36","41","1811","1816","3","3","True"
"1807","28","32","80","5","32","28","5","73","-35194.1149493201","-31201.7988503877","3657.68261632","3656.4929485321","37","42","1812","1817","3","3","True"
"1808","28","33","80","5","33","28","5","73","-31834.2853469612","-31201.7988503877","3657.68261632","3656.4929485321","38","43","1813","1818","3","3","True"
"1809","28","34","80","5","34","28","5","73","-28474.4557446023","-31201.7988503877","3657.68261632","3656.4929485321","39","44","1814","1819","3","4","True"
"1810","28","35","80","5","35","28","5","73","-25114.6261422433","-31201.7988503877","3657.68261632","3656.4929485321","40","45","1815","1820","-1","3","False"
"1811","28","36","80","5","36","28","5","73","-21754.7965398844","-31201.7988503877","3657.68261632","3656.4929485321","41","46","1816","1821","-1","3","False"
"1812","28","37","80","5","37","28","5","73","-18394.9669375255","-31201.7988503877","3657.68261632","3656.4929485321","42","47","1817","1822","-1","3","False"
"1813","28","38","80","5","38","28","5","73","-15035.1373351666","-31201.7988503877","3657.68261632","3656.4929485321","43","48","1818","1823","-1","3","False"
"1814","28","39","80","5","39","28","5","73","-11675.3077328077","-31201.7988503877","3657.68261632","3656.4929485321","44","49","1819","1824","-1","4","False"
"1815","28","40","80","5","40","28","5","73","-8315.47813044874","-31201.7988503877","3657.68261632","3656.4929485321","45","50","1820","1825","-1","3","False"
"1816","28","41","80","5","41","28","5","73","-4955.64852808984","-31201.7988503877","3657.68261632","3656.4929485321","46","51","1821","1826","-1","3","False"
"1817","28","42","80","5","42","28","5","73","-1595.81892573092","-31201.7988503877","3657.68261632","3656.4929485321","47","52","1822","1827","-1","3","False"
"1818","28","43","80","5","43","28","5","73","1764.01067662801","-31201.7988503877","3657.68261632","3656.4929485321","48","53","1823","1828","-1","3","False"
"1819","28","44","80","5","44","28","5","73","5123.84027898691","-31201.7988503877","3657.68261632","3656.4929485321","49","54","1824","1829","-1","4","False"
"1820","28","45","80","5","45","28","5","73","8483.66988134584","-31201.7988503877","3657.68261632","3656.4929485321","50","55","1825","1830","3","3","True"
"1821","28","46","80","5","46","28","5","73","11843.4994837047","-31201.7988503877","3657.68261632","3656.4929485321","51","56","1826","1831","3","3","True"
"1822","28","47","80","5","47","28","5","73","15203.3290860637","-31201.7988503877","3657.68261632","3656.4929485321","52","57","1827","1832","3","3","True"
"1823","28","48","80","5","48","28","5","73","18563.1586884226","-31201.7988503877","3657.68261632","3656.4929485321","53","58","1828","1833","3","3","True"
"1824","28","49","80","5","49","28","5","73","21922.9882907815","-31201.7988503877","3657.68261632","3656.4929485321","54","59","1829","1834","3","4","True"
"1825","28","50","80","5","50","28","5","73","25282.8178931404","-31201.7988503877","3657.68261632","3656.4929485321","55","60","1830","1835","-1","3","False"
"1826","28","51","80","5","51","28","5","73","28642.6474954993","-31201.7988503877","3657.68261632","3656.4929485321","56","61","1831","1836","-1","3","False"
"1827","28","52","80","5","52","28","5","73","32002.4770978583","-31201.7988503877","3657.68261632","3656.4929485321","57","62","1832","1837","-1","3","False"
"1828","28","53","80","5","53","28","5","73","35362.3067002172","-31201.7988503877","3657.68261632","3656.4929485321","58","63","1833","1838","-1","3","False"
"1829","28","54","80","5","54","28","5","73","38722.1363025761","-31201.7988503877","3657.68261632","3656.4929485321","59","64","1834","1839","-1","4","False"
"1830","28","55","80","5","55","28","5","73","42081.965904935","-31201.7988503877","3657.68261632","3656.4929485321","60","65","1835","1840","-1","3","False"
"1831","28","56","80","5","56","28","5","73","45441.7955072939","-31201.7988503877","3657.68261632","3656.4929485321","61","66","1836","1841","-1","3","False"
"1832","28","57","80","5","57","28","5","73","48801.6251096528","-31201.7988503877","3657.68261632","3656.4929485321","62","67","1837","1842","-1","3","False"
"1833","28","58","80","5","58","28","5","73","52161.4547120117","-31201.7988503877","3657.68261632","3656.4929485321","63","68","1838","1843","-1","3","False"
"1834","28","59","80","5","59","28","5","73","55521.2843143707","-31201.7988503877","3657.68261632","3656.4929485321","64","69","1839","1844","-1","4","False"
"1835","28","60","80","5","60","28","5","73","58881.1139167296","-31201.7988503877","3657.68261632","3656.4929485321","65","70","1840","1845","3","3","True"
"1836","28","61","80","5","61","28","5","73","62240.9435190885","-31201.7988503877","3657.68261632","3656.4929485321","66","71","1841","1846","3","3","True"
"1837","28","62","80","5","62","28","5","73","65600.7731214474","-31201.7988503877","3657.68261632","3656.4929485321","67","72","1842","1847","3","3","True"
"1838","28","63","80","5","63","28","5","73","68960.6027238063","-31201.7988503877","3657.68261632","3656.4929485321","68","73","1843","1848","3","3","True"
"1839","28","64","80","5","64","28","5","73","72320.4323261653","-31201.7988503877","3657.68261632","3656.4929485321","69","74","1844","1849","3","4","True"
"1840","28","65","80","5","65","28","5","73","75680.2619285242","-31201.7988503877","3657.68261632","3656.4929485321","70","75","1845","1850","-1","3","False"
"1841","28","66","80","5","66","28","5","73","79040.0915308831","-31201.7988503877","3657.68261632","3656.4929485321","71","76","1846","1851","-1","3","False"
"1842","28","67","80","5","67","28","5","73","82399.921133242","-31201.7988503877","3657.68261632","3656.4929485321","72","77","1847","1852","-1","3","False"
"1843","28","68","80","5","68","28","5","73","85759.7507356009","-31201.7988503877","3657.68261632","3656.4929485321","73","78","1848","1853","-1","3","False"
"1844","28","69","80","5","69","28","5","73","89119.5803379599","-31201.7988503877","3657.68261632","3656.4929485321","74","79","1849","1854","-1","4","False"
"1845","28","70","80","5","70","28","5","73","92479.4099403188","-31201.7988503877","3657.68261632","3656.4929485321","60","65","1835","1840","-1","3","False"
"1846","28","71","80","5","71","28","5","73","95839.2395426777","-31201.7988503877","3657.68261632","3656.4929485321","61","66","1836","1841","-1","3","False"
"1847","28","72","80","5","72","28","5","73","99199.0691450366","-31201.7988503877","3657.68261632","3656.4929485321","62","67","1837","1842","-1","3","False"
"1848","28","73","80","5","73","28","5","73","102558.898747396","-31201.7988503877","3657.68261632","3656.4929485321","63","68","1838","1843","-1","3","False"
"1849","28","74","80","5","74","28","5","73","105918.728349754","-31201.7988503877","3657.68261632","3656.4929485321","64","69","1839","1844","-1","4","False"
"1850","28","75","80","5","75","28","5","73","109278.557952113","-31201.7988503877","3657.68261632","3656.4929485321","65","70","1840","1845","0","3","True"
"1851","28","76","80","5","76","28","5","73","112638.387554472","-31201.7988503877","3657.68261632","3656.4929485321","66","71","1841","1846","0","3","True"
"1852","28","77","80","5","77","28","5","73","115998.217156831","-31201.7988503877","3657.68261632","3656.4929485321","67","72","1842","1847","0","3","True"
"1853","28","78","80","5","78","28","5","73","119358.04675919","-31201.7988503877","3657.68261632","3656.4929485321","68","73","1843","1848","0","3","True"
"1854","28","79","80","5","79","28","5","73","122717.876361549","-31201.7988503877","3657.68261632","3656.4929485321","69","74","1844","1849","0","3","True"
"1855","29","0","85","5","84","29","5","73","139517.024373344","-27577.5617898408","3657.68261632","3656.4929485321","5","10","1860","1865","3","1","True"
"1856","29","1","85","5","83","29","5","73","136157.194770985","-27577.5617898408","3657.68261632","3656.4929485321","6","11","1861","1866","3","2","True"
"1857","29","2","85","5","82","29","5","73","132797.365168626","-27577.5617898408","3657.68261632","3656.4929485321","7","12","1862","1867","3","2","True"
"1858","29","3","85","5","81","29","5","73","129437.535566267","-27577.5617898408","3657.68261632","3656.4929485321","8","13","1863","1868","3","2","True"
"1859","29","4","85","5","80","29","5","73","126077.705963908","-27577.5617898408","3657.68261632","3656.4929485321","9","14","1864","1869","3","3","True"
"1860","29","5","85","5","79","29","5","73","122717.876361549","-27577.5617898408","3657.68261632","3656.4929485321","10","15","1865","1870","-1","5","False"
"1861","29","6","85","5","78","29","5","73","119358.04675919","-27577.5617898408","3657.68261632","3656.4929485321","11","16","1866","1871","-1","4","False"
"1862","29","7","85","5","77","29","5","73","115998.217156831","-27577.5617898408","3657.68261632","3656.4929485321","12","17","1867","1872","-1","4","False"
"1863","29","8","85","5","76","29","5","73","112638.387554472","-27577.5617898408","3657.68261632","3656.4929485321","13","18","1868","1873","-1","4","False"
"1864","29","9","85","5","75","29","5","73","109278.557952113","-27577.5617898408","3657.68261632","3656.4929485321","14","19","1869","1874","-1","4","False"
"1865","29","10","85","5","74","29","5","73","105918.728349754","-27577.5617898408","3657.68261632","3656.4929485321","15","20","1870","1875","-1","6","False"
"1866","29","11","85","5","73","29","5","73","102558.898747396","-27577.5617898408","3657.68261632","3656.4929485321","16","21","1871","1876","-1","4","False"
"1867","29","12","85","5","72","29","5","73","99199.0691450366","-27577.5617898408","3657.68261632","3656.4929485321","17","22","1872","1877","-1","4","False"
"1868","29","13","85","5","71","29","5","73","95839.2395426777","-27577.5617898408","3657.68261632","3656.4929485321","18","23","1873","1878","-1","4","False"
"1869","29","14","85","5","70","29","5","73","92479.4099403188","-27577.5617898408","3657.68261632","3656.4929485321","19","24","1874","1879","-1","4","False"
"1870","29","15","85","5","69","29","5","73","89119.5803379599","-27577.5617898408","3657.68261632","3656.4929485321","20","25","1875","1880","3","6","True"
"1871","29","16","85","5","68","29","5","73","85759.7507356009","-27577.5617898408","3657.68261632","3656.4929485321","21","26","1876","1881","3","4","True"
"1872","29","17","85","5","67","29","5","73","82399.921133242","-27577.5617898408","3657.68261632","3656.4929485321","22","27","1877","1882","3","4","True"
"1873","29","18","85","5","66","29","5","73","79040.0915308831","-27577.5617898408","3657.68261632","3656.4929485321","23","28","1878","1883","3","4","True"
"1874","29","19","85","5","65","29","5","73","75680.2619285242","-27577.5617898408","3657.68261632","3656.4929485321","24","29","1879","1884","3","4","True"
"1875","29","20","85","5","64","29","5","73","72320.4323261653","-27577.5617898408","3657.68261632","3656.4929485321","25","30","1880","1885","-1","6","False"
"1876","29","21","85","5","63","29","5","73","68960.6027238063","-27577.5617898408","3657.68261632","3656.4929485321","26","31","1881","1886","-1","4","False"
"1877","29","22","85","5","62","29","5","73","65600.7731214474","-27577.5617898408","3657.68261632","3656.4929485321","27","32","1882","1887","-1","4","False"
"1878","29","23","85","5","61","29","5","73","62240.9435190885","-27577.5617898408","3657.68261632","3656.4929485321","28","33","1883","1888","-1","4","False"
"1879","29","24","85","5","60","29","5","73","58881.1139167296","-27577.5617898408","3657.68261632","3656.4929485321","29","34","1884","1889","-1","4","False"
"1880","29","25","85","5","59","29","5","73","55521.2843143707","-27577.5617898408","3657.68261632","3656.4929485321","30","35","1885","1890","-1","6","False"
"1881","29","26","85","5","58","29","5","73","52161.4547120117","-27577.5617898408","3657.68261632","3656.4929485321","31","36","1886","1891","-1","4","False"
"1882","29","27","85","5","57","29","5","73","48801.6251096528","-27577.5617898408","3657.68261632","3656.4929485321","32","37","1887","1892","-1","4","False"
"1883","29","28","85","5","56","29","5","73","45441.7955072939","-27577.5617898408","3657.68261632","3656.4929485321","33","38","1888","1893","-1","4","False"
"1884","29","29","85","5","55","29","5","73","42081.965904935","-27577.5617898408","3657.68261632","3656.4929485321","34","39","1889","1894","-1","4","False"
"1885","29","30","85","5","54","29","5","73","38722.1363025761","-27577.5617898408","3657.68261632","3656.4929485321","35","40","1890","1895","3","6","True"
"1886","29","31","85","5","53","29","5","73","35362.3067002172","-27577.5617898408","3657.68261632","3656.4929485321","36","41","1891","1896","3","4","True"
"1887","29","32","85","5","52","29","5","73","32002.4770978583","-27577.5617898408","3657.68261632","3656.4929485321","37","42","1892","1897","3","4","True"
"1888","29","33","85","5","51","29","5","73","28642.6474954993","-27577.5617898408","3657.68261632","3656.4929485321","38","43","1893","1898","3","4","True"
"1889","29","34","85","5","50","29","5","73","25282.8178931404","-27577.5617898408","3657.68261632","3656.4929485321","39","44","1894","1899","3","4","True"
"1890","29","35","85","5","49","29","5","73","21922.9882907815","-27577.5617898408","3657.68261632","3656.4929485321","40","45","1895","1900","-1","6","False"
"1891","29","36","85","5","48","29","5","73","18563.1586884226","-27577.5617898408","3657.68261632","3656.4929485321","41","46","1896","1901","-1","4","False"
"1892","29","37","85","5","47","29","5","73","15203.3290860637","-27577.5617898408","3657.68261632","3656.4929485321","42","47","1897","1902","-1","4","False"
"1893","29","38","85","5","46","29","5","73","11843.4994837047","-27577.5617898408","3657.68261632","3656.4929485321","43","48","1898","1903","-1","4","False"
"1894","29","39","85","5","45","29","5","73","8483.66988134584","-27577.5617898408","3657.68261632","3656.4929485321","44","49","1899","1904","-1","4","False"
"1895","29","40","85","5","44","29","5","73","5123.84027898691","-27577.5617898408","3657.68261632","3656.4929485321","45","50","1900","1905","-1","6","False"
"1896","29","41","85","5","43","29","5","73","1764.01067662801","-27577.5617898408","3657.68261632","3656.4929485321","46","51","1901","1906","-1","4","False"
"1897","29","42","85","5","42","29","5","73","-1595.81892573092","-27577.5617898408","3657.68261632","3656.4929485321","47","52","1902","1907","-1","4","False"
"1898","29","43","85","5","41","29","5","73","-4955.64852808984","-27577.5617898408","3657.68261632","3656.4929485321","48","53","1903","1908","-1","4","False"
"1899","29","44","85","5","40","29","5","73","-8315.47813044874","-27577.5617898408","3657.68261632","3656.4929485321","49","54","1904","1909","-1","4","False"
"1900","29","45","85","5","39","29","5","73","-11675.3077328077","-27577.5617898408","3657.68261632","3656.4929485321","50","55","1905","1910","3","6","True"
"1901","29","46","85","5","38","29","5","73","-15035.1373351666","-27577.5617898408","3657.68261632","3656.4929485321","51","56","1906","1911","3","4","True"
"1902","29","47","85","5","37","29","5","73","-18394.9669375255","-27577.5617898408","3657.68261632","3656.4929485321","52","57","1907","1912","3","4","True"
"1903","29","48","85","5","36","29","5","73","-21754.7965398844","-27577.5617898408","3657.68261632","3656.4929485321","53","58","1908","1913","3","4","True"
"1904","29","49","85","5","35","29","5","73","-25114.6261422433","-27577.5617898408","3657.68261632","3656.4929485321","54","59","1909","1914","3","4","True"
"1905","29","50","85","5","34","29","5","73","-28474.4557446023","-27577.5617898408","3657.68261632","3656.4929485321","55","60","1910","1915","-1","6","False"
"1906","29","51","85","5","33","29","5","73","-31834.2853469612","-27577.5617898408","3657.68261632","3656.4929485321","56","61","1911","1916","-1","4","False"
"1907","29","52","85","5","32","29","5","73","-35194.1149493201","-27577.5617898408","3657.68261632","3656.4929485321","57","62","1912","1917","-1","4","False"
"1908","29","53","85","5","31","29","5","73","-38553.944551679","-27577.5617898408","3657.68261632","3656.4929485321","58","63","1913","1918","-1","4","False"
"1909","29","54","85","5","30","29","5","73","-41913.7741540379","-27577.5617898408","3657.68261632","3656.4929485321","59","64","1914","1919","-1","4","False"
"1910","29","55","85","5","29","29","5","73","-45273.6037563968","-27577.5617898408","3657.68261632","3656.4929485321","60","65","1915","1920","-1","6","False"
"1911","29","56","85","5","28","29","5","73","-48633.4333587558","-27577.5617898408","3657.68261632","3656.4929485321","61","66","1916","1921","-1","4","False"
"1912","29","57","85","5","27","29","5","73","-51993.2629611147","-27577.5617898408","3657.68261632","3656.4929485321","62","67","1917","1922","-1","4","False"
"1913","29","58","85","5","26","29","5","73","-55353.0925634736","-27577.5617898408","3657.68261632","3656.4929485321","63","68","1918","1923","-1","4","False"
"1914","29","59","85","5","25","29","5","73","-58712.9221658325","-27577.5617898408","3657.68261632","3656.4929485321","64","69","1919","1924","-1","4","False"
"1915","29","60","85","5","24","29","5","73","-62072.7517681914","-27577.5617898408","3657.68261632","3656.4929485321","65","70","1920","1925","3","6","True"
"1916","29","61","85","5","23","29","5","73","-65432.5813705503","-27577.5617898408","3657.68261632","3656.4929485321","66","71","1921","1926","3","4","True"
"1917","29","62","85","5","22","29","5","73","-68792.4109729092","-27577.5617898408","3657.68261632","3656.4929485321","67","72","1922","1927","3","4","True"
"1918","29","63","85","5","21","29","5","73","-72152.2405752682","-27577.5617898408","3657.68261632","3656.4929485321","68","73","1923","1928","3","4","True"
"1919","29","64","85","5","20","29","5","73","-75512.0701776271","-27577.5617898408","3657.68261632","3656.4929485321","69","74","1924","1929","3","4","True"
"1920","29","65","85","5","19","29","5","73","-78871.899779986","-27577.5617898408","3657.68261632","3656.4929485321","70","75","1925","1930","-1","6","False"
"1921","29","66","85","5","18","29","5","73","-82231.7293823449","-27577.5617898408","3657.68261632","3656.4929485321","71","76","1926","1931","-1","4","False"
"1922","29","67","85","5","17","29","5","73","-85591.5589847038","-27577.5617898408","3657.68261632","3656.4929485321","72","77","1927","1932","-1","4","False"
"1923","29","68","85","5","16","29","5","73","-88951.3885870628","-27577.5617898408","3657.68261632","3656.4929485321","73","78","1928","1933","-1","4","False"
"1924","29","69","85","5","15","29","5","73","-92311.2181894217","-27577.5617898408","3657.68261632","3656.4929485321","74","79","1929","1934","-1","4","False"
"1925","29","70","85","5","14","29","5","73","-95671.0477917806","-27577.5617898408","3657.68261632","3656.4929485321","75","80","1930","1935","-1","6","False"
"1926","29","71","85","5","13","29","5","73","-99030.8773941395","-27577.5617898408","3657.68261632","3656.4929485321","76","81","1931","1936","-1","4","False"
"1927","29","72","85","5","12","29","5","73","-102390.706996498","-27577.5617898408","3657.68261632","3656.4929485321","77","82","1932","1937","-1","4","False"
"1928","29","73","85","5","11","29","5","73","-105750.536598857","-27577.5617898408","3657.68261632","3656.4929485321","78","83","1933","1938","-1","4","False"
"1929","29","74","85","5","10","29","5","73","-109110.366201216","-27577.5617898408","3657.68261632","3656.4929485321","79","84","1934","1939","-1","4","False"
"1930","29","75","85","5","9","29","5","73","-112470.195803575","-27577.5617898408","3657.68261632","3656.4929485321","65","70","1920","1925","-1","6","False"
"1931","29","76","85","5","8","29","5","73","-115830.025405934","-27577.5617898408","3657.68261632","3656.4929485321","66","71","1921","1926","-1","4","False"
"1932","29","77","85","5","7","29","5","73","-119189.855008293","-27577.5617898408","3657.68261632","3656.4929485321","67","72","1922","1927","-1","4","False"
"1933","29","78","85","5","6","29","5","73","-122549.684610652","-27577.5617898408","3657.68261632","3656.4929485321","68","73","1923","1928","-1","4","False"
"1934","29","79","85","5","5","29","5","73","-125909.514213011","-27577.5617898408","3657.68261632","3656.4929485321","69","74","1924","1929","-1","4","False"
"1935","29","80","85","5","4","29","5","73","-129269.34381537","-27577.5617898408","3657.68261632","3656.4929485321","70","75","1925","1930","2","6","True"
"1936","29","81","85","5","3","29","5","73","-132629.173417729","-27577.5617898408","3657.68261632","3656.4929485321","71","76","1926","1931","2","4","True"
"1937","29","82","85","5","2","29","5","73","-135989.003020088","-27577.5617898408","3657.68261632","3656.4929485321","72","77","1927","1932","2","4","True"
"1938","29","83","85","5","1","29","5","73","-139348.832622446","-27577.5617898408","3657.68261632","3656.4929485321","73","78","1928","1933","2","4","True"
"1939","29","84","85","5","0","29","5","73","-142708.662224805","-27577.5617898408","3657.68261632","3656.4929485321","74","79","1929","1934","2","4","True"
"1940","30","0","85","5","0","30","5","73","-142708.662224805","-23953.3247292939","3657.68261632","3656.4929485321","5","10","1945","1950","3","2","True"
"1941","30","1","85","5","1","30","5","73","-139348.832622446","-23953.3247292939","3657.68261632","3656.4929485321","6","11","1946","1951","3","3","True"
"1942","30","2","85","5","2","30","5","73","-135989.003020088","-23953.3247292939","3657.68261632","3656.4929485321","7","12","1947","1952","3","3","True"
"1943","30","3","85","5","3","30","5","73","-132629.173417729","-23953.3247292939","3657.68261632","3656.4929485321","8","13","1948","1953","3","3","True"
"1944","30","4","85","5","4","30","5","73","-129269.34381537","-23953.3247292939","3657.68261632","3656.4929485321","9","14","1949","1954","3","4","True"
"1945","30","5","85","5","5","30","5","73","-125909.514213011","-23953.3247292939","3657.68261632","3656.4929485321","10","15","1950","1955","-1","3","False"
"1946","30","6","85","5","6","30","5","73","-122549.684610652","-23953.3247292939","3657.68261632","3656.4929485321","11","16","1951","1956","-1","3","False"
"1947","30","7","85","5","7","30","5","73","-119189.855008293","-23953.3247292939","3657.68261632","3656.4929485321","12","17","1952","1957","-1","3","False"
"1948","30","8","85","5","8","30","5","73","-115830.025405934","-23953.3247292939","3657.68261632","3656.4929485321","13","18","1953","1958","-1","3","False"
"1949","30","9","85","5","9","30","5","73","-112470.195803575","-23953.3247292939","3657.68261632","3656.4929485321","14","19","1954","1959","-1","4","False"
"1950","30","10","85","5","10","30","5","73","-109110.366201216","-23953.3247292939","3657.68261632","3656.4929485321","15","20","1955","1960","-1","3","False"
"1951","30","11","85","5","11","30","5","73","-105750.536598857","-23953.3247292939","3657.68261632","3656.4929485321","16","21","1956","1961","-1","3","False"
"1952","30","12","85","5","12","30","5","73","-102390.706996498","-23953.3247292939","3657.68261632","3656.4929485321","17","22","1957","1962","-1","3","False"
"1953","30","13","85","5","13","30","5","73","-99030.8773941395","-23953.3247292939","3657.68261632","3656.4929485321","18","23","1958","1963","-1","3","False"
"1954","30","14","85","5","14","30","5","73","-95671.0477917806","-23953.3247292939","3657.68261632","3656.4929485321","19","24","1959","1964","-1","4","False"
"1955","30","15","85","5","15","30","5","73","-92311.2181894217","-23953.3247292939","3657.68261632","3656.4929485321","20","25","1960","1965","3","3","True"
"1956","30","16","85","5","16","30","5","73","-88951.3885870628","-23953.3247292939","3657.68261632","3656.4929485321","21","26","1961","1966","3","3","True"
"1957","30","17","85","5","17","30","5","73","-85591.5589847038","-23953.3247292939","3657.68261632","3656.4929485321","22","27","1962","1967","3","3","True"
"1958","30","18","85","5","18","30","5","73","-82231.7293823449","-23953.3247292939","3657.68261632","3656.4929485321","23","28","1963","1968","3","3","True"
"1959","30","19","85","5","19","30","5","73","-78871.899779986","-23953.3247292939","3657.68261632","3656.4929485321","24","29","1964","1969","3","4","True"
"1960","30","20","85","5","20","30","5","73","-75512.0701776271","-23953.3247292939","3657.68261632","3656.4929485321","25","30","1965","1970","-1","3","False"
"1961","30","21","85","5","21","30","5","73","-72152.2405752682","-23953.3247292939","3657.68261632","3656.4929485321","26","31","1966","1971","-1","3","False"
"1962","30","22","85","5","22","30","5","73","-68792.4109729092","-23953.3247292939","3657.68261632","3656.4929485321","27","32","1967","1972","-1","3","False"
"1963","30","23","85","5","23","30","5","73","-65432.5813705503","-23953.3247292939","3657.68261632","3656.4929485321","28","33","1968","1973","-1","3","False"
"1964","30","24","85","5","24","30","5","73","-62072.7517681914","-23953.3247292939","3657.68261632","3656.4929485321","29","34","1969","1974","-1","4","False"
"1965","30","25","85","5","25","30","5","73","-58712.9221658325","-23953.3247292939","3657.68261632","3656.4929485321","30","35","1970","1975","-1","3","False"
"1966","30","26","85","5","26","30","5","73","-55353.0925634736","-23953.3247292939","3657.68261632","3656.4929485321","31","36","1971","1976","-1","3","False"
"1967","30","27","85","5","27","30","5","73","-51993.2629611147","-23953.3247292939","3657.68261632","3656.4929485321","32","37","1972","1977","-1","3","False"
"1968","30","28","85","5","28","30","5","73","-48633.4333587558","-23953.3247292939","3657.68261632","3656.4929485321","33","38","1973","1978","-1","3","False"
"1969","30","29","85","5","29","30","5","73","-45273.6037563968","-23953.3247292939","3657.68261632","3656.4929485321","34","39","1974","1979","-1","4","False"
"1970","30","30","85","5","30","30","5","73","-41913.7741540379","-23953.3247292939","3657.68261632","3656.4929485321","35","40","1975","1980","3","3","True"
"1971","30","31","85","5","31","30","5","73","-38553.944551679","-23953.3247292939","3657.68261632","3656.4929485321","36","41","1976","1981","3","3","True"
"1972","30","32","85","5","32","30","5","73","-35194.1149493201","-23953.3247292939","3657.68261632","3656.4929485321","37","42","1977","1982","3","3","True"
"1973","30","33","85","5","33","30","5","73","-31834.2853469612","-23953.3247292939","3657.68261632","3656.4929485321","38","43","1978","1983","3","3","True"
"1974","30","34","85","5","34","30","5","73","-28474.4557446023","-23953.3247292939","3657.68261632","3656.4929485321","39","44","1979","1984","3","4","True"
"1975","30","35","85","5","35","30","5","73","-25114.6261422433","-23953.3247292939","3657.68261632","3656.4929485321","40","45","1980","1985","-1","3","False"
"1976","30","36","85","5","36","30","5","73","-21754.7965398844","-23953.3247292939","3657.68261632","3656.4929485321","41","46","1981","1986","-1","3","False"
"1977","30","37","85","5","37","30","5","73","-18394.9669375255","-23953.3247292939","3657.68261632","3656.4929485321","42","47","1982","1987","-1","3","False"
"1978","30","38","85","5","38","30","5","73","-15035.1373351666","-23953.3247292939","3657.68261632","3656.4929485321","43","48","1983","1988","-1","3","False"
"1979","30","39","85","5","39","30","5","73","-11675.3077328077","-23953.3247292939","3657.68261632","3656.4929485321","44","49","1984","1989","-1","4","False"
"1980","30","40","85","5","40","30","5","73","-8315.47813044874","-23953.3247292939","3657.68261632","3656.4929485321","45","50","1985","1990","-1","3","False"
"1981","30","41","85","5","41","30","5","73","-4955.64852808984","-23953.3247292939","3657.68261632","3656.4929485321","46","51","1986","1991","-1","3","False"
"1982","30","42","85","5","42","30","5","73","-1595.81892573092","-23953.3247292939","3657.68261632","3656.4929485321","47","52","1987","1992","-1","3","False"
"1983","30","43","85","5","43","30","5","73","1764.01067662801","-23953.3247292939","3657.68261632","3656.4929485321","48","53","1988","1993","-1","3","False"
"1984","30","44","85","5","44","30","5","73","5123.84027898691","-23953.3247292939","3657.68261632","3656.4929485321","49","54","1989","1994","-1","4","False"
"1985","30","45","85","5","45","30","5","73","8483.66988134584","-23953.3247292939","3657.68261632","3656.4929485321","50","55","1990","1995","3","3","True"
"1986","30","46","85","5","46","30","5","73","11843.4994837047","-23953.3247292939","3657.68261632","3656.4929485321","51","56","1991","1996","3","3","True"
"1987","30","47","85","5","47","30","5","73","15203.3290860637","-23953.3247292939","3657.68261632","3656.4929485321","52","57","1992","1997","3","3","True"
"1988","30","48","85","5","48","30","5","73","18563.1586884226","-23953.3247292939","3657.68261632","3656.4929485321","53","58","1993","1998","3","3","True"
"1989","30","49","85","5","49","30","5","73","21922.9882907815","-23953.3247292939","3657.68261632","3656.4929485321","54","59","1994","1999","3","4","True"
"1990","30","50","85","5","50","30","5","73","25282.8178931404","-23953.3247292939","3657.68261632","3656.4929485321","55","60","1995","2000","-1","3","False"
"1991","30","51","85","5","51","30","5","73","28642.6474954993","-23953.3247292939","3657.68261632","3656.4929485321","56","61","1996","2001","-1","3","False"
"1992","30","52","85","5","52","30","5","73","32002.4770978583","-23953.3247292939","3657.68261632","3656.4929485321","57","62","1997","2002","-1","3","False"
"1993","30","53","85","5","53","30","5","73","35362.3067002172","-23953.3247292939","3657.68261632","3656.4929485321","58","63","1998","2003","-1","3","False"
"1994","30","54","85","5","54","30","5","73","38722.1363025761","-23953.3247292939","3657.68261632","3656.4929485321","59","64","1999","2004","-1","4","False"
"1995","30","55","85","5","55","30","5","73","42081.965904935","-23953.3247292939","3657.68261632","3656.4929485321","60","65","2000","2005","-1","3","False"
"1996","30","56","85","5","56","30","5","73","45441.7955072939","-23953.3247292939","3657.68261632","3656.4929485321","61","66","2001","2006","-1","3","False"
"1997","30","57","85","5","57","30","5","73","48801.6251096528","-23953.3247292939","3657.68261632","3656.4929485321","62","67","2002","2007","-1","3","False"
"1998","30","58","85","5","58","30","5","73","52161.4547120117","-23953.3247292939","3657.68261632","3656.4929485321","63","68","2003","2008","-1","3","False"
"1999","30","59","85","5","59","30","5","73","55521.2843143707","-23953.3247292939","3657.68261632","3656.4929485321","64","69","2004","2009","-1","4","False"
"2000","30","60","85","5","60","30","5","73","58881.1139167296","-23953.3247292939","3657.68261632","3656.4929485321","65","70","2005","2010","3","3","True"
"2001","30","61","85","5","61","30","5","73","62240.9435190885","-23953.3247292939","3657.68261632","3656.4929485321","66","71","2006","2011","3","3","True"
"2002","30","62","85","5","62","30","5","73","65600.7731214474","-23953.3247292939","3657.68261632","3656.4929485321","67","72","2007","2012","3","3","True"
"2003","30","63","85","5","63","30","5","73","68960.6027238063","-23953.3247292939","3657.68261632","3656.4929485321","68","73","2008","2013","3","3","True"
"2004","30","64","85","5","64","30","5","73","72320.4323261653","-23953.3247292939","3657.68261632","3656.4929485321","69","74","2009","2014","3","4","True"
"2005","30","65","85","5","65","30","5","73","75680.2619285242","-23953.3247292939","3657.68261632","3656.4929485321","70","75","2010","2015","-1","3","False"
"2006","30","66","85","5","66","30","5","73","79040.0915308831","-23953.3247292939","3657.68261632","3656.4929485321","71","76","2011","2016","-1","3","False"
"2007","30","67","85","5","67","30","5","73","82399.921133242","-23953.3247292939","3657.68261632","3656.4929485321","72","77","2012","2017","-1","3","False"
"2008","30","68","85","5","68","30","5","73","85759.7507356009","-23953.3247292939","3657.68261632","3656.4929485321","73","78","2013","2018","-1","3","False"
"2009","30","69","85","5","69","30","5","73","89119.5803379599","-23953.3247292939","3657.68261632","3656.4929485321","74","79","2014","2019","-1","4","False"
"2010","30","70","85","5","70","30","5","73","92479.4099403188","-23953.3247292939","3657.68261632","3656.4929485321","75","80","2015","2020","-1","3","False"
"2011","30","71","85","5","71","30","5","73","95839.2395426777","-23953.3247292939","3657.68261632","3656.4929485321","76","81","2016","2021","-1","3","False"
"2012","30","72","85","5","72","30","5","73","99199.0691450366","-23953.3247292939","3657.68261632","3656.4929485321","77","82","2017","2022","-1","3","False"
"2013","30","73","85","5","73","30","5","73","102558.898747396","-23953.3247292939","3657.68261632","3656.4929485321","78","83","2018","2023","-1","3","False"
"2014","30","74","85","5","74","30","5","73","105918.728349754","-23953.3247292939","3657.68261632","3656.4929485321","79","84","2019","2024","-1","4","False"
"2015","30","75","85","5","75","30","5","73","109278.557952113","-23953.3247292939","3657.68261632","3656.4929485321","65","70","2005","2010","-1","3","False"
"2016","30","76","85","5","76","30","5","73","112638.387554472","-23953.3247292939","3657.68261632","3656.4929485321","66","71","2006","2011","-1","3","False"
"2017","30","77","85","5","77","30","5","73","115998.217156831","-23953.3247292939","3657.68261632","3656.4929485321","67","72","2007","2012","-1","3","False"
"2018","30","78","85","5","78","30","5","73","119358.04675919","-23953.3247292939","3657.68261632","3656.4929485321","68","73","2008","2013","-1","3","False"
"2019","30","79","85","5","79","30","5","73","122717.876361549","-23953.3247292939","3657.68261632","3656.4929485321","69","74","2009","2014","-1","4","False"
"2020","30","80","85","5","80","30","5","73","126077.705963908","-23953.3247292939","3657.68261632","3656.4929485321","70","75","2010","2015","2","3","True"
"2021","30","81","85","5","81","30","5","73","129437.535566267","-23953.3247292939","3657.68261632","3656.4929485321","71","76","2011","2016","2","3","True"
"2022","30","82","85","5","82","30","5","73","132797.365168626","-23953.3247292939","3657.68261632","3656.4929485321","72","77","2012","2017","2","3","True"
"2023","30","83","85","5","83","30","5","73","136157.194770985","-23953.3247292939","3657.68261632","3656.4929485321","73","78","2013","2018","2","3","True"
"2024","30","84","85","5","84","30","5","73","139517.024373344","-23953.3247292939","3657.68261632","3656.4929485321","74","79","2014","2019","2","3","True"
"2025","31","0","85","5","84","31","5","73","139517.024373344","-20329.0876687471","3657.68261632","3656.4929485321","5","10","2030","2035","3","2","True"
"2026","31","1","85","5","83","31","5","73","136157.194770985","-20329.0876687471","3657.68261632","3656.4929485321","6","11","2031","2036","3","3","True"
"2027","31","2","85","5","82","31","5","73","132797.365168626","-20329.0876687471","3657.68261632","3656.4929485321","7","12","2032","2037","3","3","True"
"2028","31","3","85","5","81","31","5","73","129437.535566267","-20329.0876687471","3657.68261632","3656.4929485321","8","13","2033","2038","3","3","True"
"2029","31","4","85","5","80","31","5","73","126077.705963908","-20329.0876687471","3657.68261632","3656.4929485321","9","14","2034","2039","3","3","True"
"2030","31","5","85","5","79","31","5","73","122717.876361549","-20329.0876687471","3657.68261632","3656.4929485321","10","15","2035","2040","-1","4","False"
"2031","31","6","85","5","78","31","5","73","119358.04675919","-20329.0876687471","3657.68261632","3656.4929485321","11","16","2036","2041","-1","3","False"
"2032","31","7","85","5","77","31","5","73","115998.217156831","-20329.0876687471","3657.68261632","3656.4929485321","12","17","2037","2042","-1","3","False"
"2033","31","8","85","5","76","31","5","73","112638.387554472","-20329.0876687471","3657.68261632","3656.4929485321","13","18","2038","2043","-1","3","False"
"2034","31","9","85","5","75","31","5","73","109278.557952113","-20329.0876687471","3657.68261632","3656.4929485321","14","19","2039","2044","-1","3","False"
"2035","31","10","85","5","74","31","5","73","105918.728349754","-20329.0876687471","3657.68261632","3656.4929485321","15","20","2040","2045","-1","4","False"
"2036","31","11","85","5","73","31","5","73","102558.898747396","-20329.0876687471","3657.68261632","3656.4929485321","16","21","2041","2046","-1","3","False"
"2037","31","12","85","5","72","31","5","73","99199.0691450366","-20329.0876687471","3657.68261632","3656.4929485321","17","22","2042","2047","-1","3","False"
"2038","31","13","85","5","71","31","5","73","95839.2395426777","-20329.0876687471","3657.68261632","3656.4929485321","18","23","2043","2048","-1","3","False"
"2039","31","14","85","5","70","31","5","73","92479.4099403188","-20329.0876687471","3657.68261632","3656.4929485321","19","24","2044","2049","-1","3","False"
"2040","31","15","85","5","69","31","5","73","89119.5803379599","-20329.0876687471","3657.68261632","3656.4929485321","20","25","2045","2050","3","4","True"
"2041","31","16","85","5","68","31","5","73","85759.7507356009","-20329.0876687471","3657.68261632","3656.4929485321","21","26","2046","2051","3","3","True"
"2042","31","17","85","5","67","31","5","73","82399.921133242","-20329.0876687471","3657.68261632","3656.4929485321","22","27","2047","2052","3","3","True"
"2043","31","18","85","5","66","31","5","73","79040.0915308831","-20329.0876687471","3657.68261632","3656.4929485321","23","28","2048","2053","3","3","True"
"2044","31","19","85","5","65","31","5","73","75680.2619285242","-20329.0876687471","3657.68261632","3656.4929485321","24","29","2049","2054","3","3","True"
"2045","31","20","85","5","64","31","5","73","72320.4323261653","-20329.0876687471","3657.68261632","3656.4929485321","25","30","2050","2055","-1","4","False"
"2046","31","21","85","5","63","31","5","73","68960.6027238063","-20329.0876687471","3657.68261632","3656.4929485321","26","31","2051","2056","-1","3","False"
"2047","31","22","85","5","62","31","5","73","65600.7731214474","-20329.0876687471","3657.68261632","3656.4929485321","27","32","2052","2057","-1","3","False"
"2048","31","23","85","5","61","31","5","73","62240.9435190885","-20329.0876687471","3657.68261632","3656.4929485321","28","33","2053","2058","-1","3","False"
"2049","31","24","85","5","60","31","5","73","58881.1139167296","-20329.0876687471","3657.68261632","3656.4929485321","29","34","2054","2059","-1","3","False"
"2050","31","25","85","5","59","31","5","73","55521.2843143707","-20329.0876687471","3657.68261632","3656.4929485321","30","35","2055","2060","-1","4","False"
"2051","31","26","85","5","58","31","5","73","52161.4547120117","-20329.0876687471","3657.68261632","3656.4929485321","31","36","2056","2061","-1","3","False"
"2052","31","27","85","5","57","31","5","73","48801.6251096528","-20329.0876687471","3657.68261632","3656.4929485321","32","37","2057","2062","-1","3","False"
"2053","31","28","85","5","56","31","5","73","45441.7955072939","-20329.0876687471","3657.68261632","3656.4929485321","33","38","2058","2063","-1","3","False"
"2054","31","29","85","5","55","31","5","73","42081.965904935","-20329.0876687471","3657.68261632","3656.4929485321","34","39","2059","2064","-1","3","False"
"2055","31","30","85","5","54","31","5","73","38722.1363025761","-20329.0876687471","3657.68261632","3656.4929485321","35","40","2060","2065","3","4","True"
"2056","31","31","85","5","53","31","5","73","35362.3067002172","-20329.0876687471","3657.68261632","3656.4929485321","36","41","2061","2066","3","3","True"
"2057","31","32","85","5","52","31","5","73","32002.4770978583","-20329.0876687471","3657.68261632","3656.4929485321","37","42","2062","2067","3","3","True"
"2058","31","33","85","5","51","31","5","73","28642.6474954993","-20329.0876687471","3657.68261632","3656.4929485321","38","43","2063","2068","3","3","True"
"2059","31","34","85","5","50","31","5","73","25282.8178931404","-20329.0876687471","3657.68261632","3656.4929485321","39","44","2064","2069","3","3","True"
"2060","31","35","85","5","49","31","5","73","21922.9882907815","-20329.0876687471","3657.68261632","3656.4929485321","40","45","2065","2070","-1","4","False"
"2061","31","36","85","5","48","31","5","73","18563.1586884226","-20329.0876687471","3657.68261632","3656.4929485321","41","46","2066","2071","-1","3","False"
"2062","31","37","85","5","47","31","5","73","15203.3290860637","-20329.0876687471","3657.68261632","3656.4929485321","42","47","2067","2072","-1","3","False"
"2063","31","38","85","5","46","31","5","73","11843.4994837047","-20329.0876687471","3657.68261632","3656.4929485321","43","48","2068","2073","-1","3","False"
"2064","31","39","85","5","45","31","5","73","8483.66988134584","-20329.0876687471","3657.68261632","3656.4929485321","44","49","2069","2074","-1","3","False"
"2065","31","40","85","5","44","31","5","73","5123.84027898691","-20329.0876687471","3657.68261632","3656.4929485321","45","50","2070","2075","-1","4","False"
"2066","31","41","85","5","43","31","5","73","1764.01067662801","-20329.0876687471","3657.68261632","3656.4929485321","46","51","2071","2076","-1","3","False"
"2067","31","42","85","5","42","31","5","73","-1595.81892573092","-20329.0876687471","3657.68261632","3656.4929485321","47","52","2072","2077","-1","3","False"
"2068","31","43","85","5","41","31","5","73","-4955.64852808984","-20329.0876687471","3657.68261632","3656.4929485321","48","53","2073","2078","-1","3","False"
"2069","31","44","85","5","40","31","5","73","-8315.47813044874","-20329.0876687471","3657.68261632","3656.4929485321","49","54","2074","2079","-1","3","False"
"2070","31","45","85","5","39","31","5","73","-11675.3077328077","-20329.0876687471","3657.68261632","3656.4929485321","50","55","2075","2080","3","4","True"
"2071","31","46","85","5","38","31","5","73","-15035.1373351666","-20329.0876687471","3657.68261632","3656.4929485321","51","56","2076","2081","3","3","True"
"2072","31","47","85","5","37","31","5","73","-18394.9669375255","-20329.0876687471","3657.68261632","3656.4929485321","52","57","2077","2082","3","3","True"
"2073","31","48","85","5","36","31","5","73","-21754.7965398844","-20329.0876687471","3657.68261632","3656.4929485321","53","58","2078","2083","3","3","True"
"2074","31","49","85","5","35","31","5","73","-25114.6261422433","-20329.0876687471","3657.68261632","3656.4929485321","54","59","2079","2084","3","3","True"
"2075","31","50","85","5","34","31","5","73","-28474.4557446023","-20329.0876687471","3657.68261632","3656.4929485321","55","60","2080","2085","-1","4","False"
"2076","31","51","85","5","33","31","5","73","-31834.2853469612","-20329.0876687471","3657.68261632","3656.4929485321","56","61","2081","2086","-1","3","False"
"2077","31","52","85","5","32","31","5","73","-35194.1149493201","-20329.0876687471","3657.68261632","3656.4929485321","57","62","2082","2087","-1","3","False"
"2078","31","53","85","5","31","31","5","73","-38553.944551679","-20329.0876687471","3657.68261632","3656.4929485321","58","63","2083","2088","-1","3","False"
"2079","31","54","85","5","30","31","5","73","-41913.7741540379","-20329.0876687471","3657.68261632","3656.4929485321","59","64","2084","2089","-1","3","False"
"2080","31","55","85","5","29","31","5","73","-45273.6037563968","-20329.0876687471","3657.68261632","3656.4929485321","60","65","2085","2090","-1","4","False"
"2081","31","56","85","5","28","31","5","73","-48633.4333587558","-20329.0876687471","3657.68261632","3656.4929485321","61","66","2086","2091","-1","3","False"
"2082","31","57","85","5","27","31","5","73","-51993.2629611147","-20329.0876687471","3657.68261632","3656.4929485321","62","67","2087","2092","-1","3","False"
"2083","31","58","85","5","26","31","5","73","-55353.0925634736","-20329.0876687471","3657.68261632","3656.4929485321","63","68","2088","2093","-1","3","False"
"2084","31","59","85","5","25","31","5","73","-58712.9221658325","-20329.0876687471","3657.68261632","3656.4929485321","64","69","2089","2094","-1","3","False"
"2085","31","60","85","5","24","31","5","73","-62072.7517681914","-20329.0876687471","3657.68261632","3656.4929485321","65","70","2090","2095","3","4","True"
"2086","31","61","85","5","23","31","5","73","-65432.5813705503","-20329.0876687471","3657.68261632","3656.4929485321","66","71","2091","2096","3","3","True"
"2087","31","62","85","5","22","31","5","73","-68792.4109729092","-20329.0876687471","3657.68261632","3656.4929485321","67","72","2092","2097","3","3","True"
"2088","31","63","85","5","21","31","5","73","-72152.2405752682","-20329.0876687471","3657.68261632","3656.4929485321","68","73","2093","2098","3","3","True"
"2089","31","64","85","5","20","31","5","73","-75512.0701776271","-20329.0876687471","3657.68261632","3656.4929485321","69","74","2094","2099","3","3","True"
"2090","31","65","85","5","19","31","5","73","-78871.899779986","-20329.0876687471","3657.68261632","3656.4929485321","70","75","2095","2100","-1","4","False"
"2091","31","66","85","5","18","31","5","73","-82231.7293823449","-20329.0876687471","3657.68261632","3656.4929485321","71","76","2096","2101","-1","3","False"
"2092","31","67","85","5","17","31","5","73","-85591.5589847038","-20329.0876687471","3657.68261632","3656.4929485321","72","77","2097","2102","-1","3","False"
"2093","31","68","85","5","16","31","5","73","-88951.3885870628","-20329.0876687471","3657.68261632","3656.4929485321","73","78","2098","2103","-1","3","False"
"2094","31","69","85","5","15","31","5","73","-92311.2181894217","-20329.0876687471","3657.68261632","3656.4929485321","74","79","2099","2104","-1","3","False"
"2095","31","70","85","5","14","31","5","73","-95671.0477917806","-20329.0876687471","3657.68261632","3656.4929485321","75","80","2100","2105","-1","4","False"
"2096","31","71","85","5","13","31","5","73","-99030.8773941395","-20329.0876687471","3657.68261632","3656.4929485321","76","81","2101","2106","-1","3","False"
"2097","31","72","85","5","12","31","5","73","-102390.706996498","-20329.0876687471","3657.68261632","3656.4929485321","77","82","2102","2107","-1","3","False"
"2098","31","73","85","5","11","31","5","73","-105750.536598857","-20329.0876687471","3657.68261632","3656.4929485321","78","83","2103","2108","-1","3","False"
"2099","31","74","85","5","10","31","5","73","-109110.366201216","-20329.0876687471","3657.68261632","3656.4929485321","79","84","2104","2109","-1","3","False"
"2100","31","75","85","5","9","31","5","73","-112470.195803575","-20329.0876687471","3657.68261632","3656.4929485321","65","70","2090","2095","-1","4","False"
"2101","31","76","85","5","8","31","5","73","-115830.025405934","-20329.0876687471","3657.68261632","3656.4929485321","66","71","2091","2096","-1","3","False"
"2102","31","77","85","5","7","31","5","73","-119189.855008293","-20329.0876687471","3657.68261632","3656.4929485321","67","72","2092","2097","-1","3","False"
"2103","31","78","85","5","6","31","5","73","-122549.684610652","-20329.0876687471","3657.68261632","3656.4929485321","68","73","2093","2098","-1","3","False"
"2104","31","79","85","5","5","31","5","73","-125909.514213011","-20329.0876687471","3657.68261632","3656.4929485321","69","74","2094","2099","-1","3","False"
"2105","31","80","85","5","4","31","5","73","-129269.34381537","-20329.0876687471","3657.68261632","3656.4929485321","70","75","2095","2100","2","4","True"
"2106","31","81","85","5","3","31","5","73","-132629.173417729","-20329.0876687471","3657.68261632","3656.4929485321","71","76","2096","2101","2","3","True"
"2107","31","82","85","5","2","31","5","73","-135989.003020088","-20329.0876687471","3657.68261632","3656.4929485321","72","77","2097","2102","2","3","True"
"2108","31","83","85","5","1","31","5","73","-139348.832622446","-20329.0876687471","3657.68261632","3656.4929485321","73","78","2098","2103","2","3","True"
"2109","31","84","85","5","0","31","5","73","-142708.662224805","-20329.0876687471","3657.68261632","3656.4929485321","74","79","2099","2104","2","3","True"
"2110","32","0","85","5","0","32","5","73","-142708.662224805","-16704.8506082002","3657.68261632","3656.4929485321","5","10","2115","2120","3","3","True"
"2111","32","1","85","5","1","32","5","73","-139348.832622446","-16704.8506082002","3657.68261632","3656.4929485321","6","11","2116","2121","3","4","True"
"2112","32","2","85","5","2","32","5","73","-135989.003020088","-16704.8506082002","3657.68261632","3656.4929485321","7","12","2117","2122","3","4","True"
"2113","32","3","85","5","3","32","5","73","-132629.173417729","-16704.8506082002","3657.68261632","3656.4929485321","8","13","2118","2123","3","4","True"
"2114","32","4","85","5","4","32","5","73","-129269.34381537","-16704.8506082002","3657.68261632","3656.4929485321","9","14","2119","2124","3","6","True"
"2115","32","5","85","5","5","32","5","73","-125909.514213011","-16704.8506082002","3657.68261632","3656.4929485321","10","15","2120","2125","-1","4","False"
"2116","32","6","85","5","6","32","5","73","-122549.684610652","-16704.8506082002","3657.68261632","3656.4929485321","11","16","2121","2126","-1","4","False"
"2117","32","7","85","5","7","32","5","73","-119189.855008293","-16704.8506082002","3657.68261632","3656.4929485321","12","17","2122","2127","-1","4","False"
"2118","32","8","85","5","8","32","5","73","-115830.025405934","-16704.8506082002","3657.68261632","3656.4929485321","13","18","2123","2128","-1","4","False"
"2119","32","9","85","5","9","32","5","73","-112470.195803575","-16704.8506082002","3657.68261632","3656.4929485321","14","19","2124","2129","-1","6","False"
"2120","32","10","85","5","10","32","5","73","-109110.366201216","-16704.8506082002","3657.68261632","3656.4929485321","15","20","2125","2130","-1","4","False"
"2121","32","11","85","5","11","32","5","73","-105750.536598857","-16704.8506082002","3657.68261632","3656.4929485321","16","21","2126","2131","-1","4","False"
"2122","32","12","85","5","12","32","5","73","-102390.706996498","-16704.8506082002","3657.68261632","3656.4929485321","17","22","2127","2132","-1","4","False"
"2123","32","13","85","5","13","32","5","73","-99030.8773941395","-16704.8506082002","3657.68261632","3656.4929485321","18","23","2128","2133","-1","4","False"
"2124","32","14","85","5","14","32","5","73","-95671.0477917806","-16704.8506082002","3657.68261632","3656.4929485321","19","24","2129","2134","-1","6","False"
"2125","32","15","85","5","15","32","5","73","-92311.2181894217","-16704.8506082002","3657.68261632","3656.4929485321","20","25","2130","2135","3","4","True"
"2126","32","16","85","5","16","32","5","73","-88951.3885870628","-16704.8506082002","3657.68261632","3656.4929485321","21","26","2131","2136","3","4","True"
"2127","32","17","85","5","17","32","5","73","-85591.5589847038","-16704.8506082002","3657.68261632","3656.4929485321","22","27","2132","2137","3","4","True"
"2128","32","18","85","5","18","32","5","73","-82231.7293823449","-16704.8506082002","3657.68261632","3656.4929485321","23","28","2133","2138","3","4","True"
"2129","32","19","85","5","19","32","5","73","-78871.899779986","-16704.8506082002","3657.68261632","3656.4929485321","24","29","2134","2139","3","6","True"
"2130","32","20","85","5","20","32","5","73","-75512.0701776271","-16704.8506082002","3657.68261632","3656.4929485321","25","30","2135","2140","-1","4","False"
"2131","32","21","85","5","21","32","5","73","-72152.2405752682","-16704.8506082002","3657.68261632","3656.4929485321","26","31","2136","2141","-1","4","False"
"2132","32","22","85","5","22","32","5","73","-68792.4109729092","-16704.8506082002","3657.68261632","3656.4929485321","27","32","2137","2142","-1","4","False"
"2133","32","23","85","5","23","32","5","73","-65432.5813705503","-16704.8506082002","3657.68261632","3656.4929485321","28","33","2138","2143","-1","4","False"
"2134","32","24","85","5","24","32","5","73","-62072.7517681914","-16704.8506082002","3657.68261632","3656.4929485321","29","34","2139","2144","-1","6","False"
"2135","32","25","85","5","25","32","5","73","-58712.9221658325","-16704.8506082002","3657.68261632","3656.4929485321","30","35","2140","2145","-1","4","False"
"2136","32","26","85","5","26","32","5","73","-55353.0925634736","-16704.8506082002","3657.68261632","3656.4929485321","31","36","2141","2146","-1","4","False"
"2137","32","27","85","5","27","32","5","73","-51993.2629611147","-16704.8506082002","3657.68261632","3656.4929485321","32","37","2142","2147","-1","4","False"
"2138","32","28","85","5","28","32","5","73","-48633.4333587558","-16704.8506082002","3657.68261632","3656.4929485321","33","38","2143","2148","-1","4","False"
"2139","32","29","85","5","29","32","5","73","-45273.6037563968","-16704.8506082002","3657.68261632","3656.4929485321","34","39","2144","2149","-1","6","False"
"2140","32","30","85","5","30","32","5","73","-41913.7741540379","-16704.8506082002","3657.68261632","3656.4929485321","35","40","2145","2150","3","4","True"
"2141","32","31","85","5","31","32","5","73","-38553.944551679","-16704.8506082002","3657.68261632","3656.4929485321","36","41","2146","2151","3","4","True"
"2142","32","32","85","5","32","32","5","73","-35194.1149493201","-16704.8506082002","3657.68261632","3656.4929485321","37","42","2147","2152","3","4","True"
"2143","32","33","85","5","33","32","5","73","-31834.2853469612","-16704.8506082002","3657.68261632","3656.4929485321","38","43","2148","2153","3","4","True"
"2144","32","34","85","5","34","32","5","73","-28474.4557446023","-16704.8506082002","3657.68261632","3656.4929485321","39","44","2149","2154","3","6","True"
"2145","32","35","85","5","35","32","5","73","-25114.6261422433","-16704.8506082002","3657.68261632","3656.4929485321","40","45","2150","2155","-1","4","False"
"2146","32","36","85","5","36","32","5","73","-21754.7965398844","-16704.8506082002","3657.68261632","3656.4929485321","41","46","2151","2156","-1","4","False"
"2147","32","37","85","5","37","32","5","73","-18394.9669375255","-16704.8506082002","3657.68261632","3656.4929485321","42","47","2152","2157","-1","4","False"
"2148","32","38","85","5","38","32","5","73","-15035.1373351666","-16704.8506082002","3657.68261632","3656.4929485321","43","48","2153","2158","-1","4","False"
"2149","32","39","85","5","39","32","5","73","-11675.3077328077","-16704.8506082002","3657.68261632","3656.4929485321","44","49","2154","2159","-1","6","False"
"2150","32","40","85","5","40","32","5","73","-8315.47813044874","-16704.8506082002","3657.68261632","3656.4929485321","45","50","2155","2160","-1","4","False"
"2151","32","41","85","5","41","32","5","73","-4955.64852808984","-16704.8506082002","3657.68261632","3656.4929485321","46","51","2156","2161","-1","4","False"
"2152","32","42","85","5","42","32","5","73","-1595.81892573092","-16704.8506082002","3657.68261632","3656.4929485321","47","52","2157","2162","-1","4","False"
"2153","32","43","85","5","43","32","5","73","1764.01067662801","-16704.8506082002","3657.68261632","3656.4929485321","48","53","2158","2163","-1","4","False"
"2154","32","44","85","5","44","32","5","73","5123.84027898691","-16704.8506082002","3657.68261632","3656.4929485321","49","54","2159","2164","-1","6","False"
"2155","32","45","85","5","45","32","5","73","8483.66988134584","-16704.8506082002","3657.68261632","3656.4929485321","50","55","2160","2165","3","4","True"
"2156","32","46","85","5","46","32","5","73","11843.4994837047","-16704.8506082002","3657.68261632","3656.4929485321","51","56","2161","2166","3","4","True"
"2157","32","47","85","5","47","32","5","73","15203.3290860637","-16704.8506082002","3657.68261632","3656.4929485321","52","57","2162","2167","3","4","True"
"2158","32","48","85","5","48","32","5","73","18563.1586884226","-16704.8506082002","3657.68261632","3656.4929485321","53","58","2163","2168","3","4","True"
"2159","32","49","85","5","49","32","5","73","21922.9882907815","-16704.8506082002","3657.68261632","3656.4929485321","54","59","2164","2169","3","6","True"
"2160","32","50","85","5","50","32","5","73","25282.8178931404","-16704.8506082002","3657.68261632","3656.4929485321","55","60","2165","2170","-1","4","False"
"2161","32","51","85","5","51","32","5","73","28642.6474954993","-16704.8506082002","3657.68261632","3656.4929485321","56","61","2166","2171","-1","4","False"
"2162","32","52","85","5","52","32","5","73","32002.4770978583","-16704.8506082002","3657.68261632","3656.4929485321","57","62","2167","2172","-1","4","False"
"2163","32","53","85","5","53","32","5","73","35362.3067002172","-16704.8506082002","3657.68261632","3656.4929485321","58","63","2168","2173","-1","4","False"
"2164","32","54","85","5","54","32","5","73","38722.1363025761","-16704.8506082002","3657.68261632","3656.4929485321","59","64","2169","2174","-1","6","False"
"2165","32","55","85","5","55","32","5","73","42081.965904935","-16704.8506082002","3657.68261632","3656.4929485321","60","65","2170","2175","-1","4","False"
"2166","32","56","85","5","56","32","5","73","45441.7955072939","-16704.8506082002","3657.68261632","3656.4929485321","61","66","2171","2176","-1","4","False"
"2167","32","57","85","5","57","32","5","73","48801.6251096528","-16704.8506082002","3657.68261632","3656.4929485321","62","67","2172","2177","-1","4","False"
"2168","32","58","85","5","58","32","5","73","52161.4547120117","-16704.8506082002","3657.68261632","3656.4929485321","63","68","2173","2178","-1","4","False"
"2169","32","59","85","5","59","32","5","73","55521.2843143707","-16704.8506082002","3657.68261632","3656.4929485321","64","69","2174","2179","-1","6","False"
"2170","32","60","85","5","60","32","5","73","58881.1139167296","-16704.8506082002","3657.68261632","3656.4929485321","65","70","2175","2180","3","4","True"
"2171","32","61","85","5","61","32","5","73","62240.9435190885","-16704.8506082002","3657.68261632","3656.4929485321","66","71","2176","2181","3","4","True"
"2172","32","62","85","5","62","32","5","73","65600.7731214474","-16704.8506082002","3657.68261632","3656.4929485321","67","72","2177","2182","3","4","True"
"2173","32","63","85","5","63","32","5","73","68960.6027238063","-16704.8506082002","3657.68261632","3656.4929485321","68","73","2178","2183","3","4","True"
"2174","32","64","85","5","64","32","5","73","72320.4323261653","-16704.8506082002","3657.68261632","3656.4929485321","69","74","2179","2184","3","6","True"
"2175","32","65","85","5","65","32","5","73","75680.2619285242","-16704.8506082002","3657.68261632","3656.4929485321","70","75","2180","2185","-1","4","False"
"2176","32","66","85","5","66","32","5","73","79040.0915308831","-16704.8506082002","3657.68261632","3656.4929485321","71","76","2181","2186","-1","4","False"
"2177","32","67","85","5","67","32","5","73","82399.921133242","-16704.8506082002","3657.68261632","3656.4929485321","72","77","2182","2187","-1","4","False"
"2178","32","68","85","5","68","32","5","73","85759.7507356009","-16704.8506082002","3657.68261632","3656.4929485321","73","78","2183","2188","-1","4","False"
"2179","32","69","85","5","69","32","5","73","89119.5803379599","-16704.8506082002","3657.68261632","3656.4929485321","74","79","2184","2189","-1","6","False"
"2180","32","70","85","5","70","32","5","73","92479.4099403188","-16704.8506082002","3657.68261632","3656.4929485321","75","80","2185","2190","-1","4","False"
"2181","32","71","85","5","71","32","5","73","95839.2395426777","-16704.8506082002","3657.68261632","3656.4929485321","76","81","2186","2191","-1","4","False"
"2182","32","72","85","5","72","32","5","73","99199.0691450366","-16704.8506082002","3657.68261632","3656.4929485321","77","82","2187","2192","-1","4","False"
"2183","32","73","85","5","73","32","5","73","102558.898747396","-16704.8506082002","3657.68261632","3656.4929485321","78","83","2188","2193","-1","4","False"
"2184","32","74","85","5","74","32","5","73","105918.728349754","-16704.8506082002","3657.68261632","3656.4929485321","79","84","2189","2194","-1","6","False"
"2185","32","75","85","5","75","32","5","73","109278.557952113","-16704.8506082002","3657.68261632","3656.4929485321","65","70","2175","2180","-1","4","False"
"2186","32","76","85","5","76","32","5","73","112638.387554472","-16704.8506082002","3657.68261632","3656.4929485321","66","71","2176","2181","-1","4","False"
"2187","32","77","85","5","77","32","5","73","115998.217156831","-16704.8506082002","3657.68261632","3656.4929485321","67","72","2177","2182","-1","4","False"
"2188","32","78","85","5","78","32","5","73","119358.04675919","-16704.8506082002","3657.68261632","3656.4929485321","68","73","2178","2183","-1","4","False"
"2189","32","79","85","5","79","32","5","73","122717.876361549","-16704.8506082002","3657.68261632","3656.4929485321","69","74","2179","2184","-1","6","False"
"2190","32","80","85","5","80","32","5","73","126077.705963908","-16704.8506082002","3657.68261632","3656.4929485321","70","75","2180","2185","2","4","True"
"2191","32","81","85","5","81","32","5","73","129437.535566267","-16704.8506082002","3657.68261632","3656.4929485321","71","76","2181","2186","2","4","True"
"2192","32","82","85","5","82","32","5","73","132797.365168626","-16704.8506082002","3657.68261632","3656.4929485321","72","77","2182","2187","2","4","True"
"2193","32","83","85","5","83","32","5","73","136157.194770985","-16704.8506082002","3657.68261632","3656.4929485321","73","78","2183","2188","2","4","True"
"2194","32","84","85","5","84","32","5","73","139517.024373344","-16704.8506082002","3657.68261632","3656.4929485321","74","79","2184","2189","2","4","True"
"2195","33","0","85","5","84","33","5","73","139517.024373344","-13080.6135476533","3657.68261632","3656.4929485321","5","10","2200","2205","3","2","True"
"2196","33","1","85","5","83","33","5","73","136157.194770985","-13080.6135476533","3657.68261632","3656.4929485321","6","11","2201","2206","3","3","True"
"2197","33","2","85","5","82","33","5","73","132797.365168626","-13080.6135476533","3657.68261632","3656.4929485321","7","12","2202","2207","3","3","True"
"2198","33","3","85","5","81","33","5","73","129437.535566267","-13080.6135476533","3657.68261632","3656.4929485321","8","13","2203","2208","3","3","True"
"2199","33","4","85","5","80","33","5","73","126077.705963908","-13080.6135476533","3657.68261632","3656.4929485321","9","14","2204","2209","3","3","True"
"2200","33","5","85","5","79","33","5","73","122717.876361549","-13080.6135476533","3657.68261632","3656.4929485321","10","15","2205","2210","-1","4","False"
"2201","33","6","85","5","78","33","5","73","119358.04675919","-13080.6135476533","3657.68261632","3656.4929485321","11","16","2206","2211","-1","3","False"
"2202","33","7","85","5","77","33","5","73","115998.217156831","-13080.6135476533","3657.68261632","3656.4929485321","12","17","2207","2212","-1","3","False"
"2203","33","8","85","5","76","33","5","73","112638.387554472","-13080.6135476533","3657.68261632","3656.4929485321","13","18","2208","2213","-1","3","False"
"2204","33","9","85","5","75","33","5","73","109278.557952113","-13080.6135476533","3657.68261632","3656.4929485321","14","19","2209","2214","-1","3","False"
"2205","33","10","85","5","74","33","5","73","105918.728349754","-13080.6135476533","3657.68261632","3656.4929485321","15","20","2210","2215","-1","4","False"
"2206","33","11","85","5","73","33","5","73","102558.898747396","-13080.6135476533","3657.68261632","3656.4929485321","16","21","2211","2216","-1","3","False"
"2207","33","12","85","5","72","33","5","73","99199.0691450366","-13080.6135476533","3657.68261632","3656.4929485321","17","22","2212","2217","-1","3","False"
"2208","33","13","85","5","71","33","5","73","95839.2395426777","-13080.6135476533","3657.68261632","3656.4929485321","18","23","2213","2218","-1","3","False"
"2209","33","14","85","5","70","33","5","73","92479.4099403188","-13080.6135476533","3657.68261632","3656.4929485321","19","24","2214","2219","-1","3","False"
"2210","33","15","85","5","69","33","5","73","89119.5803379599","-13080.6135476533","3657.68261632","3656.4929485321","20","25","2215","2220","3","4","True"
"2211","33","16","85","5","68","33","5","73","85759.7507356009","-13080.6135476533","3657.68261632","3656.4929485321","21","26","2216","2221","3","3","True"
"2212","33","17","85","5","67","33","5","73","82399.921133242","-13080.6135476533","3657.68261632","3656.4929485321","22","27","2217","2222","3","3","True"
"2213","33","18","85","5","66","33","5","73","79040.0915308831","-13080.6135476533","3657.68261632","3656.4929485321","23","28","2218","2223","3","3","True"
"2214","33","19","85","5","65","33","5","73","75680.2619285242","-13080.6135476533","3657.68261632","3656.4929485321","24","29","2219","2224","3","3","True"
"2215","33","20","85","5","64","33","5","73","72320.4323261653","-13080.6135476533","3657.68261632","3656.4929485321","25","30","2220","2225","-1","4","False"
"2216","33","21","85","5","63","33","5","73","68960.6027238063","-13080.6135476533","3657.68261632","3656.4929485321","26","31","2221","2226","-1","3","False"
"2217","33","22","85","5","62","33","5","73","65600.7731214474","-13080.6135476533","3657.68261632","3656.4929485321","27","32","2222","2227","-1","3","False"
"2218","33","23","85","5","61","33","5","73","62240.9435190885","-13080.6135476533","3657.68261632","3656.4929485321","28","33","2223","2228","-1","3","False"
"2219","33","24","85","5","60","33","5","73","58881.1139167296","-13080.6135476533","3657.68261632","3656.4929485321","29","34","2224","2229","-1","3","False"
"2220","33","25","85","5","59","33","5","73","55521.2843143707","-13080.6135476533","3657.68261632","3656.4929485321","30","35","2225","2230","-1","4","False"
"2221","33","26","85","5","58","33","5","73","52161.4547120117","-13080.6135476533","3657.68261632","3656.4929485321","31","36","2226","2231","-1","3","False"
"2222","33","27","85","5","57","33","5","73","48801.6251096528","-13080.6135476533","3657.68261632","3656.4929485321","32","37","2227","2232","-1","3","False"
"2223","33","28","85","5","56","33","5","73","45441.7955072939","-13080.6135476533","3657.68261632","3656.4929485321","33","38","2228","2233","-1","3","False"
"2224","33","29","85","5","55","33","5","73","42081.965904935","-13080.6135476533","3657.68261632","3656.4929485321","34","39","2229","2234","-1","3","False"
"2225","33","30","85","5","54","33","5","73","38722.1363025761","-13080.6135476533","3657.68261632","3656.4929485321","35","40","2230","2235","3","4","True"
"2226","33","31","85","5","53","33","5","73","35362.3067002172","-13080.6135476533","3657.68261632","3656.4929485321","36","41","2231","2236","3","3","True"
"2227","33","32","85","5","52","33","5","73","32002.4770978583","-13080.6135476533","3657.68261632","3656.4929485321","37","42","2232","2237","3","3","True"
"2228","33","33","85","5","51","33","5","73","28642.6474954993","-13080.6135476533","3657.68261632","3656.4929485321","38","43","2233","2238","3","3","True"
"2229","33","34","85","5","50","33","5","73","25282.8178931404","-13080.6135476533","3657.68261632","3656.4929485321","39","44","2234","2239","3","3","True"
"2230","33","35","85","5","49","33","5","73","21922.9882907815","-13080.6135476533","3657.68261632","3656.4929485321","40","45","2235","2240","-1","4","False"
"2231","33","36","85","5","48","33","5","73","18563.1586884226","-13080.6135476533","3657.68261632","3656.4929485321","41","46","2236","2241","-1","3","False"
"2232","33","37","85","5","47","33","5","73","15203.3290860637","-13080.6135476533","3657.68261632","3656.4929485321","42","47","2237","2242","-1","3","False"
"2233","33","38","85","5","46","33","5","73","11843.4994837047","-13080.6135476533","3657.68261632","3656.4929485321","43","48","2238","2243","-1","3","False"
"2234","33","39","85","5","45","33","5","73","8483.66988134584","-13080.6135476533","3657.68261632","3656.4929485321","44","49","2239","2244","-1","3","False"
"2235","33","40","85","5","44","33","5","73","5123.84027898691","-13080.6135476533","3657.68261632","3656.4929485321","45","50","2240","2245","-1","4","False"
"2236","33","41","85","5","43","33","5","73","1764.01067662801","-13080.6135476533","3657.68261632","3656.4929485321","46","51","2241","2246","-1","3","False"
"2237","33","42","85","5","42","33","5","73","-1595.81892573092","-13080.6135476533","3657.68261632","3656.4929485321","47","52","2242","2247","-1","3","False"
"2238","33","43","85","5","41","33","5","73","-4955.64852808984","-13080.6135476533","3657.68261632","3656.4929485321","48","53","2243","2248","-1","3","False"
"2239","33","44","85","5","40","33","5","73","-8315.47813044874","-13080.6135476533","3657.68261632","3656.4929485321","49","54","2244","2249","-1","3","False"
"2240","33","45","85","5","39","33","5","73","-11675.3077328077","-13080.6135476533","3657.68261632","3656.4929485321","50","55","2245","2250","3","4","True"
"2241","33","46","85","5","38","33","5","73","-15035.1373351666","-13080.6135476533","3657.68261632","3656.4929485321","51","56","2246","2251","3","3","True"
"2242","33","47","85","5","37","33","5","73","-18394.9669375255","-13080.6135476533","3657.68261632","3656.4929485321","52","57","2247","2252","3","3","True"
"2243","33","48","85","5","36","33","5","73","-21754.7965398844","-13080.6135476533","3657.68261632","3656.4929485321","53","58","2248","2253","3","3","True"
"2244","33","49","85","5","35","33","5","73","-25114.6261422433","-13080.6135476533","3657.68261632","3656.4929485321","54","59","2249","2254","3","3","True"
"2245","33","50","85","5","34","33","5","73","-28474.4557446023","-13080.6135476533","3657.68261632","3656.4929485321","55","60","2250","2255","-1","4","False"
"2246","33","51","85","5","33","33","5","73","-31834.2853469612","-13080.6135476533","3657.68261632","3656.4929485321","56","61","2251","2256","-1","3","False"
"2247","33","52","85","5","32","33","5","73","-35194.1149493201","-13080.6135476533","3657.68261632","3656.4929485321","57","62","2252","2257","-1","3","False"
"2248","33","53","85","5","31","33","5","73","-38553.944551679","-13080.6135476533","3657.68261632","3656.4929485321","58","63","2253","2258","-1","3","False"
"2249","33","54","85","5","30","33","5","73","-41913.7741540379","-13080.6135476533","3657.68261632","3656.4929485321","59","64","2254","2259","-1","3","False"
"2250","33","55","85","5","29","33","5","73","-45273.6037563968","-13080.6135476533","3657.68261632","3656.4929485321","60","65","2255","2260","-1","4","False"
"2251","33","56","85","5","28","33","5","73","-48633.4333587558","-13080.6135476533","3657.68261632","3656.4929485321","61","66","2256","2261","-1","3","False"
"2252","33","57","85","5","27","33","5","73","-51993.2629611147","-13080.6135476533","3657.68261632","3656.4929485321","62","67","2257","2262","-1","3","False"
"2253","33","58","85","5","26","33","5","73","-55353.0925634736","-13080.6135476533","3657.68261632","3656.4929485321","63","68","2258","2263","-1","3","False"
"2254","33","59","85","5","25","33","5","73","-58712.9221658325","-13080.6135476533","3657.68261632","3656.4929485321","64","69","2259","2264","-1","3","False"
"2255","33","60","85","5","24","33","5","73","-62072.7517681914","-13080.6135476533","3657.68261632","3656.4929485321","65","70","2260","2265","3","4","True"
"2256","33","61","85","5","23","33","5","73","-65432.5813705503","-13080.6135476533","3657.68261632","3656.4929485321","66","71","2261","2266","3","3","True"
"2257","33","62","85","5","22","33","5","73","-68792.4109729092","-13080.6135476533","3657.68261632","3656.4929485321","67","72","2262","2267","3","3","True"
"2258","33","63","85","5","21","33","5","73","-72152.2405752682","-13080.6135476533","3657.68261632","3656.4929485321","68","73","2263","2268","3","3","True"
"2259","33","64","85","5","20","33","5","73","-75512.0701776271","-13080.6135476533","3657.68261632","3656.4929485321","69","74","2264","2269","3","3","True"
"2260","33","65","85","5","19","33","5","73","-78871.899779986","-13080.6135476533","3657.68261632","3656.4929485321","70","75","2265","2270","-1","4","False"
"2261","33","66","85","5","18","33","5","73","-82231.7293823449","-13080.6135476533","3657.68261632","3656.4929485321","71","76","2266","2271","-1","3","False"
"2262","33","67","85","5","17","33","5","73","-85591.5589847038","-13080.6135476533","3657.68261632","3656.4929485321","72","77","2267","2272","-1","3","False"
"2263","33","68","85","5","16","33","5","73","-88951.3885870628","-13080.6135476533","3657.68261632","3656.4929485321","73","78","2268","2273","-1","3","False"
"2264","33","69","85","5","15","33","5","73","-92311.2181894217","-13080.6135476533","3657.68261632","3656.4929485321","74","79","2269","2274","-1","3","False"
"2265","33","70","85","5","14","33","5","73","-95671.0477917806","-13080.6135476533","3657.68261632","3656.4929485321","75","80","2270","2275","-1","4","False"
"2266","33","71","85","5","13","33","5","73","-99030.8773941395","-13080.6135476533","3657.68261632","3656.4929485321","76","81","2271","2276","-1","3","False"
"2267","33","72","85","5","12","33","5","73","-102390.706996498","-13080.6135476533","3657.68261632","3656.4929485321","77","82","2272","2277","-1","3","False"
"2268","33","73","85","5","11","33","5","73","-105750.536598857","-13080.6135476533","3657.68261632","3656.4929485321","78","83","2273","2278","-1","3","False"
"2269","33","74","85","5","10","33","5","73","-109110.366201216","-13080.6135476533","3657.68261632","3656.4929485321","79","84","2274","2279","-1","3","False"
"2270","33","75","85","5","9","33","5","73","-112470.195803575","-13080.6135476533","3657.68261632","3656.4929485321","65","70","2260","2265","-1","4","False"
"2271","33","76","85","5","8","33","5","73","-115830.025405934","-13080.6135476533","3657.68261632","3656.4929485321","66","71","2261","2266","-1","3","False"
"2272","33","77","85","5","7","33","5","73","-119189.855008293","-13080.6135476533","3657.68261632","3656.4929485321","67","72","2262","2267","-1","3","False"
"2273","33","78","85","5","6","33","5","73","-122549.684610652","-13080.6135476533","3657.68261632","3656.4929485321","68","73","2263","2268","-1","3","False"
"2274","33","79","85","5","5","33","5","73","-125909.514213011","-13080.6135476533","3657.68261632","3656.4929485321","69","74","2264","2269","-1","3","False"
"2275","33","80","85","5","4","33","5","73","-129269.34381537","-13080.6135476533","3657.68261632","3656.4929485321","70","75","2265","2270","2","4","True"
"2276","33","81","85","5","3","33","5","73","-132629.173417729","-13080.6135476533","3657.68261632","3656.4929485321","71","76","2266","2271","2","3","True"
"2277","33","82","85","5","2","33","5","73","-135989.003020088","-13080.6135476533","3657.68261632","3656.4929485321","72","77","2267","2272","2","3","True"
"2278","33","83","85","5","1","33","5","73","-139348.832622446","-13080.6135476533","3657.68261632","3656.4929485321","73","78","2268","2273","2","3","True"
"2279","33","84","85","5","0","33","5","73","-142708.662224805","-13080.6135476533","3657.68261632","3656.4929485321","74","79","2269","2274","2","3","True"
"2280","34","0","85","5","0","34","5","73","-142708.662224805","-9456.37648710644","3657.68261632","3656.4929485321","5","10","2285","2290","3","2","True"
"2281","34","1","85","5","1","34","5","73","-139348.832622446","-9456.37648710644","3657.68261632","3656.4929485321","6","11","2286","2291","3","3","True"
"2282","34","2","85","5","2","34","5","73","-135989.003020088","-9456.37648710644","3657.68261632","3656.4929485321","7","12","2287","2292","3","3","True"
"2283","34","3","85","5","3","34","5","73","-132629.173417729","-9456.37648710644","3657.68261632","3656.4929485321","8","13","2288","2293","3","3","True"
"2284","34","4","85","5","4","34","5","73","-129269.34381537","-9456.37648710644","3657.68261632","3656.4929485321","9","14","2289","2294","3","4","True"
"2285","34","5","85","5","5","34","5","73","-125909.514213011","-9456.37648710644","3657.68261632","3656.4929485321","10","15","2290","2295","-1","3","False"
"2286","34","6","85","5","6","34","5","73","-122549.684610652","-9456.37648710644","3657.68261632","3656.4929485321","11","16","2291","2296","-1","3","False"
"2287","34","7","85","5","7","34","5","73","-119189.855008293","-9456.37648710644","3657.68261632","3656.4929485321","12","17","2292","2297","-1","3","False"
"2288","34","8","85","5","8","34","5","73","-115830.025405934","-9456.37648710644","3657.68261632","3656.4929485321","13","18","2293","2298","-1","3","False"
"2289","34","9","85","5","9","34","5","73","-112470.195803575","-9456.37648710644","3657.68261632","3656.4929485321","14","19","2294","2299","-1","4","False"
"2290","34","10","85","5","10","34","5","73","-109110.366201216","-9456.37648710644","3657.68261632","3656.4929485321","15","20","2295","2300","-1","3","False"
"2291","34","11","85","5","11","34","5","73","-105750.536598857","-9456.37648710644","3657.68261632","3656.4929485321","16","21","2296","2301","-1","3","False"
"2292","34","12","85","5","12","34","5","73","-102390.706996498","-9456.37648710644","3657.68261632","3656.4929485321","17","22","2297","2302","-1","3","False"
"2293","34","13","85","5","13","34","5","73","-99030.8773941395","-9456.37648710644","3657.68261632","3656.4929485321","18","23","2298","2303","-1","3","False"
"2294","34","14","85","5","14","34","5","73","-95671.0477917806","-9456.37648710644","3657.68261632","3656.4929485321","19","24","2299","2304","-1","4","False"
"2295","34","15","85","5","15","34","5","73","-92311.2181894217","-9456.37648710644","3657.68261632","3656.4929485321","20","25","2300","2305","3","3","True"
"2296","34","16","85","5","16","34","5","73","-88951.3885870628","-9456.37648710644","3657.68261632","3656.4929485321","21","26","2301","2306","3","3","True"
"2297","34","17","85","5","17","34","5","73","-85591.5589847038","-9456.37648710644","3657.68261632","3656.4929485321","22","27","2302","2307","3","3","True"
"2298","34","18","85","5","18","34","5","73","-82231.7293823449","-9456.37648710644","3657.68261632","3656.4929485321","23","28","2303","2308","3","3","True"
"2299","34","19","85","5","19","34","5","73","-78871.899779986","-9456.37648710644","3657.68261632","3656.4929485321","24","29","2304","2309","3","4","True"
"2300","34","20","85","5","20","34","5","73","-75512.0701776271","-9456.37648710644","3657.68261632","3656.4929485321","25","30","2305","2310","-1","3","False"
"2301","34","21","85","5","21","34","5","73","-72152.2405752682","-9456.37648710644","3657.68261632","3656.4929485321","26","31","2306","2311","-1","3","False"
"2302","34","22","85","5","22","34","5","73","-68792.4109729092","-9456.37648710644","3657.68261632","3656.4929485321","27","32","2307","2312","-1","3","False"
"2303","34","23","85","5","23","34","5","73","-65432.5813705503","-9456.37648710644","3657.68261632","3656.4929485321","28","33","2308","2313","-1","3","False"
"2304","34","24","85","5","24","34","5","73","-62072.7517681914","-9456.37648710644","3657.68261632","3656.4929485321","29","34","2309","2314","-1","4","False"
"2305","34","25","85","5","25","34","5","73","-58712.9221658325","-9456.37648710644","3657.68261632","3656.4929485321","30","35","2310","2315","-1","3","False"
"2306","34","26","85","5","26","34","5","73","-55353.0925634736","-9456.37648710644","3657.68261632","3656.4929485321","31","36","2311","2316","-1","3","False"
"2307","34","27","85","5","27","34","5","73","-51993.2629611147","-9456.37648710644","3657.68261632","3656.4929485321","32","37","2312","2317","-1","3","False"
"2308","34","28","85","5","28","34","5","73","-48633.4333587558","-9456.37648710644","3657.68261632","3656.4929485321","33","38","2313","2318","-1","3","False"
"2309","34","29","85","5","29","34","5","73","-45273.6037563968","-9456.37648710644","3657.68261632","3656.4929485321","34","39","2314","2319","-1","4","False"
"2310","34","30","85","5","30","34","5","73","-41913.7741540379","-9456.37648710644","3657.68261632","3656.4929485321","35","40","2315","2320","3","3","True"
"2311","34","31","85","5","31","34","5","73","-38553.944551679","-9456.37648710644","3657.68261632","3656.4929485321","36","41","2316","2321","3","3","True"
"2312","34","32","85","5","32","34","5","73","-35194.1149493201","-9456.37648710644","3657.68261632","3656.4929485321","37","42","2317","2322","3","3","True"
"2313","34","33","85","5","33","34","5","73","-31834.2853469612","-9456.37648710644","3657.68261632","3656.4929485321","38","43","2318","2323","3","3","True"
"2314","34","34","85","5","34","34","5","73","-28474.4557446023","-9456.37648710644","3657.68261632","3656.4929485321","39","44","2319","2324","3","4","True"
"2315","34","35","85","5","35","34","5","73","-25114.6261422433","-9456.37648710644","3657.68261632","3656.4929485321","40","45","2320","2325","-1","3","False"
"2316","34","36","85","5","36","34","5","73","-21754.7965398844","-9456.37648710644","3657.68261632","3656.4929485321","41","46","2321","2326","-1","3","False"
"2317","34","37","85","5","37","34","5","73","-18394.9669375255","-9456.37648710644","3657.68261632","3656.4929485321","42","47","2322","2327","-1","3","False"
"2318","34","38","85","5","38","34","5","73","-15035.1373351666","-9456.37648710644","3657.68261632","3656.4929485321","43","48","2323","2328","-1","3","False"
"2319","34","39","85","5","39","34","5","73","-11675.3077328077","-9456.37648710644","3657.68261632","3656.4929485321","44","49","2324","2329","-1","4","False"
"2320","34","40","85","5","40","34","5","73","-8315.47813044874","-9456.37648710644","3657.68261632","3656.4929485321","45","50","2325","2330","-1","3","False"
"2321","34","41","85","5","41","34","5","73","-4955.64852808984","-9456.37648710644","3657.68261632","3656.4929485321","46","51","2326","2331","-1","3","False"
"2322","34","42","85","5","42","34","5","73","-1595.81892573092","-9456.37648710644","3657.68261632","3656.4929485321","47","52","2327","2332","-1","3","False"
"2323","34","43","85","5","43","34","5","73","1764.01067662801","-9456.37648710644","3657.68261632","3656.4929485321","48","53","2328","2333","-1","3","False"
"2324","34","44","85","5","44","34","5","73","5123.84027898691","-9456.37648710644","3657.68261632","3656.4929485321","49","54","2329","2334","-1","4","False"
"2325","34","45","85","5","45","34","5","73","8483.66988134584","-9456.37648710644","3657.68261632","3656.4929485321","50","55","2330","2335","3","3","True"
"2326","34","46","85","5","46","34","5","73","11843.4994837047","-9456.37648710644","3657.68261632","3656.4929485321","51","56","2331","2336","3","3","True"
"2327","34","47","85","5","47","34","5","73","15203.3290860637","-9456.37648710644","3657.68261632","3656.4929485321","52","57","2332","2337","3","3","True"
"2328","34","48","85","5","48","34","5","73","18563.1586884226","-9456.37648710644","3657.68261632","3656.4929485321","53","58","2333","2338","3","3","True"
"2329","34","49","85","5","49","34","5","73","21922.9882907815","-9456.37648710644","3657.68261632","3656.4929485321","54","59","2334","2339","3","4","True"
"2330","34","50","85","5","50","34","5","73","25282.8178931404","-9456.37648710644","3657.68261632","3656.4929485321","55","60","2335","2340","-1","3","False"
"2331","34","51","85","5","51","34","5","73","28642.6474954993","-9456.37648710644","3657.68261632","3656.4929485321","56","61","2336","2341","-1","3","False"
"2332","34","52","85","5","52","34","5","73","32002.4770978583","-9456.37648710644","3657.68261632","3656.4929485321","57","62","2337","2342","-1","3","False"
"2333","34","53","85","5","53","34","5","73","35362.3067002172","-9456.37648710644","3657.68261632","3656.4929485321","58","63","2338","2343","-1","3","False"
"2334","34","54","85","5","54","34","5","73","38722.1363025761","-9456.37648710644","3657.68261632","3656.4929485321","59","64","2339","2344","-1","4","False"
"2335","34","55","85","5","55","34","5","73","42081.965904935","-9456.37648710644","3657.68261632","3656.4929485321","60","65","2340","2345","-1","3","False"
"2336","34","56","85","5","56","34","5","73","45441.7955072939","-9456.37648710644","3657.68261632","3656.4929485321","61","66","2341","2346","-1","3","False"
"2337","34","57","85","5","57","34","5","73","48801.6251096528","-9456.37648710644","3657.68261632","3656.4929485321","62","67","2342","2347","-1","3","False"
"2338","34","58","85","5","58","34","5","73","52161.4547120117","-9456.37648710644","3657.68261632","3656.4929485321","63","68","2343","2348","-1","3","False"
"2339","34","59","85","5","59","34","5","73","55521.2843143707","-9456.37648710644","3657.68261632","3656.4929485321","64","69","2344","2349","-1","4","False"
"2340","34","60","85","5","60","34","5","73","58881.1139167296","-9456.37648710644","3657.68261632","3656.4929485321","65","70","2345","2350","3","3","True"
"2341","34","61","85","5","61","34","5","73","62240.9435190885","-9456.37648710644","3657.68261632","3656.4929485321","66","71","2346","2351","3","3","True"
"2342","34","62","85","5","62","34","5","73","65600.7731214474","-9456.37648710644","3657.68261632","3656.4929485321","67","72","2347","2352","3","3","True"
"2343","34","63","85","5","63","34","5","73","68960.6027238063","-9456.37648710644","3657.68261632","3656.4929485321","68","73","2348","2353","3","3","True"
"2344","34","64","85","5","64","34","5","73","72320.4323261653","-9456.37648710644","3657.68261632","3656.4929485321","69","74","2349","2354","3","4","True"
"2345","34","65","85","5","65","34","5","73","75680.2619285242","-9456.37648710644","3657.68261632","3656.4929485321","70","75","2350","2355","-1","3","False"
"2346","34","66","85","5","66","34","5","73","79040.0915308831","-9456.37648710644","3657.68261632","3656.4929485321","71","76","2351","2356","-1","3","False"
"2347","34","67","85","5","67","34","5","73","82399.921133242","-9456.37648710644","3657.68261632","3656.4929485321","72","77","2352","2357","-1","3","False"
"2348","34","68","85","5","68","34","5","73","85759.7507356009","-9456.37648710644","3657.68261632","3656.4929485321","73","78","2353","2358","-1","3","False"
"2349","34","69","85","5","69","34","5","73","89119.5803379599","-9456.37648710644","3657.68261632","3656.4929485321","74","79","2354","2359","-1","4","False"
"2350","34","70","85","5","70","34","5","73","92479.4099403188","-9456.37648710644","3657.68261632","3656.4929485321","75","80","2355","2360","-1","3","False"
"2351","34","71","85","5","71","34","5","73","95839.2395426777","-9456.37648710644","3657.68261632","3656.4929485321","76","81","2356","2361","-1","3","False"
"2352","34","72","85","5","72","34","5","73","99199.0691450366","-9456.37648710644","3657.68261632","3656.4929485321","77","82","2357","2362","-1","3","False"
"2353","34","73","85","5","73","34","5","73","102558.898747396","-9456.37648710644","3657.68261632","3656.4929485321","78","83","2358","2363","-1","3","False"
"2354","34","74","85","5","74","34","5","73","105918.728349754","-9456.37648710644","3657.68261632","3656.4929485321","79","84","2359","2364","-1","4","False"
"2355","34","75","85","5","75","34","5","73","109278.557952113","-9456.37648710644","3657.68261632","3656.4929485321","65","70","2345","2350","-1","3","False"
"2356","34","76","85","5","76","34","5","73","112638.387554472","-9456.37648710644","3657.68261632","3656.4929485321","66","71","2346","2351","-1","3","False"
"2357","34","77","85","5","77","34","5","73","115998.217156831","-9456.37648710644","3657.68261632","3656.4929485321","67","72","2347","2352","-1","3","False"
"2358","34","78","85","5","78","34","5","73","119358.04675919","-9456.37648710644","3657.68261632","3656.4929485321","68","73","2348","2353","-1","3","False"
"2359","34","79","85","5","79","34","5","73","122717.876361549","-9456.37648710644","3657.68261632","3656.4929485321","69","74","2349","2354","-1","4","False"
"2360","34","80","85","5","80","34","5","73","126077.705963908","-9456.37648710644","3657.68261632","3656.4929485321","70","75","2350","2355","2","3","True"
"2361","34","81","85","5","81","34","5","73","129437.535566267","-9456.37648710644","3657.68261632","3656.4929485321","71","76","2351","2356","2","3","True"
"2362","34","82","85","5","82","34","5","73","132797.365168626","-9456.37648710644","3657.68261632","3656.4929485321","72","77","2352","2357","2","3","True"
"2363","34","83","85","5","83","34","5","73","136157.194770985","-9456.37648710644","3657.68261632","3656.4929485321","73","78","2353","2358","2","3","True"
"2364","34","84","85","5","84","34","5","73","139517.024373344","-9456.37648710644","3657.68261632","3656.4929485321","74","79","2354","2359","2","3","True"
"2365","35","0","85","5","84","35","5","73","139517.024373344","-5832.13942655957","3657.68261632","3656.4929485321","5","10","2370","2375","3","3","True"
"2366","35","1","85","5","83","35","5","73","136157.194770985","-5832.13942655957","3657.68261632","3656.4929485321","6","11","2371","2376","3","4","True"
"2367","35","2","85","5","82","35","5","73","132797.365168626","-5832.13942655957","3657.68261632","3656.4929485321","7","12","2372","2377","3","4","True"
"2368","35","3","85","5","81","35","5","73","129437.535566267","-5832.13942655957","3657.68261632","3656.4929485321","8","13","2373","2378","3","4","True"
"2369","35","4","85","5","80","35","5","73","126077.705963908","-5832.13942655957","3657.68261632","3656.4929485321","9","14","2374","2379","3","4","True"
"2370","35","5","85","5","79","35","5","73","122717.876361549","-5832.13942655957","3657.68261632","3656.4929485321","10","15","2375","2380","-1","6","False"
"2371","35","6","85","5","78","35","5","73","119358.04675919","-5832.13942655957","3657.68261632","3656.4929485321","11","16","2376","2381","-1","4","False"
"2372","35","7","85","5","77","35","5","73","115998.217156831","-5832.13942655957","3657.68261632","3656.4929485321","12","17","2377","2382","-1","4","False"
"2373","35","8","85","5","76","35","5","73","112638.387554472","-5832.13942655957","3657.68261632","3656.4929485321","13","18","2378","2383","-1","4","False"
"2374","35","9","85","5","75","35","5","73","109278.557952113","-5832.13942655957","3657.68261632","3656.4929485321","14","19","2379","2384","-1","4","False"
"2375","35","10","85","5","74","35","5","73","105918.728349754","-5832.13942655957","3657.68261632","3656.4929485321","15","20","2380","2385","-1","6","False"
"2376","35","11","85","5","73","35","5","73","102558.898747396","-5832.13942655957","3657.68261632","3656.4929485321","16","21","2381","2386","-1","4","False"
"2377","35","12","85","5","72","35","5","73","99199.0691450366","-5832.13942655957","3657.68261632","3656.4929485321","17","22","2382","2387","-1","4","False"
"2378","35","13","85","5","71","35","5","73","95839.2395426777","-5832.13942655957","3657.68261632","3656.4929485321","18","23","2383","2388","-1","4","False"
"2379","35","14","85","5","70","35","5","73","92479.4099403188","-5832.13942655957","3657.68261632","3656.4929485321","19","24","2384","2389","-1","4","False"
"2380","35","15","85","5","69","35","5","73","89119.5803379599","-5832.13942655957","3657.68261632","3656.4929485321","20","25","2385","2390","3","6","True"
"2381","35","16","85","5","68","35","5","73","85759.7507356009","-5832.13942655957","3657.68261632","3656.4929485321","21","26","2386","2391","3","4","True"
"2382","35","17","85","5","67","35","5","73","82399.921133242","-5832.13942655957","3657.68261632","3656.4929485321","22","27","2387","2392","3","4","True"
"2383","35","18","85","5","66","35","5","73","79040.0915308831","-5832.13942655957","3657.68261632","3656.4929485321","23","28","2388","2393","3","4","True"
"2384","35","19","85","5","65","35","5","73","75680.2619285242","-5832.13942655957","3657.68261632","3656.4929485321","24","29","2389","2394","3","4","True"
"2385","35","20","85","5","64","35","5","73","72320.4323261653","-5832.13942655957","3657.68261632","3656.4929485321","25","30","2390","2395","-1","6","False"
"2386","35","21","85","5","63","35","5","73","68960.6027238063","-5832.13942655957","3657.68261632","3656.4929485321","26","31","2391","2396","-1","4","False"
"2387","35","22","85","5","62","35","5","73","65600.7731214474","-5832.13942655957","3657.68261632","3656.4929485321","27","32","2392","2397","-1","4","False"
"2388","35","23","85","5","61","35","5","73","62240.9435190885","-5832.13942655957","3657.68261632","3656.4929485321","28","33","2393","2398","-1","4","False"
"2389","35","24","85","5","60","35","5","73","58881.1139167296","-5832.13942655957","3657.68261632","3656.4929485321","29","34","2394","2399","-1","4","False"
"2390","35","25","85","5","59","35","5","73","55521.2843143707","-5832.13942655957","3657.68261632","3656.4929485321","30","35","2395","2400","-1","6","False"
"2391","35","26","85","5","58","35","5","73","52161.4547120117","-5832.13942655957","3657.68261632","3656.4929485321","31","36","2396","2401","-1","4","False"
"2392","35","27","85","5","57","35","5","73","48801.6251096528","-5832.13942655957","3657.68261632","3656.4929485321","32","37","2397","2402","-1","4","False"
"2393","35","28","85","5","56","35","5","73","45441.7955072939","-5832.13942655957","3657.68261632","3656.4929485321","33","38","2398","2403","-1","4","False"
"2394","35","29","85","5","55","35","5","73","42081.965904935","-5832.13942655957","3657.68261632","3656.4929485321","34","39","2399","2404","-1","4","False"
"2395","35","30","85","5","54","35","5","73","38722.1363025761","-5832.13942655957","3657.68261632","3656.4929485321","35","40","2400","2405","3","6","True"
"2396","35","31","85","5","53","35","5","73","35362.3067002172","-5832.13942655957","3657.68261632","3656.4929485321","36","41","2401","2406","3","4","True"
"2397","35","32","85","5","52","35","5","73","32002.4770978583","-5832.13942655957","3657.68261632","3656.4929485321","37","42","2402","2407","3","4","True"
"2398","35","33","85","5","51","35","5","73","28642.6474954993","-5832.13942655957","3657.68261632","3656.4929485321","38","43","2403","2408","3","4","True"
"2399","35","34","85","5","50","35","5","73","25282.8178931404","-5832.13942655957","3657.68261632","3656.4929485321","39","44","2404","2409","3","4","True"
"2400","35","35","85","5","49","35","5","73","21922.9882907815","-5832.13942655957","3657.68261632","3656.4929485321","40","45","2405","2410","-1","6","False"
"2401","35","36","85","5","48","35","5","73","18563.1586884226","-5832.13942655957","3657.68261632","3656.4929485321","41","46","2406","2411","-1","4","False"
"2402","35","37","85","5","47","35","5","73","15203.3290860637","-5832.13942655957","3657.68261632","3656.4929485321","42","47","2407","2412","-1","4","False"
"2403","35","38","85","5","46","35","5","73","11843.4994837047","-5832.13942655957","3657.68261632","3656.4929485321","43","48","2408","2413","-1","4","False"
"2404","35","39","85","5","45","35","5","73","8483.66988134584","-5832.13942655957","3657.68261632","3656.4929485321","44","49","2409","2414","-1","4","False"
"2405","35","40","85","5","44","35","5","73","5123.84027898691","-5832.13942655957","3657.68261632","3656.4929485321","45","50","2410","2415","-1","6","False"
"2406","35","41","85","5","43","35","5","73","1764.01067662801","-5832.13942655957","3657.68261632","3656.4929485321","46","51","2411","2416","-1","4","False"
"2407","35","42","85","5","42","35","5","73","-1595.81892573092","-5832.13942655957","3657.68261632","3656.4929485321","47","52","2412","2417","-1","4","False"
"2408","35","43","85","5","41","35","5","73","-4955.64852808984","-5832.13942655957","3657.68261632","3656.4929485321","48","53","2413","2418","-1","4","False"
"2409","35","44","85","5","40","35","5","73","-8315.47813044874","-5832.13942655957","3657.68261632","3656.4929485321","49","54","2414","2419","-1","4","False"
"2410","35","45","85","5","39","35","5","73","-11675.3077328077","-5832.13942655957","3657.68261632","3656.4929485321","50","55","2415","2420","3","6","True"
"2411","35","46","85","5","38","35","5","73","-15035.1373351666","-5832.13942655957","3657.68261632","3656.4929485321","51","56","2416","2421","3","4","True"
"2412","35","47","85","5","37","35","5","73","-18394.9669375255","-5832.13942655957","3657.68261632","3656.4929485321","52","57","2417","2422","3","4","True"
"2413","35","48","85","5","36","35","5","73","-21754.7965398844","-5832.13942655957","3657.68261632","3656.4929485321","53","58","2418","2423","3","4","True"
"2414","35","49","85","5","35","35","5","73","-25114.6261422433","-5832.13942655957","3657.68261632","3656.4929485321","54","59","2419","2424","3","4","True"
"2415","35","50","85","5","34","35","5","73","-28474.4557446023","-5832.13942655957","3657.68261632","3656.4929485321","55","60","2420","2425","-1","6","False"
"2416","35","51","85","5","33","35","5","73","-31834.2853469612","-5832.13942655957","3657.68261632","3656.4929485321","56","61","2421","2426","-1","4","False"
"2417","35","52","85","5","32","35","5","73","-35194.1149493201","-5832.13942655957","3657.68261632","3656.4929485321","57","62","2422","2427","-1","4","False"
"2418","35","53","85","5","31","35","5","73","-38553.944551679","-5832.13942655957","3657.68261632","3656.4929485321","58","63","2423","2428","-1","4","False"
"2419","35","54","85","5","30","35","5","73","-41913.7741540379","-5832.13942655957","3657.68261632","3656.4929485321","59","64","2424","2429","-1","4","False"
"2420","35","55","85","5","29","35","5","73","-45273.6037563968","-5832.13942655957","3657.68261632","3656.4929485321","60","65","2425","2430","-1","6","False"
"2421","35","56","85","5","28","35","5","73","-48633.4333587558","-5832.13942655957","3657.68261632","3656.4929485321","61","66","2426","2431","-1","4","False"
"2422","35","57","85","5","27","35","5","73","-51993.2629611147","-5832.13942655957","3657.68261632","3656.4929485321","62","67","2427","2432","-1","4","False"
"2423","35","58","85","5","26","35","5","73","-55353.0925634736","-5832.13942655957","3657.68261632","3656.4929485321","63","68","2428","2433","-1","4","False"
"2424","35","59","85","5","25","35","5","73","-58712.9221658325","-5832.13942655957","3657.68261632","3656.4929485321","64","69","2429","2434","-1","4","False"
"2425","35","60","85","5","24","35","5","73","-62072.7517681914","-5832.13942655957","3657.68261632","3656.4929485321","65","70","2430","2435","3","6","True"
"2426","35","61","85","5","23","35","5","73","-65432.5813705503","-5832.13942655957","3657.68261632","3656.4929485321","66","71","2431","2436","3","4","True"
"2427","35","62","85","5","22","35","5","73","-68792.4109729092","-5832.13942655957","3657.68261632","3656.4929485321","67","72","2432","2437","3","4","True"
"2428","35","63","85","5","21","35","5","73","-72152.2405752682","-5832.13942655957","3657.68261632","3656.4929485321","68","73","2433","2438","3","4","True"
"2429","35","64","85","5","20","35","5","73","-75512.0701776271","-5832.13942655957","3657.68261632","3656.4929485321","69","74","2434","2439","3","4","True"
"2430","35","65","85","5","19","35","5","73","-78871.899779986","-5832.13942655957","3657.68261632","3656.4929485321","70","75","2435","2440","-1","6","False"
"2431","35","66","85","5","18","35","5","73","-82231.7293823449","-5832.13942655957","3657.68261632","3656.4929485321","71","76","2436","2441","-1","4","False"
"2432","35","67","85","5","17","35","5","73","-85591.5589847038","-5832.13942655957","3657.68261632","3656.4929485321","72","77","2437","2442","-1","4","False"
"2433","35","68","85","5","16","35","5","73","-88951.3885870628","-5832.13942655957","3657.68261632","3656.4929485321","73","78","2438","2443","-1","4","False"
"2434","35","69","85","5","15","35","5","73","-92311.2181894217","-5832.13942655957","3657.68261632","3656.4929485321","74","79","2439","2444","-1","4","False"
"2435","35","70","85","5","14","35","5","73","-95671.0477917806","-5832.13942655957","3657.68261632","3656.4929485321","75","80","2440","2445","-1","6","False"
"2436","35","71","85","5","13","35","5","73","-99030.8773941395","-5832.13942655957","3657.68261632","3656.4929485321","76","81","2441","2446","-1","4","False"
"2437","35","72","85","5","12","35","5","73","-102390.706996498","-5832.13942655957","3657.68261632","3656.4929485321","77","82","2442","2447","-1","4","False"
"2438","35","73","85","5","11","35","5","73","-105750.536598857","-5832.13942655957","3657.68261632","3656.4929485321","78","83","2443","2448","-1","4","False"
"2439","35","74","85","5","10","35","5","73","-109110.366201216","-5832.13942655957","3657.68261632","3656.4929485321","79","84","2444","2449","-1","4","False"
"2440","35","75","85","5","9","35","5","73","-112470.195803575","-5832.13942655957","3657.68261632","3656.4929485321","65","70","2430","2435","-1","6","False"
"2441","35","76","85","5","8","35","5","73","-115830.025405934","-5832.13942655957","3657.68261632","3656.4929485321","66","71","2431","2436","-1","4","False"
"2442","35","77","85","5","7","35","5","73","-119189.855008293","-5832.13942655957","3657.68261632","3656.4929485321","67","72","2432","2437","-1","4","False"
"2443","35","78","85","5","6","35","5","73","-122549.684610652","-5832.13942655957","3657.68261632","3656.4929485321","68","73","2433","2438","-1","4","False"
"2444","35","79","85","5","5","35","5","73","-125909.514213011","-5832.13942655957","3657.68261632","3656.4929485321","69","74","2434","2439","-1","4","False"
"2445","35","80","85","5","4","35","5","73","-129269.34381537","-5832.13942655957","3657.68261632","3656.4929485321","70","75","2435","2440","2","6","True"
"2446","35","81","85","5","3","35","5","73","-132629.173417729","-5832.13942655957","3657.68261632","3656.4929485321","71","76","2436","2441","2","4","True"
"2447","35","82","85","5","2","35","5","73","-135989.003020088","-5832.13942655957","3657.68261632","3656.4929485321","72","77","2437","2442","2","4","True"
"2448","35","83","85","5","1","35","5","73","-139348.832622446","-5832.13942655957","3657.68261632","3656.4929485321","73","78","2438","2443","2","4","True"
"2449","35","84","85","5","0","35","5","73","-142708.662224805","-5832.13942655957","3657.68261632","3656.4929485321","74","79","2439","2444","2","4","True"
"2450","36","0","85","5","0","36","5","73","-142708.662224805","-2207.90257462895","3657.68261632","3656.4929485321","5","10","2455","2460","3","2","True"
"2451","36","1","85","5","1","36","5","73","-139348.832622446","-2207.90257462895","3657.68261632","3656.4929485321","6","11","2456","2461","3","3","True"
"2452","36","2","85","5","2","36","5","73","-135989.003020088","-2207.90257462895","3657.68261632","3656.4929485321","7","12","2457","2462","3","3","True"
"2453","36","3","85","5","3","36","5","73","-132629.173417729","-2207.90257462895","3657.68261632","3656.4929485321","8","13","2458","2463","3","3","True"
"2454","36","4","85","5","4","36","5","73","-129269.34381537","-2207.90257462895","3657.68261632","3656.4929485321","9","14","2459","2464","3","4","True"
"2455","36","5","85","5","5","36","5","73","-125909.514213011","-2207.90257462895","3657.68261632","3656.4929485321","10","15","2460","2465","-1","3","False"
"2456","36","6","85","5","6","36","5","73","-122549.684610652","-2207.90257462895","3657.68261632","3656.4929485321","11","16","2461","2466","-1","3","False"
"2457","36","7","85","5","7","36","5","73","-119189.855008293","-2207.90257462895","3657.68261632","3656.4929485321","12","17","2462","2467","-1","3","False"
"2458","36","8","85","5","8","36","5","73","-115830.025405934","-2207.90257462895","3657.68261632","3656.4929485321","13","18","2463","2468","-1","3","False"
"2459","36","9","85","5","9","36","5","73","-112470.195803575","-2207.90257462895","3657.68261632","3656.4929485321","14","19","2464","2469","-1","4","False"
"2460","36","10","85","5","10","36","5","73","-109110.366201216","-2207.90257462895","3657.68261632","3656.4929485321","15","20","2465","2470","-1","3","False"
"2461","36","11","85","5","11","36","5","73","-105750.536598857","-2207.90257462895","3657.68261632","3656.4929485321","16","21","2466","2471","-1","3","False"
"2462","36","12","85","5","12","36","5","73","-102390.706996498","-2207.90257462895","3657.68261632","3656.4929485321","17","22","2467","2472","-1","3","False"
"2463","36","13","85","5","13","36","5","73","-99030.8773941395","-2207.90257462895","3657.68261632","3656.4929485321","18","23","2468","2473","-1","3","False"
"2464","36","14","85","5","14","36","5","73","-95671.0477917806","-2207.90257462895","3657.68261632","3656.4929485321","19","24","2469","2474","-1","4","False"
"2465","36","15","85","5","15","36","5","73","-92311.2181894217","-2207.90257462895","3657.68261632","3656.4929485321","20","25","2470","2475","3","3","True"
"2466","36","16","85","5","16","36","5","73","-88951.3885870628","-2207.90257462895","3657.68261632","3656.4929485321","21","26","2471","2476","3","3","True"
"2467","36","17","85","5","17","36","5","73","-85591.5589847038","-2207.90257462895","3657.68261632","3656.4929485321","22","27","2472","2477","3","3","True"
"2468","36","18","85","5","18","36","5","73","-82231.7293823449","-2207.90257462895","3657.68261632","3656.4929485321","23","28","2473","2478","3","3","True"
"2469","36","19","85","5","19","36","5","73","-78871.899779986","-2207.90257462895","3657.68261632","3656.4929485321","24","29","2474","2479","3","4","True"
"2470","36","20","85","5","20","36","5","73","-75512.0701776271","-2207.90257462895","3657.68261632","3656.4929485321","25","30","2475","2480","-1","3","False"
"2471","36","21","85","5","21","36","5","73","-72152.2405752682","-2207.90257462895","3657.68261632","3656.4929485321","26","31","2476","2481","-1","3","False"
"2472","36","22","85","5","22","36","5","73","-68792.4109729092","-2207.90257462895","3657.68261632","3656.4929485321","27","32","2477","2482","-1","3","False"
"2473","36","23","85","5","23","36","5","73","-65432.5813705503","-2207.90257462895","3657.68261632","3656.4929485321","28","33","2478","2483","-1","3","False"
"2474","36","24","85","5","24","36","5","73","-62072.7517681914","-2207.90257462895","3657.68261632","3656.4929485321","29","34","2479","2484","-1","4","False"
"2475","36","25","85","5","25","36","5","73","-58712.9221658325","-2207.90257462895","3657.68261632","3656.4929485321","30","35","2480","2485","-1","3","False"
"2476","36","26","85","5","26","36","5","73","-55353.0925634736","-2207.90257462895","3657.68261632","3656.4929485321","31","36","2481","2486","-1","3","False"
"2477","36","27","85","5","27","36","5","73","-51993.2629611147","-2207.90257462895","3657.68261632","3656.4929485321","32","37","2482","2487","-1","3","False"
"2478","36","28","85","5","28","36","5","73","-48633.4333587558","-2207.90257462895","3657.68261632","3656.4929485321","33","38","2483","2488","-1","3","False"
"2479","36","29","85","5","29","36","5","73","-45273.6037563968","-2207.90257462895","3657.68261632","3656.4929485321","34","39","2484","2489","-1","4","False"
"2480","36","30","85","5","30","36","5","73","-41913.7741540379","-2207.90257462895","3657.68261632","3656.4929485321","35","40","2485","2490","3","3","True"
"2481","36","31","85","5","31","36","5","73","-38553.944551679","-2207.90257462895","3657.68261632","3656.4929485321","36","41","2486","2491","3","3","True"
"2482","36","32","85","5","32","36","5","73","-35194.1149493201","-2207.90257462895","3657.68261632","3656.4929485321","37","42","2487","2492","3","3","True"
"2483","36","33","85","5","33","36","5","73","-31834.2853469612","-2207.90257462895","3657.68261632","3656.4929485321","38","43","2488","2493","3","3","True"
"2484","36","34","85","5","34","36","5","73","-28474.4557446023","-2207.90257462895","3657.68261632","3656.4929485321","39","44","2489","2494","3","4","True"
"2485","36","35","85","5","35","36","5","73","-25114.6261422433","-2207.90257462895","3657.68261632","3656.4929485321","40","45","2490","2495","-1","3","False"
"2486","36","36","85","5","36","36","5","73","-21754.7965398844","-2207.90257462895","3657.68261632","3656.4929485321","41","46","2491","2496","-1","3","False"
"2487","36","37","85","5","37","36","5","73","-18394.9669375255","-2207.90257462895","3657.68261632","3656.4929485321","42","47","2492","2497","-1","3","False"
"2488","36","38","85","5","38","36","5","73","-15035.1373351666","-2207.90257462895","3657.68261632","3656.4929485321","43","48","2493","2498","-1","3","False"
"2489","36","39","85","5","39","36","5","73","-11675.3077328077","-2207.90257462895","3657.68261632","3656.4929485321","44","49","2494","2499","-1","4","False"
"2490","36","40","85","5","40","36","5","73","-8315.47813044874","-2207.90257462895","3657.68261632","3656.4929485321","45","50","2495","2500","-1","3","False"
"2491","36","41","85","5","41","36","5","73","-4955.64852808984","-2207.90257462895","3657.68261632","3656.4929485321","46","51","2496","2501","-1","3","False"
"2492","36","42","85","5","42","36","5","73","-1595.81892573092","-2207.90257462895","3657.68261632","3656.4929485321","47","52","2497","2502","-1","3","False"
"2493","36","43","85","5","43","36","5","73","1764.01067662801","-2207.90257462895","3657.68261632","3656.4929485321","48","53","2498","2503","-1","3","False"
"2494","36","44","85","5","44","36","5","73","5123.84027898691","-2207.90257462895","3657.68261632","3656.4929485321","49","54","2499","2504","-1","4","False"
"2495","36","45","85","5","45","36","5","73","8483.66988134584","-2207.90257462895","3657.68261632","3656.4929485321","50","55","2500","2505","3","3","True"
"2496","36","46","85","5","46","36","5","73","11843.4994837047","-2207.90257462895","3657.68261632","3656.4929485321","51","56","2501","2506","3","3","True"
"2497","36","47","85","5","47","36","5","73","15203.3290860637","-2207.90257462895","3657.68261632","3656.4929485321","52","57","2502","2507","3","3","True"
"2498","36","48","85","5","48","36","5","73","18563.1586884226","-2207.90257462895","3657.68261632","3656.4929485321","53","58","2503","2508","3","3","True"
"2499","36","49","85","5","49","36","5","73","21922.9882907815","-2207.90257462895","3657.68261632","3656.4929485321","54","59","2504","2509","3","4","True"
"2500","36","50","85","5","50","36","5","73","25282.8178931404","-2207.90257462895","3657.68261632","3656.4929485321","55","60","2505","2510","-1","3","False"
"2501","36","51","85","5","51","36","5","73","28642.6474954993","-2207.90257462895","3657.68261632","3656.4929485321","56","61","2506","2511","-1","3","False"
"2502","36","52","85","5","52","36","5","73","32002.4770978583","-2207.90257462895","3657.68261632","3656.4929485321","57","62","2507","2512","-1","3","False"
"2503","36","53","85","5","53","36","5","73","35362.3067002172","-2207.90257462895","3657.68261632","3656.4929485321","58","63","2508","2513","-1","3","False"
"2504","36","54","85","5","54","36","5","73","38722.1363025761","-2207.90257462895","3657.68261632","3656.4929485321","59","64","2509","2514","-1","4","False"
"2505","36","55","85","5","55","36","5","73","42081.965904935","-2207.90257462895","3657.68261632","3656.4929485321","60","65","2510","2515","-1","3","False"
"2506","36","56","85","5","56","36","5","73","45441.7955072939","-2207.90257462895","3657.68261632","3656.4929485321","61","66","2511","2516","-1","3","False"
"2507","36","57","85","5","57","36","5","73","48801.6251096528","-2207.90257462895","3657.68261632","3656.4929485321","62","67","2512","2517","-1","3","False"
"2508","36","58","85","5","58","36","5","73","52161.4547120117","-2207.90257462895","3657.68261632","3656.4929485321","63","68","2513","2518","-1","3","False"
"2509","36","59","85","5","59","36","5","73","55521.2843143707","-2207.90257462895","3657.68261632","3656.4929485321","64","69","2514","2519","-1","4","False"
"2510","36","60","85","5","60","36","5","73","58881.1139167296","-2207.90257462895","3657.68261632","3656.4929485321","65","70","2515","2520","3","3","True"
"2511","36","61","85","5","61","36","5","73","62240.9435190885","-2207.90257462895","3657.68261632","3656.4929485321","66","71","2516","2521","3","3","True"
"2512","36","62","85","5","62","36","5","73","65600.7731214474","-2207.90257462895","3657.68261632","3656.4929485321","67","72","2517","2522","3","3","True"
"2513","36","63","85","5","63","36","5","73","68960.6027238063","-2207.90257462895","3657.68261632","3656.4929485321","68","73","2518","2523","3","3","True"
"2514","36","64","85","5","64","36","5","73","72320.4323261653","-2207.90257462895","3657.68261632","3656.4929485321","69","74","2519","2524","3","4","True"
"2515","36","65","85","5","65","36","5","73","75680.2619285242","-2207.90257462895","3657.68261632","3656.4929485321","70","75","2520","2525","-1","3","False"
"2516","36","66","85","5","66","36","5","73","79040.0915308831","-2207.90257462895","3657.68261632","3656.4929485321","71","76","2521","2526","-1","3","False"
"2517","36","67","85","5","67","36","5","73","82399.921133242","-2207.90257462895","3657.68261632","3656.4929485321","72","77","2522","2527","-1","3","False"
"2518","36","68","85","5","68","36","5","73","85759.7507356009","-2207.90257462895","3657.68261632","3656.4929485321","73","78","2523","2528","-1","3","False"
"2519","36","69","85","5","69","36","5","73","89119.5803379599","-2207.90257462895","3657.68261632","3656.4929485321","74","79","2524","2529","-1","4","False"
"2520","36","70","85","5","70","36","5","73","92479.4099403188","-2207.90257462895","3657.68261632","3656.4929485321","75","80","2525","2530","-1","3","False"
"2521","36","71","85","5","71","36","5","73","95839.2395426777","-2207.90257462895","3657.68261632","3656.4929485321","76","81","2526","2531","-1","3","False"
"2522","36","72","85","5","72","36","5","73","99199.0691450366","-2207.90257462895","3657.68261632","3656.4929485321","77","82","2527","2532","-1","3","False"
"2523","36","73","85","5","73","36","5","73","102558.898747396","-2207.90257462895","3657.68261632","3656.4929485321","78","83","2528","2533","-1","3","False"
"2524","36","74","85","5","74","36","5","73","105918.728349754","-2207.90257462895","3657.68261632","3656.4929485321","79","84","2529","2534","-1","4","False"
"2525","36","75","85","5","75","36","5","73","109278.557952113","-2207.90257462895","3657.68261632","3656.4929485321","65","70","2515","2520","-1","3","False"
"2526","36","76","85","5","76","36","5","73","112638.387554472","-2207.90257462895","3657.68261632","3656.4929485321","66","71","2516","2521","-1","3","False"
"2527","36","77","85","5","77","36","5","73","115998.217156831","-2207.90257462895","3657.68261632","3656.4929485321","67","72","2517","2522","-1","3","False"
"2528","36","78","85","5","78","36","5","73","119358.04675919","-2207.90257462895","3657.68261632","3656.4929485321","68","73","2518","2523","-1","3","False"
"2529","36","79","85","5","79","36","5","73","122717.876361549","-2207.90257462895","3657.68261632","3656.4929485321","69","74","2519","2524","-1","4","False"
"2530","36","80","85","5","80","36","5","73","126077.705963908","-2207.90257462895","3657.68261632","3656.4929485321","70","75","2520","2525","2","3","True"
"2531","36","81","85","5","81","36","5","73","129437.535566267","-2207.90257462895","3657.68261632","3656.4929485321","71","76","2521","2526","2","3","True"
"2532","36","82","85","5","82","36","5","73","132797.365168626","-2207.90257462895","3657.68261632","3656.4929485321","72","77","2522","2527","2","3","True"
"2533","36","83","85","5","83","36","5","73","136157.194770985","-2207.90257462895","3657.68261632","3656.4929485321","73","78","2523","2528","2","3","True"
"2534","36","84","85","5","84","36","5","73","139517.024373344","-2207.90257462895","3657.68261632","3656.4929485321","74","79","2524","2529","2","3","True"
"2535","37","0","85","5","84","37","5","73","139517.024373344","1416.3344561156","3657.68261632","3656.4929485321","5","10","2540","2545","3","3","True"
"2536","37","1","85","5","83","37","5","73","136157.194770985","1416.3344561156","3657.68261632","3656.4929485321","6","11","2541","2546","3","4","True"
"2537","37","2","85","5","82","37","5","73","132797.365168626","1416.3344561156","3657.68261632","3656.4929485321","7","12","2542","2547","3","4","True"
"2538","37","3","85","5","81","37","5","73","129437.535566267","1416.3344561156","3657.68261632","3656.4929485321","8","13","2543","2548","3","4","True"
"2539","37","4","85","5","80","37","5","73","126077.705963908","1416.3344561156","3657.68261632","3656.4929485321","9","14","2544","2549","3","4","True"
"2540","37","5","85","5","79","37","5","73","122717.876361549","1416.3344561156","3657.68261632","3656.4929485321","10","15","2545","2550","-1","6","False"
"2541","37","6","85","5","78","37","5","73","119358.04675919","1416.3344561156","3657.68261632","3656.4929485321","11","16","2546","2551","-1","4","False"
"2542","37","7","85","5","77","37","5","73","115998.217156831","1416.3344561156","3657.68261632","3656.4929485321","12","17","2547","2552","-1","4","False"
"2543","37","8","85","5","76","37","5","73","112638.387554472","1416.3344561156","3657.68261632","3656.4929485321","13","18","2548","2553","-1","4","False"
"2544","37","9","85","5","75","37","5","73","109278.557952113","1416.3344561156","3657.68261632","3656.4929485321","14","19","2549","2554","-1","4","False"
"2545","37","10","85","5","74","37","5","73","105918.728349754","1416.3344561156","3657.68261632","3656.4929485321","15","20","2550","2555","-1","6","False"
"2546","37","11","85","5","73","37","5","73","102558.898747396","1416.3344561156","3657.68261632","3656.4929485321","16","21","2551","2556","-1","4","False"
"2547","37","12","85","5","72","37","5","73","99199.0691450366","1416.3344561156","3657.68261632","3656.4929485321","17","22","2552","2557","-1","4","False"
"2548","37","13","85","5","71","37","5","73","95839.2395426777","1416.3344561156","3657.68261632","3656.4929485321","18","23","2553","2558","-1","4","False"
"2549","37","14","85","5","70","37","5","73","92479.4099403188","1416.3344561156","3657.68261632","3656.4929485321","19","24","2554","2559","-1","4","False"
"2550","37","15","85","5","69","37","5","73","89119.5803379599","1416.3344561156","3657.68261632","3656.4929485321","20","25","2555","2560","3","6","True"
"2551","37","16","85","5","68","37","5","73","85759.7507356009","1416.3344561156","3657.68261632","3656.4929485321","21","26","2556","2561","3","4","True"
"2552","37","17","85","5","67","37","5","73","82399.921133242","1416.3344561156","3657.68261632","3656.4929485321","22","27","2557","2562","3","4","True"
"2553","37","18","85","5","66","37","5","73","79040.0915308831","1416.3344561156","3657.68261632","3656.4929485321","23","28","2558","2563","3","4","True"
"2554","37","19","85","5","65","37","5","73","75680.2619285242","1416.3344561156","3657.68261632","3656.4929485321","24","29","2559","2564","3","4","True"
"2555","37","20","85","5","64","37","5","73","72320.4323261653","1416.3344561156","3657.68261632","3656.4929485321","25","30","2560","2565","-1","6","False"
"2556","37","21","85","5","63","37","5","73","68960.6027238063","1416.3344561156","3657.68261632","3656.4929485321","26","31","2561","2566","-1","4","False"
"2557","37","22","85","5","62","37","5","73","65600.7731214474","1416.3344561156","3657.68261632","3656.4929485321","27","32","2562","2567","-1","4","False"
"2558","37","23","85","5","61","37","5","73","62240.9435190885","1416.3344561156","3657.68261632","3656.4929485321","28","33","2563","2568","-1","4","False"
"2559","37","24","85","5","60","37","5","73","58881.1139167296","1416.3344561156","3657.68261632","3656.4929485321","29","34","2564","2569","-1","4","False"
"2560","37","25","85","5","59","37","5","73","55521.2843143707","1416.3344561156","3657.68261632","3656.4929485321","30","35","2565","2570","-1","6","False"
"2561","37","26","85","5","58","37","5","73","52161.4547120117","1416.3344561156","3657.68261632","3656.4929485321","31","36","2566","2571","-1","4","False"
"2562","37","27","85","5","57","37","5","73","48801.6251096528","1416.3344561156","3657.68261632","3656.4929485321","32","37","2567","2572","-1","4","False"
"2563","37","28","85","5","56","37","5","73","45441.7955072939","1416.3344561156","3657.68261632","3656.4929485321","33","38","2568","2573","-1","4","False"
"2564","37","29","85","5","55","37","5","73","42081.965904935","1416.3344561156","3657.68261632","3656.4929485321","34","39","2569","2574","-1","4","False"
"2565","37","30","85","5","54","37","5","73","38722.1363025761","1416.3344561156","3657.68261632","3656.4929485321","35","40","2570","2575","3","6","True"
"2566","37","31","85","5","53","37","5","73","35362.3067002172","1416.3344561156","3657.68261632","3656.4929485321","36","41","2571","2576","3","4","True"
"2567","37","32","85","5","52","37","5","73","32002.4770978583","1416.3344561156","3657.68261632","3656.4929485321","37","42","2572","2577","3","4","True"
"2568","37","33","85","5","51","37","5","73","28642.6474954993","1416.3344561156","3657.68261632","3656.4929485321","38","43","2573","2578","3","4","True"
"2569","37","34","85","5","50","37","5","73","25282.8178931404","1416.3344561156","3657.68261632","3656.4929485321","39","44","2574","2579","3","4","True"
"2570","37","35","85","5","49","37","5","73","21922.9882907815","1416.3344561156","3657.68261632","3656.4929485321","40","45","2575","2580","-1","6","False"
"2571","37","36","85","5","48","37","5","73","18563.1586884226","1416.3344561156","3657.68261632","3656.4929485321","41","46","2576","2581","-1","4","False"
"2572","37","37","85","5","47","37","5","73","15203.3290860637","1416.3344561156","3657.68261632","3656.4929485321","42","47","2577","2582","-1","4","False"
"2573","37","38","85","5","46","37","5","73","11843.4994837047","1416.3344561156","3657.68261632","3656.4929485321","43","48","2578","2583","-1","4","False"
"2574","37","39","85","5","45","37","5","73","8483.66988134584","1416.3344561156","3657.68261632","3656.4929485321","44","49","2579","2584","-1","4","False"
"2575","37","40","85","5","44","37","5","73","5123.84027898691","1416.3344561156","3657.68261632","3656.4929485321","45","50","2580","2585","-1","6","False"
"2576","37","41","85","5","43","37","5","73","1764.01067662801","1416.3344561156","3657.68261632","3656.4929485321","46","51","2581","2586","-1","4","False"
"2577","37","42","85","5","42","37","5","73","-1595.81892573092","1416.3344561156","3657.68261632","3656.4929485321","47","52","2582","2587","-1","4","False"
"2578","37","43","85","5","41","37","5","73","-4955.64852808984","1416.3344561156","3657.68261632","3656.4929485321","48","53","2583","2588","-1","4","False"
"2579","37","44","85","5","40","37","5","73","-8315.47813044874","1416.3344561156","3657.68261632","3656.4929485321","49","54","2584","2589","-1","4","False"
"2580","37","45","85","5","39","37","5","73","-11675.3077328077","1416.3344561156","3657.68261632","3656.4929485321","50","55","2585","2590","3","6","True"
"2581","37","46","85","5","38","37","5","73","-15035.1373351666","1416.3344561156","3657.68261632","3656.4929485321","51","56","2586","2591","3","4","True"
"2582","37","47","85","5","37","37","5","73","-18394.9669375255","1416.3344561156","3657.68261632","3656.4929485321","52","57","2587","2592","3","4","True"
"2583","37","48","85","5","36","37","5","73","-21754.7965398844","1416.3344561156","3657.68261632","3656.4929485321","53","58","2588","2593","3","4","True"
"2584","37","49","85","5","35","37","5","73","-25114.6261422433","1416.3344561156","3657.68261632","3656.4929485321","54","59","2589","2594","3","4","True"
"2585","37","50","85","5","34","37","5","73","-28474.4557446023","1416.3344561156","3657.68261632","3656.4929485321","55","60","2590","2595","-1","6","False"
"2586","37","51","85","5","33","37","5","73","-31834.2853469612","1416.3344561156","3657.68261632","3656.4929485321","56","61","2591","2596","-1","4","False"
"2587","37","52","85","5","32","37","5","73","-35194.1149493201","1416.3344561156","3657.68261632","3656.4929485321","57","62","2592","2597","-1","4","False"
"2588","37","53","85","5","31","37","5","73","-38553.944551679","1416.3344561156","3657.68261632","3656.4929485321","58","63","2593","2598","-1","4","False"
"2589","37","54","85","5","30","37","5","73","-41913.7741540379","1416.3344561156","3657.68261632","3656.4929485321","59","64","2594","2599","-1","4","False"
"2590","37","55","85","5","29","37","5","73","-45273.6037563968","1416.3344561156","3657.68261632","3656.4929485321","60","65","2595","2600","-1","6","False"
"2591","37","56","85","5","28","37","5","73","-48633.4333587558","1416.3344561156","3657.68261632","3656.4929485321","61","66","2596","2601","-1","4","False"
"2592","37","57","85","5","27","37","5","73","-51993.2629611147","1416.3344561156","3657.68261632","3656.4929485321","62","67","2597","2602","-1","4","False"
"2593","37","58","85","5","26","37","5","73","-55353.0925634736","1416.3344561156","3657.68261632","3656.4929485321","63","68","2598","2603","-1","4","False"
"2594","37","59","85","5","25","37","5","73","-58712.9221658325","1416.3344561156","3657.68261632","3656.4929485321","64","69","2599","2604","-1","4","False"
"2595","37","60","85","5","24","37","5","73","-62072.7517681914","1416.3344561156","3657.68261632","3656.4929485321","65","70","2600","2605","3","6","True"
"2596","37","61","85","5","23","37","5","73","-65432.5813705503","1416.3344561156","3657.68261632","3656.4929485321","66","71","2601","2606","3","4","True"
"2597","37","62","85","5","22","37","5","73","-68792.4109729092","1416.3344561156","3657.68261632","3656.4929485321","67","72","2602","2607","3","4","True"
"2598","37","63","85","5","21","37","5","73","-72152.2405752682","1416.3344561156","3657.68261632","3656.4929485321","68","73","2603","2608","3","4","True"
"2599","37","64","85","5","20","37","5","73","-75512.0701776271","1416.3344561156","3657.68261632","3656.4929485321","69","74","2604","2609","3","4","True"
"2600","37","65","85","5","19","37","5","73","-78871.899779986","1416.3344561156","3657.68261632","3656.4929485321","70","75","2605","2610","-1","6","False"
"2601","37","66","85","5","18","37","5","73","-82231.7293823449","1416.3344561156","3657.68261632","3656.4929485321","71","76","2606","2611","-1","4","False"
"2602","37","67","85","5","17","37","5","73","-85591.5589847038","1416.3344561156","3657.68261632","3656.4929485321","72","77","2607","2612","-1","4","False"
"2603","37","68","85","5","16","37","5","73","-88951.3885870628","1416.3344561156","3657.68261632","3656.4929485321","73","78","2608","2613","-1","4","False"
"2604","37","69","85","5","15","37","5","73","-92311.2181894217","1416.3344561156","3657.68261632","3656.4929485321","74","79","2609","2614","-1","4","False"
"2605","37","70","85","5","14","37","5","73","-95671.0477917806","1416.3344561156","3657.68261632","3656.4929485321","75","80","2610","2615","-1","6","False"
"2606","37","71","85","5","13","37","5","73","-99030.8773941395","1416.3344561156","3657.68261632","3656.4929485321","76","81","2611","2616","-1","4","False"
"2607","37","72","85","5","12","37","5","73","-102390.706996498","1416.3344561156","3657.68261632","3656.4929485321","77","82","2612","2617","-1","4","False"
"2608","37","73","85","5","11","37","5","73","-105750.536598857","1416.3344561156","3657.68261632","3656.4929485321","78","83","2613","2618","-1","4","False"
"2609","37","74","85","5","10","37","5","73","-109110.366201216","1416.3344561156","3657.68261632","3656.4929485321","79","84","2614","2619","-1","4","False"
"2610","37","75","85","5","9","37","5","73","-112470.195803575","1416.3344561156","3657.68261632","3656.4929485321","65","70","2600","2605","-1","6","False"
"2611","37","76","85","5","8","37","5","73","-115830.025405934","1416.3344561156","3657.68261632","3656.4929485321","66","71","2601","2606","-1","4","False"
"2612","37","77","85","5","7","37","5","73","-119189.855008293","1416.3344561156","3657.68261632","3656.4929485321","67","72","2602","2607","-1","4","False"
"2613","37","78","85","5","6","37","5","73","-122549.684610652","1416.3344561156","3657.68261632","3656.4929485321","68","73","2603","2608","-1","4","False"
"2614","37","79","85","5","5","37","5","73","-125909.514213011","1416.3344561156","3657.68261632","3656.4929485321","69","74","2604","2609","-1","4","False"
"2615","37","80","85","5","4","37","5","73","-129269.34381537","1416.3344561156","3657.68261632","3656.4929485321","70","75","2605","2610","2","6","True"
"2616","37","81","85","5","3","37","5","73","-132629.173417729","1416.3344561156","3657.68261632","3656.4929485321","71","76","2606","2611","2","4","True"
"2617","37","82","85","5","2","37","5","73","-135989.003020088","1416.3344561156","3657.68261632","3656.4929485321","72","77","2607","2612","2","4","True"
"2618","37","83","85","5","1","37","5","73","-139348.832622446","1416.3344561156","3657.68261632","3656.4929485321","73","78","2608","2613","2","4","True"
"2619","37","84","85","5","0","37","5","73","-142708.662224805","1416.3344561156","3657.68261632","3656.4929485321","74","79","2609","2614","2","4","True"
"2620","38","0","85","5","0","38","5","73","-142708.662224805","5040.57175508105","3657.68261632","3656.4929485321","5","10","2625","2630","3","2","True"
"2621","38","1","85","5","1","38","5","73","-139348.832622446","5040.57175508105","3657.68261632","3656.4929485321","6","11","2626","2631","3","3","True"
"2622","38","2","85","5","2","38","5","73","-135989.003020088","5040.57175508105","3657.68261632","3656.4929485321","7","12","2627","2632","3","3","True"
"2623","38","3","85","5","3","38","5","73","-132629.173417729","5040.57175508105","3657.68261632","3656.4929485321","8","13","2628","2633","3","3","True"
"2624","38","4","85","5","4","38","5","73","-129269.34381537","5040.57175508105","3657.68261632","3656.4929485321","9","14","2629","2634","3","4","True"
"2625","38","5","85","5","5","38","5","73","-125909.514213011","5040.57175508105","3657.68261632","3656.4929485321","10","15","2630","2635","-1","3","False"
"2626","38","6","85","5","6","38","5","73","-122549.684610652","5040.57175508105","3657.68261632","3656.4929485321","11","16","2631","2636","-1","3","False"
"2627","38","7","85","5","7","38","5","73","-119189.855008293","5040.57175508105","3657.68261632","3656.4929485321","12","17","2632","2637","-1","3","False"
"2628","38","8","85","5","8","38","5","73","-115830.025405934","5040.57175508105","3657.68261632","3656.4929485321","13","18","2633","2638","-1","3","False"
"2629","38","9","85","5","9","38","5","73","-112470.195803575","5040.57175508105","3657.68261632","3656.4929485321","14","19","2634","2639","-1","4","False"
"2630","38","10","85","5","10","38","5","73","-109110.366201216","5040.57175508105","3657.68261632","3656.4929485321","15","20","2635","2640","-1","3","False"
"2631","38","11","85","5","11","38","5","73","-105750.536598857","5040.57175508105","3657.68261632","3656.4929485321","16","21","2636","2641","-1","3","False"
"2632","38","12","85","5","12","38","5","73","-102390.706996498","5040.57175508105","3657.68261632","3656.4929485321","17","22","2637","2642","-1","3","False"
"2633","38","13","85","5","13","38","5","73","-99030.8773941395","5040.57175508105","3657.68261632","3656.4929485321","18","23","2638","2643","-1","3","False"
"2634","38","14","85","5","14","38","5","73","-95671.0477917806","5040.57175508105","3657.68261632","3656.4929485321","19","24","2639","2644","-1","4","False"
"2635","38","15","85","5","15","38","5","73","-92311.2181894217","5040.57175508105","3657.68261632","3656.4929485321","20","25","2640","2645","3","3","True"
"2636","38","16","85","5","16","38","5","73","-88951.3885870628","5040.57175508105","3657.68261632","3656.4929485321","21","26","2641","2646","3","3","True"
"2637","38","17","85","5","17","38","5","73","-85591.5589847038","5040.57175508105","3657.68261632","3656.4929485321","22","27","2642","2647","3","3","True"
"2638","38","18","85","5","18","38","5","73","-82231.7293823449","5040.57175508105","3657.68261632","3656.4929485321","23","28","2643","2648","3","3","True"
"2639","38","19","85","5","19","38","5","73","-78871.899779986","5040.57175508105","3657.68261632","3656.4929485321","24","29","2644","2649","3","4","True"
"2640","38","20","85","5","20","38","5","73","-75512.0701776271","5040.57175508105","3657.68261632","3656.4929485321","25","30","2645","2650","-1","3","False"
"2641","38","21","85","5","21","38","5","73","-72152.2405752682","5040.57175508105","3657.68261632","3656.4929485321","26","31","2646","2651","-1","3","False"
"2642","38","22","85","5","22","38","5","73","-68792.4109729092","5040.57175508105","3657.68261632","3656.4929485321","27","32","2647","2652","-1","3","False"
"2643","38","23","85","5","23","38","5","73","-65432.5813705503","5040.57175508105","3657.68261632","3656.4929485321","28","33","2648","2653","-1","3","False"
"2644","38","24","85","5","24","38","5","73","-62072.7517681914","5040.57175508105","3657.68261632","3656.4929485321","29","34","2649","2654","-1","4","False"
"2645","38","25","85","5","25","38","5","73","-58712.9221658325","5040.57175508105","3657.68261632","3656.4929485321","30","35","2650","2655","-1","3","False"
"2646","38","26","85","5","26","38","5","73","-55353.0925634736","5040.57175508105","3657.68261632","3656.4929485321","31","36","2651","2656","-1","3","False"
"2647","38","27","85","5","27","38","5","73","-51993.2629611147","5040.57175508105","3657.68261632","3656.4929485321","32","37","2652","2657","-1","3","False"
"2648","38","28","85","5","28","38","5","73","-48633.4333587558","5040.57175508105","3657.68261632","3656.4929485321","33","38","2653","2658","-1","3","False"
"2649","38","29","85","5","29","38","5","73","-45273.6037563968","5040.57175508105","3657.68261632","3656.4929485321","34","39","2654","2659","-1","4","False"
"2650","38","30","85","5","30","38","5","73","-41913.7741540379","5040.57175508105","3657.68261632","3656.4929485321","35","40","2655","2660","3","3","True"
"2651","38","31","85","5","31","38","5","73","-38553.944551679","5040.57175508105","3657.68261632","3656.4929485321","36","41","2656","2661","3","3","True"
"2652","38","32","85","5","32","38","5","73","-35194.1149493201","5040.57175508105","3657.68261632","3656.4929485321","37","42","2657","2662","3","3","True"
"2653","38","33","85","5","33","38","5","73","-31834.2853469612","5040.57175508105","3657.68261632","3656.4929485321","38","43","2658","2663","3","3","True"
"2654","38","34","85","5","34","38","5","73","-28474.4557446023","5040.57175508105","3657.68261632","3656.4929485321","39","44","2659","2664","3","4","True"
"2655","38","35","85","5","35","38","5","73","-25114.6261422433","5040.57175508105","3657.68261632","3656.4929485321","40","45","2660","2665","-1","3","False"
"2656","38","36","85","5","36","38","5","73","-21754.7965398844","5040.57175508105","3657.68261632","3656.4929485321","41","46","2661","2666","-1","3","False"
"2657","38","37","85","5","37","38","5","73","-18394.9669375255","5040.57175508105","3657.68261632","3656.4929485321","42","47","2662","2667","-1","3","False"
"2658","38","38","85","5","38","38","5","73","-15035.1373351666","5040.57175508105","3657.68261632","3656.4929485321","43","48","2663","2668","-1","3","False"
"2659","38","39","85","5","39","38","5","73","-11675.3077328077","5040.57175508105","3657.68261632","3656.4929485321","44","49","2664","2669","-1","4","False"
"2660","38","40","85","5","40","38","5","73","-8315.47813044874","5040.57175508105","3657.68261632","3656.4929485321","45","50","2665","2670","-1","3","False"
"2661","38","41","85","5","41","38","5","73","-4955.64852808984","5040.57175508105","3657.68261632","3656.4929485321","46","51","2666","2671","-1","3","False"
"2662","38","42","85","5","42","38","5","73","-1595.81892573092","5040.57175508105","3657.68261632","3656.4929485321","47","52","2667","2672","-1","3","False"
"2663","38","43","85","5","43","38","5","73","1764.01067662801","5040.57175508105","3657.68261632","3656.4929485321","48","53","2668","2673","-1","3","False"
"2664","38","44","85","5","44","38","5","73","5123.84027898691","5040.57175508105","3657.68261632","3656.4929485321","49","54","2669","2674","-1","4","False"
"2665","38","45","85","5","45","38","5","73","8483.66988134584","5040.57175508105","3657.68261632","3656.4929485321","50","55","2670","2675","3","3","True"
"2666","38","46","85","5","46","38","5","73","11843.4994837047","5040.57175508105","3657.68261632","3656.4929485321","51","56","2671","2676","3","3","True"
"2667","38","47","85","5","47","38","5","73","15203.3290860637","5040.57175508105","3657.68261632","3656.4929485321","52","57","2672","2677","3","3","True"
"2668","38","48","85","5","48","38","5","73","18563.1586884226","5040.57175508105","3657.68261632","3656.4929485321","53","58","2673","2678","3","3","True"
"2669","38","49","85","5","49","38","5","73","21922.9882907815","5040.57175508105","3657.68261632","3656.4929485321","54","59","2674","2679","3","4","True"
"2670","38","50","85","5","50","38","5","73","25282.8178931404","5040.57175508105","3657.68261632","3656.4929485321","55","60","2675","2680","-1","3","False"
"2671","38","51","85","5","51","38","5","73","28642.6474954993","5040.57175508105","3657.68261632","3656.4929485321","56","61","2676","2681","-1","3","False"
"2672","38","52","85","5","52","38","5","73","32002.4770978583","5040.57175508105","3657.68261632","3656.4929485321","57","62","2677","2682","-1","3","False"
"2673","38","53","85","5","53","38","5","73","35362.3067002172","5040.57175508105","3657.68261632","3656.4929485321","58","63","2678","2683","-1","3","False"
"2674","38","54","85","5","54","38","5","73","38722.1363025761","5040.57175508105","3657.68261632","3656.4929485321","59","64","2679","2684","-1","4","False"
"2675","38","55","85","5","55","38","5","73","42081.965904935","5040.57175508105","3657.68261632","3656.4929485321","60","65","2680","2685","-1","3","False"
"2676","38","56","85","5","56","38","5","73","45441.7955072939","5040.57175508105","3657.68261632","3656.4929485321","61","66","2681","2686","-1","3","False"
"2677","38","57","85","5","57","38","5","73","48801.6251096528","5040.57175508105","3657.68261632","3656.4929485321","62","67","2682","2687","-1","3","False"
"2678","38","58","85","5","58","38","5","73","52161.4547120117","5040.57175508105","3657.68261632","3656.4929485321","63","68","2683","2688","-1","3","False"
"2679","38","59","85","5","59","38","5","73","55521.2843143707","5040.57175508105","3657.68261632","3656.4929485321","64","69","2684","2689","-1","4","False"
"2680","38","60","85","5","60","38","5","73","58881.1139167296","5040.57175508105","3657.68261632","3656.4929485321","65","70","2685","2690","3","3","True"
"2681","38","61","85","5","61","38","5","73","62240.9435190885","5040.57175508105","3657.68261632","3656.4929485321","66","71","2686","2691","3","3","True"
"2682","38","62","85","5","62","38","5","73","65600.7731214474","5040.57175508105","3657.68261632","3656.4929485321","67","72","2687","2692","3","3","True"
"2683","38","63","85","5","63","38","5","73","68960.6027238063","5040.57175508105","3657.68261632","3656.4929485321","68","73","2688","2693","3","3","True"
"2684","38","64","85","5","64","38","5","73","72320.4323261653","5040.57175508105","3657.68261632","3656.4929485321","69","74","2689","2694","3","4","True"
"2685","38","65","85","5","65","38","5","73","75680.2619285242","5040.57175508105","3657.68261632","3656.4929485321","70","75","2690","2695","-1","3","False"
"2686","38","66","85","5","66","38","5","73","79040.0915308831","5040.57175508105","3657.68261632","3656.4929485321","71","76","2691","2696","-1","3","False"
"2687","38","67","85","5","67","38","5","73","82399.921133242","5040.57175508105","3657.68261632","3656.4929485321","72","77","2692","2697","-1","3","False"
"2688","38","68","85","5","68","38","5","73","85759.7507356009","5040.57175508105","3657.68261632","3656.4929485321","73","78","2693","2698","-1","3","False"
"2689","38","69","85","5","69","38","5","73","89119.5803379599","5040.57175508105","3657.68261632","3656.4929485321","74","79","2694","2699","-1","4","False"
"2690","38","70","85","5","70","38","5","73","92479.4099403188","5040.57175508105","3657.68261632","3656.4929485321","75","80","2695","2700","-1","3","False"
"2691","38","71","85","5","71","38","5","73","95839.2395426777","5040.57175508105","3657.68261632","3656.4929485321","76","81","2696","2701","-1","3","False"
"2692","38","72","85","5","72","38","5","73","99199.0691450366","5040.57175508105","3657.68261632","3656.4929485321","77","82","2697","2702","-1","3","False"
"2693","38","73","85","5","73","38","5","73","102558.898747396","5040.57175508105","3657.68261632","3656.4929485321","78","83","2698","2703","-1","3","False"
"2694","38","74","85","5","74","38","5","73","105918.728349754","5040.57175508105","3657.68261632","3656.4929485321","79","84","2699","2704","-1","4","False"
"2695","38","75","85","5","75","38","5","73","109278.557952113","5040.57175508105","3657.68261632","3656.4929485321","65","70","2685","2690","-1","3","False"
"2696","38","76","85","5","76","38","5","73","112638.387554472","5040.57175508105","3657.68261632","3656.4929485321","66","71","2686","2691","-1","3","False"
"2697","38","77","85","5","77","38","5","73","115998.217156831","5040.57175508105","3657.68261632","3656.4929485321","67","72","2687","2692","-1","3","False"
"2698","38","78","85","5","78","38","5","73","119358.04675919","5040.57175508105","3657.68261632","3656.4929485321","68","73","2688","2693","-1","3","False"
"2699","38","79","85","5","79","38","5","73","122717.876361549","5040.57175508105","3657.68261632","3656.4929485321","69","74","2689","2694","-1","4","False"
"2700","38","80","85","5","80","38","5","73","126077.705963908","5040.57175508105","3657.68261632","3656.4929485321","70","75","2690","2695","2","3","True"
"2701","38","81","85","5","81","38","5","73","129437.535566267","5040.57175508105","3657.68261632","3656.4929485321","71","76","2691","2696","2","3","True"
"2702","38","82","85","5","82","38","5","73","132797.365168626","5040.57175508105","3657.68261632","3656.4929485321","72","77","2692","2697","2","3","True"
"2703","38","83","85","5","83","38","5","73","136157.194770985","5040.57175508105","3657.68261632","3656.4929485321","73","78","2693","2698","2","3","True"
"2704","38","84","85","5","84","38","5","73","139517.024373344","5040.57175508105","3657.68261632","3656.4929485321","74","79","2694","2699","2","3","True"
"2705","39","0","85","5","84","39","5","73","139517.024373344","8664.80881562793","3657.68261632","3656.4929485321","5","10","2710","2715","3","2","True"
"2706","39","1","85","5","83","39","5","73","136157.194770985","8664.80881562793","3657.68261632","3656.4929485321","6","11","2711","2716","3","3","True"
"2707","39","2","85","5","82","39","5","73","132797.365168626","8664.80881562793","3657.68261632","3656.4929485321","7","12","2712","2717","3","3","True"
"2708","39","3","85","5","81","39","5","73","129437.535566267","8664.80881562793","3657.68261632","3656.4929485321","8","13","2713","2718","3","3","True"
"2709","39","4","85","5","80","39","5","73","126077.705963908","8664.80881562793","3657.68261632","3656.4929485321","9","14","2714","2719","3","3","True"
"2710","39","5","85","5","79","39","5","73","122717.876361549","8664.80881562793","3657.68261632","3656.4929485321","10","15","2715","2720","-1","4","False"
"2711","39","6","85","5","78","39","5","73","119358.04675919","8664.80881562793","3657.68261632","3656.4929485321","11","16","2716","2721","-1","3","False"
"2712","39","7","85","5","77","39","5","73","115998.217156831","8664.80881562793","3657.68261632","3656.4929485321","12","17","2717","2722","-1","3","False"
"2713","39","8","85","5","76","39","5","73","112638.387554472","8664.80881562793","3657.68261632","3656.4929485321","13","18","2718","2723","-1","3","False"
"2714","39","9","85","5","75","39","5","73","109278.557952113","8664.80881562793","3657.68261632","3656.4929485321","14","19","2719","2724","-1","3","False"
"2715","39","10","85","5","74","39","5","73","105918.728349754","8664.80881562793","3657.68261632","3656.4929485321","15","20","2720","2725","-1","4","False"
"2716","39","11","85","5","73","39","5","73","102558.898747396","8664.80881562793","3657.68261632","3656.4929485321","16","21","2721","2726","-1","3","False"
"2717","39","12","85","5","72","39","5","73","99199.0691450366","8664.80881562793","3657.68261632","3656.4929485321","17","22","2722","2727","-1","3","False"
"2718","39","13","85","5","71","39","5","73","95839.2395426777","8664.80881562793","3657.68261632","3656.4929485321","18","23","2723","2728","-1","3","False"
"2719","39","14","85","5","70","39","5","73","92479.4099403188","8664.80881562793","3657.68261632","3656.4929485321","19","24","2724","2729","-1","3","False"
"2720","39","15","85","5","69","39","5","73","89119.5803379599","8664.80881562793","3657.68261632","3656.4929485321","20","25","2725","2730","3","4","True"
"2721","39","16","85","5","68","39","5","73","85759.7507356009","8664.80881562793","3657.68261632","3656.4929485321","21","26","2726","2731","3","3","True"
"2722","39","17","85","5","67","39","5","73","82399.921133242","8664.80881562793","3657.68261632","3656.4929485321","22","27","2727","2732","3","3","True"
"2723","39","18","85","5","66","39","5","73","79040.0915308831","8664.80881562793","3657.68261632","3656.4929485321","23","28","2728","2733","3","3","True"
"2724","39","19","85","5","65","39","5","73","75680.2619285242","8664.80881562793","3657.68261632","3656.4929485321","24","29","2729","2734","3","3","True"
"2725","39","20","85","5","64","39","5","73","72320.4323261653","8664.80881562793","3657.68261632","3656.4929485321","25","30","2730","2735","-1","4","False"
"2726","39","21","85","5","63","39","5","73","68960.6027238063","8664.80881562793","3657.68261632","3656.4929485321","26","31","2731","2736","-1","3","False"
"2727","39","22","85","5","62","39","5","73","65600.7731214474","8664.80881562793","3657.68261632","3656.4929485321","27","32","2732","2737","-1","3","False"
"2728","39","23","85","5","61","39","5","73","62240.9435190885","8664.80881562793","3657.68261632","3656.4929485321","28","33","2733","2738","-1","3","False"
"2729","39","24","85","5","60","39","5","73","58881.1139167296","8664.80881562793","3657.68261632","3656.4929485321","29","34","2734","2739","-1","3","False"
"2730","39","25","85","5","59","39","5","73","55521.2843143707","8664.80881562793","3657.68261632","3656.4929485321","30","35","2735","2740","-1","4","False"
"2731","39","26","85","5","58","39","5","73","52161.4547120117","8664.80881562793","3657.68261632","3656.4929485321","31","36","2736","2741","-1","3","False"
"2732","39","27","85","5","57","39","5","73","48801.6251096528","8664.80881562793","3657.68261632","3656.4929485321","32","37","2737","2742","-1","3","False"
"2733","39","28","85","5","56","39","5","73","45441.7955072939","8664.80881562793","3657.68261632","3656.4929485321","33","38","2738","2743","-1","3","False"
"2734","39","29","85","5","55","39","5","73","42081.965904935","8664.80881562793","3657.68261632","3656.4929485321","34","39","2739","2744","-1","3","False"
"2735","39","30","85","5","54","39","5","73","38722.1363025761","8664.80881562793","3657.68261632","3656.4929485321","35","40","2740","2745","3","4","True"
"2736","39","31","85","5","53","39","5","73","35362.3067002172","8664.80881562793","3657.68261632","3656.4929485321","36","41","2741","2746","3","3","True"
"2737","39","32","85","5","52","39","5","73","32002.4770978583","8664.80881562793","3657.68261632","3656.4929485321","37","42","2742","2747","3","3","True"
"2738","39","33","85","5","51","39","5","73","28642.6474954993","8664.80881562793","3657.68261632","3656.4929485321","38","43","2743","2748","3","3","True"
"2739","39","34","85","5","50","39","5","73","25282.8178931404","8664.80881562793","3657.68261632","3656.4929485321","39","44","2744","2749","3","3","True"
"2740","39","35","85","5","49","39","5","73","21922.9882907815","8664.80881562793","3657.68261632","3656.4929485321","40","45","2745","2750","-1","4","False"
"2741","39","36","85","5","48","39","5","73","18563.1586884226","8664.80881562793","3657.68261632","3656.4929485321","41","46","2746","2751","-1","3","False"
"2742","39","37","85","5","47","39","5","73","15203.3290860637","8664.80881562793","3657.68261632","3656.4929485321","42","47","2747","2752","-1","3","False"
"2743","39","38","85","5","46","39","5","73","11843.4994837047","8664.80881562793","3657.68261632","3656.4929485321","43","48","2748","2753","-1","3","False"
"2744","39","39","85","5","45","39","5","73","8483.66988134584","8664.80881562793","3657.68261632","3656.4929485321","44","49","2749","2754","-1","3","False"
"2745","39","40","85","5","44","39","5","73","5123.84027898691","8664.80881562793","3657.68261632","3656.4929485321","45","50","2750","2755","-1","4","False"
"2746","39","41","85","5","43","39","5","73","1764.01067662801","8664.80881562793","3657.68261632","3656.4929485321","46","51","2751","2756","-1","3","False"
"2747","39","42","85","5","42","39","5","73","-1595.81892573092","8664.80881562793","3657.68261632","3656.4929485321","47","52","2752","2757","-1","3","False"
"2748","39","43","85","5","41","39","5","73","-4955.64852808984","8664.80881562793","3657.68261632","3656.4929485321","48","53","2753","2758","-1","3","False"
"2749","39","44","85","5","40","39","5","73","-8315.47813044874","8664.80881562793","3657.68261632","3656.4929485321","49","54","2754","2759","-1","3","False"
"2750","39","45","85","5","39","39","5","73","-11675.3077328077","8664.80881562793","3657.68261632","3656.4929485321","50","55","2755","2760","3","4","True"
"2751","39","46","85","5","38","39","5","73","-15035.1373351666","8664.80881562793","3657.68261632","3656.4929485321","51","56","2756","2761","3","3","True"
"2752","39","47","85","5","37","39","5","73","-18394.9669375255","8664.80881562793","3657.68261632","3656.4929485321","52","57","2757","2762","3","3","True"
"2753","39","48","85","5","36","39","5","73","-21754.7965398844","8664.80881562793","3657.68261632","3656.4929485321","53","58","2758","2763","3","3","True"
"2754","39","49","85","5","35","39","5","73","-25114.6261422433","8664.80881562793","3657.68261632","3656.4929485321","54","59","2759","2764","3","3","True"
"2755","39","50","85","5","34","39","5","73","-28474.4557446023","8664.80881562793","3657.68261632","3656.4929485321","55","60","2760","2765","-1","4","False"
"2756","39","51","85","5","33","39","5","73","-31834.2853469612","8664.80881562793","3657.68261632","3656.4929485321","56","61","2761","2766","-1","3","False"
"2757","39","52","85","5","32","39","5","73","-35194.1149493201","8664.80881562793","3657.68261632","3656.4929485321","57","62","2762","2767","-1","3","False"
"2758","39","53","85","5","31","39","5","73","-38553.944551679","8664.80881562793","3657.68261632","3656.4929485321","58","63","2763","2768","-1","3","False"
"2759","39","54","85","5","30","39","5","73","-41913.7741540379","8664.80881562793","3657.68261632","3656.4929485321","59","64","2764","2769","-1","3","False"
"2760","39","55","85","5","29","39","5","73","-45273.6037563968","8664.80881562793","3657.68261632","3656.4929485321","60","65","2765","2770","-1","4","False"
"2761","39","56","85","5","28","39","5","73","-48633.4333587558","8664.80881562793","3657.68261632","3656.4929485321","61","66","2766","2771","-1","3","False"
"2762","39","57","85","5","27","39","5","73","-51993.2629611147","8664.80881562793","3657.68261632","3656.4929485321","62","67","2767","2772","-1","3","False"
"2763","39","58","85","5","26","39","5","73","-55353.0925634736","8664.80881562793","3657.68261632","3656.4929485321","63","68","2768","2773","-1","3","False"
"2764","39","59","85","5","25","39","5","73","-58712.9221658325","8664.80881562793","3657.68261632","3656.4929485321","64","69","2769","2774","-1","3","False"
"2765","39","60","85","5","24","39","5","73","-62072.7517681914","8664.80881562793","3657.68261632","3656.4929485321","65","70","2770","2775","3","4","True"
"2766","39","61","85","5","23","39","5","73","-65432.5813705503","8664.80881562793","3657.68261632","3656.4929485321","66","71","2771","2776","3","3","True"
"2767","39","62","85","5","22","39","5","73","-68792.4109729092","8664.80881562793","3657.68261632","3656.4929485321","67","72","2772","2777","3","3","True"
"2768","39","63","85","5","21","39","5","73","-72152.2405752682","8664.80881562793","3657.68261632","3656.4929485321","68","73","2773","2778","3","3","True"
"2769","39","64","85","5","20","39","5","73","-75512.0701776271","8664.80881562793","3657.68261632","3656.4929485321","69","74","2774","2779","3","3","True"
"2770","39","65","85","5","19","39","5","73","-78871.899779986","8664.80881562793","3657.68261632","3656.4929485321","70","75","2775","2780","-1","4","False"
"2771","39","66","85","5","18","39","5","73","-82231.7293823449","8664.80881562793","3657.68261632","3656.4929485321","71","76","2776","2781","-1","3","False"
"2772","39","67","85","5","17","39","5","73","-85591.5589847038","8664.80881562793","3657.68261632","3656.4929485321","72","77","2777","2782","-1","3","False"
"2773","39","68","85","5","16","39","5","73","-88951.3885870628","8664.80881562793","3657.68261632","3656.4929485321","73","78","2778","2783","-1","3","False"
"2774","39","69","85","5","15","39","5","73","-92311.2181894217","8664.80881562793","3657.68261632","3656.4929485321","74","79","2779","2784","-1","3","False"
"2775","39","70","85","5","14","39","5","73","-95671.0477917806","8664.80881562793","3657.68261632","3656.4929485321","75","80","2780","2785","-1","4","False"
"2776","39","71","85","5","13","39","5","73","-99030.8773941395","8664.80881562793","3657.68261632","3656.4929485321","76","81","2781","2786","-1","3","False"
"2777","39","72","85","5","12","39","5","73","-102390.706996498","8664.80881562793","3657.68261632","3656.4929485321","77","82","2782","2787","-1","3","False"
"2778","39","73","85","5","11","39","5","73","-105750.536598857","8664.80881562793","3657.68261632","3656.4929485321","78","83","2783","2788","-1","3","False"
"2779","39","74","85","5","10","39","5","73","-109110.366201216","8664.80881562793","3657.68261632","3656.4929485321","79","84","2784","2789","-1","3","False"
"2780","39","75","85","5","9","39","5","73","-112470.195803575","8664.80881562793","3657.68261632","3656.4929485321","65","70","2770","2775","-1","4","False"
"2781","39","76","85","5","8","39","5","73","-115830.025405934","8664.80881562793","3657.68261632","3656.4929485321","66","71","2771","2776","-1","3","False"
"2782","39","77","85","5","7","39","5","73","-119189.855008293","8664.80881562793","3657.68261632","3656.4929485321","67","72","2772","2777","-1","3","False"
"2783","39","78","85","5","6","39","5","73","-122549.684610652","8664.80881562793","3657.68261632","3656.4929485321","68","73","2773","2778","-1","3","False"
"2784","39","79","85","5","5","39","5","73","-125909.514213011","8664.80881562793","3657.68261632","3656.4929485321","69","74","2774","2779","-1","3","False"
"2785","39","80","85","5","4","39","5","73","-129269.34381537","8664.80881562793","3657.68261632","3656.4929485321","70","75","2775","2780","2","4","True"
"2786","39","81","85","5","3","39","5","73","-132629.173417729","8664.80881562793","3657.68261632","3656.4929485321","71","76","2776","2781","2","3","True"
"2787","39","82","85","5","2","39","5","73","-135989.003020088","8664.80881562793","3657.68261632","3656.4929485321","72","77","2777","2782","2","3","True"
"2788","39","83","85","5","1","39","5","73","-139348.832622446","8664.80881562793","3657.68261632","3656.4929485321","73","78","2778","2783","2","3","True"
"2789","39","84","85","5","0","39","5","73","-142708.662224805","8664.80881562793","3657.68261632","3656.4929485321","74","79","2779","2784","2","3","True"
"2790","40","0","85","5","0","40","5","73","-142708.662224805","12289.0458761748","3657.68261632","3656.4929485321","5","10","2795","2800","3","3","True"
"2791","40","1","85","5","1","40","5","73","-139348.832622446","12289.0458761748","3657.68261632","3656.4929485321","6","11","2796","2801","3","4","True"
"2792","40","2","85","5","2","40","5","73","-135989.003020088","12289.0458761748","3657.68261632","3656.4929485321","7","12","2797","2802","3","4","True"
"2793","40","3","85","5","3","40","5","73","-132629.173417729","12289.0458761748","3657.68261632","3656.4929485321","8","13","2798","2803","3","4","True"
"2794","40","4","85","5","4","40","5","73","-129269.34381537","12289.0458761748","3657.68261632","3656.4929485321","9","14","2799","2804","3","6","True"
"2795","40","5","85","5","5","40","5","73","-125909.514213011","12289.0458761748","3657.68261632","3656.4929485321","10","15","2800","2805","-1","4","False"
"2796","40","6","85","5","6","40","5","73","-122549.684610652","12289.0458761748","3657.68261632","3656.4929485321","11","16","2801","2806","-1","4","False"
"2797","40","7","85","5","7","40","5","73","-119189.855008293","12289.0458761748","3657.68261632","3656.4929485321","12","17","2802","2807","-1","4","False"
"2798","40","8","85","5","8","40","5","73","-115830.025405934","12289.0458761748","3657.68261632","3656.4929485321","13","18","2803","2808","-1","4","False"
"2799","40","9","85","5","9","40","5","73","-112470.195803575","12289.0458761748","3657.68261632","3656.4929485321","14","19","2804","2809","-1","6","False"
"2800","40","10","85","5","10","40","5","73","-109110.366201216","12289.0458761748","3657.68261632","3656.4929485321","15","20","2805","2810","-1","4","False"
"2801","40","11","85","5","11","40","5","73","-105750.536598857","12289.0458761748","3657.68261632","3656.4929485321","16","21","2806","2811","-1","4","False"
"2802","40","12","85","5","12","40","5","73","-102390.706996498","12289.0458761748","3657.68261632","3656.4929485321","17","22","2807","2812","-1","4","False"
"2803","40","13","85","5","13","40","5","73","-99030.8773941395","12289.0458761748","3657.68261632","3656.4929485321","18","23","2808","2813","-1","4","False"
"2804","40","14","85","5","14","40","5","73","-95671.0477917806","12289.0458761748","3657.68261632","3656.4929485321","19","24","2809","2814","-1","6","False"
"2805","40","15","85","5","15","40","5","73","-92311.2181894217","12289.0458761748","3657.68261632","3656.4929485321","20","25","2810","2815","3","4","True"
"2806","40","16","85","5","16","40","5","73","-88951.3885870628","12289.0458761748","3657.68261632","3656.4929485321","21","26","2811","2816","3","4","True"
"2807","40","17","85","5","17","40","5","73","-85591.5589847038","12289.0458761748","3657.68261632","3656.4929485321","22","27","2812","2817","3","4","True"
"2808","40","18","85","5","18","40","5","73","-82231.7293823449","12289.0458761748","3657.68261632","3656.4929485321","23","28","2813","2818","3","4","True"
"2809","40","19","85","5","19","40","5","73","-78871.899779986","12289.0458761748","3657.68261632","3656.4929485321","24","29","2814","2819","3","6","True"
"2810","40","20","85","5","20","40","5","73","-75512.0701776271","12289.0458761748","3657.68261632","3656.4929485321","25","30","2815","2820","-1","4","False"
"2811","40","21","85","5","21","40","5","73","-72152.2405752682","12289.0458761748","3657.68261632","3656.4929485321","26","31","2816","2821","-1","4","False"
"2812","40","22","85","5","22","40","5","73","-68792.4109729092","12289.0458761748","3657.68261632","3656.4929485321","27","32","2817","2822","-1","4","False"
"2813","40","23","85","5","23","40","5","73","-65432.5813705503","12289.0458761748","3657.68261632","3656.4929485321","28","33","2818","2823","-1","4","False"
"2814","40","24","85","5","24","40","5","73","-62072.7517681914","12289.0458761748","3657.68261632","3656.4929485321","29","34","2819","2824","-1","6","False"
"2815","40","25","85","5","25","40","5","73","-58712.9221658325","12289.0458761748","3657.68261632","3656.4929485321","30","35","2820","2825","-1","4","False"
"2816","40","26","85","5","26","40","5","73","-55353.0925634736","12289.0458761748","3657.68261632","3656.4929485321","31","36","2821","2826","-1","4","False"
"2817","40","27","85","5","27","40","5","73","-51993.2629611147","12289.0458761748","3657.68261632","3656.4929485321","32","37","2822","2827","-1","4","False"
"2818","40","28","85","5","28","40","5","73","-48633.4333587558","12289.0458761748","3657.68261632","3656.4929485321","33","38","2823","2828","-1","4","False"
"2819","40","29","85","5","29","40","5","73","-45273.6037563968","12289.0458761748","3657.68261632","3656.4929485321","34","39","2824","2829","-1","6","False"
"2820","40","30","85","5","30","40","5","73","-41913.7741540379","12289.0458761748","3657.68261632","3656.4929485321","35","40","2825","2830","3","4","True"
"2821","40","31","85","5","31","40","5","73","-38553.944551679","12289.0458761748","3657.68261632","3656.4929485321","36","41","2826","2831","3","4","True"
"2822","40","32","85","5","32","40","5","73","-35194.1149493201","12289.0458761748","3657.68261632","3656.4929485321","37","42","2827","2832","3","4","True"
"2823","40","33","85","5","33","40","5","73","-31834.2853469612","12289.0458761748","3657.68261632","3656.4929485321","38","43","2828","2833","3","4","True"
"2824","40","34","85","5","34","40","5","73","-28474.4557446023","12289.0458761748","3657.68261632","3656.4929485321","39","44","2829","2834","3","6","True"
"2825","40","35","85","5","35","40","5","73","-25114.6261422433","12289.0458761748","3657.68261632","3656.4929485321","40","45","2830","2835","-1","4","False"
"2826","40","36","85","5","36","40","5","73","-21754.7965398844","12289.0458761748","3657.68261632","3656.4929485321","41","46","2831","2836","-1","4","False"
"2827","40","37","85","5","37","40","5","73","-18394.9669375255","12289.0458761748","3657.68261632","3656.4929485321","42","47","2832","2837","-1","4","False"
"2828","40","38","85","5","38","40","5","73","-15035.1373351666","12289.0458761748","3657.68261632","3656.4929485321","43","48","2833","2838","-1","4","False"
"2829","40","39","85","5","39","40","5","73","-11675.3077328077","12289.0458761748","3657.68261632","3656.4929485321","44","49","2834","2839","-1","6","False"
"2830","40","40","85","5","40","40","5","73","-8315.47813044874","12289.0458761748","3657.68261632","3656.4929485321","45","50","2835","2840","-1","4","False"
"2831","40","41","85","5","41","40","5","73","-4955.64852808984","12289.0458761748","3657.68261632","3656.4929485321","46","51","2836","2841","-1","4","False"
"2832","40","42","85","5","42","40","5","73","-1595.81892573092","12289.0458761748","3657.68261632","3656.4929485321","47","52","2837","2842","-1","4","False"
"2833","40","43","85","5","43","40","5","73","1764.01067662801","12289.0458761748","3657.68261632","3656.4929485321","48","53","2838","2843","-1","4","False"
"2834","40","44","85","5","44","40","5","73","5123.84027898691","12289.0458761748","3657.68261632","3656.4929485321","49","54","2839","2844","-1","6","False"
"2835","40","45","85","5","45","40","5","73","8483.66988134584","12289.0458761748","3657.68261632","3656.4929485321","50","55","2840","2845","3","4","True"
"2836","40","46","85","5","46","40","5","73","11843.4994837047","12289.0458761748","3657.68261632","3656.4929485321","51","56","2841","2846","3","4","True"
"2837","40","47","85","5","47","40","5","73","15203.3290860637","12289.0458761748","3657.68261632","3656.4929485321","52","57","2842","2847","3","4","True"
"2838","40","48","85","5","48","40","5","73","18563.1586884226","12289.0458761748","3657.68261632","3656.4929485321","53","58","2843","2848","3","4","True"
"2839","40","49","85","5","49","40","5","73","21922.9882907815","12289.0458761748","3657.68261632","3656.4929485321","54","59","2844","2849","3","6","True"
"2840","40","50","85","5","50","40","5","73","25282.8178931404","12289.0458761748","3657.68261632","3656.4929485321","55","60","2845","2850","-1","4","False"
"2841","40","51","85","5","51","40","5","73","28642.6474954993","12289.0458761748","3657.68261632","3656.4929485321","56","61","2846","2851","-1","4","False"
"2842","40","52","85","5","52","40","5","73","32002.4770978583","12289.0458761748","3657.68261632","3656.4929485321","57","62","2847","2852","-1","4","False"
"2843","40","53","85","5","53","40","5","73","35362.3067002172","12289.0458761748","3657.68261632","3656.4929485321","58","63","2848","2853","-1","4","False"
"2844","40","54","85","5","54","40","5","73","38722.1363025761","12289.0458761748","3657.68261632","3656.4929485321","59","64","2849","2854","-1","6","False"
"2845","40","55","85","5","55","40","5","73","42081.965904935","12289.0458761748","3657.68261632","3656.4929485321","60","65","2850","2855","-1","4","False"
"2846","40","56","85","5","56","40","5","73","45441.7955072939","12289.0458761748","3657.68261632","3656.4929485321","61","66","2851","2856","-1","4","False"
"2847","40","57","85","5","57","40","5","73","48801.6251096528","12289.0458761748","3657.68261632","3656.4929485321","62","67","2852","2857","-1","4","False"
"2848","40","58","85","5","58","40","5","73","52161.4547120117","12289.0458761748","3657.68261632","3656.4929485321","63","68","2853","2858","-1","4","False"
"2849","40","59","85","5","59","40","5","73","55521.2843143707","12289.0458761748","3657.68261632","3656.4929485321","64","69","2854","2859","-1","6","False"
"2850","40","60","85","5","60","40","5","73","58881.1139167296","12289.0458761748","3657.68261632","3656.4929485321","65","70","2855","2860","3","4","True"
"2851","40","61","85","5","61","40","5","73","62240.9435190885","12289.0458761748","3657.68261632","3656.4929485321","66","71","2856","2861","3","4","True"
"2852","40","62","85","5","62","40","5","73","65600.7731214474","12289.0458761748","3657.68261632","3656.4929485321","67","72","2857","2862","3","4","True"
"2853","40","63","85","5","63","40","5","73","68960.6027238063","12289.0458761748","3657.68261632","3656.4929485321","68","73","2858","2863","3","4","True"
"2854","40","64","85","5","64","40","5","73","72320.4323261653","12289.0458761748","3657.68261632","3656.4929485321","69","74","2859","2864","3","6","True"
"2855","40","65","85","5","65","40","5","73","75680.2619285242","12289.0458761748","3657.68261632","3656.4929485321","70","75","2860","2865","-1","4","False"
"2856","40","66","85","5","66","40","5","73","79040.0915308831","12289.0458761748","3657.68261632","3656.4929485321","71","76","2861","2866","-1","4","False"
"2857","40","67","85","5","67","40","5","73","82399.921133242","12289.0458761748","3657.68261632","3656.4929485321","72","77","2862","2867","-1","4","False"
"2858","40","68","85","5","68","40","5","73","85759.7507356009","12289.0458761748","3657.68261632","3656.4929485321","73","78","2863","2868","-1","4","False"
"2859","40","69","85","5","69","40","5","73","89119.5803379599","12289.0458761748","3657.68261632","3656.4929485321","74","79","2864","2869","-1","6","False"
"2860","40","70","85","5","70","40","5","73","92479.4099403188","12289.0458761748","3657.68261632","3656.4929485321","75","80","2865","2870","-1","4","False"
"2861","40","71","85","5","71","40","5","73","95839.2395426777","12289.0458761748","3657.68261632","3656.4929485321","76","81","2866","2871","-1","4","False"
"2862","40","72","85","5","72","40","5","73","99199.0691450366","12289.0458761748","3657.68261632","3656.4929485321","77","82","2867","2872","-1","4","False"
"2863","40","73","85","5","73","40","5","73","102558.898747396","12289.0458761748","3657.68261632","3656.4929485321","78","83","2868","2873","-1","4","False"
"2864","40","74","85","5","74","40","5","73","105918.728349754","12289.0458761748","3657.68261632","3656.4929485321","79","84","2869","2874","-1","6","False"
"2865","40","75","85","5","75","40","5","73","109278.557952113","12289.0458761748","3657.68261632","3656.4929485321","65","70","2855","2860","-1","4","False"
"2866","40","76","85","5","76","40","5","73","112638.387554472","12289.0458761748","3657.68261632","3656.4929485321","66","71","2856","2861","-1","4","False"
"2867","40","77","85","5","77","40","5","73","115998.217156831","12289.0458761748","3657.68261632","3656.4929485321","67","72","2857","2862","-1","4","False"
"2868","40","78","85","5","78","40","5","73","119358.04675919","12289.0458761748","3657.68261632","3656.4929485321","68","73","2858","2863","-1","4","False"
"2869","40","79","85","5","79","40","5","73","122717.876361549","12289.0458761748","3657.68261632","3656.4929485321","69","74","2859","2864","-1","6","False"
"2870","40","80","85","5","80","40","5","73","126077.705963908","12289.0458761748","3657.68261632","3656.4929485321","70","75","2860","2865","2","4","True"
"2871","40","81","85","5","81","40","5","73","129437.535566267","12289.0458761748","3657.68261632","3656.4929485321","71","76","2861","2866","2","4","True"
"2872","40","82","85","5","82","40","5","73","132797.365168626","12289.0458761748","3657.68261632","3656.4929485321","72","77","2862","2867","2","4","True"
"2873","40","83","85","5","83","40","5","73","136157.194770985","12289.0458761748","3657.68261632","3656.4929485321","73","78","2863","2868","2","4","True"
"2874","40","84","85","5","84","40","5","73","139517.024373344","12289.0458761748","3657.68261632","3656.4929485321","74","79","2864","2869","2","4","True"
"2875","41","0","85","5","84","41","5","73","139517.024373344","15913.2829367217","3657.68261632","3656.4929485321","5","10","2880","2885","3","2","True"
"2876","41","1","85","5","83","41","5","73","136157.194770985","15913.2829367217","3657.68261632","3656.4929485321","6","11","2881","2886","3","3","True"
"2877","41","2","85","5","82","41","5","73","132797.365168626","15913.2829367217","3657.68261632","3656.4929485321","7","12","2882","2887","3","3","True"
"2878","41","3","85","5","81","41","5","73","129437.535566267","15913.2829367217","3657.68261632","3656.4929485321","8","13","2883","2888","3","3","True"
"2879","41","4","85","5","80","41","5","73","126077.705963908","15913.2829367217","3657.68261632","3656.4929485321","9","14","2884","2889","3","3","True"
"2880","41","5","85","5","79","41","5","73","122717.876361549","15913.2829367217","3657.68261632","3656.4929485321","10","15","2885","2890","-1","4","False"
"2881","41","6","85","5","78","41","5","73","119358.04675919","15913.2829367217","3657.68261632","3656.4929485321","11","16","2886","2891","-1","3","False"
"2882","41","7","85","5","77","41","5","73","115998.217156831","15913.2829367217","3657.68261632","3656.4929485321","12","17","2887","2892","-1","3","False"
"2883","41","8","85","5","76","41","5","73","112638.387554472","15913.2829367217","3657.68261632","3656.4929485321","13","18","2888","2893","-1","3","False"
"2884","41","9","85","5","75","41","5","73","109278.557952113","15913.2829367217","3657.68261632","3656.4929485321","14","19","2889","2894","-1","3","False"
"2885","41","10","85","5","74","41","5","73","105918.728349754","15913.2829367217","3657.68261632","3656.4929485321","15","20","2890","2895","-1","4","False"
"2886","41","11","85","5","73","41","5","73","102558.898747396","15913.2829367217","3657.68261632","3656.4929485321","16","21","2891","2896","-1","3","False"
"2887","41","12","85","5","72","41","5","73","99199.0691450366","15913.2829367217","3657.68261632","3656.4929485321","17","22","2892","2897","-1","3","False"
"2888","41","13","85","5","71","41","5","73","95839.2395426777","15913.2829367217","3657.68261632","3656.4929485321","18","23","2893","2898","-1","3","False"
"2889","41","14","85","5","70","41","5","73","92479.4099403188","15913.2829367217","3657.68261632","3656.4929485321","19","24","2894","2899","-1","3","False"
"2890","41","15","85","5","69","41","5","73","89119.5803379599","15913.2829367217","3657.68261632","3656.4929485321","20","25","2895","2900","3","4","True"
"2891","41","16","85","5","68","41","5","73","85759.7507356009","15913.2829367217","3657.68261632","3656.4929485321","21","26","2896","2901","3","3","True"
"2892","41","17","85","5","67","41","5","73","82399.921133242","15913.2829367217","3657.68261632","3656.4929485321","22","27","2897","2902","3","3","True"
"2893","41","18","85","5","66","41","5","73","79040.0915308831","15913.2829367217","3657.68261632","3656.4929485321","23","28","2898","2903","3","3","True"
"2894","41","19","85","5","65","41","5","73","75680.2619285242","15913.2829367217","3657.68261632","3656.4929485321","24","29","2899","2904","3","3","True"
"2895","41","20","85","5","64","41","5","73","72320.4323261653","15913.2829367217","3657.68261632","3656.4929485321","25","30","2900","2905","-1","4","False"
"2896","41","21","85","5","63","41","5","73","68960.6027238063","15913.2829367217","3657.68261632","3656.4929485321","26","31","2901","2906","-1","3","False"
"2897","41","22","85","5","62","41","5","73","65600.7731214474","15913.2829367217","3657.68261632","3656.4929485321","27","32","2902","2907","-1","3","False"
"2898","41","23","85","5","61","41","5","73","62240.9435190885","15913.2829367217","3657.68261632","3656.4929485321","28","33","2903","2908","-1","3","False"
"2899","41","24","85","5","60","41","5","73","58881.1139167296","15913.2829367217","3657.68261632","3656.4929485321","29","34","2904","2909","-1","3","False"
"2900","41","25","85","5","59","41","5","73","55521.2843143707","15913.2829367217","3657.68261632","3656.4929485321","30","35","2905","2910","-1","4","False"
"2901","41","26","85","5","58","41","5","73","52161.4547120117","15913.2829367217","3657.68261632","3656.4929485321","31","36","2906","2911","-1","3","False"
"2902","41","27","85","5","57","41","5","73","48801.6251096528","15913.2829367217","3657.68261632","3656.4929485321","32","37","2907","2912","-1","3","False"
"2903","41","28","85","5","56","41","5","73","45441.7955072939","15913.2829367217","3657.68261632","3656.4929485321","33","38","2908","2913","-1","3","False"
"2904","41","29","85","5","55","41","5","73","42081.965904935","15913.2829367217","3657.68261632","3656.4929485321","34","39","2909","2914","-1","3","False"
"2905","41","30","85","5","54","41","5","73","38722.1363025761","15913.2829367217","3657.68261632","3656.4929485321","35","40","2910","2915","3","4","True"
"2906","41","31","85","5","53","41","5","73","35362.3067002172","15913.2829367217","3657.68261632","3656.4929485321","36","41","2911","2916","3","3","True"
"2907","41","32","85","5","52","41","5","73","32002.4770978583","15913.2829367217","3657.68261632","3656.4929485321","37","42","2912","2917","3","3","True"
"2908","41","33","85","5","51","41","5","73","28642.6474954993","15913.2829367217","3657.68261632","3656.4929485321","38","43","2913","2918","3","3","True"
"2909","41","34","85","5","50","41","5","73","25282.8178931404","15913.2829367217","3657.68261632","3656.4929485321","39","44","2914","2919","3","3","True"
"2910","41","35","85","5","49","41","5","73","21922.9882907815","15913.2829367217","3657.68261632","3656.4929485321","40","45","2915","2920","-1","4","False"
"2911","41","36","85","5","48","41","5","73","18563.1586884226","15913.2829367217","3657.68261632","3656.4929485321","41","46","2916","2921","-1","3","False"
"2912","41","37","85","5","47","41","5","73","15203.3290860637","15913.2829367217","3657.68261632","3656.4929485321","42","47","2917","2922","-1","3","False"
"2913","41","38","85","5","46","41","5","73","11843.4994837047","15913.2829367217","3657.68261632","3656.4929485321","43","48","2918","2923","-1","3","False"
"2914","41","39","85","5","45","41","5","73","8483.66988134584","15913.2829367217","3657.68261632","3656.4929485321","44","49","2919","2924","-1","3","False"
"2915","41","40","85","5","44","41","5","73","5123.84027898691","15913.2829367217","3657.68261632","3656.4929485321","45","50","2920","2925","-1","4","False"
"2916","41","41","85","5","43","41","5","73","1764.01067662801","15913.2829367217","3657.68261632","3656.4929485321","46","51","2921","2926","-1","3","False"
"2917","41","42","85","5","42","41","5","73","-1595.81892573092","15913.2829367217","3657.68261632","3656.4929485321","47","52","2922","2927","-1","3","False"
"2918","41","43","85","5","41","41","5","73","-4955.64852808984","15913.2829367217","3657.68261632","3656.4929485321","48","53","2923","2928","-1","3","False"
"2919","41","44","85","5","40","41","5","73","-8315.47813044874","15913.2829367217","3657.68261632","3656.4929485321","49","54","2924","2929","-1","3","False"
"2920","41","45","85","5","39","41","5","73","-11675.3077328077","15913.2829367217","3657.68261632","3656.4929485321","50","55","2925","2930","3","4","True"
"2921","41","46","85","5","38","41","5","73","-15035.1373351666","15913.2829367217","3657.68261632","3656.4929485321","51","56","2926","2931","3","3","True"
"2922","41","47","85","5","37","41","5","73","-18394.9669375255","15913.2829367217","3657.68261632","3656.4929485321","52","57","2927","2932","3","3","True"
"2923","41","48","85","5","36","41","5","73","-21754.7965398844","15913.2829367217","3657.68261632","3656.4929485321","53","58","2928","2933","3","3","True"
"2924","41","49","85","5","35","41","5","73","-25114.6261422433","15913.2829367217","3657.68261632","3656.4929485321","54","59","2929","2934","3","3","True"
"2925","41","50","85","5","34","41","5","73","-28474.4557446023","15913.2829367217","3657.68261632","3656.4929485321","55","60","2930","2935","-1","4","False"
"2926","41","51","85","5","33","41","5","73","-31834.2853469612","15913.2829367217","3657.68261632","3656.4929485321","56","61","2931","2936","-1","3","False"
"2927","41","52","85","5","32","41","5","73","-35194.1149493201","15913.2829367217","3657.68261632","3656.4929485321","57","62","2932","2937","-1","3","False"
"2928","41","53","85","5","31","41","5","73","-38553.944551679","15913.2829367217","3657.68261632","3656.4929485321","58","63","2933","2938","-1","3","False"
"2929","41","54","85","5","30","41","5","73","-41913.7741540379","15913.2829367217","3657.68261632","3656.4929485321","59","64","2934","2939","-1","3","False"
"2930","41","55","85","5","29","41","5","73","-45273.6037563968","15913.2829367217","3657.68261632","3656.4929485321","60","65","2935","2940","-1","4","False"
"2931","41","56","85","5","28","41","5","73","-48633.4333587558","15913.2829367217","3657.68261632","3656.4929485321","61","66","2936","2941","-1","3","False"
"2932","41","57","85","5","27","41","5","73","-51993.2629611147","15913.2829367217","3657.68261632","3656.4929485321","62","67","2937","2942","-1","3","False"
"2933","41","58","85","5","26","41","5","73","-55353.0925634736","15913.2829367217","3657.68261632","3656.4929485321","63","68","2938","2943","-1","3","False"
"2934","41","59","85","5","25","41","5","73","-58712.9221658325","15913.2829367217","3657.68261632","3656.4929485321","64","69","2939","2944","-1","3","False"
"2935","41","60","85","5","24","41","5","73","-62072.7517681914","15913.2829367217","3657.68261632","3656.4929485321","65","70","2940","2945","3","4","True"
"2936","41","61","85","5","23","41","5","73","-65432.5813705503","15913.2829367217","3657.68261632","3656.4929485321","66","71","2941","2946","3","3","True"
"2937","41","62","85","5","22","41","5","73","-68792.4109729092","15913.2829367217","3657.68261632","3656.4929485321","67","72","2942","2947","3","3","True"
"2938","41","63","85","5","21","41","5","73","-72152.2405752682","15913.2829367217","3657.68261632","3656.4929485321","68","73","2943","2948","3","3","True"
"2939","41","64","85","5","20","41","5","73","-75512.0701776271","15913.2829367217","3657.68261632","3656.4929485321","69","74","2944","2949","3","3","True"
"2940","41","65","85","5","19","41","5","73","-78871.899779986","15913.2829367217","3657.68261632","3656.4929485321","70","75","2945","2950","-1","4","False"
"2941","41","66","85","5","18","41","5","73","-82231.7293823449","15913.2829367217","3657.68261632","3656.4929485321","71","76","2946","2951","-1","3","False"
"2942","41","67","85","5","17","41","5","73","-85591.5589847038","15913.2829367217","3657.68261632","3656.4929485321","72","77","2947","2952","-1","3","False"
"2943","41","68","85","5","16","41","5","73","-88951.3885870628","15913.2829367217","3657.68261632","3656.4929485321","73","78","2948","2953","-1","3","False"
"2944","41","69","85","5","15","41","5","73","-92311.2181894217","15913.2829367217","3657.68261632","3656.4929485321","74","79","2949","2954","-1","3","False"
"2945","41","70","85","5","14","41","5","73","-95671.0477917806","15913.2829367217","3657.68261632","3656.4929485321","75","80","2950","2955","-1","4","False"
"2946","41","71","85","5","13","41","5","73","-99030.8773941395","15913.2829367217","3657.68261632","3656.4929485321","76","81","2951","2956","-1","3","False"
"2947","41","72","85","5","12","41","5","73","-102390.706996498","15913.2829367217","3657.68261632","3656.4929485321","77","82","2952","2957","-1","3","False"
"2948","41","73","85","5","11","41","5","73","-105750.536598857","15913.2829367217","3657.68261632","3656.4929485321","78","83","2953","2958","-1","3","False"
"2949","41","74","85","5","10","41","5","73","-109110.366201216","15913.2829367217","3657.68261632","3656.4929485321","79","84","2954","2959","-1","3","False"
"2950","41","75","85","5","9","41","5","73","-112470.195803575","15913.2829367217","3657.68261632","3656.4929485321","65","70","2940","2945","-1","4","False"
"2951","41","76","85","5","8","41","5","73","-115830.025405934","15913.2829367217","3657.68261632","3656.4929485321","66","71","2941","2946","-1","3","False"
"2952","41","77","85","5","7","41","5","73","-119189.855008293","15913.2829367217","3657.68261632","3656.4929485321","67","72","2942","2947","-1","3","False"
"2953","41","78","85","5","6","41","5","73","-122549.684610652","15913.2829367217","3657.68261632","3656.4929485321","68","73","2943","2948","-1","3","False"
"2954","41","79","85","5","5","41","5","73","-125909.514213011","15913.2829367217","3657.68261632","3656.4929485321","69","74","2944","2949","-1","3","False"
"2955","41","80","85","5","4","41","5","73","-129269.34381537","15913.2829367217","3657.68261632","3656.4929485321","70","75","2945","2950","2","4","True"
"2956","41","81","85","5","3","41","5","73","-132629.173417729","15913.2829367217","3657.68261632","3656.4929485321","71","76","2946","2951","2","3","True"
"2957","41","82","85","5","2","41","5","73","-135989.003020088","15913.2829367217","3657.68261632","3656.4929485321","72","77","2947","2952","2","3","True"
"2958","41","83","85","5","1","41","5","73","-139348.832622446","15913.2829367217","3657.68261632","3656.4929485321","73","78","2948","2953","2","3","True"
"2959","41","84","85","5","0","41","5","73","-142708.662224805","15913.2829367217","3657.68261632","3656.4929485321","74","79","2949","2954","2","3","True"
"2960","42","0","85","5","0","42","5","73","-142708.662224805","19537.5199972686","3657.68261632","3656.4929485321","5","10","2965","2970","3","2","True"
"2961","42","1","85","5","1","42","5","73","-139348.832622446","19537.5199972686","3657.68261632","3656.4929485321","6","11","2966","2971","3","3","True"
"2962","42","2","85","5","2","42","5","73","-135989.003020088","19537.5199972686","3657.68261632","3656.4929485321","7","12","2967","2972","3","3","True"
"2963","42","3","85","5","3","42","5","73","-132629.173417729","19537.5199972686","3657.68261632","3656.4929485321","8","13","2968","2973","3","3","True"
"2964","42","4","85","5","4","42","5","73","-129269.34381537","19537.5199972686","3657.68261632","3656.4929485321","9","14","2969","2974","3","4","True"
"2965","42","5","85","5","5","42","5","73","-125909.514213011","19537.5199972686","3657.68261632","3656.4929485321","10","15","2970","2975","-1","3","False"
"2966","42","6","85","5","6","42","5","73","-122549.684610652","19537.5199972686","3657.68261632","3656.4929485321","11","16","2971","2976","-1","3","False"
"2967","42","7","85","5","7","42","5","73","-119189.855008293","19537.5199972686","3657.68261632","3656.4929485321","12","17","2972","2977","-1","3","False"
"2968","42","8","85","5","8","42","5","73","-115830.025405934","19537.5199972686","3657.68261632","3656.4929485321","13","18","2973","2978","-1","3","False"
"2969","42","9","85","5","9","42","5","73","-112470.195803575","19537.5199972686","3657.68261632","3656.4929485321","14","19","2974","2979","-1","4","False"
"2970","42","10","85","5","10","42","5","73","-109110.366201216","19537.5199972686","3657.68261632","3656.4929485321","15","20","2975","2980","-1","3","False"
"2971","42","11","85","5","11","42","5","73","-105750.536598857","19537.5199972686","3657.68261632","3656.4929485321","16","21","2976","2981","-1","3","False"
"2972","42","12","85","5","12","42","5","73","-102390.706996498","19537.5199972686","3657.68261632","3656.4929485321","17","22","2977","2982","-1","3","False"
"2973","42","13","85","5","13","42","5","73","-99030.8773941395","19537.5199972686","3657.68261632","3656.4929485321","18","23","2978","2983","-1","3","False"
"2974","42","14","85","5","14","42","5","73","-95671.0477917806","19537.5199972686","3657.68261632","3656.4929485321","19","24","2979","2984","-1","4","False"
"2975","42","15","85","5","15","42","5","73","-92311.2181894217","19537.5199972686","3657.68261632","3656.4929485321","20","25","2980","2985","3","3","True"
"2976","42","16","85","5","16","42","5","73","-88951.3885870628","19537.5199972686","3657.68261632","3656.4929485321","21","26","2981","2986","3","3","True"
"2977","42","17","85","5","17","42","5","73","-85591.5589847038","19537.5199972686","3657.68261632","3656.4929485321","22","27","2982","2987","3","3","True"
"2978","42","18","85","5","18","42","5","73","-82231.7293823449","19537.5199972686","3657.68261632","3656.4929485321","23","28","2983","2988","3","3","True"
"2979","42","19","85","5","19","42","5","73","-78871.899779986","19537.5199972686","3657.68261632","3656.4929485321","24","29","2984","2989","3","4","True"
"2980","42","20","85","5","20","42","5","73","-75512.0701776271","19537.5199972686","3657.68261632","3656.4929485321","25","30","2985","2990","-1","3","False"
"2981","42","21","85","5","21","42","5","73","-72152.2405752682","19537.5199972686","3657.68261632","3656.4929485321","26","31","2986","2991","-1","3","False"
"2982","42","22","85","5","22","42","5","73","-68792.4109729092","19537.5199972686","3657.68261632","3656.4929485321","27","32","2987","2992","-1","3","False"
"2983","42","23","85","5","23","42","5","73","-65432.5813705503","19537.5199972686","3657.68261632","3656.4929485321","28","33","2988","2993","-1","3","False"
"2984","42","24","85","5","24","42","5","73","-62072.7517681914","19537.5199972686","3657.68261632","3656.4929485321","29","34","2989","2994","-1","4","False"
"2985","42","25","85","5","25","42","5","73","-58712.9221658325","19537.5199972686","3657.68261632","3656.4929485321","30","35","2990","2995","-1","3","False"
"2986","42","26","85","5","26","42","5","73","-55353.0925634736","19537.5199972686","3657.68261632","3656.4929485321","31","36","2991","2996","-1","3","False"
"2987","42","27","85","5","27","42","5","73","-51993.2629611147","19537.5199972686","3657.68261632","3656.4929485321","32","37","2992","2997","-1","3","False"
"2988","42","28","85","5","28","42","5","73","-48633.4333587558","19537.5199972686","3657.68261632","3656.4929485321","33","38","2993","2998","-1","3","False"
"2989","42","29","85","5","29","42","5","73","-45273.6037563968","19537.5199972686","3657.68261632","3656.4929485321","34","39","2994","2999","-1","4","False"
"2990","42","30","85","5","30","42","5","73","-41913.7741540379","19537.5199972686","3657.68261632","3656.4929485321","35","40","2995","3000","3","3","True"
"2991","42","31","85","5","31","42","5","73","-38553.944551679","19537.5199972686","3657.68261632","3656.4929485321","36","41","2996","3001","3","3","True"
"2992","42","32","85","5","32","42","5","73","-35194.1149493201","19537.5199972686","3657.68261632","3656.4929485321","37","42","2997","3002","3","3","True"
"2993","42","33","85","5","33","42","5","73","-31834.2853469612","19537.5199972686","3657.68261632","3656.4929485321","38","43","2998","3003","3","3","True"
"2994","42","34","85","5","34","42","5","73","-28474.4557446023","19537.5199972686","3657.68261632","3656.4929485321","39","44","2999","3004","3","4","True"
"2995","42","35","85","5","35","42","5","73","-25114.6261422433","19537.5199972686","3657.68261632","3656.4929485321","40","45","3000","3005","-1","3","False"
"2996","42","36","85","5","36","42","5","73","-21754.7965398844","19537.5199972686","3657.68261632","3656.4929485321","41","46","3001","3006","-1","3","False"
"2997","42","37","85","5","37","42","5","73","-18394.9669375255","19537.5199972686","3657.68261632","3656.4929485321","42","47","3002","3007","-1","3","False"
"2998","42","38","85","5","38","42","5","73","-15035.1373351666","19537.5199972686","3657.68261632","3656.4929485321","43","48","3003","3008","-1","3","False"
"2999","42","39","85","5","39","42","5","73","-11675.3077328077","19537.5199972686","3657.68261632","3656.4929485321","44","49","3004","3009","-1","4","False"
"3000","42","40","85","5","40","42","5","73","-8315.47813044874","19537.5199972686","3657.68261632","3656.4929485321","45","50","3005","3010","-1","3","False"
"3001","42","41","85","5","41","42","5","73","-4955.64852808984","19537.5199972686","3657.68261632","3656.4929485321","46","51","3006","3011","-1","3","False"
"3002","42","42","85","5","42","42","5","73","-1595.81892573092","19537.5199972686","3657.68261632","3656.4929485321","47","52","3007","3012","-1","3","False"
"3003","42","43","85","5","43","42","5","73","1764.01067662801","19537.5199972686","3657.68261632","3656.4929485321","48","53","3008","3013","-1","3","False"
"3004","42","44","85","5","44","42","5","73","5123.84027898691","19537.5199972686","3657.68261632","3656.4929485321","49","54","3009","3014","-1","4","False"
"3005","42","45","85","5","45","42","5","73","8483.66988134584","19537.5199972686","3657.68261632","3656.4929485321","50","55","3010","3015","3","3","True"
"3006","42","46","85","5","46","42","5","73","11843.4994837047","19537.5199972686","3657.68261632","3656.4929485321","51","56","3011","3016","3","3","True"
"3007","42","47","85","5","47","42","5","73","15203.3290860637","19537.5199972686","3657.68261632","3656.4929485321","52","57","3012","3017","3","3","True"
"3008","42","48","85","5","48","42","5","73","18563.1586884226","19537.5199972686","3657.68261632","3656.4929485321","53","58","3013","3018","3","3","True"
"3009","42","49","85","5","49","42","5","73","21922.9882907815","19537.5199972686","3657.68261632","3656.4929485321","54","59","3014","3019","3","4","True"
"3010","42","50","85","5","50","42","5","73","25282.8178931404","19537.5199972686","3657.68261632","3656.4929485321","55","60","3015","3020","-1","3","False"
"3011","42","51","85","5","51","42","5","73","28642.6474954993","19537.5199972686","3657.68261632","3656.4929485321","56","61","3016","3021","-1","3","False"
"3012","42","52","85","5","52","42","5","73","32002.4770978583","19537.5199972686","3657.68261632","3656.4929485321","57","62","3017","3022","-1","3","False"
"3013","42","53","85","5","53","42","5","73","35362.3067002172","19537.5199972686","3657.68261632","3656.4929485321","58","63","3018","3023","-1","3","False"
"3014","42","54","85","5","54","42","5","73","38722.1363025761","19537.5199972686","3657.68261632","3656.4929485321","59","64","3019","3024","-1","4","False"
"3015","42","55","85","5","55","42","5","73","42081.965904935","19537.5199972686","3657.68261632","3656.4929485321","60","65","3020","3025","-1","3","False"
"3016","42","56","85","5","56","42","5","73","45441.7955072939","19537.5199972686","3657.68261632","3656.4929485321","61","66","3021","3026","-1","3","False"
"3017","42","57","85","5","57","42","5","73","48801.6251096528","19537.5199972686","3657.68261632","3656.4929485321","62","67","3022","3027","-1","3","False"
"3018","42","58","85","5","58","42","5","73","52161.4547120117","19537.5199972686","3657.68261632","3656.4929485321","63","68","3023","3028","-1","3","False"
"3019","42","59","85","5","59","42","5","73","55521.2843143707","19537.5199972686","3657.68261632","3656.4929485321","64","69","3024","3029","-1","4","False"
"3020","42","60","85","5","60","42","5","73","58881.1139167296","19537.5199972686","3657.68261632","3656.4929485321","65","70","3025","3030","3","3","True"
"3021","42","61","85","5","61","42","5","73","62240.9435190885","19537.5199972686","3657.68261632","3656.4929485321","66","71","3026","3031","3","3","True"
"3022","42","62","85","5","62","42","5","73","65600.7731214474","19537.5199972686","3657.68261632","3656.4929485321","67","72","3027","3032","3","3","True"
"3023","42","63","85","5","63","42","5","73","68960.6027238063","19537.5199972686","3657.68261632","3656.4929485321","68","73","3028","3033","3","3","True"
"3024","42","64","85","5","64","42","5","73","72320.4323261653","19537.5199972686","3657.68261632","3656.4929485321","69","74","3029","3034","3","4","True"
"3025","42","65","85","5","65","42","5","73","75680.2619285242","19537.5199972686","3657.68261632","3656.4929485321","70","75","3030","3035","-1","3","False"
"3026","42","66","85","5","66","42","5","73","79040.0915308831","19537.5199972686","3657.68261632","3656.4929485321","71","76","3031","3036","-1","3","False"
"3027","42","67","85","5","67","42","5","73","82399.921133242","19537.5199972686","3657.68261632","3656.4929485321","72","77","3032","3037","-1","3","False"
"3028","42","68","85","5","68","42","5","73","85759.7507356009","19537.5199972686","3657.68261632","3656.4929485321","73","78","3033","3038","-1","3","False"
"3029","42","69","85","5","69","42","5","73","89119.5803379599","19537.5199972686","3657.68261632","3656.4929485321","74","79","3034","3039","-1","4","False"
"3030","42","70","85","5","70","42","5","73","92479.4099403188","19537.5199972686","3657.68261632","3656.4929485321","75","80","3035","3040","-1","3","False"
"3031","42","71","85","5","71","42","5","73","95839.2395426777","19537.5199972686","3657.68261632","3656.4929485321","76","81","3036","3041","-1","3","False"
"3032","42","72","85","5","72","42","5","73","99199.0691450366","19537.5199972686","3657.68261632","3656.4929485321","77","82","3037","3042","-1","3","False"
"3033","42","73","85","5","73","42","5","73","102558.898747396","19537.5199972686","3657.68261632","3656.4929485321","78","83","3038","3043","-1","3","False"
"3034","42","74","85","5","74","42","5","73","105918.728349754","19537.5199972686","3657.68261632","3656.4929485321","79","84","3039","3044","-1","4","False"
"3035","42","75","85","5","75","42","5","73","109278.557952113","19537.5199972686","3657.68261632","3656.4929485321","65","70","3025","3030","-1","3","False"
"3036","42","76","85","5","76","42","5","73","112638.387554472","19537.5199972686","3657.68261632","3656.4929485321","66","71","3026","3031","-1","3","False"
"3037","42","77","85","5","77","42","5","73","115998.217156831","19537.5199972686","3657.68261632","3656.4929485321","67","72","3027","3032","-1","3","False"
"3038","42","78","85","5","78","42","5","73","119358.04675919","19537.5199972686","3657.68261632","3656.4929485321","68","73","3028","3033","-1","3","False"
"3039","42","79","85","5","79","42","5","73","122717.876361549","19537.5199972686","3657.68261632","3656.4929485321","69","74","3029","3034","-1","4","False"
"3040","42","80","85","5","80","42","5","73","126077.705963908","19537.5199972686","3657.68261632","3656.4929485321","70","75","3030","3035","2","3","True"
"3041","42","81","85","5","81","42","5","73","129437.535566267","19537.5199972686","3657.68261632","3656.4929485321","71","76","3031","3036","2","3","True"
"3042","42","82","85","5","82","42","5","73","132797.365168626","19537.5199972686","3657.68261632","3656.4929485321","72","77","3032","3037","2","3","True"
"3043","42","83","85","5","83","42","5","73","136157.194770985","19537.5199972686","3657.68261632","3656.4929485321","73","78","3033","3038","2","3","True"
"3044","42","84","85","5","84","42","5","73","139517.024373344","19537.5199972686","3657.68261632","3656.4929485321","74","79","3034","3039","2","3","True"
"3045","43","0","85","5","84","43","5","73","139517.024373344","23161.7570578154","3657.68261632","3656.4929485321","5","10","3050","3055","3","2","True"
"3046","43","1","85","5","83","43","5","73","136157.194770985","23161.7570578154","3657.68261632","3656.4929485321","6","11","3051","3056","3","3","True"
"3047","43","2","85","5","82","43","5","73","132797.365168626","23161.7570578154","3657.68261632","3656.4929485321","7","12","3052","3057","3","3","True"
"3048","43","3","85","5","81","43","5","73","129437.535566267","23161.7570578154","3657.68261632","3656.4929485321","8","13","3053","3058","3","3","True"
"3049","43","4","85","5","80","43","5","73","126077.705963908","23161.7570578154","3657.68261632","3656.4929485321","9","14","3054","3059","3","3","True"
"3050","43","5","85","5","79","43","5","73","122717.876361549","23161.7570578154","3657.68261632","3656.4929485321","10","15","3055","3060","-1","5","False"
"3051","43","6","85","5","78","43","5","73","119358.04675919","23161.7570578154","3657.68261632","3656.4929485321","11","16","3056","3061","-1","4","False"
"3052","43","7","85","5","77","43","5","73","115998.217156831","23161.7570578154","3657.68261632","3656.4929485321","12","17","3057","3062","-1","4","False"
"3053","43","8","85","5","76","43","5","73","112638.387554472","23161.7570578154","3657.68261632","3656.4929485321","13","18","3058","3063","-1","4","False"
"3054","43","9","85","5","75","43","5","73","109278.557952113","23161.7570578154","3657.68261632","3656.4929485321","14","19","3059","3064","-1","4","False"
"3055","43","10","85","5","74","43","5","73","105918.728349754","23161.7570578154","3657.68261632","3656.4929485321","15","20","3060","3065","-1","6","False"
"3056","43","11","85","5","73","43","5","73","102558.898747396","23161.7570578154","3657.68261632","3656.4929485321","16","21","3061","3066","-1","4","False"
"3057","43","12","85","5","72","43","5","73","99199.0691450366","23161.7570578154","3657.68261632","3656.4929485321","17","22","3062","3067","-1","4","False"
"3058","43","13","85","5","71","43","5","73","95839.2395426777","23161.7570578154","3657.68261632","3656.4929485321","18","23","3063","3068","-1","4","False"
"3059","43","14","85","5","70","43","5","73","92479.4099403188","23161.7570578154","3657.68261632","3656.4929485321","19","24","3064","3069","-1","4","False"
"3060","43","15","85","5","69","43","5","73","89119.5803379599","23161.7570578154","3657.68261632","3656.4929485321","20","25","3065","3070","3","6","True"
"3061","43","16","85","5","68","43","5","73","85759.7507356009","23161.7570578154","3657.68261632","3656.4929485321","21","26","3066","3071","3","4","True"
"3062","43","17","85","5","67","43","5","73","82399.921133242","23161.7570578154","3657.68261632","3656.4929485321","22","27","3067","3072","3","4","True"
"3063","43","18","85","5","66","43","5","73","79040.0915308831","23161.7570578154","3657.68261632","3656.4929485321","23","28","3068","3073","3","4","True"
"3064","43","19","85","5","65","43","5","73","75680.2619285242","23161.7570578154","3657.68261632","3656.4929485321","24","29","3069","3074","3","4","True"
"3065","43","20","85","5","64","43","5","73","72320.4323261653","23161.7570578154","3657.68261632","3656.4929485321","25","30","3070","3075","-1","6","False"
"3066","43","21","85","5","63","43","5","73","68960.6027238063","23161.7570578154","3657.68261632","3656.4929485321","26","31","3071","3076","-1","4","False"
"3067","43","22","85","5","62","43","5","73","65600.7731214474","23161.7570578154","3657.68261632","3656.4929485321","27","32","3072","3077","-1","4","False"
"3068","43","23","85","5","61","43","5","73","62240.9435190885","23161.7570578154","3657.68261632","3656.4929485321","28","33","3073","3078","-1","4","False"
"3069","43","24","85","5","60","43","5","73","58881.1139167296","23161.7570578154","3657.68261632","3656.4929485321","29","34","3074","3079","-1","4","False"
"3070","43","25","85","5","59","43","5","73","55521.2843143707","23161.7570578154","3657.68261632","3656.4929485321","30","35","3075","3080","-1","6","False"
"3071","43","26","85","5","58","43","5","73","52161.4547120117","23161.7570578154","3657.68261632","3656.4929485321","31","36","3076","3081","-1","4","False"
"3072","43","27","85","5","57","43","5","73","48801.6251096528","23161.7570578154","3657.68261632","3656.4929485321","32","37","3077","3082","-1","4","False"
"3073","43","28","85","5","56","43","5","73","45441.7955072939","23161.7570578154","3657.68261632","3656.4929485321","33","38","3078","3083","-1","4","False"
"3074","43","29","85","5","55","43","5","73","42081.965904935","23161.7570578154","3657.68261632","3656.4929485321","34","39","3079","3084","-1","4","False"
"3075","43","30","85","5","54","43","5","73","38722.1363025761","23161.7570578154","3657.68261632","3656.4929485321","35","40","3080","3085","3","6","True"
"3076","43","31","85","5","53","43","5","73","35362.3067002172","23161.7570578154","3657.68261632","3656.4929485321","36","41","3081","3086","3","4","True"
"3077","43","32","85","5","52","43","5","73","32002.4770978583","23161.7570578154","3657.68261632","3656.4929485321","37","42","3082","3087","3","4","True"
"3078","43","33","85","5","51","43","5","73","28642.6474954993","23161.7570578154","3657.68261632","3656.4929485321","38","43","3083","3088","3","4","True"
"3079","43","34","85","5","50","43","5","73","25282.8178931404","23161.7570578154","3657.68261632","3656.4929485321","39","44","3084","3089","3","4","True"
"3080","43","35","85","5","49","43","5","73","21922.9882907815","23161.7570578154","3657.68261632","3656.4929485321","40","45","3085","3090","-1","6","False"
"3081","43","36","85","5","48","43","5","73","18563.1586884226","23161.7570578154","3657.68261632","3656.4929485321","41","46","3086","3091","-1","4","False"
"3082","43","37","85","5","47","43","5","73","15203.3290860637","23161.7570578154","3657.68261632","3656.4929485321","42","47","3087","3092","-1","4","False"
"3083","43","38","85","5","46","43","5","73","11843.4994837047","23161.7570578154","3657.68261632","3656.4929485321","43","48","3088","3093","-1","4","False"
"3084","43","39","85","5","45","43","5","73","8483.66988134584","23161.7570578154","3657.68261632","3656.4929485321","44","49","3089","3094","-1","4","False"
"3085","43","40","85","5","44","43","5","73","5123.84027898691","23161.7570578154","3657.68261632","3656.4929485321","45","50","3090","3095","-1","6","False"
"3086","43","41","85","5","43","43","5","73","1764.01067662801","23161.7570578154","3657.68261632","3656.4929485321","46","51","3091","3096","-1","4","False"
"3087","43","42","85","5","42","43","5","73","-1595.81892573092","23161.7570578154","3657.68261632","3656.4929485321","47","52","3092","3097","-1","4","False"
"3088","43","43","85","5","41","43","5","73","-4955.64852808984","23161.7570578154","3657.68261632","3656.4929485321","48","53","3093","3098","-1","4","False"
"3089","43","44","85","5","40","43","5","73","-8315.47813044874","23161.7570578154","3657.68261632","3656.4929485321","49","54","3094","3099","-1","4","False"
"3090","43","45","85","5","39","43","5","73","-11675.3077328077","23161.7570578154","3657.68261632","3656.4929485321","50","55","3095","3100","3","6","True"
"3091","43","46","85","5","38","43","5","73","-15035.1373351666","23161.7570578154","3657.68261632","3656.4929485321","51","56","3096","3101","3","4","True"
"3092","43","47","85","5","37","43","5","73","-18394.9669375255","23161.7570578154","3657.68261632","3656.4929485321","52","57","3097","3102","3","4","True"
"3093","43","48","85","5","36","43","5","73","-21754.7965398844","23161.7570578154","3657.68261632","3656.4929485321","53","58","3098","3103","3","4","True"
"3094","43","49","85","5","35","43","5","73","-25114.6261422433","23161.7570578154","3657.68261632","3656.4929485321","54","59","3099","3104","3","4","True"
"3095","43","50","85","5","34","43","5","73","-28474.4557446023","23161.7570578154","3657.68261632","3656.4929485321","55","60","3100","3105","-1","6","False"
"3096","43","51","85","5","33","43","5","73","-31834.2853469612","23161.7570578154","3657.68261632","3656.4929485321","56","61","3101","3106","-1","4","False"
"3097","43","52","85","5","32","43","5","73","-35194.1149493201","23161.7570578154","3657.68261632","3656.4929485321","57","62","3102","3107","-1","4","False"
"3098","43","53","85","5","31","43","5","73","-38553.944551679","23161.7570578154","3657.68261632","3656.4929485321","58","63","3103","3108","-1","4","False"
"3099","43","54","85","5","30","43","5","73","-41913.7741540379","23161.7570578154","3657.68261632","3656.4929485321","59","64","3104","3109","-1","4","False"
"3100","43","55","85","5","29","43","5","73","-45273.6037563968","23161.7570578154","3657.68261632","3656.4929485321","60","65","3105","3110","-1","6","False"
"3101","43","56","85","5","28","43","5","73","-48633.4333587558","23161.7570578154","3657.68261632","3656.4929485321","61","66","3106","3111","-1","4","False"
"3102","43","57","85","5","27","43","5","73","-51993.2629611147","23161.7570578154","3657.68261632","3656.4929485321","62","67","3107","3112","-1","4","False"
"3103","43","58","85","5","26","43","5","73","-55353.0925634736","23161.7570578154","3657.68261632","3656.4929485321","63","68","3108","3113","-1","4","False"
"3104","43","59","85","5","25","43","5","73","-58712.9221658325","23161.7570578154","3657.68261632","3656.4929485321","64","69","3109","3114","-1","4","False"
"3105","43","60","85","5","24","43","5","73","-62072.7517681914","23161.7570578154","3657.68261632","3656.4929485321","65","70","3110","3115","3","6","True"
"3106","43","61","85","5","23","43","5","73","-65432.5813705503","23161.7570578154","3657.68261632","3656.4929485321","66","71","3111","3116","3","4","True"
"3107","43","62","85","5","22","43","5","73","-68792.4109729092","23161.7570578154","3657.68261632","3656.4929485321","67","72","3112","3117","3","4","True"
"3108","43","63","85","5","21","43","5","73","-72152.2405752682","23161.7570578154","3657.68261632","3656.4929485321","68","73","3113","3118","3","4","True"
"3109","43","64","85","5","20","43","5","73","-75512.0701776271","23161.7570578154","3657.68261632","3656.4929485321","69","74","3114","3119","3","4","True"
"3110","43","65","85","5","19","43","5","73","-78871.899779986","23161.7570578154","3657.68261632","3656.4929485321","70","75","3115","3120","-1","6","False"
"3111","43","66","85","5","18","43","5","73","-82231.7293823449","23161.7570578154","3657.68261632","3656.4929485321","71","76","3116","3121","-1","4","False"
"3112","43","67","85","5","17","43","5","73","-85591.5589847038","23161.7570578154","3657.68261632","3656.4929485321","72","77","3117","3122","-1","4","False"
"3113","43","68","85","5","16","43","5","73","-88951.3885870628","23161.7570578154","3657.68261632","3656.4929485321","73","78","3118","3123","-1","4","False"
"3114","43","69","85","5","15","43","5","73","-92311.2181894217","23161.7570578154","3657.68261632","3656.4929485321","74","79","3119","3124","-1","4","False"
"3115","43","70","85","5","14","43","5","73","-95671.0477917806","23161.7570578154","3657.68261632","3656.4929485321","75","80","3120","3125","-1","6","False"
"3116","43","71","85","5","13","43","5","73","-99030.8773941395","23161.7570578154","3657.68261632","3656.4929485321","76","81","3121","3126","-1","4","False"
"3117","43","72","85","5","12","43","5","73","-102390.706996498","23161.7570578154","3657.68261632","3656.4929485321","77","82","3122","3127","-1","4","False"
"3118","43","73","85","5","11","43","5","73","-105750.536598857","23161.7570578154","3657.68261632","3656.4929485321","78","83","3123","3128","-1","4","False"
"3119","43","74","85","5","10","43","5","73","-109110.366201216","23161.7570578154","3657.68261632","3656.4929485321","79","84","3124","3129","-1","4","False"
"3120","43","75","85","5","9","43","5","73","-112470.195803575","23161.7570578154","3657.68261632","3656.4929485321","65","70","3110","3115","-1","6","False"
"3121","43","76","85","5","8","43","5","73","-115830.025405934","23161.7570578154","3657.68261632","3656.4929485321","66","71","3111","3116","-1","4","False"
"3122","43","77","85","5","7","43","5","73","-119189.855008293","23161.7570578154","3657.68261632","3656.4929485321","67","72","3112","3117","-1","4","False"
"3123","43","78","85","5","6","43","5","73","-122549.684610652","23161.7570578154","3657.68261632","3656.4929485321","68","73","3113","3118","-1","4","False"
"3124","43","79","85","5","5","43","5","73","-125909.514213011","23161.7570578154","3657.68261632","3656.4929485321","69","74","3114","3119","-1","4","False"
"3125","43","80","85","5","4","43","5","73","-129269.34381537","23161.7570578154","3657.68261632","3656.4929485321","70","75","3115","3120","2","6","True"
"3126","43","81","85","5","3","43","5","73","-132629.173417729","23161.7570578154","3657.68261632","3656.4929485321","71","76","3116","3121","2","4","True"
"3127","43","82","85","5","2","43","5","73","-135989.003020088","23161.7570578154","3657.68261632","3656.4929485321","72","77","3117","3122","2","4","True"
"3128","43","83","85","5","1","43","5","73","-139348.832622446","23161.7570578154","3657.68261632","3656.4929485321","73","78","3118","3123","2","4","True"
"3129","43","84","85","5","0","43","5","73","-142708.662224805","23161.7570578154","3657.68261632","3656.4929485321","74","79","3119","3124","2","4","True"
"3130","44","0","80","5","0","44","5","73","-142708.662224805","26785.9941183623","3657.68261632","3656.4929485321","5","10","3135","3140","3","2","True"
"3131","44","1","80","5","1","44","5","73","-139348.832622446","26785.9941183623","3657.68261632","3656.4929485321","6","11","3136","3141","3","3","True"
"3132","44","2","80","5","2","44","5","73","-135989.003020088","26785.9941183623","3657.68261632","3656.4929485321","7","12","3137","3142","3","3","True"
"3133","44","3","80","5","3","44","5","73","-132629.173417729","26785.9941183623","3657.68261632","3656.4929485321","8","13","3138","3143","3","3","True"
"3134","44","4","80","5","4","44","5","73","-129269.34381537","26785.9941183623","3657.68261632","3656.4929485321","9","14","3139","3144","3","4","True"
"3135","44","5","80","5","5","44","5","73","-125909.514213011","26785.9941183623","3657.68261632","3656.4929485321","10","15","3140","3145","-1","3","False"
"3136","44","6","80","5","6","44","5","73","-122549.684610652","26785.9941183623","3657.68261632","3656.4929485321","11","16","3141","3146","-1","3","False"
"3137","44","7","80","5","7","44","5","73","-119189.855008293","26785.9941183623","3657.68261632","3656.4929485321","12","17","3142","3147","-1","3","False"
"3138","44","8","80","5","8","44","5","73","-115830.025405934","26785.9941183623","3657.68261632","3656.4929485321","13","18","3143","3148","-1","3","False"
"3139","44","9","80","5","9","44","5","73","-112470.195803575","26785.9941183623","3657.68261632","3656.4929485321","14","19","3144","3149","-1","4","False"
"3140","44","10","80","5","10","44","5","73","-109110.366201216","26785.9941183623","3657.68261632","3656.4929485321","15","20","3145","3150","-1","3","False"
"3141","44","11","80","5","11","44","5","73","-105750.536598857","26785.9941183623","3657.68261632","3656.4929485321","16","21","3146","3151","-1","3","False"
"3142","44","12","80","5","12","44","5","73","-102390.706996498","26785.9941183623","3657.68261632","3656.4929485321","17","22","3147","3152","-1","3","False"
"3143","44","13","80","5","13","44","5","73","-99030.8773941395","26785.9941183623","3657.68261632","3656.4929485321","18","23","3148","3153","-1","3","False"
"3144","44","14","80","5","14","44","5","73","-95671.0477917806","26785.9941183623","3657.68261632","3656.4929485321","19","24","3149","3154","-1","4","False"
"3145","44","15","80","5","15","44","5","73","-92311.2181894217","26785.9941183623","3657.68261632","3656.4929485321","20","25","3150","3155","3","3","True"
"3146","44","16","80","5","16","44","5","73","-88951.3885870628","26785.9941183623","3657.68261632","3656.4929485321","21","26","3151","3156","3","3","True"
"3147","44","17","80","5","17","44","5","73","-85591.5589847038","26785.9941183623","3657.68261632","3656.4929485321","22","27","3152","3157","3","3","True"
"3148","44","18","80","5","18","44","5","73","-82231.7293823449","26785.9941183623","3657.68261632","3656.4929485321","23","28","3153","3158","3","3","True"
"3149","44","19","80","5","19","44","5","73","-78871.899779986","26785.9941183623","3657.68261632","3656.4929485321","24","29","3154","3159","3","4","True"
"3150","44","20","80","5","20","44","5","73","-75512.0701776271","26785.9941183623","3657.68261632","3656.4929485321","25","30","3155","3160","-1","3","False"
"3151","44","21","80","5","21","44","5","73","-72152.2405752682","26785.9941183623","3657.68261632","3656.4929485321","26","31","3156","3161","-1","3","False"
"3152","44","22","80","5","22","44","5","73","-68792.4109729092","26785.9941183623","3657.68261632","3656.4929485321","27","32","3157","3162","-1","3","False"
"3153","44","23","80","5","23","44","5","73","-65432.5813705503","26785.9941183623","3657.68261632","3656.4929485321","28","33","3158","3163","-1","3","False"
"3154","44","24","80","5","24","44","5","73","-62072.7517681914","26785.9941183623","3657.68261632","3656.4929485321","29","34","3159","3164","-1","4","False"
"3155","44","25","80","5","25","44","5","73","-58712.9221658325","26785.9941183623","3657.68261632","3656.4929485321","30","35","3160","3165","-1","3","False"
"3156","44","26","80","5","26","44","5","73","-55353.0925634736","26785.9941183623","3657.68261632","3656.4929485321","31","36","3161","3166","-1","3","False"
"3157","44","27","80","5","27","44","5","73","-51993.2629611147","26785.9941183623","3657.68261632","3656.4929485321","32","37","3162","3167","-1","3","False"
"3158","44","28","80","5","28","44","5","73","-48633.4333587558","26785.9941183623","3657.68261632","3656.4929485321","33","38","3163","3168","-1","3","False"
"3159","44","29","80","5","29","44","5","73","-45273.6037563968","26785.9941183623","3657.68261632","3656.4929485321","34","39","3164","3169","-1","4","False"
"3160","44","30","80","5","30","44","5","73","-41913.7741540379","26785.9941183623","3657.68261632","3656.4929485321","35","40","3165","3170","3","3","True"
"3161","44","31","80","5","31","44","5","73","-38553.944551679","26785.9941183623","3657.68261632","3656.4929485321","36","41","3166","3171","3","3","True"
"3162","44","32","80","5","32","44","5","73","-35194.1149493201","26785.9941183623","3657.68261632","3656.4929485321","37","42","3167","3172","3","3","True"
"3163","44","33","80","5","33","44","5","73","-31834.2853469612","26785.9941183623","3657.68261632","3656.4929485321","38","43","3168","3173","3","3","True"
"3164","44","34","80","5","34","44","5","73","-28474.4557446023","26785.9941183623","3657.68261632","3656.4929485321","39","44","3169","3174","3","4","True"
"3165","44","35","80","5","35","44","5","73","-25114.6261422433","26785.9941183623","3657.68261632","3656.4929485321","40","45","3170","3175","-1","3","False"
"3166","44","36","80","5","36","44","5","73","-21754.7965398844","26785.9941183623","3657.68261632","3656.4929485321","41","46","3171","3176","-1","3","False"
"3167","44","37","80","5","37","44","5","73","-18394.9669375255","26785.9941183623","3657.68261632","3656.4929485321","42","47","3172","3177","-1","3","False"
"3168","44","38","80","5","38","44","5","73","-15035.1373351666","26785.9941183623","3657.68261632","3656.4929485321","43","48","3173","3178","-1","3","False"
"3169","44","39","80","5","39","44","5","73","-11675.3077328077","26785.9941183623","3657.68261632","3656.4929485321","44","49","3174","3179","-1","4","False"
"3170","44","40","80","5","40","44","5","73","-8315.47813044874","26785.9941183623","3657.68261632","3656.4929485321","45","50","3175","3180","-1","3","False"
"3171","44","41","80","5","41","44","5","73","-4955.64852808984","26785.9941183623","3657.68261632","3656.4929485321","46","51","3176","3181","-1","3","False"
"3172","44","42","80","5","42","44","5","73","-1595.81892573092","26785.9941183623","3657.68261632","3656.4929485321","47","52","3177","3182","-1","3","False"
"3173","44","43","80","5","43","44","5","73","1764.01067662801","26785.9941183623","3657.68261632","3656.4929485321","48","53","3178","3183","-1","3","False"
"3174","44","44","80","5","44","44","5","73","5123.84027898691","26785.9941183623","3657.68261632","3656.4929485321","49","54","3179","3184","-1","4","False"
"3175","44","45","80","5","45","44","5","73","8483.66988134584","26785.9941183623","3657.68261632","3656.4929485321","50","55","3180","3185","3","3","True"
"3176","44","46","80","5","46","44","5","73","11843.4994837047","26785.9941183623","3657.68261632","3656.4929485321","51","56","3181","3186","3","3","True"
"3177","44","47","80","5","47","44","5","73","15203.3290860637","26785.9941183623","3657.68261632","3656.4929485321","52","57","3182","3187","3","3","True"
"3178","44","48","80","5","48","44","5","73","18563.1586884226","26785.9941183623","3657.68261632","3656.4929485321","53","58","3183","3188","3","3","True"
"3179","44","49","80","5","49","44","5","73","21922.9882907815","26785.9941183623","3657.68261632","3656.4929485321","54","59","3184","3189","3","4","True"
"3180","44","50","80","5","50","44","5","73","25282.8178931404","26785.9941183623","3657.68261632","3656.4929485321","55","60","3185","3190","-1","3","False"
"3181","44","51","80","5","51","44","5","73","28642.6474954993","26785.9941183623","3657.68261632","3656.4929485321","56","61","3186","3191","-1","3","False"
"3182","44","52","80","5","52","44","5","73","32002.4770978583","26785.9941183623","3657.68261632","3656.4929485321","57","62","3187","3192","-1","3","False"
"3183","44","53","80","5","53","44","5","73","35362.3067002172","26785.9941183623","3657.68261632","3656.4929485321","58","63","3188","3193","-1","3","False"
"3184","44","54","80","5","54","44","5","73","38722.1363025761","26785.9941183623","3657.68261632","3656.4929485321","59","64","3189","3194","-1","4","False"
"3185","44","55","80","5","55","44","5","73","42081.965904935","26785.9941183623","3657.68261632","3656.4929485321","60","65","3190","3195","-1","3","False"
"3186","44","56","80","5","56","44","5","73","45441.7955072939","26785.9941183623","3657.68261632","3656.4929485321","61","66","3191","3196","-1","3","False"
"3187","44","57","80","5","57","44","5","73","48801.6251096528","26785.9941183623","3657.68261632","3656.4929485321","62","67","3192","3197","-1","3","False"
"3188","44","58","80","5","58","44","5","73","52161.4547120117","26785.9941183623","3657.68261632","3656.4929485321","63","68","3193","3198","-1","3","False"
"3189","44","59","80","5","59","44","5","73","55521.2843143707","26785.9941183623","3657.68261632","3656.4929485321","64","69","3194","3199","-1","4","False"
"3190","44","60","80","5","60","44","5","73","58881.1139167296","26785.9941183623","3657.68261632","3656.4929485321","65","70","3195","3200","3","3","True"
"3191","44","61","80","5","61","44","5","73","62240.9435190885","26785.9941183623","3657.68261632","3656.4929485321","66","71","3196","3201","3","3","True"
"3192","44","62","80","5","62","44","5","73","65600.7731214474","26785.9941183623","3657.68261632","3656.4929485321","67","72","3197","3202","3","3","True"
"3193","44","63","80","5","63","44","5","73","68960.6027238063","26785.9941183623","3657.68261632","3656.4929485321","68","73","3198","3203","3","3","True"
"3194","44","64","80","5","64","44","5","73","72320.4323261653","26785.9941183623","3657.68261632","3656.4929485321","69","74","3199","3204","3","4","True"
"3195","44","65","80","5","65","44","5","73","75680.2619285242","26785.9941183623","3657.68261632","3656.4929485321","70","75","3200","3205","-1","3","False"
"3196","44","66","80","5","66","44","5","73","79040.0915308831","26785.9941183623","3657.68261632","3656.4929485321","71","76","3201","3206","-1","3","False"
"3197","44","67","80","5","67","44","5","73","82399.921133242","26785.9941183623","3657.68261632","3656.4929485321","72","77","3202","3207","-1","3","False"
"3198","44","68","80","5","68","44","5","73","85759.7507356009","26785.9941183623","3657.68261632","3656.4929485321","73","78","3203","3208","-1","3","False"
"3199","44","69","80","5","69","44","5","73","89119.5803379599","26785.9941183623","3657.68261632","3656.4929485321","74","79","3204","3209","-1","4","False"
"3200","44","70","80","5","70","44","5","73","92479.4099403188","26785.9941183623","3657.68261632","3656.4929485321","60","65","3190","3195","-1","3","False"
"3201","44","71","80","5","71","44","5","73","95839.2395426777","26785.9941183623","3657.68261632","3656.4929485321","61","66","3191","3196","-1","3","False"
"3202","44","72","80","5","72","44","5","73","99199.0691450366","26785.9941183623","3657.68261632","3656.4929485321","62","67","3192","3197","-1","3","False"
"3203","44","73","80","5","73","44","5","73","102558.898747396","26785.9941183623","3657.68261632","3656.4929485321","63","68","3193","3198","-1","3","False"
"3204","44","74","80","5","74","44","5","73","105918.728349754","26785.9941183623","3657.68261632","3656.4929485321","64","69","3194","3199","-1","4","False"
"3205","44","75","80","5","75","44","5","73","109278.557952113","26785.9941183623","3657.68261632","3656.4929485321","65","70","3195","3200","0","3","True"
"3206","44","76","80","5","76","44","5","73","112638.387554472","26785.9941183623","3657.68261632","3656.4929485321","66","71","3196","3201","0","3","True"
"3207","44","77","80","5","77","44","5","73","115998.217156831","26785.9941183623","3657.68261632","3656.4929485321","67","72","3197","3202","0","3","True"
"3208","44","78","80","5","78","44","5","73","119358.04675919","26785.9941183623","3657.68261632","3656.4929485321","68","73","3198","3203","0","3","True"
"3209","44","79","80","5","79","44","5","73","122717.876361549","26785.9941183623","3657.68261632","3656.4929485321","69","74","3199","3204","0","3","True"
"3210","45","0","80","5","79","45","5","73","122717.876361549","30410.2292715605","3657.68261632","3656.4929485321","5","10","3215","3220","3","3","True"
"3211","45","1","80","5","78","45","5","73","119358.04675919","30410.2292715605","3657.68261632","3656.4929485321","6","11","3216","3221","3","4","True"
"3212","45","2","80","5","77","45","5","73","115998.217156831","30410.2292715605","3657.68261632","3656.4929485321","7","12","3217","3222","3","4","True"
"3213","45","3","80","5","76","45","5","73","112638.387554472","30410.2292715605","3657.68261632","3656.4929485321","8","13","3218","3223","3","4","True"
"3214","45","4","80","5","75","45","5","73","109278.557952113","30410.2292715605","3657.68261632","3656.4929485321","9","14","3219","3224","3","4","True"
"3215","45","5","80","5","74","45","5","73","105918.728349754","30410.2292715605","3657.68261632","3656.4929485321","10","15","3220","3225","-1","6","False"
"3216","45","6","80","5","73","45","5","73","102558.898747396","30410.2292715605","3657.68261632","3656.4929485321","11","16","3221","3226","-1","4","False"
"3217","45","7","80","5","72","45","5","73","99199.0691450366","30410.2292715605","3657.68261632","3656.4929485321","12","17","3222","3227","-1","4","False"
"3218","45","8","80","5","71","45","5","73","95839.2395426777","30410.2292715605","3657.68261632","3656.4929485321","13","18","3223","3228","-1","4","False"
"3219","45","9","80","5","70","45","5","73","92479.4099403188","30410.2292715605","3657.68261632","3656.4929485321","14","19","3224","3229","-1","4","False"
"3220","45","10","80","5","69","45","5","73","89119.5803379599","30410.2292715605","3657.68261632","3656.4929485321","15","20","3225","3230","-1","6","False"
"3221","45","11","80","5","68","45","5","73","85759.7507356009","30410.2292715605","3657.68261632","3656.4929485321","16","21","3226","3231","-1","4","False"
"3222","45","12","80","5","67","45","5","73","82399.921133242","30410.2292715605","3657.68261632","3656.4929485321","17","22","3227","3232","-1","4","False"
"3223","45","13","80","5","66","45","5","73","79040.0915308831","30410.2292715605","3657.68261632","3656.4929485321","18","23","3228","3233","-1","4","False"
"3224","45","14","80","5","65","45","5","73","75680.2619285242","30410.2292715605","3657.68261632","3656.4929485321","19","24","3229","3234","-1","4","False"
"3225","45","15","80","5","64","45","5","73","72320.4323261653","30410.2292715605","3657.68261632","3656.4929485321","20","25","3230","3235","3","6","True"
"3226","45","16","80","5","63","45","5","73","68960.6027238063","30410.2292715605","3657.68261632","3656.4929485321","21","26","3231","3236","3","4","True"
"3227","45","17","80","5","62","45","5","73","65600.7731214474","30410.2292715605","3657.68261632","3656.4929485321","22","27","3232","3237","3","4","True"
"3228","45","18","80","5","61","45","5","73","62240.9435190885","30410.2292715605","3657.68261632","3656.4929485321","23","28","3233","3238","3","4","True"
"3229","45","19","80","5","60","45","5","73","58881.1139167296","30410.2292715605","3657.68261632","3656.4929485321","24","29","3234","3239","3","4","True"
"3230","45","20","80","5","59","45","5","73","55521.2843143707","30410.2292715605","3657.68261632","3656.4929485321","25","30","3235","3240","-1","6","False"
"3231","45","21","80","5","58","45","5","73","52161.4547120117","30410.2292715605","3657.68261632","3656.4929485321","26","31","3236","3241","-1","4","False"
"3232","45","22","80","5","57","45","5","73","48801.6251096528","30410.2292715605","3657.68261632","3656.4929485321","27","32","3237","3242","-1","4","False"
"3233","45","23","80","5","56","45","5","73","45441.7955072939","30410.2292715605","3657.68261632","3656.4929485321","28","33","3238","3243","-1","4","False"
"3234","45","24","80","5","55","45","5","73","42081.965904935","30410.2292715605","3657.68261632","3656.4929485321","29","34","3239","3244","-1","4","False"
"3235","45","25","80","5","54","45","5","73","38722.1363025761","30410.2292715605","3657.68261632","3656.4929485321","30","35","3240","3245","-1","6","False"
"3236","45","26","80","5","53","45","5","73","35362.3067002172","30410.2292715605","3657.68261632","3656.4929485321","31","36","3241","3246","-1","4","False"
"3237","45","27","80","5","52","45","5","73","32002.4770978583","30410.2292715605","3657.68261632","3656.4929485321","32","37","3242","3247","-1","4","False"
"3238","45","28","80","5","51","45","5","73","28642.6474954993","30410.2292715605","3657.68261632","3656.4929485321","33","38","3243","3248","-1","4","False"
"3239","45","29","80","5","50","45","5","73","25282.8178931404","30410.2292715605","3657.68261632","3656.4929485321","34","39","3244","3249","-1","4","False"
"3240","45","30","80","5","49","45","5","73","21922.9882907815","30410.2292715605","3657.68261632","3656.4929485321","35","40","3245","3250","3","6","True"
"3241","45","31","80","5","48","45","5","73","18563.1586884226","30410.2292715605","3657.68261632","3656.4929485321","36","41","3246","3251","3","4","True"
"3242","45","32","80","5","47","45","5","73","15203.3290860637","30410.2292715605","3657.68261632","3656.4929485321","37","42","3247","3252","3","4","True"
"3243","45","33","80","5","46","45","5","73","11843.4994837047","30410.2292715605","3657.68261632","3656.4929485321","38","43","3248","3253","3","4","True"
"3244","45","34","80","5","45","45","5","73","8483.66988134584","30410.2292715605","3657.68261632","3656.4929485321","39","44","3249","3254","3","4","True"
"3245","45","35","80","5","44","45","5","73","5123.84027898691","30410.2292715605","3657.68261632","3656.4929485321","40","45","3250","3255","-1","6","False"
"3246","45","36","80","5","43","45","5","73","1764.01067662801","30410.2292715605","3657.68261632","3656.4929485321","41","46","3251","3256","-1","4","False"
"3247","45","37","80","5","42","45","5","73","-1595.81892573092","30410.2292715605","3657.68261632","3656.4929485321","42","47","3252","3257","-1","4","False"
"3248","45","38","80","5","41","45","5","73","-4955.64852808984","30410.2292715605","3657.68261632","3656.4929485321","43","48","3253","3258","-1","4","False"
"3249","45","39","80","5","40","45","5","73","-8315.47813044874","30410.2292715605","3657.68261632","3656.4929485321","44","49","3254","3259","-1","4","False"
"3250","45","40","80","5","39","45","5","73","-11675.3077328077","30410.2292715605","3657.68261632","3656.4929485321","45","50","3255","3260","-1","6","False"
"3251","45","41","80","5","38","45","5","73","-15035.1373351666","30410.2292715605","3657.68261632","3656.4929485321","46","51","3256","3261","-1","4","False"
"3252","45","42","80","5","37","45","5","73","-18394.9669375255","30410.2292715605","3657.68261632","3656.4929485321","47","52","3257","3262","-1","4","False"
"3253","45","43","80","5","36","45","5","73","-21754.7965398844","30410.2292715605","3657.68261632","3656.4929485321","48","53","3258","3263","-1","4","False"
"3254","45","44","80","5","35","45","5","73","-25114.6261422433","30410.2292715605","3657.68261632","3656.4929485321","49","54","3259","3264","-1","4","False"
"3255","45","45","80","5","34","45","5","73","-28474.4557446023","30410.2292715605","3657.68261632","3656.4929485321","50","55","3260","3265","3","6","True"
"3256","45","46","80","5","33","45","5","73","-31834.2853469612","30410.2292715605","3657.68261632","3656.4929485321","51","56","3261","3266","3","4","True"
"3257","45","47","80","5","32","45","5","73","-35194.1149493201","30410.2292715605","3657.68261632","3656.4929485321","52","57","3262","3267","3","4","True"
"3258","45","48","80","5","31","45","5","73","-38553.944551679","30410.2292715605","3657.68261632","3656.4929485321","53","58","3263","3268","3","4","True"
"3259","45","49","80","5","30","45","5","73","-41913.7741540379","30410.2292715605","3657.68261632","3656.4929485321","54","59","3264","3269","3","4","True"
"3260","45","50","80","5","29","45","5","73","-45273.6037563968","30410.2292715605","3657.68261632","3656.4929485321","55","60","3265","3270","-1","6","False"
"3261","45","51","80","5","28","45","5","73","-48633.4333587558","30410.2292715605","3657.68261632","3656.4929485321","56","61","3266","3271","-1","4","False"
"3262","45","52","80","5","27","45","5","73","-51993.2629611147","30410.2292715605","3657.68261632","3656.4929485321","57","62","3267","3272","-1","4","False"
"3263","45","53","80","5","26","45","5","73","-55353.0925634736","30410.2292715605","3657.68261632","3656.4929485321","58","63","3268","3273","-1","4","False"
"3264","45","54","80","5","25","45","5","73","-58712.9221658325","30410.2292715605","3657.68261632","3656.4929485321","59","64","3269","3274","-1","4","False"
"3265","45","55","80","5","24","45","5","73","-62072.7517681914","30410.2292715605","3657.68261632","3656.4929485321","60","65","3270","3275","-1","6","False"
"3266","45","56","80","5","23","45","5","73","-65432.5813705503","30410.2292715605","3657.68261632","3656.4929485321","61","66","3271","3276","-1","4","False"
"3267","45","57","80","5","22","45","5","73","-68792.4109729092","30410.2292715605","3657.68261632","3656.4929485321","62","67","3272","3277","-1","4","False"
"3268","45","58","80","5","21","45","5","73","-72152.2405752682","30410.2292715605","3657.68261632","3656.4929485321","63","68","3273","3278","-1","4","False"
"3269","45","59","80","5","20","45","5","73","-75512.0701776271","30410.2292715605","3657.68261632","3656.4929485321","64","69","3274","3279","-1","4","False"
"3270","45","60","80","5","19","45","5","73","-78871.899779986","30410.2292715605","3657.68261632","3656.4929485321","65","70","3275","3280","3","6","True"
"3271","45","61","80","5","18","45","5","73","-82231.7293823449","30410.2292715605","3657.68261632","3656.4929485321","66","71","3276","3281","3","4","True"
"3272","45","62","80","5","17","45","5","73","-85591.5589847038","30410.2292715605","3657.68261632","3656.4929485321","67","72","3277","3282","3","4","True"
"3273","45","63","80","5","16","45","5","73","-88951.3885870628","30410.2292715605","3657.68261632","3656.4929485321","68","73","3278","3283","3","4","True"
"3274","45","64","80","5","15","45","5","73","-92311.2181894217","30410.2292715605","3657.68261632","3656.4929485321","69","74","3279","3284","3","4","True"
"3275","45","65","80","5","14","45","5","73","-95671.0477917806","30410.2292715605","3657.68261632","3656.4929485321","70","75","3280","3285","-1","6","False"
"3276","45","66","80","5","13","45","5","73","-99030.8773941395","30410.2292715605","3657.68261632","3656.4929485321","71","76","3281","3286","-1","4","False"
"3277","45","67","80","5","12","45","5","73","-102390.706996498","30410.2292715605","3657.68261632","3656.4929485321","72","77","3282","3287","-1","4","False"
"3278","45","68","80","5","11","45","5","73","-105750.536598857","30410.2292715605","3657.68261632","3656.4929485321","73","78","3283","3288","-1","4","False"
"3279","45","69","80","5","10","45","5","73","-109110.366201216","30410.2292715605","3657.68261632","3656.4929485321","74","79","3284","3289","-1","4","False"
"3280","45","70","80","5","9","45","5","73","-112470.195803575","30410.2292715605","3657.68261632","3656.4929485321","60","65","3270","3275","-1","6","False"
"3281","45","71","80","5","8","45","5","73","-115830.025405934","30410.2292715605","3657.68261632","3656.4929485321","61","66","3271","3276","-1","4","False"
"3282","45","72","80","5","7","45","5","73","-119189.855008293","30410.2292715605","3657.68261632","3656.4929485321","62","67","3272","3277","-1","4","False"
"3283","45","73","80","5","6","45","5","73","-122549.684610652","30410.2292715605","3657.68261632","3656.4929485321","63","68","3273","3278","-1","4","False"
"3284","45","74","80","5","5","45","5","73","-125909.514213011","30410.2292715605","3657.68261632","3656.4929485321","64","69","3274","3279","-1","4","False"
"3285","45","75","80","5","4","45","5","73","-129269.34381537","30410.2292715605","3657.68261632","3656.4929485321","65","70","3275","3280","0","5","True"
"3286","45","76","80","5","3","45","5","73","-132629.173417729","30410.2292715605","3657.68261632","3656.4929485321","66","71","3276","3281","0","3","True"
"3287","45","77","80","5","2","45","5","73","-135989.003020088","30410.2292715605","3657.68261632","3656.4929485321","67","72","3277","3282","0","3","True"
"3288","45","78","80","5","1","45","5","73","-139348.832622446","30410.2292715605","3657.68261632","3656.4929485321","68","73","3278","3283","0","3","True"
"3289","45","79","80","5","0","45","5","73","-142708.662224805","30410.2292715605","3657.68261632","3656.4929485321","69","74","3279","3284","0","3","True"
"3290","46","0","75","5","0","46","5","73","-125909.513665235","34034.4663321074","3657.68261632","3656.4929485321","5","10","3295","3300","3","2","True"
"3291","46","1","75","5","1","46","5","73","-122549.684062876","34034.4663321074","3657.68261632","3656.4929485321","6","11","3296","3301","3","3","True"
"3292","46","2","75","5","2","46","5","73","-119189.854460517","34034.4663321074","3657.68261632","3656.4929485321","7","12","3297","3302","3","3","True"
"3293","46","3","75","5","3","46","5","73","-115830.024858158","34034.4663321074","3657.68261632","3656.4929485321","8","13","3298","3303","3","3","True"
"3294","46","4","75","5","4","46","5","73","-112470.195255799","34034.4663321074","3657.68261632","3656.4929485321","9","14","3299","3304","3","4","True"
"3295","46","5","75","5","5","46","5","73","-109110.365653441","34034.4663321074","3657.68261632","3656.4929485321","10","15","3300","3305","-1","3","False"
"3296","46","6","75","5","6","46","5","73","-105750.536051082","34034.4663321074","3657.68261632","3656.4929485321","11","16","3301","3306","-1","3","False"
"3297","46","7","75","5","7","46","5","73","-102390.706448723","34034.4663321074","3657.68261632","3656.4929485321","12","17","3302","3307","-1","3","False"
"3298","46","8","75","5","8","46","5","73","-99030.8768463638","34034.4663321074","3657.68261632","3656.4929485321","13","18","3303","3308","-1","3","False"
"3299","46","9","75","5","9","46","5","73","-95671.0472440048","34034.4663321074","3657.68261632","3656.4929485321","14","19","3304","3309","-1","4","False"
"3300","46","10","75","5","10","46","5","73","-92311.2176416459","34034.4663321074","3657.68261632","3656.4929485321","15","20","3305","3310","-1","3","False"
"3301","46","11","75","5","11","46","5","73","-88951.388039287","34034.4663321074","3657.68261632","3656.4929485321","16","21","3306","3311","-1","3","False"
"3302","46","12","75","5","12","46","5","73","-85591.5584369281","34034.4663321074","3657.68261632","3656.4929485321","17","22","3307","3312","-1","3","False"
"3303","46","13","75","5","13","46","5","73","-82231.7288345692","34034.4663321074","3657.68261632","3656.4929485321","18","23","3308","3313","-1","3","False"
"3304","46","14","75","5","14","46","5","73","-78871.8992322103","34034.4663321074","3657.68261632","3656.4929485321","19","24","3309","3314","-1","4","False"
"3305","46","15","75","5","15","46","5","73","-75512.0696298514","34034.4663321074","3657.68261632","3656.4929485321","20","25","3310","3315","3","3","True"
"3306","46","16","75","5","16","46","5","73","-72152.2400274924","34034.4663321074","3657.68261632","3656.4929485321","21","26","3311","3316","3","3","True"
"3307","46","17","75","5","17","46","5","73","-68792.4104251335","34034.4663321074","3657.68261632","3656.4929485321","22","27","3312","3317","3","3","True"
"3308","46","18","75","5","18","46","5","73","-65432.5808227746","34034.4663321074","3657.68261632","3656.4929485321","23","28","3313","3318","3","3","True"
"3309","46","19","75","5","19","46","5","73","-62072.7512204157","34034.4663321074","3657.68261632","3656.4929485321","24","29","3314","3319","3","4","True"
"3310","46","20","75","5","20","46","5","73","-58712.9216180568","34034.4663321074","3657.68261632","3656.4929485321","25","30","3315","3320","-1","3","False"
"3311","46","21","75","5","21","46","5","73","-55353.0920156979","34034.4663321074","3657.68261632","3656.4929485321","26","31","3316","3321","-1","3","False"
"3312","46","22","75","5","22","46","5","73","-51993.2624133389","34034.4663321074","3657.68261632","3656.4929485321","27","32","3317","3322","-1","3","False"
"3313","46","23","75","5","23","46","5","73","-48633.43281098","34034.4663321074","3657.68261632","3656.4929485321","28","33","3318","3323","-1","3","False"
"3314","46","24","75","5","24","46","5","73","-45273.6032086211","34034.4663321074","3657.68261632","3656.4929485321","29","34","3319","3324","-1","4","False"
"3315","46","25","75","5","25","46","5","73","-41913.7736062622","34034.4663321074","3657.68261632","3656.4929485321","30","35","3320","3325","-1","3","False"
"3316","46","26","75","5","26","46","5","73","-38553.9440039033","34034.4663321074","3657.68261632","3656.4929485321","31","36","3321","3326","-1","3","False"
"3317","46","27","75","5","27","46","5","73","-35194.1144015444","34034.4663321074","3657.68261632","3656.4929485321","32","37","3322","3327","-1","3","False"
"3318","46","28","75","5","28","46","5","73","-31834.2847991854","34034.4663321074","3657.68261632","3656.4929485321","33","38","3323","3328","-1","3","False"
"3319","46","29","75","5","29","46","5","73","-28474.4551968265","34034.4663321074","3657.68261632","3656.4929485321","34","39","3324","3329","-1","4","False"
"3320","46","30","75","5","30","46","5","73","-25114.6255944676","34034.4663321074","3657.68261632","3656.4929485321","35","40","3325","3330","3","3","True"
"3321","46","31","75","5","31","46","5","73","-21754.7959921087","34034.4663321074","3657.68261632","3656.4929485321","36","41","3326","3331","3","3","True"
"3322","46","32","75","5","32","46","5","73","-18394.9663897498","34034.4663321074","3657.68261632","3656.4929485321","37","42","3327","3332","3","3","True"
"3323","46","33","75","5","33","46","5","73","-15035.1367873909","34034.4663321074","3657.68261632","3656.4929485321","38","43","3328","3333","3","3","True"
"3324","46","34","75","5","34","46","5","73","-11675.3071850319","34034.4663321074","3657.68261632","3656.4929485321","39","44","3329","3334","3","4","True"
"3325","46","35","75","5","35","46","5","73","-8315.47758267302","34034.4663321074","3657.68261632","3656.4929485321","40","45","3330","3335","-1","3","False"
"3326","46","36","75","5","36","46","5","73","-4955.6479803141","34034.4663321074","3657.68261632","3656.4929485321","41","46","3331","3336","-1","3","False"
"3327","46","37","75","5","37","46","5","73","-1595.81837795519","34034.4663321074","3657.68261632","3656.4929485321","42","47","3332","3337","-1","3","False"
"3328","46","38","75","5","38","46","5","73","1764.01122440373","34034.4663321074","3657.68261632","3656.4929485321","43","48","3333","3338","-1","3","False"
"3329","46","39","75","5","39","46","5","73","5123.84082676264","34034.4663321074","3657.68261632","3656.4929485321","44","49","3334","3339","-1","4","False"
"3330","46","40","75","5","40","46","5","73","8483.67042912157","34034.4663321074","3657.68261632","3656.4929485321","45","50","3335","3340","-1","3","False"
"3331","46","41","75","5","41","46","5","73","11843.5000314805","34034.4663321074","3657.68261632","3656.4929485321","46","51","3336","3341","-1","3","False"
"3332","46","42","75","5","42","46","5","73","15203.3296338394","34034.4663321074","3657.68261632","3656.4929485321","47","52","3337","3342","-1","3","False"
"3333","46","43","75","5","43","46","5","73","18563.1592361983","34034.4663321074","3657.68261632","3656.4929485321","48","53","3338","3343","-1","3","False"
"3334","46","44","75","5","44","46","5","73","21922.9888385572","34034.4663321074","3657.68261632","3656.4929485321","49","54","3339","3344","-1","4","False"
"3335","46","45","75","5","45","46","5","73","25282.8184409162","34034.4663321074","3657.68261632","3656.4929485321","50","55","3340","3345","3","3","True"
"3336","46","46","75","5","46","46","5","73","28642.6480432751","34034.4663321074","3657.68261632","3656.4929485321","51","56","3341","3346","3","3","True"
"3337","46","47","75","5","47","46","5","73","32002.477645634","34034.4663321074","3657.68261632","3656.4929485321","52","57","3342","3347","3","3","True"
"3338","46","48","75","5","48","46","5","73","35362.3072479929","34034.4663321074","3657.68261632","3656.4929485321","53","58","3343","3348","3","3","True"
"3339","46","49","75","5","49","46","5","73","38722.1368503518","34034.4663321074","3657.68261632","3656.4929485321","54","59","3344","3349","3","4","True"
"3340","46","50","75","5","50","46","5","73","42081.9664527107","34034.4663321074","3657.68261632","3656.4929485321","55","60","3345","3350","-1","3","False"
"3341","46","51","75","5","51","46","5","73","45441.7960550696","34034.4663321074","3657.68261632","3656.4929485321","56","61","3346","3351","-1","3","False"
"3342","46","52","75","5","52","46","5","73","48801.6256574286","34034.4663321074","3657.68261632","3656.4929485321","57","62","3347","3352","-1","3","False"
"3343","46","53","75","5","53","46","5","73","52161.4552597875","34034.4663321074","3657.68261632","3656.4929485321","58","63","3348","3353","-1","3","False"
"3344","46","54","75","5","54","46","5","73","55521.2848621464","34034.4663321074","3657.68261632","3656.4929485321","59","64","3349","3354","-1","4","False"
"3345","46","55","75","5","55","46","5","73","58881.1144645053","34034.4663321074","3657.68261632","3656.4929485321","60","65","3350","3355","-1","3","False"
"3346","46","56","75","5","56","46","5","73","62240.9440668642","34034.4663321074","3657.68261632","3656.4929485321","61","66","3351","3356","-1","3","False"
"3347","46","57","75","5","57","46","5","73","65600.7736692231","34034.4663321074","3657.68261632","3656.4929485321","62","67","3352","3357","-1","3","False"
"3348","46","58","75","5","58","46","5","73","68960.603271582","34034.4663321074","3657.68261632","3656.4929485321","63","68","3353","3358","-1","3","False"
"3349","46","59","75","5","59","46","5","73","72320.432873941","34034.4663321074","3657.68261632","3656.4929485321","64","69","3354","3359","-1","4","False"
"3350","46","60","75","5","60","46","5","73","75680.2624762999","34034.4663321074","3657.68261632","3656.4929485321","65","70","3355","3360","3","3","True"
"3351","46","61","75","5","61","46","5","73","79040.0920786588","34034.4663321074","3657.68261632","3656.4929485321","66","71","3356","3361","3","3","True"
"3352","46","62","75","5","62","46","5","73","82399.9216810177","34034.4663321074","3657.68261632","3656.4929485321","67","72","3357","3362","3","3","True"
"3353","46","63","75","5","63","46","5","73","85759.7512833766","34034.4663321074","3657.68261632","3656.4929485321","68","73","3358","3363","3","3","True"
"3354","46","64","75","5","64","46","5","73","89119.5808857356","34034.4663321074","3657.68261632","3656.4929485321","69","74","3359","3364","3","4","True"
"3355","46","65","75","5","65","46","5","73","92479.4104880945","34034.4663321074","3657.68261632","3656.4929485321","55","60","3345","3350","-1","3","False"
"3356","46","66","75","5","66","46","5","73","95839.2400904534","34034.4663321074","3657.68261632","3656.4929485321","56","61","3346","3351","-1","3","False"
"3357","46","67","75","5","67","46","5","73","99199.0696928123","34034.4663321074","3657.68261632","3656.4929485321","57","62","3347","3352","-1","3","False"
"3358","46","68","75","5","68","46","5","73","102558.899295171","34034.4663321074","3657.68261632","3656.4929485321","58","63","3348","3353","-1","3","False"
"3359","46","69","75","5","69","46","5","73","105918.72889753","34034.4663321074","3657.68261632","3656.4929485321","59","64","3349","3354","-1","4","False"
"3360","46","70","75","5","70","46","5","73","109278.558499889","34034.4663321074","3657.68261632","3656.4929485321","60","65","3350","3355","-1","3","False"
"3361","46","71","75","5","71","46","5","73","112638.388102248","34034.4663321074","3657.68261632","3656.4929485321","61","66","3351","3356","-1","3","False"
"3362","46","72","75","5","72","46","5","73","115998.217704607","34034.4663321074","3657.68261632","3656.4929485321","62","67","3352","3357","-1","3","False"
"3363","46","73","75","5","73","46","5","73","119358.047306966","34034.4663321074","3657.68261632","3656.4929485321","63","68","3353","3358","-1","3","False"
"3364","46","74","75","5","74","46","5","73","122717.876909325","34034.4663321074","3657.68261632","3656.4929485321","64","69","3354","3359","-1","3","False"
"3365","47","0","75","5","74","47","5","73","122717.876909325","37658.7033926543","3657.68261632","3656.4929485321","5","10","3370","3375","3","2","True"
"3366","47","1","75","5","73","47","5","73","119358.047306966","37658.7033926543","3657.68261632","3656.4929485321","6","11","3371","3376","3","3","True"
"3367","47","2","75","5","72","47","5","73","115998.217704607","37658.7033926543","3657.68261632","3656.4929485321","7","12","3372","3377","3","3","True"
"3368","47","3","75","5","71","47","5","73","112638.388102248","37658.7033926543","3657.68261632","3656.4929485321","8","13","3373","3378","3","3","True"
"3369","47","4","75","5","70","47","5","73","109278.558499889","37658.7033926543","3657.68261632","3656.4929485321","9","14","3374","3379","3","3","True"
"3370","47","5","75","5","69","47","5","73","105918.72889753","37658.7033926543","3657.68261632","3656.4929485321","10","15","3375","3380","-1","4","False"
"3371","47","6","75","5","68","47","5","73","102558.899295171","37658.7033926543","3657.68261632","3656.4929485321","11","16","3376","3381","-1","3","False"
"3372","47","7","75","5","67","47","5","73","99199.0696928123","37658.7033926543","3657.68261632","3656.4929485321","12","17","3377","3382","-1","3","False"
"3373","47","8","75","5","66","47","5","73","95839.2400904534","37658.7033926543","3657.68261632","3656.4929485321","13","18","3378","3383","-1","3","False"
"3374","47","9","75","5","65","47","5","73","92479.4104880945","37658.7033926543","3657.68261632","3656.4929485321","14","19","3379","3384","-1","3","False"
"3375","47","10","75","5","64","47","5","73","89119.5808857356","37658.7033926543","3657.68261632","3656.4929485321","15","20","3380","3385","-1","4","False"
"3376","47","11","75","5","63","47","5","73","85759.7512833766","37658.7033926543","3657.68261632","3656.4929485321","16","21","3381","3386","-1","3","False"
"3377","47","12","75","5","62","47","5","73","82399.9216810177","37658.7033926543","3657.68261632","3656.4929485321","17","22","3382","3387","-1","3","False"
"3378","47","13","75","5","61","47","5","73","79040.0920786588","37658.7033926543","3657.68261632","3656.4929485321","18","23","3383","3388","-1","3","False"
"3379","47","14","75","5","60","47","5","73","75680.2624762999","37658.7033926543","3657.68261632","3656.4929485321","19","24","3384","3389","-1","3","False"
"3380","47","15","75","5","59","47","5","73","72320.432873941","37658.7033926543","3657.68261632","3656.4929485321","20","25","3385","3390","3","4","True"
"3381","47","16","75","5","58","47","5","73","68960.603271582","37658.7033926543","3657.68261632","3656.4929485321","21","26","3386","3391","3","3","True"
"3382","47","17","75","5","57","47","5","73","65600.7736692231","37658.7033926543","3657.68261632","3656.4929485321","22","27","3387","3392","3","3","True"
"3383","47","18","75","5","56","47","5","73","62240.9440668642","37658.7033926543","3657.68261632","3656.4929485321","23","28","3388","3393","3","3","True"
"3384","47","19","75","5","55","47","5","73","58881.1144645053","37658.7033926543","3657.68261632","3656.4929485321","24","29","3389","3394","3","3","True"
"3385","47","20","75","5","54","47","5","73","55521.2848621464","37658.7033926543","3657.68261632","3656.4929485321","25","30","3390","3395","-1","4","False"
"3386","47","21","75","5","53","47","5","73","52161.4552597875","37658.7033926543","3657.68261632","3656.4929485321","26","31","3391","3396","-1","3","False"
"3387","47","22","75","5","52","47","5","73","48801.6256574286","37658.7033926543","3657.68261632","3656.4929485321","27","32","3392","3397","-1","3","False"
"3388","47","23","75","5","51","47","5","73","45441.7960550696","37658.7033926543","3657.68261632","3656.4929485321","28","33","3393","3398","-1","3","False"
"3389","47","24","75","5","50","47","5","73","42081.9664527107","37658.7033926543","3657.68261632","3656.4929485321","29","34","3394","3399","-1","3","False"
"3390","47","25","75","5","49","47","5","73","38722.1368503518","37658.7033926543","3657.68261632","3656.4929485321","30","35","3395","3400","-1","4","False"
"3391","47","26","75","5","48","47","5","73","35362.3072479929","37658.7033926543","3657.68261632","3656.4929485321","31","36","3396","3401","-1","3","False"
"3392","47","27","75","5","47","47","5","73","32002.477645634","37658.7033926543","3657.68261632","3656.4929485321","32","37","3397","3402","-1","3","False"
"3393","47","28","75","5","46","47","5","73","28642.6480432751","37658.7033926543","3657.68261632","3656.4929485321","33","38","3398","3403","-1","3","False"
"3394","47","29","75","5","45","47","5","73","25282.8184409162","37658.7033926543","3657.68261632","3656.4929485321","34","39","3399","3404","-1","3","False"
"3395","47","30","75","5","44","47","5","73","21922.9888385572","37658.7033926543","3657.68261632","3656.4929485321","35","40","3400","3405","3","4","True"
"3396","47","31","75","5","43","47","5","73","18563.1592361983","37658.7033926543","3657.68261632","3656.4929485321","36","41","3401","3406","3","3","True"
"3397","47","32","75","5","42","47","5","73","15203.3296338394","37658.7033926543","3657.68261632","3656.4929485321","37","42","3402","3407","3","3","True"
"3398","47","33","75","5","41","47","5","73","11843.5000314805","37658.7033926543","3657.68261632","3656.4929485321","38","43","3403","3408","3","3","True"
"3399","47","34","75","5","40","47","5","73","8483.67042912157","37658.7033926543","3657.68261632","3656.4929485321","39","44","3404","3409","3","3","True"
"3400","47","35","75","5","39","47","5","73","5123.84082676264","37658.7033926543","3657.68261632","3656.4929485321","40","45","3405","3410","-1","4","False"
"3401","47","36","75","5","38","47","5","73","1764.01122440373","37658.7033926543","3657.68261632","3656.4929485321","41","46","3406","3411","-1","3","False"
"3402","47","37","75","5","37","47","5","73","-1595.81837795519","37658.7033926543","3657.68261632","3656.4929485321","42","47","3407","3412","-1","3","False"
"3403","47","38","75","5","36","47","5","73","-4955.6479803141","37658.7033926543","3657.68261632","3656.4929485321","43","48","3408","3413","-1","3","False"
"3404","47","39","75","5","35","47","5","73","-8315.47758267302","37658.7033926543","3657.68261632","3656.4929485321","44","49","3409","3414","-1","3","False"
"3405","47","40","75","5","34","47","5","73","-11675.3071850319","37658.7033926543","3657.68261632","3656.4929485321","45","50","3410","3415","-1","4","False"
"3406","47","41","75","5","33","47","5","73","-15035.1367873909","37658.7033926543","3657.68261632","3656.4929485321","46","51","3411","3416","-1","3","False"
"3407","47","42","75","5","32","47","5","73","-18394.9663897498","37658.7033926543","3657.68261632","3656.4929485321","47","52","3412","3417","-1","3","False"
"3408","47","43","75","5","31","47","5","73","-21754.7959921087","37658.7033926543","3657.68261632","3656.4929485321","48","53","3413","3418","-1","3","False"
"3409","47","44","75","5","30","47","5","73","-25114.6255944676","37658.7033926543","3657.68261632","3656.4929485321","49","54","3414","3419","-1","3","False"
"3410","47","45","75","5","29","47","5","73","-28474.4551968265","37658.7033926543","3657.68261632","3656.4929485321","50","55","3415","3420","3","4","True"
"3411","47","46","75","5","28","47","5","73","-31834.2847991854","37658.7033926543","3657.68261632","3656.4929485321","51","56","3416","3421","3","3","True"
"3412","47","47","75","5","27","47","5","73","-35194.1144015444","37658.7033926543","3657.68261632","3656.4929485321","52","57","3417","3422","3","3","True"
"3413","47","48","75","5","26","47","5","73","-38553.9440039033","37658.7033926543","3657.68261632","3656.4929485321","53","58","3418","3423","3","3","True"
"3414","47","49","75","5","25","47","5","73","-41913.7736062622","37658.7033926543","3657.68261632","3656.4929485321","54","59","3419","3424","3","3","True"
"3415","47","50","75","5","24","47","5","73","-45273.6032086211","37658.7033926543","3657.68261632","3656.4929485321","55","60","3420","3425","-1","4","False"
"3416","47","51","75","5","23","47","5","73","-48633.43281098","37658.7033926543","3657.68261632","3656.4929485321","56","61","3421","3426","-1","3","False"
"3417","47","52","75","5","22","47","5","73","-51993.2624133389","37658.7033926543","3657.68261632","3656.4929485321","57","62","3422","3427","-1","3","False"
"3418","47","53","75","5","21","47","5","73","-55353.0920156979","37658.7033926543","3657.68261632","3656.4929485321","58","63","3423","3428","-1","3","False"
"3419","47","54","75","5","20","47","5","73","-58712.9216180568","37658.7033926543","3657.68261632","3656.4929485321","59","64","3424","3429","-1","3","False"
"3420","47","55","75","5","19","47","5","73","-62072.7512204157","37658.7033926543","3657.68261632","3656.4929485321","60","65","3425","3430","-1","4","False"
"3421","47","56","75","5","18","47","5","73","-65432.5808227746","37658.7033926543","3657.68261632","3656.4929485321","61","66","3426","3431","-1","3","False"
"3422","47","57","75","5","17","47","5","73","-68792.4104251335","37658.7033926543","3657.68261632","3656.4929485321","62","67","3427","3432","-1","3","False"
"3423","47","58","75","5","16","47","5","73","-72152.2400274924","37658.7033926543","3657.68261632","3656.4929485321","63","68","3428","3433","-1","3","False"
"3424","47","59","75","5","15","47","5","73","-75512.0696298514","37658.7033926543","3657.68261632","3656.4929485321","64","69","3429","3434","-1","3","False"
"3425","47","60","75","5","14","47","5","73","-78871.8992322103","37658.7033926543","3657.68261632","3656.4929485321","65","70","3430","3435","3","4","True"
"3426","47","61","75","5","13","47","5","73","-82231.7288345692","37658.7033926543","3657.68261632","3656.4929485321","66","71","3431","3436","3","3","True"
"3427","47","62","75","5","12","47","5","73","-85591.5584369281","37658.7033926543","3657.68261632","3656.4929485321","67","72","3432","3437","3","3","True"
"3428","47","63","75","5","11","47","5","73","-88951.388039287","37658.7033926543","3657.68261632","3656.4929485321","68","73","3433","3438","3","3","True"
"3429","47","64","75","5","10","47","5","73","-92311.2176416459","37658.7033926543","3657.68261632","3656.4929485321","69","74","3434","3439","3","3","True"
"3430","47","65","75","5","9","47","5","73","-95671.0472440048","37658.7033926543","3657.68261632","3656.4929485321","55","60","3420","3425","-1","4","False"
"3431","47","66","75","5","8","47","5","73","-99030.8768463638","37658.7033926543","3657.68261632","3656.4929485321","56","61","3421","3426","-1","3","False"
"3432","47","67","75","5","7","47","5","73","-102390.706448723","37658.7033926543","3657.68261632","3656.4929485321","57","62","3422","3427","-1","3","False"
"3433","47","68","75","5","6","47","5","73","-105750.536051082","37658.7033926543","3657.68261632","3656.4929485321","58","63","3423","3428","-1","3","False"
"3434","47","69","75","5","5","47","5","73","-109110.365653441","37658.7033926543","3657.68261632","3656.4929485321","59","64","3424","3429","-1","3","False"
"3435","47","70","75","5","4","47","5","73","-112470.195255799","37658.7033926543","3657.68261632","3656.4929485321","60","65","3425","3430","-1","4","False"
"3436","47","71","75","5","3","47","5","73","-115830.024858158","37658.7033926543","3657.68261632","3656.4929485321","61","66","3426","3431","-1","3","False"
"3437","47","72","75","5","2","47","5","73","-119189.854460517","37658.7033926543","3657.68261632","3656.4929485321","62","67","3427","3432","-1","3","False"
"3438","47","73","75","5","1","47","5","73","-122549.684062876","37658.7033926543","3657.68261632","3656.4929485321","63","68","3428","3433","-1","3","False"
"3439","47","74","75","5","0","47","5","73","-125909.513665235","37658.7033926543","3657.68261632","3656.4929485321","64","69","3429","3434","-1","3","False"
"3440","48","0","75","5","0","48","5","73","-125909.513665235","41282.9404532012","3657.68261632","3656.4929485321","5","10","3445","3450","3","3","True"
"3441","48","1","75","5","1","48","5","73","-122549.684062876","41282.9404532012","3657.68261632","3656.4929485321","6","11","3446","3451","3","4","True"
"3442","48","2","75","5","2","48","5","73","-119189.854460517","41282.9404532012","3657.68261632","3656.4929485321","7","12","3447","3452","3","4","True"
"3443","48","3","75","5","3","48","5","73","-115830.024858158","41282.9404532012","3657.68261632","3656.4929485321","8","13","3448","3453","3","4","True"
"3444","48","4","75","5","4","48","5","73","-112470.195255799","41282.9404532012","3657.68261632","3656.4929485321","9","14","3449","3454","3","6","True"
"3445","48","5","75","5","5","48","5","73","-109110.365653441","41282.9404532012","3657.68261632","3656.4929485321","10","15","3450","3455","-1","4","False"
"3446","48","6","75","5","6","48","5","73","-105750.536051082","41282.9404532012","3657.68261632","3656.4929485321","11","16","3451","3456","-1","4","False"
"3447","48","7","75","5","7","48","5","73","-102390.706448723","41282.9404532012","3657.68261632","3656.4929485321","12","17","3452","3457","-1","4","False"
"3448","48","8","75","5","8","48","5","73","-99030.8768463638","41282.9404532012","3657.68261632","3656.4929485321","13","18","3453","3458","-1","4","False"
"3449","48","9","75","5","9","48","5","73","-95671.0472440048","41282.9404532012","3657.68261632","3656.4929485321","14","19","3454","3459","-1","6","False"
"3450","48","10","75","5","10","48","5","73","-92311.2176416459","41282.9404532012","3657.68261632","3656.4929485321","15","20","3455","3460","-1","4","False"
"3451","48","11","75","5","11","48","5","73","-88951.388039287","41282.9404532012","3657.68261632","3656.4929485321","16","21","3456","3461","-1","4","False"
"3452","48","12","75","5","12","48","5","73","-85591.5584369281","41282.9404532012","3657.68261632","3656.4929485321","17","22","3457","3462","-1","4","False"
"3453","48","13","75","5","13","48","5","73","-82231.7288345692","41282.9404532012","3657.68261632","3656.4929485321","18","23","3458","3463","-1","4","False"
"3454","48","14","75","5","14","48","5","73","-78871.8992322103","41282.9404532012","3657.68261632","3656.4929485321","19","24","3459","3464","-1","6","False"
"3455","48","15","75","5","15","48","5","73","-75512.0696298514","41282.9404532012","3657.68261632","3656.4929485321","20","25","3460","3465","3","4","True"
"3456","48","16","75","5","16","48","5","73","-72152.2400274924","41282.9404532012","3657.68261632","3656.4929485321","21","26","3461","3466","3","4","True"
"3457","48","17","75","5","17","48","5","73","-68792.4104251335","41282.9404532012","3657.68261632","3656.4929485321","22","27","3462","3467","3","4","True"
"3458","48","18","75","5","18","48","5","73","-65432.5808227746","41282.9404532012","3657.68261632","3656.4929485321","23","28","3463","3468","3","4","True"
"3459","48","19","75","5","19","48","5","73","-62072.7512204157","41282.9404532012","3657.68261632","3656.4929485321","24","29","3464","3469","3","6","True"
"3460","48","20","75","5","20","48","5","73","-58712.9216180568","41282.9404532012","3657.68261632","3656.4929485321","25","30","3465","3470","-1","4","False"
"3461","48","21","75","5","21","48","5","73","-55353.0920156979","41282.9404532012","3657.68261632","3656.4929485321","26","31","3466","3471","-1","4","False"
"3462","48","22","75","5","22","48","5","73","-51993.2624133389","41282.9404532012","3657.68261632","3656.4929485321","27","32","3467","3472","-1","4","False"
"3463","48","23","75","5","23","48","5","73","-48633.43281098","41282.9404532012","3657.68261632","3656.4929485321","28","33","3468","3473","-1","4","False"
"3464","48","24","75","5","24","48","5","73","-45273.6032086211","41282.9404532012","3657.68261632","3656.4929485321","29","34","3469","3474","-1","6","False"
"3465","48","25","75","5","25","48","5","73","-41913.7736062622","41282.9404532012","3657.68261632","3656.4929485321","30","35","3470","3475","-1","4","False"
"3466","48","26","75","5","26","48","5","73","-38553.9440039033","41282.9404532012","3657.68261632","3656.4929485321","31","36","3471","3476","-1","4","False"
"3467","48","27","75","5","27","48","5","73","-35194.1144015444","41282.9404532012","3657.68261632","3656.4929485321","32","37","3472","3477","-1","4","False"
"3468","48","28","75","5","28","48","5","73","-31834.2847991854","41282.9404532012","3657.68261632","3656.4929485321","33","38","3473","3478","-1","4","False"
"3469","48","29","75","5","29","48","5","73","-28474.4551968265","41282.9404532012","3657.68261632","3656.4929485321","34","39","3474","3479","-1","6","False"
"3470","48","30","75","5","30","48","5","73","-25114.6255944676","41282.9404532012","3657.68261632","3656.4929485321","35","40","3475","3480","3","4","True"
"3471","48","31","75","5","31","48","5","73","-21754.7959921087","41282.9404532012","3657.68261632","3656.4929485321","36","41","3476","3481","3","4","True"
"3472","48","32","75","5","32","48","5","73","-18394.9663897498","41282.9404532012","3657.68261632","3656.4929485321","37","42","3477","3482","3","4","True"
"3473","48","33","75","5","33","48","5","73","-15035.1367873909","41282.9404532012","3657.68261632","3656.4929485321","38","43","3478","3483","3","4","True"
"3474","48","34","75","5","34","48","5","73","-11675.3071850319","41282.9404532012","3657.68261632","3656.4929485321","39","44","3479","3484","3","6","True"
"3475","48","35","75","5","35","48","5","73","-8315.47758267302","41282.9404532012","3657.68261632","3656.4929485321","40","45","3480","3485","-1","4","False"
"3476","48","36","75","5","36","48","5","73","-4955.6479803141","41282.9404532012","3657.68261632","3656.4929485321","41","46","3481","3486","-1","4","False"
"3477","48","37","75","5","37","48","5","73","-1595.81837795519","41282.9404532012","3657.68261632","3656.4929485321","42","47","3482","3487","-1","4","False"
"3478","48","38","75","5","38","48","5","73","1764.01122440373","41282.9404532012","3657.68261632","3656.4929485321","43","48","3483","3488","-1","4","False"
"3479","48","39","75","5","39","48","5","73","5123.84082676264","41282.9404532012","3657.68261632","3656.4929485321","44","49","3484","3489","-1","6","False"
"3480","48","40","75","5","40","48","5","73","8483.67042912157","41282.9404532012","3657.68261632","3656.4929485321","45","50","3485","3490","-1","4","False"
"3481","48","41","75","5","41","48","5","73","11843.5000314805","41282.9404532012","3657.68261632","3656.4929485321","46","51","3486","3491","-1","4","False"
"3482","48","42","75","5","42","48","5","73","15203.3296338394","41282.9404532012","3657.68261632","3656.4929485321","47","52","3487","3492","-1","4","False"
"3483","48","43","75","5","43","48","5","73","18563.1592361983","41282.9404532012","3657.68261632","3656.4929485321","48","53","3488","3493","-1","4","False"
"3484","48","44","75","5","44","48","5","73","21922.9888385572","41282.9404532012","3657.68261632","3656.4929485321","49","54","3489","3494","-1","6","False"
"3485","48","45","75","5","45","48","5","73","25282.8184409162","41282.9404532012","3657.68261632","3656.4929485321","50","55","3490","3495","3","4","True"
"3486","48","46","75","5","46","48","5","73","28642.6480432751","41282.9404532012","3657.68261632","3656.4929485321","51","56","3491","3496","3","4","True"
"3487","48","47","75","5","47","48","5","73","32002.477645634","41282.9404532012","3657.68261632","3656.4929485321","52","57","3492","3497","3","4","True"
"3488","48","48","75","5","48","48","5","73","35362.3072479929","41282.9404532012","3657.68261632","3656.4929485321","53","58","3493","3498","3","4","True"
"3489","48","49","75","5","49","48","5","73","38722.1368503518","41282.9404532012","3657.68261632","3656.4929485321","54","59","3494","3499","3","6","True"
"3490","48","50","75","5","50","48","5","73","42081.9664527107","41282.9404532012","3657.68261632","3656.4929485321","55","60","3495","3500","-1","4","False"
"3491","48","51","75","5","51","48","5","73","45441.7960550696","41282.9404532012","3657.68261632","3656.4929485321","56","61","3496","3501","-1","4","False"
"3492","48","52","75","5","52","48","5","73","48801.6256574286","41282.9404532012","3657.68261632","3656.4929485321","57","62","3497","3502","-1","4","False"
"3493","48","53","75","5","53","48","5","73","52161.4552597875","41282.9404532012","3657.68261632","3656.4929485321","58","63","3498","3503","-1","4","False"
"3494","48","54","75","5","54","48","5","73","55521.2848621464","41282.9404532012","3657.68261632","3656.4929485321","59","64","3499","3504","-1","6","False"
"3495","48","55","75","5","55","48","5","73","58881.1144645053","41282.9404532012","3657.68261632","3656.4929485321","60","65","3500","3505","-1","4","False"
"3496","48","56","75","5","56","48","5","73","62240.9440668642","41282.9404532012","3657.68261632","3656.4929485321","61","66","3501","3506","-1","4","False"
"3497","48","57","75","5","57","48","5","73","65600.7736692231","41282.9404532012","3657.68261632","3656.4929485321","62","67","3502","3507","-1","4","False"
"3498","48","58","75","5","58","48","5","73","68960.603271582","41282.9404532012","3657.68261632","3656.4929485321","63","68","3503","3508","-1","4","False"
"3499","48","59","75","5","59","48","5","73","72320.432873941","41282.9404532012","3657.68261632","3656.4929485321","64","69","3504","3509","-1","6","False"
"3500","48","60","75","5","60","48","5","73","75680.2624762999","41282.9404532012","3657.68261632","3656.4929485321","65","70","3505","3510","3","4","True"
"3501","48","61","75","5","61","48","5","73","79040.0920786588","41282.9404532012","3657.68261632","3656.4929485321","66","71","3506","3511","3","4","True"
"3502","48","62","75","5","62","48","5","73","82399.9216810177","41282.9404532012","3657.68261632","3656.4929485321","67","72","3507","3512","3","4","True"
"3503","48","63","75","5","63","48","5","73","85759.7512833766","41282.9404532012","3657.68261632","3656.4929485321","68","73","3508","3513","3","4","True"
"3504","48","64","75","5","64","48","5","73","89119.5808857356","41282.9404532012","3657.68261632","3656.4929485321","69","74","3509","3514","3","6","True"
"3505","48","65","75","5","65","48","5","73","92479.4104880945","41282.9404532012","3657.68261632","3656.4929485321","55","60","3495","3500","-1","4","False"
"3506","48","66","75","5","66","48","5","73","95839.2400904534","41282.9404532012","3657.68261632","3656.4929485321","56","61","3496","3501","-1","4","False"
"3507","48","67","75","5","67","48","5","73","99199.0696928123","41282.9404532012","3657.68261632","3656.4929485321","57","62","3497","3502","-1","4","False"
"3508","48","68","75","5","68","48","5","73","102558.899295171","41282.9404532012","3657.68261632","3656.4929485321","58","63","3498","3503","-1","4","False"
"3509","48","69","75","5","69","48","5","73","105918.72889753","41282.9404532012","3657.68261632","3656.4929485321","59","64","3499","3504","-1","6","False"
"3510","48","70","75","5","70","48","5","73","109278.558499889","41282.9404532012","3657.68261632","3656.4929485321","60","65","3500","3505","-1","4","False"
"3511","48","71","75","5","71","48","5","73","112638.388102248","41282.9404532012","3657.68261632","3656.4929485321","61","66","3501","3506","-1","4","False"
"3512","48","72","75","5","72","48","5","73","115998.217704607","41282.9404532012","3657.68261632","3656.4929485321","62","67","3502","3507","-1","4","False"
"3513","48","73","75","5","73","48","5","73","119358.047306966","41282.9404532012","3657.68261632","3656.4929485321","63","68","3503","3508","-1","4","False"
"3514","48","74","75","5","74","48","5","73","122717.876909325","41282.9404532012","3657.68261632","3656.4929485321","64","69","3504","3509","-1","4","False"
"3515","49","0","75","5","74","49","5","73","122717.876909325","44907.177513748","3657.68261632","3656.4929485321","5","10","3520","3525","3","2","True"
"3516","49","1","75","5","73","49","5","73","119358.047306966","44907.177513748","3657.68261632","3656.4929485321","6","11","3521","3526","3","3","True"
"3517","49","2","75","5","72","49","5","73","115998.217704607","44907.177513748","3657.68261632","3656.4929485321","7","12","3522","3527","3","3","True"
"3518","49","3","75","5","71","49","5","73","112638.388102248","44907.177513748","3657.68261632","3656.4929485321","8","13","3523","3528","3","3","True"
"3519","49","4","75","5","70","49","5","73","109278.558499889","44907.177513748","3657.68261632","3656.4929485321","9","14","3524","3529","3","3","True"
"3520","49","5","75","5","69","49","5","73","105918.72889753","44907.177513748","3657.68261632","3656.4929485321","10","15","3525","3530","-1","4","False"
"3521","49","6","75","5","68","49","5","73","102558.899295171","44907.177513748","3657.68261632","3656.4929485321","11","16","3526","3531","-1","3","False"
"3522","49","7","75","5","67","49","5","73","99199.0696928123","44907.177513748","3657.68261632","3656.4929485321","12","17","3527","3532","-1","3","False"
"3523","49","8","75","5","66","49","5","73","95839.2400904534","44907.177513748","3657.68261632","3656.4929485321","13","18","3528","3533","-1","3","False"
"3524","49","9","75","5","65","49","5","73","92479.4104880945","44907.177513748","3657.68261632","3656.4929485321","14","19","3529","3534","-1","3","False"
"3525","49","10","75","5","64","49","5","73","89119.5808857356","44907.177513748","3657.68261632","3656.4929485321","15","20","3530","3535","-1","4","False"
"3526","49","11","75","5","63","49","5","73","85759.7512833766","44907.177513748","3657.68261632","3656.4929485321","16","21","3531","3536","-1","3","False"
"3527","49","12","75","5","62","49","5","73","82399.9216810177","44907.177513748","3657.68261632","3656.4929485321","17","22","3532","3537","-1","3","False"
"3528","49","13","75","5","61","49","5","73","79040.0920786588","44907.177513748","3657.68261632","3656.4929485321","18","23","3533","3538","-1","3","False"
"3529","49","14","75","5","60","49","5","73","75680.2624762999","44907.177513748","3657.68261632","3656.4929485321","19","24","3534","3539","-1","3","False"
"3530","49","15","75","5","59","49","5","73","72320.432873941","44907.177513748","3657.68261632","3656.4929485321","20","25","3535","3540","3","4","True"
"3531","49","16","75","5","58","49","5","73","68960.603271582","44907.177513748","3657.68261632","3656.4929485321","21","26","3536","3541","3","3","True"
"3532","49","17","75","5","57","49","5","73","65600.7736692231","44907.177513748","3657.68261632","3656.4929485321","22","27","3537","3542","3","3","True"
"3533","49","18","75","5","56","49","5","73","62240.9440668642","44907.177513748","3657.68261632","3656.4929485321","23","28","3538","3543","3","3","True"
"3534","49","19","75","5","55","49","5","73","58881.1144645053","44907.177513748","3657.68261632","3656.4929485321","24","29","3539","3544","3","3","True"
"3535","49","20","75","5","54","49","5","73","55521.2848621464","44907.177513748","3657.68261632","3656.4929485321","25","30","3540","3545","-1","4","False"
"3536","49","21","75","5","53","49","5","73","52161.4552597875","44907.177513748","3657.68261632","3656.4929485321","26","31","3541","3546","-1","3","False"
"3537","49","22","75","5","52","49","5","73","48801.6256574286","44907.177513748","3657.68261632","3656.4929485321","27","32","3542","3547","-1","3","False"
"3538","49","23","75","5","51","49","5","73","45441.7960550696","44907.177513748","3657.68261632","3656.4929485321","28","33","3543","3548","-1","3","False"
"3539","49","24","75","5","50","49","5","73","42081.9664527107","44907.177513748","3657.68261632","3656.4929485321","29","34","3544","3549","-1","3","False"
"3540","49","25","75","5","49","49","5","73","38722.1368503518","44907.177513748","3657.68261632","3656.4929485321","30","35","3545","3550","-1","4","False"
"3541","49","26","75","5","48","49","5","73","35362.3072479929","44907.177513748","3657.68261632","3656.4929485321","31","36","3546","3551","-1","3","False"
"3542","49","27","75","5","47","49","5","73","32002.477645634","44907.177513748","3657.68261632","3656.4929485321","32","37","3547","3552","-1","3","False"
"3543","49","28","75","5","46","49","5","73","28642.6480432751","44907.177513748","3657.68261632","3656.4929485321","33","38","3548","3553","-1","3","False"
"3544","49","29","75","5","45","49","5","73","25282.8184409162","44907.177513748","3657.68261632","3656.4929485321","34","39","3549","3554","-1","3","False"
"3545","49","30","75","5","44","49","5","73","21922.9888385572","44907.177513748","3657.68261632","3656.4929485321","35","40","3550","3555","3","4","True"
"3546","49","31","75","5","43","49","5","73","18563.1592361983","44907.177513748","3657.68261632","3656.4929485321","36","41","3551","3556","3","3","True"
"3547","49","32","75","5","42","49","5","73","15203.3296338394","44907.177513748","3657.68261632","3656.4929485321","37","42","3552","3557","3","3","True"
"3548","49","33","75","5","41","49","5","73","11843.5000314805","44907.177513748","3657.68261632","3656.4929485321","38","43","3553","3558","3","3","True"
"3549","49","34","75","5","40","49","5","73","8483.67042912157","44907.177513748","3657.68261632","3656.4929485321","39","44","3554","3559","3","3","True"
"3550","49","35","75","5","39","49","5","73","5123.84082676264","44907.177513748","3657.68261632","3656.4929485321","40","45","3555","3560","-1","4","False"
"3551","49","36","75","5","38","49","5","73","1764.01122440373","44907.177513748","3657.68261632","3656.4929485321","41","46","3556","3561","-1","3","False"
"3552","49","37","75","5","37","49","5","73","-1595.81837795519","44907.177513748","3657.68261632","3656.4929485321","42","47","3557","3562","-1","3","False"
"3553","49","38","75","5","36","49","5","73","-4955.6479803141","44907.177513748","3657.68261632","3656.4929485321","43","48","3558","3563","-1","3","False"
"3554","49","39","75","5","35","49","5","73","-8315.47758267302","44907.177513748","3657.68261632","3656.4929485321","44","49","3559","3564","-1","3","False"
"3555","49","40","75","5","34","49","5","73","-11675.3071850319","44907.177513748","3657.68261632","3656.4929485321","45","50","3560","3565","-1","4","False"
"3556","49","41","75","5","33","49","5","73","-15035.1367873909","44907.177513748","3657.68261632","3656.4929485321","46","51","3561","3566","-1","3","False"
"3557","49","42","75","5","32","49","5","73","-18394.9663897498","44907.177513748","3657.68261632","3656.4929485321","47","52","3562","3567","-1","3","False"
"3558","49","43","75","5","31","49","5","73","-21754.7959921087","44907.177513748","3657.68261632","3656.4929485321","48","53","3563","3568","-1","3","False"
"3559","49","44","75","5","30","49","5","73","-25114.6255944676","44907.177513748","3657.68261632","3656.4929485321","49","54","3564","3569","-1","3","False"
"3560","49","45","75","5","29","49","5","73","-28474.4551968265","44907.177513748","3657.68261632","3656.4929485321","50","55","3565","3570","3","4","True"
"3561","49","46","75","5","28","49","5","73","-31834.2847991854","44907.177513748","3657.68261632","3656.4929485321","51","56","3566","3571","3","3","True"
"3562","49","47","75","5","27","49","5","73","-35194.1144015444","44907.177513748","3657.68261632","3656.4929485321","52","57","3567","3572","3","3","True"
"3563","49","48","75","5","26","49","5","73","-38553.9440039033","44907.177513748","3657.68261632","3656.4929485321","53","58","3568","3573","3","3","True"
"3564","49","49","75","5","25","49","5","73","-41913.7736062622","44907.177513748","3657.68261632","3656.4929485321","54","59","3569","3574","3","3","True"
"3565","49","50","75","5","24","49","5","73","-45273.6032086211","44907.177513748","3657.68261632","3656.4929485321","55","60","3570","3575","-1","4","False"
"3566","49","51","75","5","23","49","5","73","-48633.43281098","44907.177513748","3657.68261632","3656.4929485321","56","61","3571","3576","-1","3","False"
"3567","49","52","75","5","22","49","5","73","-51993.2624133389","44907.177513748","3657.68261632","3656.4929485321","57","62","3572","3577","-1","3","False"
"3568","49","53","75","5","21","49","5","73","-55353.0920156979","44907.177513748","3657.68261632","3656.4929485321","58","63","3573","3578","-1","3","False"
"3569","49","54","75","5","20","49","5","73","-58712.9216180568","44907.177513748","3657.68261632","3656.4929485321","59","64","3574","3579","-1","3","False"
"3570","49","55","75","5","19","49","5","73","-62072.7512204157","44907.177513748","3657.68261632","3656.4929485321","60","65","3575","3580","-1","4","False"
"3571","49","56","75","5","18","49","5","73","-65432.5808227746","44907.177513748","3657.68261632","3656.4929485321","61","66","3576","3581","-1","3","False"
"3572","49","57","75","5","17","49","5","73","-68792.4104251335","44907.177513748","3657.68261632","3656.4929485321","62","67","3577","3582","-1","3","False"
"3573","49","58","75","5","16","49","5","73","-72152.2400274924","44907.177513748","3657.68261632","3656.4929485321","63","68","3578","3583","-1","3","False"
"3574","49","59","75","5","15","49","5","73","-75512.0696298514","44907.177513748","3657.68261632","3656.4929485321","64","69","3579","3584","-1","3","False"
"3575","49","60","75","5","14","49","5","73","-78871.8992322103","44907.177513748","3657.68261632","3656.4929485321","65","70","3580","3585","3","4","True"
"3576","49","61","75","5","13","49","5","73","-82231.7288345692","44907.177513748","3657.68261632","3656.4929485321","66","71","3581","3586","3","3","True"
"3577","49","62","75","5","12","49","5","73","-85591.5584369281","44907.177513748","3657.68261632","3656.4929485321","67","72","3582","3587","3","3","True"
"3578","49","63","75","5","11","49","5","73","-88951.388039287","44907.177513748","3657.68261632","3656.4929485321","68","73","3583","3588","3","3","True"
"3579","49","64","75","5","10","49","5","73","-92311.2176416459","44907.177513748","3657.68261632","3656.4929485321","69","74","3584","3589","3","3","True"
"3580","49","65","75","5","9","49","5","73","-95671.0472440048","44907.177513748","3657.68261632","3656.4929485321","55","60","3570","3575","-1","4","False"
"3581","49","66","75","5","8","49","5","73","-99030.8768463638","44907.177513748","3657.68261632","3656.4929485321","56","61","3571","3576","-1","3","False"
"3582","49","67","75","5","7","49","5","73","-102390.706448723","44907.177513748","3657.68261632","3656.4929485321","57","62","3572","3577","-1","3","False"
"3583","49","68","75","5","6","49","5","73","-105750.536051082","44907.177513748","3657.68261632","3656.4929485321","58","63","3573","3578","-1","3","False"
"3584","49","69","75","5","5","49","5","73","-109110.365653441","44907.177513748","3657.68261632","3656.4929485321","59","64","3574","3579","-1","3","False"
"3585","49","70","75","5","4","49","5","73","-112470.195255799","44907.177513748","3657.68261632","3656.4929485321","60","65","3575","3580","-1","4","False"
"3586","49","71","75","5","3","49","5","73","-115830.024858158","44907.177513748","3657.68261632","3656.4929485321","61","66","3576","3581","-1","3","False"
"3587","49","72","75","5","2","49","5","73","-119189.854460517","44907.177513748","3657.68261632","3656.4929485321","62","67","3577","3582","-1","3","False"
"3588","49","73","75","5","1","49","5","73","-122549.684062876","44907.177513748","3657.68261632","3656.4929485321","63","68","3578","3583","-1","3","False"
"3589","49","74","75","5","0","49","5","73","-125909.513665235","44907.177513748","3657.68261632","3656.4929485321","64","69","3579","3584","-1","3","False"
"3590","50","0","75","5","0","50","5","73","-125909.513665235","48531.4145742949","3657.68261632","3656.4929485321","5","10","3595","3600","3","2","True"
"3591","50","1","75","5","1","50","5","73","-122549.684062876","48531.4145742949","3657.68261632","3656.4929485321","6","11","3596","3601","3","3","True"
"3592","50","2","75","5","2","50","5","73","-119189.854460517","48531.4145742949","3657.68261632","3656.4929485321","7","12","3597","3602","3","3","True"
"3593","50","3","75","5","3","50","5","73","-115830.024858158","48531.4145742949","3657.68261632","3656.4929485321","8","13","3598","3603","3","3","True"
"3594","50","4","75","5","4","50","5","73","-112470.195255799","48531.4145742949","3657.68261632","3656.4929485321","9","14","3599","3604","3","4","True"
"3595","50","5","75","5","5","50","5","73","-109110.365653441","48531.4145742949","3657.68261632","3656.4929485321","10","15","3600","3605","-1","3","False"
"3596","50","6","75","5","6","50","5","73","-105750.536051082","48531.4145742949","3657.68261632","3656.4929485321","11","16","3601","3606","-1","3","False"
"3597","50","7","75","5","7","50","5","73","-102390.706448723","48531.4145742949","3657.68261632","3656.4929485321","12","17","3602","3607","-1","3","False"
"3598","50","8","75","5","8","50","5","73","-99030.8768463638","48531.4145742949","3657.68261632","3656.4929485321","13","18","3603","3608","-1","3","False"
"3599","50","9","75","5","9","50","5","73","-95671.0472440048","48531.4145742949","3657.68261632","3656.4929485321","14","19","3604","3609","-1","4","False"
"3600","50","10","75","5","10","50","5","73","-92311.2176416459","48531.4145742949","3657.68261632","3656.4929485321","15","20","3605","3610","-1","3","False"
"3601","50","11","75","5","11","50","5","73","-88951.388039287","48531.4145742949","3657.68261632","3656.4929485321","16","21","3606","3611","-1","3","False"
"3602","50","12","75","5","12","50","5","73","-85591.5584369281","48531.4145742949","3657.68261632","3656.4929485321","17","22","3607","3612","-1","3","False"
"3603","50","13","75","5","13","50","5","73","-82231.7288345692","48531.4145742949","3657.68261632","3656.4929485321","18","23","3608","3613","-1","3","False"
"3604","50","14","75","5","14","50","5","73","-78871.8992322103","48531.4145742949","3657.68261632","3656.4929485321","19","24","3609","3614","-1","4","False"
"3605","50","15","75","5","15","50","5","73","-75512.0696298514","48531.4145742949","3657.68261632","3656.4929485321","20","25","3610","3615","3","3","True"
"3606","50","16","75","5","16","50","5","73","-72152.2400274924","48531.4145742949","3657.68261632","3656.4929485321","21","26","3611","3616","3","3","True"
"3607","50","17","75","5","17","50","5","73","-68792.4104251335","48531.4145742949","3657.68261632","3656.4929485321","22","27","3612","3617","3","3","True"
"3608","50","18","75","5","18","50","5","73","-65432.5808227746","48531.4145742949","3657.68261632","3656.4929485321","23","28","3613","3618","3","3","True"
"3609","50","19","75","5","19","50","5","73","-62072.7512204157","48531.4145742949","3657.68261632","3656.4929485321","24","29","3614","3619","3","4","True"
"3610","50","20","75","5","20","50","5","73","-58712.9216180568","48531.4145742949","3657.68261632","3656.4929485321","25","30","3615","3620","-1","3","False"
"3611","50","21","75","5","21","50","5","73","-55353.0920156979","48531.4145742949","3657.68261632","3656.4929485321","26","31","3616","3621","-1","3","False"
"3612","50","22","75","5","22","50","5","73","-51993.2624133389","48531.4145742949","3657.68261632","3656.4929485321","27","32","3617","3622","-1","3","False"
"3613","50","23","75","5","23","50","5","73","-48633.43281098","48531.4145742949","3657.68261632","3656.4929485321","28","33","3618","3623","-1","3","False"
"3614","50","24","75","5","24","50","5","73","-45273.6032086211","48531.4145742949","3657.68261632","3656.4929485321","29","34","3619","3624","-1","4","False"
"3615","50","25","75","5","25","50","5","73","-41913.7736062622","48531.4145742949","3657.68261632","3656.4929485321","30","35","3620","3625","-1","3","False"
"3616","50","26","75","5","26","50","5","73","-38553.9440039033","48531.4145742949","3657.68261632","3656.4929485321","31","36","3621","3626","-1","3","False"
"3617","50","27","75","5","27","50","5","73","-35194.1144015444","48531.4145742949","3657.68261632","3656.4929485321","32","37","3622","3627","-1","3","False"
"3618","50","28","75","5","28","50","5","73","-31834.2847991854","48531.4145742949","3657.68261632","3656.4929485321","33","38","3623","3628","-1","3","False"
"3619","50","29","75","5","29","50","5","73","-28474.4551968265","48531.4145742949","3657.68261632","3656.4929485321","34","39","3624","3629","-1","4","False"
"3620","50","30","75","5","30","50","5","73","-25114.6255944676","48531.4145742949","3657.68261632","3656.4929485321","35","40","3625","3630","3","3","True"
"3621","50","31","75","5","31","50","5","73","-21754.7959921087","48531.4145742949","3657.68261632","3656.4929485321","36","41","3626","3631","3","3","True"
"3622","50","32","75","5","32","50","5","73","-18394.9663897498","48531.4145742949","3657.68261632","3656.4929485321","37","42","3627","3632","3","3","True"
"3623","50","33","75","5","33","50","5","73","-15035.1367873909","48531.4145742949","3657.68261632","3656.4929485321","38","43","3628","3633","3","3","True"
"3624","50","34","75","5","34","50","5","73","-11675.3071850319","48531.4145742949","3657.68261632","3656.4929485321","39","44","3629","3634","3","4","True"
"3625","50","35","75","5","35","50","5","73","-8315.47758267302","48531.4145742949","3657.68261632","3656.4929485321","40","45","3630","3635","-1","3","False"
"3626","50","36","75","5","36","50","5","73","-4955.6479803141","48531.4145742949","3657.68261632","3656.4929485321","41","46","3631","3636","-1","3","False"
"3627","50","37","75","5","37","50","5","73","-1595.81837795519","48531.4145742949","3657.68261632","3656.4929485321","42","47","3632","3637","-1","3","False"
"3628","50","38","75","5","38","50","5","73","1764.01122440373","48531.4145742949","3657.68261632","3656.4929485321","43","48","3633","3638","-1","3","False"
"3629","50","39","75","5","39","50","5","73","5123.84082676264","48531.4145742949","3657.68261632","3656.4929485321","44","49","3634","3639","-1","4","False"
"3630","50","40","75","5","40","50","5","73","8483.67042912157","48531.4145742949","3657.68261632","3656.4929485321","45","50","3635","3640","-1","3","False"
"3631","50","41","75","5","41","50","5","73","11843.5000314805","48531.4145742949","3657.68261632","3656.4929485321","46","51","3636","3641","-1","3","False"
"3632","50","42","75","5","42","50","5","73","15203.3296338394","48531.4145742949","3657.68261632","3656.4929485321","47","52","3637","3642","-1","3","False"
"3633","50","43","75","5","43","50","5","73","18563.1592361983","48531.4145742949","3657.68261632","3656.4929485321","48","53","3638","3643","-1","3","False"
"3634","50","44","75","5","44","50","5","73","21922.9888385572","48531.4145742949","3657.68261632","3656.4929485321","49","54","3639","3644","-1","4","False"
"3635","50","45","75","5","45","50","5","73","25282.8184409162","48531.4145742949","3657.68261632","3656.4929485321","50","55","3640","3645","3","3","True"
"3636","50","46","75","5","46","50","5","73","28642.6480432751","48531.4145742949","3657.68261632","3656.4929485321","51","56","3641","3646","3","3","True"
"3637","50","47","75","5","47","50","5","73","32002.477645634","48531.4145742949","3657.68261632","3656.4929485321","52","57","3642","3647","3","3","True"
"3638","50","48","75","5","48","50","5","73","35362.3072479929","48531.4145742949","3657.68261632","3656.4929485321","53","58","3643","3648","3","3","True"
"3639","50","49","75","5","49","50","5","73","38722.1368503518","48531.4145742949","3657.68261632","3656.4929485321","54","59","3644","3649","3","4","True"
"3640","50","50","75","5","50","50","5","73","42081.9664527107","48531.4145742949","3657.68261632","3656.4929485321","55","60","3645","3650","-1","3","False"
"3641","50","51","75","5","51","50","5","73","45441.7960550696","48531.4145742949","3657.68261632","3656.4929485321","56","61","3646","3651","-1","3","False"
"3642","50","52","75","5","52","50","5","73","48801.6256574286","48531.4145742949","3657.68261632","3656.4929485321","57","62","3647","3652","-1","3","False"
"3643","50","53","75","5","53","50","5","73","52161.4552597875","48531.4145742949","3657.68261632","3656.4929485321","58","63","3648","3653","-1","3","False"
"3644","50","54","75","5","54","50","5","73","55521.2848621464","48531.4145742949","3657.68261632","3656.4929485321","59","64","3649","3654","-1","4","False"
"3645","50","55","75","5","55","50","5","73","58881.1144645053","48531.4145742949","3657.68261632","3656.4929485321","60","65","3650","3655","-1","3","False"
"3646","50","56","75","5","56","50","5","73","62240.9440668642","48531.4145742949","3657.68261632","3656.4929485321","61","66","3651","3656","-1","3","False"
"3647","50","57","75","5","57","50","5","73","65600.7736692231","48531.4145742949","3657.68261632","3656.4929485321","62","67","3652","3657","-1","3","False"
"3648","50","58","75","5","58","50","5","73","68960.603271582","48531.4145742949","3657.68261632","3656.4929485321","63","68","3653","3658","-1","3","False"
"3649","50","59","75","5","59","50","5","73","72320.432873941","48531.4145742949","3657.68261632","3656.4929485321","64","69","3654","3659","-1","4","False"
"3650","50","60","75","5","60","50","5","73","75680.2624762999","48531.4145742949","3657.68261632","3656.4929485321","65","70","3655","3660","3","3","True"
"3651","50","61","75","5","61","50","5","73","79040.0920786588","48531.4145742949","3657.68261632","3656.4929485321","66","71","3656","3661","3","3","True"
"3652","50","62","75","5","62","50","5","73","82399.9216810177","48531.4145742949","3657.68261632","3656.4929485321","67","72","3657","3662","3","3","True"
"3653","50","63","75","5","63","50","5","73","85759.7512833766","48531.4145742949","3657.68261632","3656.4929485321","68","73","3658","3663","3","3","True"
"3654","50","64","75","5","64","50","5","73","89119.5808857356","48531.4145742949","3657.68261632","3656.4929485321","69","74","3659","3664","3","4","True"
"3655","50","65","75","5","65","50","5","73","92479.4104880945","48531.4145742949","3657.68261632","3656.4929485321","55","60","3645","3650","-1","3","False"
"3656","50","66","75","5","66","50","5","73","95839.2400904534","48531.4145742949","3657.68261632","3656.4929485321","56","61","3646","3651","-1","3","False"
"3657","50","67","75","5","67","50","5","73","99199.0696928123","48531.4145742949","3657.68261632","3656.4929485321","57","62","3647","3652","-1","3","False"
"3658","50","68","75","5","68","50","5","73","102558.899295171","48531.4145742949","3657.68261632","3656.4929485321","58","63","3648","3653","-1","3","False"
"3659","50","69","75","5","69","50","5","73","105918.72889753","48531.4145742949","3657.68261632","3656.4929485321","59","64","3649","3654","-1","4","False"
"3660","50","70","75","5","70","50","5","73","109278.558499889","48531.4145742949","3657.68261632","3656.4929485321","60","65","3650","3655","-1","3","False"
"3661","50","71","75","5","71","50","5","73","112638.388102248","48531.4145742949","3657.68261632","3656.4929485321","61","66","3651","3656","-1","3","False"
"3662","50","72","75","5","72","50","5","73","115998.217704607","48531.4145742949","3657.68261632","3656.4929485321","62","67","3652","3657","-1","3","False"
"3663","50","73","75","5","73","50","5","73","119358.047306966","48531.4145742949","3657.68261632","3656.4929485321","63","68","3653","3658","-1","3","False"
"3664","50","74","75","5","74","50","5","73","122717.876909325","48531.4145742949","3657.68261632","3656.4929485321","64","69","3654","3659","-1","3","False"
"3665","51","0","75","5","74","51","5","73","122717.876909325","52155.6516348418","3657.68261632","3656.4929485321","5","10","3670","3675","3","3","True"
"3666","51","1","75","5","73","51","5","73","119358.047306966","52155.6516348418","3657.68261632","3656.4929485321","6","11","3671","3676","3","4","True"
"3667","51","2","75","5","72","51","5","73","115998.217704607","52155.6516348418","3657.68261632","3656.4929485321","7","12","3672","3677","3","4","True"
"3668","51","3","75","5","71","51","5","73","112638.388102248","52155.6516348418","3657.68261632","3656.4929485321","8","13","3673","3678","3","4","True"
"3669","51","4","75","5","70","51","5","73","109278.558499889","52155.6516348418","3657.68261632","3656.4929485321","9","14","3674","3679","3","4","True"
"3670","51","5","75","5","69","51","5","73","105918.72889753","52155.6516348418","3657.68261632","3656.4929485321","10","15","3675","3680","-1","6","False"
"3671","51","6","75","5","68","51","5","73","102558.899295171","52155.6516348418","3657.68261632","3656.4929485321","11","16","3676","3681","-1","4","False"
"3672","51","7","75","5","67","51","5","73","99199.0696928123","52155.6516348418","3657.68261632","3656.4929485321","12","17","3677","3682","-1","4","False"
"3673","51","8","75","5","66","51","5","73","95839.2400904534","52155.6516348418","3657.68261632","3656.4929485321","13","18","3678","3683","-1","4","False"
"3674","51","9","75","5","65","51","5","73","92479.4104880945","52155.6516348418","3657.68261632","3656.4929485321","14","19","3679","3684","-1","4","False"
"3675","51","10","75","5","64","51","5","73","89119.5808857356","52155.6516348418","3657.68261632","3656.4929485321","15","20","3680","3685","-1","6","False"
"3676","51","11","75","5","63","51","5","73","85759.7512833766","52155.6516348418","3657.68261632","3656.4929485321","16","21","3681","3686","-1","4","False"
"3677","51","12","75","5","62","51","5","73","82399.9216810177","52155.6516348418","3657.68261632","3656.4929485321","17","22","3682","3687","-1","4","False"
"3678","51","13","75","5","61","51","5","73","79040.0920786588","52155.6516348418","3657.68261632","3656.4929485321","18","23","3683","3688","-1","4","False"
"3679","51","14","75","5","60","51","5","73","75680.2624762999","52155.6516348418","3657.68261632","3656.4929485321","19","24","3684","3689","-1","4","False"
"3680","51","15","75","5","59","51","5","73","72320.432873941","52155.6516348418","3657.68261632","3656.4929485321","20","25","3685","3690","3","6","True"
"3681","51","16","75","5","58","51","5","73","68960.603271582","52155.6516348418","3657.68261632","3656.4929485321","21","26","3686","3691","3","4","True"
"3682","51","17","75","5","57","51","5","73","65600.7736692231","52155.6516348418","3657.68261632","3656.4929485321","22","27","3687","3692","3","4","True"
"3683","51","18","75","5","56","51","5","73","62240.9440668642","52155.6516348418","3657.68261632","3656.4929485321","23","28","3688","3693","3","4","True"
"3684","51","19","75","5","55","51","5","73","58881.1144645053","52155.6516348418","3657.68261632","3656.4929485321","24","29","3689","3694","3","4","True"
"3685","51","20","75","5","54","51","5","73","55521.2848621464","52155.6516348418","3657.68261632","3656.4929485321","25","30","3690","3695","-1","6","False"
"3686","51","21","75","5","53","51","5","73","52161.4552597875","52155.6516348418","3657.68261632","3656.4929485321","26","31","3691","3696","-1","4","False"
"3687","51","22","75","5","52","51","5","73","48801.6256574286","52155.6516348418","3657.68261632","3656.4929485321","27","32","3692","3697","-1","4","False"
"3688","51","23","75","5","51","51","5","73","45441.7960550696","52155.6516348418","3657.68261632","3656.4929485321","28","33","3693","3698","-1","4","False"
"3689","51","24","75","5","50","51","5","73","42081.9664527107","52155.6516348418","3657.68261632","3656.4929485321","29","34","3694","3699","-1","4","False"
"3690","51","25","75","5","49","51","5","73","38722.1368503518","52155.6516348418","3657.68261632","3656.4929485321","30","35","3695","3700","-1","6","False"
"3691","51","26","75","5","48","51","5","73","35362.3072479929","52155.6516348418","3657.68261632","3656.4929485321","31","36","3696","3701","-1","4","False"
"3692","51","27","75","5","47","51","5","73","32002.477645634","52155.6516348418","3657.68261632","3656.4929485321","32","37","3697","3702","-1","4","False"
"3693","51","28","75","5","46","51","5","73","28642.6480432751","52155.6516348418","3657.68261632","3656.4929485321","33","38","3698","3703","-1","4","False"
"3694","51","29","75","5","45","51","5","73","25282.8184409162","52155.6516348418","3657.68261632","3656.4929485321","34","39","3699","3704","-1","4","False"
"3695","51","30","75","5","44","51","5","73","21922.9888385572","52155.6516348418","3657.68261632","3656.4929485321","35","40","3700","3705","3","6","True"
"3696","51","31","75","5","43","51","5","73","18563.1592361983","52155.6516348418","3657.68261632","3656.4929485321","36","41","3701","3706","3","4","True"
"3697","51","32","75","5","42","51","5","73","15203.3296338394","52155.6516348418","3657.68261632","3656.4929485321","37","42","3702","3707","3","4","True"
"3698","51","33","75","5","41","51","5","73","11843.5000314805","52155.6516348418","3657.68261632","3656.4929485321","38","43","3703","3708","3","4","True"
"3699","51","34","75","5","40","51","5","73","8483.67042912157","52155.6516348418","3657.68261632","3656.4929485321","39","44","3704","3709","3","4","True"
"3700","51","35","75","5","39","51","5","73","5123.84082676264","52155.6516348418","3657.68261632","3656.4929485321","40","45","3705","3710","-1","6","False"
"3701","51","36","75","5","38","51","5","73","1764.01122440373","52155.6516348418","3657.68261632","3656.4929485321","41","46","3706","3711","-1","4","False"
"3702","51","37","75","5","37","51","5","73","-1595.81837795519","52155.6516348418","3657.68261632","3656.4929485321","42","47","3707","3712","-1","4","False"
"3703","51","38","75","5","36","51","5","73","-4955.6479803141","52155.6516348418","3657.68261632","3656.4929485321","43","48","3708","3713","-1","4","False"
"3704","51","39","75","5","35","51","5","73","-8315.47758267302","52155.6516348418","3657.68261632","3656.4929485321","44","49","3709","3714","-1","4","False"
"3705","51","40","75","5","34","51","5","73","-11675.3071850319","52155.6516348418","3657.68261632","3656.4929485321","45","50","3710","3715","-1","6","False"
"3706","51","41","75","5","33","51","5","73","-15035.1367873909","52155.6516348418","3657.68261632","3656.4929485321","46","51","3711","3716","-1","4","False"
"3707","51","42","75","5","32","51","5","73","-18394.9663897498","52155.6516348418","3657.68261632","3656.4929485321","47","52","3712","3717","-1","4","False"
"3708","51","43","75","5","31","51","5","73","-21754.7959921087","52155.6516348418","3657.68261632","3656.4929485321","48","53","3713","3718","-1","4","False"
"3709","51","44","75","5","30","51","5","73","-25114.6255944676","52155.6516348418","3657.68261632","3656.4929485321","49","54","3714","3719","-1","4","False"
"3710","51","45","75","5","29","51","5","73","-28474.4551968265","52155.6516348418","3657.68261632","3656.4929485321","50","55","3715","3720","3","6","True"
"3711","51","46","75","5","28","51","5","73","-31834.2847991854","52155.6516348418","3657.68261632","3656.4929485321","51","56","3716","3721","3","4","True"
"3712","51","47","75","5","27","51","5","73","-35194.1144015444","52155.6516348418","3657.68261632","3656.4929485321","52","57","3717","3722","3","4","True"
"3713","51","48","75","5","26","51","5","73","-38553.9440039033","52155.6516348418","3657.68261632","3656.4929485321","53","58","3718","3723","3","4","True"
"3714","51","49","75","5","25","51","5","73","-41913.7736062622","52155.6516348418","3657.68261632","3656.4929485321","54","59","3719","3724","3","4","True"
"3715","51","50","75","5","24","51","5","73","-45273.6032086211","52155.6516348418","3657.68261632","3656.4929485321","55","60","3720","3725","-1","6","False"
"3716","51","51","75","5","23","51","5","73","-48633.43281098","52155.6516348418","3657.68261632","3656.4929485321","56","61","3721","3726","-1","4","False"
"3717","51","52","75","5","22","51","5","73","-51993.2624133389","52155.6516348418","3657.68261632","3656.4929485321","57","62","3722","3727","-1","4","False"
"3718","51","53","75","5","21","51","5","73","-55353.0920156979","52155.6516348418","3657.68261632","3656.4929485321","58","63","3723","3728","-1","4","False"
"3719","51","54","75","5","20","51","5","73","-58712.9216180568","52155.6516348418","3657.68261632","3656.4929485321","59","64","3724","3729","-1","4","False"
"3720","51","55","75","5","19","51","5","73","-62072.7512204157","52155.6516348418","3657.68261632","3656.4929485321","60","65","3725","3730","-1","6","False"
"3721","51","56","75","5","18","51","5","73","-65432.5808227746","52155.6516348418","3657.68261632","3656.4929485321","61","66","3726","3731","-1","4","False"
"3722","51","57","75","5","17","51","5","73","-68792.4104251335","52155.6516348418","3657.68261632","3656.4929485321","62","67","3727","3732","-1","4","False"
"3723","51","58","75","5","16","51","5","73","-72152.2400274924","52155.6516348418","3657.68261632","3656.4929485321","63","68","3728","3733","-1","4","False"
"3724","51","59","75","5","15","51","5","73","-75512.0696298514","52155.6516348418","3657.68261632","3656.4929485321","64","69","3729","3734","-1","4","False"
"3725","51","60","75","5","14","51","5","73","-78871.8992322103","52155.6516348418","3657.68261632","3656.4929485321","65","70","3730","3735","3","6","True"
"3726","51","61","75","5","13","51","5","73","-82231.7288345692","52155.6516348418","3657.68261632","3656.4929485321","66","71","3731","3736","3","4","True"
"3727","51","62","75","5","12","51","5","73","-85591.5584369281","52155.6516348418","3657.68261632","3656.4929485321","67","72","3732","3737","3","4","True"
"3728","51","63","75","5","11","51","5","73","-88951.388039287","52155.6516348418","3657.68261632","3656.4929485321","68","73","3733","3738","3","4","True"
"3729","51","64","75","5","10","51","5","73","-92311.2176416459","52155.6516348418","3657.68261632","3656.4929485321","69","74","3734","3739","3","4","True"
"3730","51","65","75","5","9","51","5","73","-95671.0472440048","52155.6516348418","3657.68261632","3656.4929485321","55","60","3720","3725","-1","6","False"
"3731","51","66","75","5","8","51","5","73","-99030.8768463638","52155.6516348418","3657.68261632","3656.4929485321","56","61","3721","3726","-1","4","False"
"3732","51","67","75","5","7","51","5","73","-102390.706448723","52155.6516348418","3657.68261632","3656.4929485321","57","62","3722","3727","-1","4","False"
"3733","51","68","75","5","6","51","5","73","-105750.536051082","52155.6516348418","3657.68261632","3656.4929485321","58","63","3723","3728","-1","4","False"
"3734","51","69","75","5","5","51","5","73","-109110.365653441","52155.6516348418","3657.68261632","3656.4929485321","59","64","3724","3729","-1","4","False"
"3735","51","70","75","5","4","51","5","73","-112470.195255799","52155.6516348418","3657.68261632","3656.4929485321","60","65","3725","3730","-1","6","False"
"3736","51","71","75","5","3","51","5","73","-115830.024858158","52155.6516348418","3657.68261632","3656.4929485321","61","66","3726","3731","-1","4","False"
"3737","51","72","75","5","2","51","5","73","-119189.854460517","52155.6516348418","3657.68261632","3656.4929485321","62","67","3727","3732","-1","4","False"
"3738","51","73","75","5","1","51","5","73","-122549.684062876","52155.6516348418","3657.68261632","3656.4929485321","63","68","3728","3733","-1","4","False"
"3739","51","74","75","5","0","51","5","73","-125909.513665235","52155.6516348418","3657.68261632","3656.4929485321","64","69","3729","3734","-1","4","False"
"3740","52","0","75","5","0","52","5","73","-125909.513665235","55779.8886953887","3657.68261632","3656.4929485321","5","10","3745","3750","3","2","True"
"3741","52","1","75","5","1","52","5","73","-122549.684062876","55779.8886953887","3657.68261632","3656.4929485321","6","11","3746","3751","3","3","True"
"3742","52","2","75","5","2","52","5","73","-119189.854460517","55779.8886953887","3657.68261632","3656.4929485321","7","12","3747","3752","3","3","True"
"3743","52","3","75","5","3","52","5","73","-115830.024858158","55779.8886953887","3657.68261632","3656.4929485321","8","13","3748","3753","3","3","True"
"3744","52","4","75","5","4","52","5","73","-112470.195255799","55779.8886953887","3657.68261632","3656.4929485321","9","14","3749","3754","3","4","True"
"3745","52","5","75","5","5","52","5","73","-109110.365653441","55779.8886953887","3657.68261632","3656.4929485321","10","15","3750","3755","-1","3","False"
"3746","52","6","75","5","6","52","5","73","-105750.536051082","55779.8886953887","3657.68261632","3656.4929485321","11","16","3751","3756","-1","3","False"
"3747","52","7","75","5","7","52","5","73","-102390.706448723","55779.8886953887","3657.68261632","3656.4929485321","12","17","3752","3757","-1","3","False"
"3748","52","8","75","5","8","52","5","73","-99030.8768463638","55779.8886953887","3657.68261632","3656.4929485321","13","18","3753","3758","-1","3","False"
"3749","52","9","75","5","9","52","5","73","-95671.0472440048","55779.8886953887","3657.68261632","3656.4929485321","14","19","3754","3759","-1","4","False"
"3750","52","10","75","5","10","52","5","73","-92311.2176416459","55779.8886953887","3657.68261632","3656.4929485321","15","20","3755","3760","-1","3","False"
"3751","52","11","75","5","11","52","5","73","-88951.388039287","55779.8886953887","3657.68261632","3656.4929485321","16","21","3756","3761","-1","3","False"
"3752","52","12","75","5","12","52","5","73","-85591.5584369281","55779.8886953887","3657.68261632","3656.4929485321","17","22","3757","3762","-1","3","False"
"3753","52","13","75","5","13","52","5","73","-82231.7288345692","55779.8886953887","3657.68261632","3656.4929485321","18","23","3758","3763","-1","3","False"
"3754","52","14","75","5","14","52","5","73","-78871.8992322103","55779.8886953887","3657.68261632","3656.4929485321","19","24","3759","3764","-1","4","False"
"3755","52","15","75","5","15","52","5","73","-75512.0696298514","55779.8886953887","3657.68261632","3656.4929485321","20","25","3760","3765","3","3","True"
"3756","52","16","75","5","16","52","5","73","-72152.2400274924","55779.8886953887","3657.68261632","3656.4929485321","21","26","3761","3766","3","3","True"
"3757","52","17","75","5","17","52","5","73","-68792.4104251335","55779.8886953887","3657.68261632","3656.4929485321","22","27","3762","3767","3","3","True"
"3758","52","18","75","5","18","52","5","73","-65432.5808227746","55779.8886953887","3657.68261632","3656.4929485321","23","28","3763","3768","3","3","True"
"3759","52","19","75","5","19","52","5","73","-62072.7512204157","55779.8886953887","3657.68261632","3656.4929485321","24","29","3764","3769","3","4","True"
"3760","52","20","75","5","20","52","5","73","-58712.9216180568","55779.8886953887","3657.68261632","3656.4929485321","25","30","3765","3770","-1","3","False"
"3761","52","21","75","5","21","52","5","73","-55353.0920156979","55779.8886953887","3657.68261632","3656.4929485321","26","31","3766","3771","-1","3","False"
"3762","52","22","75","5","22","52","5","73","-51993.2624133389","55779.8886953887","3657.68261632","3656.4929485321","27","32","3767","3772","-1","3","False"
"3763","52","23","75","5","23","52","5","73","-48633.43281098","55779.8886953887","3657.68261632","3656.4929485321","28","33","3768","3773","-1","3","False"
"3764","52","24","75","5","24","52","5","73","-45273.6032086211","55779.8886953887","3657.68261632","3656.4929485321","29","34","3769","3774","-1","4","False"
"3765","52","25","75","5","25","52","5","73","-41913.7736062622","55779.8886953887","3657.68261632","3656.4929485321","30","35","3770","3775","-1","3","False"
"3766","52","26","75","5","26","52","5","73","-38553.9440039033","55779.8886953887","3657.68261632","3656.4929485321","31","36","3771","3776","-1","3","False"
"3767","52","27","75","5","27","52","5","73","-35194.1144015444","55779.8886953887","3657.68261632","3656.4929485321","32","37","3772","3777","-1","3","False"
"3768","52","28","75","5","28","52","5","73","-31834.2847991854","55779.8886953887","3657.68261632","3656.4929485321","33","38","3773","3778","-1","3","False"
"3769","52","29","75","5","29","52","5","73","-28474.4551968265","55779.8886953887","3657.68261632","3656.4929485321","34","39","3774","3779","-1","4","False"
"3770","52","30","75","5","30","52","5","73","-25114.6255944676","55779.8886953887","3657.68261632","3656.4929485321","35","40","3775","3780","3","3","True"
"3771","52","31","75","5","31","52","5","73","-21754.7959921087","55779.8886953887","3657.68261632","3656.4929485321","36","41","3776","3781","3","3","True"
"3772","52","32","75","5","32","52","5","73","-18394.9663897498","55779.8886953887","3657.68261632","3656.4929485321","37","42","3777","3782","3","3","True"
"3773","52","33","75","5","33","52","5","73","-15035.1367873909","55779.8886953887","3657.68261632","3656.4929485321","38","43","3778","3783","3","3","True"
"3774","52","34","75","5","34","52","5","73","-11675.3071850319","55779.8886953887","3657.68261632","3656.4929485321","39","44","3779","3784","3","4","True"
"3775","52","35","75","5","35","52","5","73","-8315.47758267302","55779.8886953887","3657.68261632","3656.4929485321","40","45","3780","3785","-1","3","False"
"3776","52","36","75","5","36","52","5","73","-4955.6479803141","55779.8886953887","3657.68261632","3656.4929485321","41","46","3781","3786","-1","3","False"
"3777","52","37","75","5","37","52","5","73","-1595.81837795519","55779.8886953887","3657.68261632","3656.4929485321","42","47","3782","3787","-1","3","False"
"3778","52","38","75","5","38","52","5","73","1764.01122440373","55779.8886953887","3657.68261632","3656.4929485321","43","48","3783","3788","-1","3","False"
"3779","52","39","75","5","39","52","5","73","5123.84082676264","55779.8886953887","3657.68261632","3656.4929485321","44","49","3784","3789","-1","4","False"
"3780","52","40","75","5","40","52","5","73","8483.67042912157","55779.8886953887","3657.68261632","3656.4929485321","45","50","3785","3790","-1","3","False"
"3781","52","41","75","5","41","52","5","73","11843.5000314805","55779.8886953887","3657.68261632","3656.4929485321","46","51","3786","3791","-1","3","False"
"3782","52","42","75","5","42","52","5","73","15203.3296338394","55779.8886953887","3657.68261632","3656.4929485321","47","52","3787","3792","-1","3","False"
"3783","52","43","75","5","43","52","5","73","18563.1592361983","55779.8886953887","3657.68261632","3656.4929485321","48","53","3788","3793","-1","3","False"
"3784","52","44","75","5","44","52","5","73","21922.9888385572","55779.8886953887","3657.68261632","3656.4929485321","49","54","3789","3794","-1","4","False"
"3785","52","45","75","5","45","52","5","73","25282.8184409162","55779.8886953887","3657.68261632","3656.4929485321","50","55","3790","3795","3","3","True"
"3786","52","46","75","5","46","52","5","73","28642.6480432751","55779.8886953887","3657.68261632","3656.4929485321","51","56","3791","3796","3","3","True"
"3787","52","47","75","5","47","52","5","73","32002.477645634","55779.8886953887","3657.68261632","3656.4929485321","52","57","3792","3797","3","3","True"
"3788","52","48","75","5","48","52","5","73","35362.3072479929","55779.8886953887","3657.68261632","3656.4929485321","53","58","3793","3798","3","3","True"
"3789","52","49","75","5","49","52","5","73","38722.1368503518","55779.8886953887","3657.68261632","3656.4929485321","54","59","3794","3799","3","4","True"
"3790","52","50","75","5","50","52","5","73","42081.9664527107","55779.8886953887","3657.68261632","3656.4929485321","55","60","3795","3800","-1","3","False"
"3791","52","51","75","5","51","52","5","73","45441.7960550696","55779.8886953887","3657.68261632","3656.4929485321","56","61","3796","3801","-1","3","False"
"3792","52","52","75","5","52","52","5","73","48801.6256574286","55779.8886953887","3657.68261632","3656.4929485321","57","62","3797","3802","-1","3","False"
"3793","52","53","75","5","53","52","5","73","52161.4552597875","55779.8886953887","3657.68261632","3656.4929485321","58","63","3798","3803","-1","3","False"
"3794","52","54","75","5","54","52","5","73","55521.2848621464","55779.8886953887","3657.68261632","3656.4929485321","59","64","3799","3804","-1","4","False"
"3795","52","55","75","5","55","52","5","73","58881.1144645053","55779.8886953887","3657.68261632","3656.4929485321","60","65","3800","3805","-1","3","False"
"3796","52","56","75","5","56","52","5","73","62240.9440668642","55779.8886953887","3657.68261632","3656.4929485321","61","66","3801","3806","-1","3","False"
"3797","52","57","75","5","57","52","5","73","65600.7736692231","55779.8886953887","3657.68261632","3656.4929485321","62","67","3802","3807","-1","3","False"
"3798","52","58","75","5","58","52","5","73","68960.603271582","55779.8886953887","3657.68261632","3656.4929485321","63","68","3803","3808","-1","3","False"
"3799","52","59","75","5","59","52","5","73","72320.432873941","55779.8886953887","3657.68261632","3656.4929485321","64","69","3804","3809","-1","4","False"
"3800","52","60","75","5","60","52","5","73","75680.2624762999","55779.8886953887","3657.68261632","3656.4929485321","65","70","3805","3810","3","3","True"
"3801","52","61","75","5","61","52","5","73","79040.0920786588","55779.8886953887","3657.68261632","3656.4929485321","66","71","3806","3811","3","3","True"
"3802","52","62","75","5","62","52","5","73","82399.9216810177","55779.8886953887","3657.68261632","3656.4929485321","67","72","3807","3812","3","3","True"
"3803","52","63","75","5","63","52","5","73","85759.7512833766","55779.8886953887","3657.68261632","3656.4929485321","68","73","3808","3813","3","3","True"
"3804","52","64","75","5","64","52","5","73","89119.5808857356","55779.8886953887","3657.68261632","3656.4929485321","69","74","3809","3814","3","4","True"
"3805","52","65","75","5","65","52","5","73","92479.4104880945","55779.8886953887","3657.68261632","3656.4929485321","55","60","3795","3800","-1","3","False"
"3806","52","66","75","5","66","52","5","73","95839.2400904534","55779.8886953887","3657.68261632","3656.4929485321","56","61","3796","3801","-1","3","False"
"3807","52","67","75","5","67","52","5","73","99199.0696928123","55779.8886953887","3657.68261632","3656.4929485321","57","62","3797","3802","-1","3","False"
"3808","52","68","75","5","68","52","5","73","102558.899295171","55779.8886953887","3657.68261632","3656.4929485321","58","63","3798","3803","-1","3","False"
"3809","52","69","75","5","69","52","5","73","105918.72889753","55779.8886953887","3657.68261632","3656.4929485321","59","64","3799","3804","-1","4","False"
"3810","52","70","75","5","70","52","5","73","109278.558499889","55779.8886953887","3657.68261632","3656.4929485321","60","65","3800","3805","-1","3","False"
"3811","52","71","75","5","71","52","5","73","112638.388102248","55779.8886953887","3657.68261632","3656.4929485321","61","66","3801","3806","-1","3","False"
"3812","52","72","75","5","72","52","5","73","115998.217704607","55779.8886953887","3657.68261632","3656.4929485321","62","67","3802","3807","-1","3","False"
"3813","52","73","75","5","73","52","5","73","119358.047306966","55779.8886953887","3657.68261632","3656.4929485321","63","68","3803","3808","-1","3","False"
"3814","52","74","75","5","74","52","5","73","122717.876909325","55779.8886953887","3657.68261632","3656.4929485321","64","69","3804","3809","-1","3","False"
"3815","53","0","75","5","74","53","5","73","122717.876909325","59404.1257559355","3657.68261632","3656.4929485321","5","10","3820","3825","3","2","True"
"3816","53","1","75","5","73","53","5","73","119358.047306966","59404.1257559355","3657.68261632","3656.4929485321","6","11","3821","3826","3","3","True"
"3817","53","2","75","5","72","53","5","73","115998.217704607","59404.1257559355","3657.68261632","3656.4929485321","7","12","3822","3827","3","3","True"
"3818","53","3","75","5","71","53","5","73","112638.388102248","59404.1257559355","3657.68261632","3656.4929485321","8","13","3823","3828","3","3","True"
"3819","53","4","75","5","70","53","5","73","109278.558499889","59404.1257559355","3657.68261632","3656.4929485321","9","14","3824","3829","3","3","True"
"3820","53","5","75","5","69","53","5","73","105918.72889753","59404.1257559355","3657.68261632","3656.4929485321","10","15","3825","3830","-1","4","False"
"3821","53","6","75","5","68","53","5","73","102558.899295171","59404.1257559355","3657.68261632","3656.4929485321","11","16","3826","3831","-1","3","False"
"3822","53","7","75","5","67","53","5","73","99199.0696928123","59404.1257559355","3657.68261632","3656.4929485321","12","17","3827","3832","-1","3","False"
"3823","53","8","75","5","66","53","5","73","95839.2400904534","59404.1257559355","3657.68261632","3656.4929485321","13","18","3828","3833","-1","3","False"
"3824","53","9","75","5","65","53","5","73","92479.4104880945","59404.1257559355","3657.68261632","3656.4929485321","14","19","3829","3834","-1","3","False"
"3825","53","10","75","5","64","53","5","73","89119.5808857356","59404.1257559355","3657.68261632","3656.4929485321","15","20","3830","3835","-1","4","False"
"3826","53","11","75","5","63","53","5","73","85759.7512833766","59404.1257559355","3657.68261632","3656.4929485321","16","21","3831","3836","-1","3","False"
"3827","53","12","75","5","62","53","5","73","82399.9216810177","59404.1257559355","3657.68261632","3656.4929485321","17","22","3832","3837","-1","3","False"
"3828","53","13","75","5","61","53","5","73","79040.0920786588","59404.1257559355","3657.68261632","3656.4929485321","18","23","3833","3838","-1","3","False"
"3829","53","14","75","5","60","53","5","73","75680.2624762999","59404.1257559355","3657.68261632","3656.4929485321","19","24","3834","3839","-1","3","False"
"3830","53","15","75","5","59","53","5","73","72320.432873941","59404.1257559355","3657.68261632","3656.4929485321","20","25","3835","3840","3","4","True"
"3831","53","16","75","5","58","53","5","73","68960.603271582","59404.1257559355","3657.68261632","3656.4929485321","21","26","3836","3841","3","3","True"
"3832","53","17","75","5","57","53","5","73","65600.7736692231","59404.1257559355","3657.68261632","3656.4929485321","22","27","3837","3842","3","3","True"
"3833","53","18","75","5","56","53","5","73","62240.9440668642","59404.1257559355","3657.68261632","3656.4929485321","23","28","3838","3843","3","3","True"
"3834","53","19","75","5","55","53","5","73","58881.1144645053","59404.1257559355","3657.68261632","3656.4929485321","24","29","3839","3844","3","3","True"
"3835","53","20","75","5","54","53","5","73","55521.2848621464","59404.1257559355","3657.68261632","3656.4929485321","25","30","3840","3845","-1","4","False"
"3836","53","21","75","5","53","53","5","73","52161.4552597875","59404.1257559355","3657.68261632","3656.4929485321","26","31","3841","3846","-1","3","False"
"3837","53","22","75","5","52","53","5","73","48801.6256574286","59404.1257559355","3657.68261632","3656.4929485321","27","32","3842","3847","-1","3","False"
"3838","53","23","75","5","51","53","5","73","45441.7960550696","59404.1257559355","3657.68261632","3656.4929485321","28","33","3843","3848","-1","3","False"
"3839","53","24","75","5","50","53","5","73","42081.9664527107","59404.1257559355","3657.68261632","3656.4929485321","29","34","3844","3849","-1","3","False"
"3840","53","25","75","5","49","53","5","73","38722.1368503518","59404.1257559355","3657.68261632","3656.4929485321","30","35","3845","3850","-1","4","False"
"3841","53","26","75","5","48","53","5","73","35362.3072479929","59404.1257559355","3657.68261632","3656.4929485321","31","36","3846","3851","-1","3","False"
"3842","53","27","75","5","47","53","5","73","32002.477645634","59404.1257559355","3657.68261632","3656.4929485321","32","37","3847","3852","-1","3","False"
"3843","53","28","75","5","46","53","5","73","28642.6480432751","59404.1257559355","3657.68261632","3656.4929485321","33","38","3848","3853","-1","3","False"
"3844","53","29","75","5","45","53","5","73","25282.8184409162","59404.1257559355","3657.68261632","3656.4929485321","34","39","3849","3854","-1","3","False"
"3845","53","30","75","5","44","53","5","73","21922.9888385572","59404.1257559355","3657.68261632","3656.4929485321","35","40","3850","3855","3","4","True"
"3846","53","31","75","5","43","53","5","73","18563.1592361983","59404.1257559355","3657.68261632","3656.4929485321","36","41","3851","3856","3","3","True"
"3847","53","32","75","5","42","53","5","73","15203.3296338394","59404.1257559355","3657.68261632","3656.4929485321","37","42","3852","3857","3","3","True"
"3848","53","33","75","5","41","53","5","73","11843.5000314805","59404.1257559355","3657.68261632","3656.4929485321","38","43","3853","3858","3","3","True"
"3849","53","34","75","5","40","53","5","73","8483.67042912157","59404.1257559355","3657.68261632","3656.4929485321","39","44","3854","3859","3","3","True"
"3850","53","35","75","5","39","53","5","73","5123.84082676264","59404.1257559355","3657.68261632","3656.4929485321","40","45","3855","3860","-1","4","False"
"3851","53","36","75","5","38","53","5","73","1764.01122440373","59404.1257559355","3657.68261632","3656.4929485321","41","46","3856","3861","-1","3","False"
"3852","53","37","75","5","37","53","5","73","-1595.81837795519","59404.1257559355","3657.68261632","3656.4929485321","42","47","3857","3862","-1","3","False"
"3853","53","38","75","5","36","53","5","73","-4955.6479803141","59404.1257559355","3657.68261632","3656.4929485321","43","48","3858","3863","-1","3","False"
"3854","53","39","75","5","35","53","5","73","-8315.47758267302","59404.1257559355","3657.68261632","3656.4929485321","44","49","3859","3864","-1","3","False"
"3855","53","40","75","5","34","53","5","73","-11675.3071850319","59404.1257559355","3657.68261632","3656.4929485321","45","50","3860","3865","-1","4","False"
"3856","53","41","75","5","33","53","5","73","-15035.1367873909","59404.1257559355","3657.68261632","3656.4929485321","46","51","3861","3866","-1","3","False"
"3857","53","42","75","5","32","53","5","73","-18394.9663897498","59404.1257559355","3657.68261632","3656.4929485321","47","52","3862","3867","-1","3","False"
"3858","53","43","75","5","31","53","5","73","-21754.7959921087","59404.1257559355","3657.68261632","3656.4929485321","48","53","3863","3868","-1","3","False"
"3859","53","44","75","5","30","53","5","73","-25114.6255944676","59404.1257559355","3657.68261632","3656.4929485321","49","54","3864","3869","-1","3","False"
"3860","53","45","75","5","29","53","5","73","-28474.4551968265","59404.1257559355","3657.68261632","3656.4929485321","50","55","3865","3870","3","4","True"
"3861","53","46","75","5","28","53","5","73","-31834.2847991854","59404.1257559355","3657.68261632","3656.4929485321","51","56","3866","3871","3","3","True"
"3862","53","47","75","5","27","53","5","73","-35194.1144015444","59404.1257559355","3657.68261632","3656.4929485321","52","57","3867","3872","3","3","True"
"3863","53","48","75","5","26","53","5","73","-38553.9440039033","59404.1257559355","3657.68261632","3656.4929485321","53","58","3868","3873","3","3","True"
"3864","53","49","75","5","25","53","5","73","-41913.7736062622","59404.1257559355","3657.68261632","3656.4929485321","54","59","3869","3874","3","3","True"
"3865","53","50","75","5","24","53","5","73","-45273.6032086211","59404.1257559355","3657.68261632","3656.4929485321","55","60","3870","3875","-1","4","False"
"3866","53","51","75","5","23","53","5","73","-48633.43281098","59404.1257559355","3657.68261632","3656.4929485321","56","61","3871","3876","-1","3","False"
"3867","53","52","75","5","22","53","5","73","-51993.2624133389","59404.1257559355","3657.68261632","3656.4929485321","57","62","3872","3877","-1","3","False"
"3868","53","53","75","5","21","53","5","73","-55353.0920156979","59404.1257559355","3657.68261632","3656.4929485321","58","63","3873","3878","-1","3","False"
"3869","53","54","75","5","20","53","5","73","-58712.9216180568","59404.1257559355","3657.68261632","3656.4929485321","59","64","3874","3879","-1","3","False"
"3870","53","55","75","5","19","53","5","73","-62072.7512204157","59404.1257559355","3657.68261632","3656.4929485321","60","65","3875","3880","-1","4","False"
"3871","53","56","75","5","18","53","5","73","-65432.5808227746","59404.1257559355","3657.68261632","3656.4929485321","61","66","3876","3881","-1","3","False"
"3872","53","57","75","5","17","53","5","73","-68792.4104251335","59404.1257559355","3657.68261632","3656.4929485321","62","67","3877","3882","-1","3","False"
"3873","53","58","75","5","16","53","5","73","-72152.2400274924","59404.1257559355","3657.68261632","3656.4929485321","63","68","3878","3883","-1","3","False"
"3874","53","59","75","5","15","53","5","73","-75512.0696298514","59404.1257559355","3657.68261632","3656.4929485321","64","69","3879","3884","-1","3","False"
"3875","53","60","75","5","14","53","5","73","-78871.8992322103","59404.1257559355","3657.68261632","3656.4929485321","65","70","3880","3885","3","4","True"
"3876","53","61","75","5","13","53","5","73","-82231.7288345692","59404.1257559355","3657.68261632","3656.4929485321","66","71","3881","3886","3","3","True"
"3877","53","62","75","5","12","53","5","73","-85591.5584369281","59404.1257559355","3657.68261632","3656.4929485321","67","72","3882","3887","3","3","True"
"3878","53","63","75","5","11","53","5","73","-88951.388039287","59404.1257559355","3657.68261632","3656.4929485321","68","73","3883","3888","3","3","True"
"3879","53","64","75","5","10","53","5","73","-92311.2176416459","59404.1257559355","3657.68261632","3656.4929485321","69","74","3884","3889","3","3","True"
"3880","53","65","75","5","9","53","5","73","-95671.0472440048","59404.1257559355","3657.68261632","3656.4929485321","55","60","3870","3875","-1","4","False"
"3881","53","66","75","5","8","53","5","73","-99030.8768463638","59404.1257559355","3657.68261632","3656.4929485321","56","61","3871","3876","-1","3","False"
"3882","53","67","75","5","7","53","5","73","-102390.706448723","59404.1257559355","3657.68261632","3656.4929485321","57","62","3872","3877","-1","3","False"
"3883","53","68","75","5","6","53","5","73","-105750.536051082","59404.1257559355","3657.68261632","3656.4929485321","58","63","3873","3878","-1","3","False"
"3884","53","69","75","5","5","53","5","73","-109110.365653441","59404.1257559355","3657.68261632","3656.4929485321","59","64","3874","3879","-1","3","False"
"3885","53","70","75","5","4","53","5","73","-112470.195255799","59404.1257559355","3657.68261632","3656.4929485321","60","65","3875","3880","-1","4","False"
"3886","53","71","75","5","3","53","5","73","-115830.024858158","59404.1257559355","3657.68261632","3656.4929485321","61","66","3876","3881","-1","3","False"
"3887","53","72","75","5","2","53","5","73","-119189.854460517","59404.1257559355","3657.68261632","3656.4929485321","62","67","3877","3882","-1","3","False"
"3888","53","73","75","5","1","53","5","73","-122549.684062876","59404.1257559355","3657.68261632","3656.4929485321","63","68","3878","3883","-1","3","False"
"3889","53","74","75","5","0","53","5","73","-125909.513665235","59404.1257559355","3657.68261632","3656.4929485321","64","69","3879","3884","-1","3","False"
"3890","54","0","75","5","0","54","5","73","-125909.513665235","63028.3666311797","3657.68261632","3656.4929485321","5","10","3895","3900","3","3","True"
"3891","54","1","75","5","1","54","5","73","-122549.684062876","63028.3666311797","3657.68261632","3656.4929485321","6","11","3896","3901","3","4","True"
"3892","54","2","75","5","2","54","5","73","-119189.854460517","63028.3666311797","3657.68261632","3656.4929485321","7","12","3897","3902","3","4","True"
"3893","54","3","75","5","3","54","5","73","-115830.024858158","63028.3666311797","3657.68261632","3656.4929485321","8","13","3898","3903","3","4","True"
"3894","54","4","75","5","4","54","5","73","-112470.195255799","63028.3666311797","3657.68261632","3656.4929485321","9","14","3899","3904","3","6","True"
"3895","54","5","75","5","5","54","5","73","-109110.365653441","63028.3666311797","3657.68261632","3656.4929485321","10","15","3900","3905","-1","4","False"
"3896","54","6","75","5","6","54","5","73","-105750.536051082","63028.3666311797","3657.68261632","3656.4929485321","11","16","3901","3906","-1","4","False"
"3897","54","7","75","5","7","54","5","73","-102390.706448723","63028.3666311797","3657.68261632","3656.4929485321","12","17","3902","3907","-1","4","False"
"3898","54","8","75","5","8","54","5","73","-99030.8768463638","63028.3666311797","3657.68261632","3656.4929485321","13","18","3903","3908","-1","4","False"
"3899","54","9","75","5","9","54","5","73","-95671.0472440048","63028.3666311797","3657.68261632","3656.4929485321","14","19","3904","3909","-1","6","False"
"3900","54","10","75","5","10","54","5","73","-92311.2176416459","63028.3666311797","3657.68261632","3656.4929485321","15","20","3905","3910","-1","4","False"
"3901","54","11","75","5","11","54","5","73","-88951.388039287","63028.3666311797","3657.68261632","3656.4929485321","16","21","3906","3911","-1","4","False"
"3902","54","12","75","5","12","54","5","73","-85591.5584369281","63028.3666311797","3657.68261632","3656.4929485321","17","22","3907","3912","-1","4","False"
"3903","54","13","75","5","13","54","5","73","-82231.7288345692","63028.3666311797","3657.68261632","3656.4929485321","18","23","3908","3913","-1","4","False"
"3904","54","14","75","5","14","54","5","73","-78871.8992322103","63028.3666311797","3657.68261632","3656.4929485321","19","24","3909","3914","-1","6","False"
"3905","54","15","75","5","15","54","5","73","-75512.0696298514","63028.3666311797","3657.68261632","3656.4929485321","20","25","3910","3915","3","4","True"
"3906","54","16","75","5","16","54","5","73","-72152.2400274924","63028.3666311797","3657.68261632","3656.4929485321","21","26","3911","3916","3","4","True"
"3907","54","17","75","5","17","54","5","73","-68792.4104251335","63028.3666311797","3657.68261632","3656.4929485321","22","27","3912","3917","3","4","True"
"3908","54","18","75","5","18","54","5","73","-65432.5808227746","63028.3666311797","3657.68261632","3656.4929485321","23","28","3913","3918","3","4","True"
"3909","54","19","75","5","19","54","5","73","-62072.7512204157","63028.3666311797","3657.68261632","3656.4929485321","24","29","3914","3919","3","6","True"
"3910","54","20","75","5","20","54","5","73","-58712.9216180568","63028.3666311797","3657.68261632","3656.4929485321","25","30","3915","3920","-1","4","False"
"3911","54","21","75","5","21","54","5","73","-55353.0920156979","63028.3666311797","3657.68261632","3656.4929485321","26","31","3916","3921","-1","4","False"
"3912","54","22","75","5","22","54","5","73","-51993.2624133389","63028.3666311797","3657.68261632","3656.4929485321","27","32","3917","3922","-1","4","False"
"3913","54","23","75","5","23","54","5","73","-48633.43281098","63028.3666311797","3657.68261632","3656.4929485321","28","33","3918","3923","-1","4","False"
"3914","54","24","75","5","24","54","5","73","-45273.6032086211","63028.3666311797","3657.68261632","3656.4929485321","29","34","3919","3924","-1","6","False"
"3915","54","25","75","5","25","54","5","73","-41913.7736062622","63028.3666311797","3657.68261632","3656.4929485321","30","35","3920","3925","-1","4","False"
"3916","54","26","75","5","26","54","5","73","-38553.9440039033","63028.3666311797","3657.68261632","3656.4929485321","31","36","3921","3926","-1","4","False"
"3917","54","27","75","5","27","54","5","73","-35194.1144015444","63028.3666311797","3657.68261632","3656.4929485321","32","37","3922","3927","-1","4","False"
"3918","54","28","75","5","28","54","5","73","-31834.2847991854","63028.3666311797","3657.68261632","3656.4929485321","33","38","3923","3928","-1","4","False"
"3919","54","29","75","5","29","54","5","73","-28474.4551968265","63028.3666311797","3657.68261632","3656.4929485321","34","39","3924","3929","-1","6","False"
"3920","54","30","75","5","30","54","5","73","-25114.6255944676","63028.3666311797","3657.68261632","3656.4929485321","35","40","3925","3930","3","4","True"
"3921","54","31","75","5","31","54","5","73","-21754.7959921087","63028.3666311797","3657.68261632","3656.4929485321","36","41","3926","3931","3","4","True"
"3922","54","32","75","5","32","54","5","73","-18394.9663897498","63028.3666311797","3657.68261632","3656.4929485321","37","42","3927","3932","3","4","True"
"3923","54","33","75","5","33","54","5","73","-15035.1367873909","63028.3666311797","3657.68261632","3656.4929485321","38","43","3928","3933","3","4","True"
"3924","54","34","75","5","34","54","5","73","-11675.3071850319","63028.3666311797","3657.68261632","3656.4929485321","39","44","3929","3934","3","6","True"
"3925","54","35","75","5","35","54","5","73","-8315.47758267302","63028.3666311797","3657.68261632","3656.4929485321","40","45","3930","3935","-1","4","False"
"3926","54","36","75","5","36","54","5","73","-4955.6479803141","63028.3666311797","3657.68261632","3656.4929485321","41","46","3931","3936","-1","4","False"
"3927","54","37","75","5","37","54","5","73","-1595.81837795519","63028.3666311797","3657.68261632","3656.4929485321","42","47","3932","3937","-1","4","False"
"3928","54","38","75","5","38","54","5","73","1764.01122440373","63028.3666311797","3657.68261632","3656.4929485321","43","48","3933","3938","-1","4","False"
"3929","54","39","75","5","39","54","5","73","5123.84082676264","63028.3666311797","3657.68261632","3656.4929485321","44","49","3934","3939","-1","6","False"
"3930","54","40","75","5","40","54","5","73","8483.67042912157","63028.3666311797","3657.68261632","3656.4929485321","45","50","3935","3940","-1","4","False"
"3931","54","41","75","5","41","54","5","73","11843.5000314805","63028.3666311797","3657.68261632","3656.4929485321","46","51","3936","3941","-1","4","False"
"3932","54","42","75","5","42","54","5","73","15203.3296338394","63028.3666311797","3657.68261632","3656.4929485321","47","52","3937","3942","-1","4","False"
"3933","54","43","75","5","43","54","5","73","18563.1592361983","63028.3666311797","3657.68261632","3656.4929485321","48","53","3938","3943","-1","4","False"
"3934","54","44","75","5","44","54","5","73","21922.9888385572","63028.3666311797","3657.68261632","3656.4929485321","49","54","3939","3944","-1","6","False"
"3935","54","45","75","5","45","54","5","73","25282.8184409162","63028.3666311797","3657.68261632","3656.4929485321","50","55","3940","3945","3","4","True"
"3936","54","46","75","5","46","54","5","73","28642.6480432751","63028.3666311797","3657.68261632","3656.4929485321","51","56","3941","3946","3","4","True"
"3937","54","47","75","5","47","54","5","73","32002.477645634","63028.3666311797","3657.68261632","3656.4929485321","52","57","3942","3947","3","4","True"
"3938","54","48","75","5","48","54","5","73","35362.3072479929","63028.3666311797","3657.68261632","3656.4929485321","53","58","3943","3948","3","4","True"
"3939","54","49","75","5","49","54","5","73","38722.1368503518","63028.3666311797","3657.68261632","3656.4929485321","54","59","3944","3949","3","6","True"
"3940","54","50","75","5","50","54","5","73","42081.9664527107","63028.3666311797","3657.68261632","3656.4929485321","55","60","3945","3950","-1","4","False"
"3941","54","51","75","5","51","54","5","73","45441.7960550696","63028.3666311797","3657.68261632","3656.4929485321","56","61","3946","3951","-1","4","False"
"3942","54","52","75","5","52","54","5","73","48801.6256574286","63028.3666311797","3657.68261632","3656.4929485321","57","62","3947","3952","-1","4","False"
"3943","54","53","75","5","53","54","5","73","52161.4552597875","63028.3666311797","3657.68261632","3656.4929485321","58","63","3948","3953","-1","4","False"
"3944","54","54","75","5","54","54","5","73","55521.2848621464","63028.3666311797","3657.68261632","3656.4929485321","59","64","3949","3954","-1","6","False"
"3945","54","55","75","5","55","54","5","73","58881.1144645053","63028.3666311797","3657.68261632","3656.4929485321","60","65","3950","3955","-1","4","False"
"3946","54","56","75","5","56","54","5","73","62240.9440668642","63028.3666311797","3657.68261632","3656.4929485321","61","66","3951","3956","-1","4","False"
"3947","54","57","75","5","57","54","5","73","65600.7736692231","63028.3666311797","3657.68261632","3656.4929485321","62","67","3952","3957","-1","4","False"
"3948","54","58","75","5","58","54","5","73","68960.603271582","63028.3666311797","3657.68261632","3656.4929485321","63","68","3953","3958","-1","4","False"
"3949","54","59","75","5","59","54","5","73","72320.432873941","63028.3666311797","3657.68261632","3656.4929485321","64","69","3954","3959","-1","6","False"
"3950","54","60","75","5","60","54","5","73","75680.2624762999","63028.3666311797","3657.68261632","3656.4929485321","65","70","3955","3960","3","4","True"
"3951","54","61","75","5","61","54","5","73","79040.0920786588","63028.3666311797","3657.68261632","3656.4929485321","66","71","3956","3961","3","4","True"
"3952","54","62","75","5","62","54","5","73","82399.9216810177","63028.3666311797","3657.68261632","3656.4929485321","67","72","3957","3962","3","4","True"
"3953","54","63","75","5","63","54","5","73","85759.7512833766","63028.3666311797","3657.68261632","3656.4929485321","68","73","3958","3963","3","4","True"
"3954","54","64","75","5","64","54","5","73","89119.5808857356","63028.3666311797","3657.68261632","3656.4929485321","69","74","3959","3964","3","6","True"
"3955","54","65","75","5","65","54","5","73","92479.4104880945","63028.3666311797","3657.68261632","3656.4929485321","55","60","3945","3950","-1","4","False"
"3956","54","66","75","5","66","54","5","73","95839.2400904534","63028.3666311797","3657.68261632","3656.4929485321","56","61","3946","3951","-1","4","False"
"3957","54","67","75","5","67","54","5","73","99199.0696928123","63028.3666311797","3657.68261632","3656.4929485321","57","62","3947","3952","-1","4","False"
"3958","54","68","75","5","68","54","5","73","102558.899295171","63028.3666311797","3657.68261632","3656.4929485321","58","63","3948","3953","-1","4","False"
"3959","54","69","75","5","69","54","5","73","105918.72889753","63028.3666311797","3657.68261632","3656.4929485321","59","64","3949","3954","-1","6","False"
"3960","54","70","75","5","70","54","5","73","109278.558499889","63028.3666311797","3657.68261632","3656.4929485321","60","65","3950","3955","-1","4","False"
"3961","54","71","75","5","71","54","5","73","112638.388102248","63028.3666311797","3657.68261632","3656.4929485321","61","66","3951","3956","-1","4","False"
"3962","54","72","75","5","72","54","5","73","115998.217704607","63028.3666311797","3657.68261632","3656.4929485321","62","67","3952","3957","-1","4","False"
"3963","54","73","75","5","73","54","5","73","119358.047306966","63028.3666311797","3657.68261632","3656.4929485321","63","68","3953","3958","-1","4","False"
"3964","54","74","75","5","74","54","5","73","122717.876909325","63028.3666311797","3657.68261632","3656.4929485321","64","69","3954","3959","-1","4","False"
"3965","55","0","75","5","74","55","5","73","122717.876909325","66652.6036917266","3657.68261632","3656.4929485321","5","10","3970","3975","3","2","True"
"3966","55","1","75","5","73","55","5","73","119358.047306966","66652.6036917266","3657.68261632","3656.4929485321","6","11","3971","3976","3","3","True"
"3967","55","2","75","5","72","55","5","73","115998.217704607","66652.6036917266","3657.68261632","3656.4929485321","7","12","3972","3977","3","3","True"
"3968","55","3","75","5","71","55","5","73","112638.388102248","66652.6036917266","3657.68261632","3656.4929485321","8","13","3973","3978","3","3","True"
"3969","55","4","75","5","70","55","5","73","109278.558499889","66652.6036917266","3657.68261632","3656.4929485321","9","14","3974","3979","3","3","True"
"3970","55","5","75","5","69","55","5","73","105918.72889753","66652.6036917266","3657.68261632","3656.4929485321","10","15","3975","3980","-1","4","False"
"3971","55","6","75","5","68","55","5","73","102558.899295171","66652.6036917266","3657.68261632","3656.4929485321","11","16","3976","3981","-1","3","False"
"3972","55","7","75","5","67","55","5","73","99199.0696928123","66652.6036917266","3657.68261632","3656.4929485321","12","17","3977","3982","-1","3","False"
"3973","55","8","75","5","66","55","5","73","95839.2400904534","66652.6036917266","3657.68261632","3656.4929485321","13","18","3978","3983","-1","3","False"
"3974","55","9","75","5","65","55","5","73","92479.4104880945","66652.6036917266","3657.68261632","3656.4929485321","14","19","3979","3984","-1","3","False"
"3975","55","10","75","5","64","55","5","73","89119.5808857356","66652.6036917266","3657.68261632","3656.4929485321","15","20","3980","3985","-1","4","False"
"3976","55","11","75","5","63","55","5","73","85759.7512833766","66652.6036917266","3657.68261632","3656.4929485321","16","21","3981","3986","-1","3","False"
"3977","55","12","75","5","62","55","5","73","82399.9216810177","66652.6036917266","3657.68261632","3656.4929485321","17","22","3982","3987","-1","3","False"
"3978","55","13","75","5","61","55","5","73","79040.0920786588","66652.6036917266","3657.68261632","3656.4929485321","18","23","3983","3988","-1","3","False"
"3979","55","14","75","5","60","55","5","73","75680.2624762999","66652.6036917266","3657.68261632","3656.4929485321","19","24","3984","3989","-1","3","False"
"3980","55","15","75","5","59","55","5","73","72320.432873941","66652.6036917266","3657.68261632","3656.4929485321","20","25","3985","3990","3","4","True"
"3981","55","16","75","5","58","55","5","73","68960.603271582","66652.6036917266","3657.68261632","3656.4929485321","21","26","3986","3991","3","3","True"
"3982","55","17","75","5","57","55","5","73","65600.7736692231","66652.6036917266","3657.68261632","3656.4929485321","22","27","3987","3992","3","3","True"
"3983","55","18","75","5","56","55","5","73","62240.9440668642","66652.6036917266","3657.68261632","3656.4929485321","23","28","3988","3993","3","3","True"
"3984","55","19","75","5","55","55","5","73","58881.1144645053","66652.6036917266","3657.68261632","3656.4929485321","24","29","3989","3994","3","3","True"
"3985","55","20","75","5","54","55","5","73","55521.2848621464","66652.6036917266","3657.68261632","3656.4929485321","25","30","3990","3995","-1","4","False"
"3986","55","21","75","5","53","55","5","73","52161.4552597875","66652.6036917266","3657.68261632","3656.4929485321","26","31","3991","3996","-1","3","False"
"3987","55","22","75","5","52","55","5","73","48801.6256574286","66652.6036917266","3657.68261632","3656.4929485321","27","32","3992","3997","-1","3","False"
"3988","55","23","75","5","51","55","5","73","45441.7960550696","66652.6036917266","3657.68261632","3656.4929485321","28","33","3993","3998","-1","3","False"
"3989","55","24","75","5","50","55","5","73","42081.9664527107","66652.6036917266","3657.68261632","3656.4929485321","29","34","3994","3999","-1","3","False"
"3990","55","25","75","5","49","55","5","73","38722.1368503518","66652.6036917266","3657.68261632","3656.4929485321","30","35","3995","4000","-1","4","False"
"3991","55","26","75","5","48","55","5","73","35362.3072479929","66652.6036917266","3657.68261632","3656.4929485321","31","36","3996","4001","-1","3","False"
"3992","55","27","75","5","47","55","5","73","32002.477645634","66652.6036917266","3657.68261632","3656.4929485321","32","37","3997","4002","-1","3","False"
"3993","55","28","75","5","46","55","5","73","28642.6480432751","66652.6036917266","3657.68261632","3656.4929485321","33","38","3998","4003","-1","3","False"
"3994","55","29","75","5","45","55","5","73","25282.8184409162","66652.6036917266","3657.68261632","3656.4929485321","34","39","3999","4004","-1","3","False"
"3995","55","30","75","5","44","55","5","73","21922.9888385572","66652.6036917266","3657.68261632","3656.4929485321","35","40","4000","4005","3","4","True"
"3996","55","31","75","5","43","55","5","73","18563.1592361983","66652.6036917266","3657.68261632","3656.4929485321","36","41","4001","4006","3","3","True"
"3997","55","32","75","5","42","55","5","73","15203.3296338394","66652.6036917266","3657.68261632","3656.4929485321","37","42","4002","4007","3","3","True"
"3998","55","33","75","5","41","55","5","73","11843.5000314805","66652.6036917266","3657.68261632","3656.4929485321","38","43","4003","4008","3","3","True"
"3999","55","34","75","5","40","55","5","73","8483.67042912157","66652.6036917266","3657.68261632","3656.4929485321","39","44","4004","4009","3","3","True"
"4000","55","35","75","5","39","55","5","73","5123.84082676264","66652.6036917266","3657.68261632","3656.4929485321","40","45","4005","4010","-1","4","False"
"4001","55","36","75","5","38","55","5","73","1764.01122440373","66652.6036917266","3657.68261632","3656.4929485321","41","46","4006","4011","-1","3","False"
"4002","55","37","75","5","37","55","5","73","-1595.81837795519","66652.6036917266","3657.68261632","3656.4929485321","42","47","4007","4012","-1","3","False"
"4003","55","38","75","5","36","55","5","73","-4955.6479803141","66652.6036917266","3657.68261632","3656.4929485321","43","48","4008","4013","-1","3","False"
"4004","55","39","75","5","35","55","5","73","-8315.47758267302","66652.6036917266","3657.68261632","3656.4929485321","44","49","4009","4014","-1","3","False"
"4005","55","40","75","5","34","55","5","73","-11675.3071850319","66652.6036917266","3657.68261632","3656.4929485321","45","50","4010","4015","-1","4","False"
"4006","55","41","75","5","33","55","5","73","-15035.1367873909","66652.6036917266","3657.68261632","3656.4929485321","46","51","4011","4016","-1","3","False"
"4007","55","42","75","5","32","55","5","73","-18394.9663897498","66652.6036917266","3657.68261632","3656.4929485321","47","52","4012","4017","-1","3","False"
"4008","55","43","75","5","31","55","5","73","-21754.7959921087","66652.6036917266","3657.68261632","3656.4929485321","48","53","4013","4018","-1","3","False"
"4009","55","44","75","5","30","55","5","73","-25114.6255944676","66652.6036917266","3657.68261632","3656.4929485321","49","54","4014","4019","-1","3","False"
"4010","55","45","75","5","29","55","5","73","-28474.4551968265","66652.6036917266","3657.68261632","3656.4929485321","50","55","4015","4020","3","4","True"
"4011","55","46","75","5","28","55","5","73","-31834.2847991854","66652.6036917266","3657.68261632","3656.4929485321","51","56","4016","4021","3","3","True"
"4012","55","47","75","5","27","55","5","73","-35194.1144015444","66652.6036917266","3657.68261632","3656.4929485321","52","57","4017","4022","3","3","True"
"4013","55","48","75","5","26","55","5","73","-38553.9440039033","66652.6036917266","3657.68261632","3656.4929485321","53","58","4018","4023","3","3","True"
"4014","55","49","75","5","25","55","5","73","-41913.7736062622","66652.6036917266","3657.68261632","3656.4929485321","54","59","4019","4024","3","3","True"
"4015","55","50","75","5","24","55","5","73","-45273.6032086211","66652.6036917266","3657.68261632","3656.4929485321","55","60","4020","4025","-1","4","False"
"4016","55","51","75","5","23","55","5","73","-48633.43281098","66652.6036917266","3657.68261632","3656.4929485321","56","61","4021","4026","-1","3","False"
"4017","55","52","75","5","22","55","5","73","-51993.2624133389","66652.6036917266","3657.68261632","3656.4929485321","57","62","4022","4027","-1","3","False"
"4018","55","53","75","5","21","55","5","73","-55353.0920156979","66652.6036917266","3657.68261632","3656.4929485321","58","63","4023","4028","-1","3","False"
"4019","55","54","75","5","20","55","5","73","-58712.9216180568","66652.6036917266","3657.68261632","3656.4929485321","59","64","4024","4029","-1","3","False"
"4020","55","55","75","5","19","55","5","73","-62072.7512204157","66652.6036917266","3657.68261632","3656.4929485321","60","65","4025","4030","-1","4","False"
"4021","55","56","75","5","18","55","5","73","-65432.5808227746","66652.6036917266","3657.68261632","3656.4929485321","61","66","4026","4031","-1","3","False"
"4022","55","57","75","5","17","55","5","73","-68792.4104251335","66652.6036917266","3657.68261632","3656.4929485321","62","67","4027","4032","-1","3","False"
"4023","55","58","75","5","16","55","5","73","-72152.2400274924","66652.6036917266","3657.68261632","3656.4929485321","63","68","4028","4033","-1","3","False"
"4024","55","59","75","5","15","55","5","73","-75512.0696298514","66652.6036917266","3657.68261632","3656.4929485321","64","69","4029","4034","-1","3","False"
"4025","55","60","75","5","14","55","5","73","-78871.8992322103","66652.6036917266","3657.68261632","3656.4929485321","65","70","4030","4035","3","4","True"
"4026","55","61","75","5","13","55","5","73","-82231.7288345692","66652.6036917266","3657.68261632","3656.4929485321","66","71","4031","4036","3","3","True"
"4027","55","62","75","5","12","55","5","73","-85591.5584369281","66652.6036917266","3657.68261632","3656.4929485321","67","72","4032","4037","3","3","True"
"4028","55","63","75","5","11","55","5","73","-88951.388039287","66652.6036917266","3657.68261632","3656.4929485321","68","73","4033","4038","3","3","True"
"4029","55","64","75","5","10","55","5","73","-92311.2176416459","66652.6036917266","3657.68261632","3656.4929485321","69","74","4034","4039","3","3","True"
"4030","55","65","75","5","9","55","5","73","-95671.0472440048","66652.6036917266","3657.68261632","3656.4929485321","55","60","4020","4025","-1","4","False"
"4031","55","66","75","5","8","55","5","73","-99030.8768463638","66652.6036917266","3657.68261632","3656.4929485321","56","61","4021","4026","-1","3","False"
"4032","55","67","75","5","7","55","5","73","-102390.706448723","66652.6036917266","3657.68261632","3656.4929485321","57","62","4022","4027","-1","3","False"
"4033","55","68","75","5","6","55","5","73","-105750.536051082","66652.6036917266","3657.68261632","3656.4929485321","58","63","4023","4028","-1","3","False"
"4034","55","69","75","5","5","55","5","73","-109110.365653441","66652.6036917266","3657.68261632","3656.4929485321","59","64","4024","4029","-1","3","False"
"4035","55","70","75","5","4","55","5","73","-112470.195255799","66652.6036917266","3657.68261632","3656.4929485321","60","65","4025","4030","-1","4","False"
"4036","55","71","75","5","3","55","5","73","-115830.024858158","66652.6036917266","3657.68261632","3656.4929485321","61","66","4026","4031","-1","3","False"
"4037","55","72","75","5","2","55","5","73","-119189.854460517","66652.6036917266","3657.68261632","3656.4929485321","62","67","4027","4032","-1","3","False"
"4038","55","73","75","5","1","55","5","73","-122549.684062876","66652.6036917266","3657.68261632","3656.4929485321","63","68","4028","4033","-1","3","False"
"4039","55","74","75","5","0","55","5","73","-125909.513665235","66652.6036917266","3657.68261632","3656.4929485321","64","69","4029","4034","-1","3","False"
"4040","56","0","75","5","0","56","5","73","-125909.513665235","70276.8407522734","3657.68261632","3656.4929485321","5","10","4045","4050","3","2","True"
"4041","56","1","75","5","1","56","5","73","-122549.684062876","70276.8407522734","3657.68261632","3656.4929485321","6","11","4046","4051","3","3","True"
"4042","56","2","75","5","2","56","5","73","-119189.854460517","70276.8407522734","3657.68261632","3656.4929485321","7","12","4047","4052","3","3","True"
"4043","56","3","75","5","3","56","5","73","-115830.024858158","70276.8407522734","3657.68261632","3656.4929485321","8","13","4048","4053","3","3","True"
"4044","56","4","75","5","4","56","5","73","-112470.195255799","70276.8407522734","3657.68261632","3656.4929485321","9","14","4049","4054","3","5","True"
"4045","56","5","75","5","5","56","5","73","-109110.365653441","70276.8407522734","3657.68261632","3656.4929485321","10","15","4050","4055","-1","4","False"
"4046","56","6","75","5","6","56","5","73","-105750.536051082","70276.8407522734","3657.68261632","3656.4929485321","11","16","4051","4056","-1","4","False"
"4047","56","7","75","5","7","56","5","73","-102390.706448723","70276.8407522734","3657.68261632","3656.4929485321","12","17","4052","4057","-1","4","False"
"4048","56","8","75","5","8","56","5","73","-99030.8768463638","70276.8407522734","3657.68261632","3656.4929485321","13","18","4053","4058","-1","4","False"
"4049","56","9","75","5","9","56","5","73","-95671.0472440048","70276.8407522734","3657.68261632","3656.4929485321","14","19","4054","4059","-1","6","False"
"4050","56","10","75","5","10","56","5","73","-92311.2176416459","70276.8407522734","3657.68261632","3656.4929485321","15","20","4055","4060","-1","4","False"
"4051","56","11","75","5","11","56","5","73","-88951.388039287","70276.8407522734","3657.68261632","3656.4929485321","16","21","4056","4061","-1","4","False"
"4052","56","12","75","5","12","56","5","73","-85591.5584369281","70276.8407522734","3657.68261632","3656.4929485321","17","22","4057","4062","-1","4","False"
"4053","56","13","75","5","13","56","5","73","-82231.7288345692","70276.8407522734","3657.68261632","3656.4929485321","18","23","4058","4063","-1","4","False"
"4054","56","14","75","5","14","56","5","73","-78871.8992322103","70276.8407522734","3657.68261632","3656.4929485321","19","24","4059","4064","-1","6","False"
"4055","56","15","75","5","15","56","5","73","-75512.0696298514","70276.8407522734","3657.68261632","3656.4929485321","20","25","4060","4065","3","4","True"
"4056","56","16","75","5","16","56","5","73","-72152.2400274924","70276.8407522734","3657.68261632","3656.4929485321","21","26","4061","4066","3","4","True"
"4057","56","17","75","5","17","56","5","73","-68792.4104251335","70276.8407522734","3657.68261632","3656.4929485321","22","27","4062","4067","3","4","True"
"4058","56","18","75","5","18","56","5","73","-65432.5808227746","70276.8407522734","3657.68261632","3656.4929485321","23","28","4063","4068","3","4","True"
"4059","56","19","75","5","19","56","5","73","-62072.7512204157","70276.8407522734","3657.68261632","3656.4929485321","24","29","4064","4069","3","6","True"
"4060","56","20","75","5","20","56","5","73","-58712.9216180568","70276.8407522734","3657.68261632","3656.4929485321","25","30","4065","4070","-1","4","False"
"4061","56","21","75","5","21","56","5","73","-55353.0920156979","70276.8407522734","3657.68261632","3656.4929485321","26","31","4066","4071","-1","4","False"
"4062","56","22","75","5","22","56","5","73","-51993.2624133389","70276.8407522734","3657.68261632","3656.4929485321","27","32","4067","4072","-1","4","False"
"4063","56","23","75","5","23","56","5","73","-48633.43281098","70276.8407522734","3657.68261632","3656.4929485321","28","33","4068","4073","-1","4","False"
"4064","56","24","75","5","24","56","5","73","-45273.6032086211","70276.8407522734","3657.68261632","3656.4929485321","29","34","4069","4074","-1","6","False"
"4065","56","25","75","5","25","56","5","73","-41913.7736062622","70276.8407522734","3657.68261632","3656.4929485321","30","35","4070","4075","-1","4","False"
"4066","56","26","75","5","26","56","5","73","-38553.9440039033","70276.8407522734","3657.68261632","3656.4929485321","31","36","4071","4076","-1","4","False"
"4067","56","27","75","5","27","56","5","73","-35194.1144015444","70276.8407522734","3657.68261632","3656.4929485321","32","37","4072","4077","-1","4","False"
"4068","56","28","75","5","28","56","5","73","-31834.2847991854","70276.8407522734","3657.68261632","3656.4929485321","33","38","4073","4078","-1","4","False"
"4069","56","29","75","5","29","56","5","73","-28474.4551968265","70276.8407522734","3657.68261632","3656.4929485321","34","39","4074","4079","-1","6","False"
"4070","56","30","75","5","30","56","5","73","-25114.6255944676","70276.8407522734","3657.68261632","3656.4929485321","35","40","4075","4080","3","4","True"
"4071","56","31","75","5","31","56","5","73","-21754.7959921087","70276.8407522734","3657.68261632","3656.4929485321","36","41","4076","4081","3","4","True"
"4072","56","32","75","5","32","56","5","73","-18394.9663897498","70276.8407522734","3657.68261632","3656.4929485321","37","42","4077","4082","3","4","True"
"4073","56","33","75","5","33","56","5","73","-15035.1367873909","70276.8407522734","3657.68261632","3656.4929485321","38","43","4078","4083","3","4","True"
"4074","56","34","75","5","34","56","5","73","-11675.3071850319","70276.8407522734","3657.68261632","3656.4929485321","39","44","4079","4084","3","6","True"
"4075","56","35","75","5","35","56","5","73","-8315.47758267302","70276.8407522734","3657.68261632","3656.4929485321","40","45","4080","4085","-1","4","False"
"4076","56","36","75","5","36","56","5","73","-4955.6479803141","70276.8407522734","3657.68261632","3656.4929485321","41","46","4081","4086","-1","4","False"
"4077","56","37","75","5","37","56","5","73","-1595.81837795519","70276.8407522734","3657.68261632","3656.4929485321","42","47","4082","4087","-1","4","False"
"4078","56","38","75","5","38","56","5","73","1764.01122440373","70276.8407522734","3657.68261632","3656.4929485321","43","48","4083","4088","-1","4","False"
"4079","56","39","75","5","39","56","5","73","5123.84082676264","70276.8407522734","3657.68261632","3656.4929485321","44","49","4084","4089","-1","6","False"
"4080","56","40","75","5","40","56","5","73","8483.67042912157","70276.8407522734","3657.68261632","3656.4929485321","45","50","4085","4090","-1","4","False"
"4081","56","41","75","5","41","56","5","73","11843.5000314805","70276.8407522734","3657.68261632","3656.4929485321","46","51","4086","4091","-1","4","False"
"4082","56","42","75","5","42","56","5","73","15203.3296338394","70276.8407522734","3657.68261632","3656.4929485321","47","52","4087","4092","-1","4","False"
"4083","56","43","75","5","43","56","5","73","18563.1592361983","70276.8407522734","3657.68261632","3656.4929485321","48","53","4088","4093","-1","4","False"
"4084","56","44","75","5","44","56","5","73","21922.9888385572","70276.8407522734","3657.68261632","3656.4929485321","49","54","4089","4094","-1","6","False"
"4085","56","45","75","5","45","56","5","73","25282.8184409162","70276.8407522734","3657.68261632","3656.4929485321","50","55","4090","4095","3","4","True"
"4086","56","46","75","5","46","56","5","73","28642.6480432751","70276.8407522734","3657.68261632","3656.4929485321","51","56","4091","4096","3","4","True"
"4087","56","47","75","5","47","56","5","73","32002.477645634","70276.8407522734","3657.68261632","3656.4929485321","52","57","4092","4097","3","4","True"
"4088","56","48","75","5","48","56","5","73","35362.3072479929","70276.8407522734","3657.68261632","3656.4929485321","53","58","4093","4098","3","4","True"
"4089","56","49","75","5","49","56","5","73","38722.1368503518","70276.8407522734","3657.68261632","3656.4929485321","54","59","4094","4099","3","6","True"
"4090","56","50","75","5","50","56","5","73","42081.9664527107","70276.8407522734","3657.68261632","3656.4929485321","55","60","4095","4100","-1","4","False"
"4091","56","51","75","5","51","56","5","73","45441.7960550696","70276.8407522734","3657.68261632","3656.4929485321","56","61","4096","4101","-1","4","False"
"4092","56","52","75","5","52","56","5","73","48801.6256574286","70276.8407522734","3657.68261632","3656.4929485321","57","62","4097","4102","-1","4","False"
"4093","56","53","75","5","53","56","5","73","52161.4552597875","70276.8407522734","3657.68261632","3656.4929485321","58","63","4098","4103","-1","4","False"
"4094","56","54","75","5","54","56","5","73","55521.2848621464","70276.8407522734","3657.68261632","3656.4929485321","59","64","4099","4104","-1","6","False"
"4095","56","55","75","5","55","56","5","73","58881.1144645053","70276.8407522734","3657.68261632","3656.4929485321","60","65","4100","4105","-1","4","False"
"4096","56","56","75","5","56","56","5","73","62240.9440668642","70276.8407522734","3657.68261632","3656.4929485321","61","66","4101","4106","-1","4","False"
"4097","56","57","75","5","57","56","5","73","65600.7736692231","70276.8407522734","3657.68261632","3656.4929485321","62","67","4102","4107","-1","4","False"
"4098","56","58","75","5","58","56","5","73","68960.603271582","70276.8407522734","3657.68261632","3656.4929485321","63","68","4103","4108","-1","4","False"
"4099","56","59","75","5","59","56","5","73","72320.432873941","70276.8407522734","3657.68261632","3656.4929485321","64","69","4104","4109","-1","6","False"
"4100","56","60","75","5","60","56","5","73","75680.2624762999","70276.8407522734","3657.68261632","3656.4929485321","65","70","4105","4110","3","4","True"
"4101","56","61","75","5","61","56","5","73","79040.0920786588","70276.8407522734","3657.68261632","3656.4929485321","66","71","4106","4111","3","4","True"
"4102","56","62","75","5","62","56","5","73","82399.9216810177","70276.8407522734","3657.68261632","3656.4929485321","67","72","4107","4112","3","4","True"
"4103","56","63","75","5","63","56","5","73","85759.7512833766","70276.8407522734","3657.68261632","3656.4929485321","68","73","4108","4113","3","4","True"
"4104","56","64","75","5","64","56","5","73","89119.5808857356","70276.8407522734","3657.68261632","3656.4929485321","59","54","4099","4094","-1","6","False"
"4105","56","65","75","5","65","56","5","73","92479.4104880945","70276.8407522734","3657.68261632","3656.4929485321","55","60","4095","4100","-1","4","False"
"4106","56","66","75","5","66","56","5","73","95839.2400904534","70276.8407522734","3657.68261632","3656.4929485321","56","61","4096","4101","-1","4","False"
"4107","56","67","75","5","67","56","5","73","99199.0696928123","70276.8407522734","3657.68261632","3656.4929485321","57","62","4097","4102","-1","4","False"
"4108","56","68","75","5","68","56","5","73","102558.899295171","70276.8407522734","3657.68261632","3656.4929485321","58","63","4098","4103","-1","4","False"
"4109","56","69","75","5","69","56","5","73","105918.72889753","70276.8407522734","3657.68261632","3656.4929485321","59","64","4099","4104","2","5","True"
"4110","56","70","75","5","70","56","5","73","109278.558499889","70276.8407522734","3657.68261632","3656.4929485321","60","65","4100","4105","-1","3","False"
"4111","56","71","75","5","71","56","5","73","112638.388102248","70276.8407522734","3657.68261632","3656.4929485321","61","66","4101","4106","-1","3","False"
"4112","56","72","75","5","72","56","5","73","115998.217704607","70276.8407522734","3657.68261632","3656.4929485321","62","67","4102","4107","-1","3","False"
"4113","56","73","75","5","73","56","5","73","119358.047306966","70276.8407522734","3657.68261632","3656.4929485321","63","68","4103","4108","-1","3","False"
"4114","56","74","75","5","74","56","5","73","122717.876909325","70276.8407522734","3657.68261632","3656.4929485321","64","69","4104","4109","0","3","True"
"4115","57","0","65","5","64","57","5","73","105918.729445306","73901.0778128203","3657.68261632","3656.4929485321","5","10","4120","4125","3","2","True"
"4116","57","1","65","5","63","57","5","73","102558.899842947","73901.0778128203","3657.68261632","3656.4929485321","6","11","4121","4126","3","3","True"
"4117","57","2","65","5","62","57","5","73","99199.0702405881","73901.0778128203","3657.68261632","3656.4929485321","7","12","4122","4127","3","3","True"
"4118","57","3","65","5","61","57","5","73","95839.2406382291","73901.0778128203","3657.68261632","3656.4929485321","8","13","4123","4128","3","3","True"
"4119","57","4","65","5","60","57","5","73","92479.4110358702","73901.0778128203","3657.68261632","3656.4929485321","9","14","4124","4129","3","3","True"
"4120","57","5","65","5","59","57","5","73","89119.5814335113","73901.0778128203","3657.68261632","3656.4929485321","10","15","4125","4130","-1","4","False"
"4121","57","6","65","5","58","57","5","73","85759.7518311524","73901.0778128203","3657.68261632","3656.4929485321","11","16","4126","4131","-1","3","False"
"4122","57","7","65","5","57","57","5","73","82399.9222287935","73901.0778128203","3657.68261632","3656.4929485321","12","17","4127","4132","-1","3","False"
"4123","57","8","65","5","56","57","5","73","79040.0926264345","73901.0778128203","3657.68261632","3656.4929485321","13","18","4128","4133","-1","3","False"
"4124","57","9","65","5","55","57","5","73","75680.2630240756","73901.0778128203","3657.68261632","3656.4929485321","14","19","4129","4134","-1","3","False"
"4125","57","10","65","5","54","57","5","73","72320.4334217167","73901.0778128203","3657.68261632","3656.4929485321","15","20","4130","4135","-1","4","False"
"4126","57","11","65","5","53","57","5","73","68960.6038193578","73901.0778128203","3657.68261632","3656.4929485321","16","21","4131","4136","-1","3","False"
"4127","57","12","65","5","52","57","5","73","65600.7742169989","73901.0778128203","3657.68261632","3656.4929485321","17","22","4132","4137","-1","3","False"
"4128","57","13","65","5","51","57","5","73","62240.9446146399","73901.0778128203","3657.68261632","3656.4929485321","18","23","4133","4138","-1","3","False"
"4129","57","14","65","5","50","57","5","73","58881.1150122811","73901.0778128203","3657.68261632","3656.4929485321","19","24","4134","4139","-1","3","False"
"4130","57","15","65","5","49","57","5","73","55521.2854099221","73901.0778128203","3657.68261632","3656.4929485321","20","25","4135","4140","3","4","True"
"4131","57","16","65","5","48","57","5","73","52161.4558075632","73901.0778128203","3657.68261632","3656.4929485321","21","26","4136","4141","3","3","True"
"4132","57","17","65","5","47","57","5","73","48801.6262052043","73901.0778128203","3657.68261632","3656.4929485321","22","27","4137","4142","3","3","True"
"4133","57","18","65","5","46","57","5","73","45441.7966028454","73901.0778128203","3657.68261632","3656.4929485321","23","28","4138","4143","3","3","True"
"4134","57","19","65","5","45","57","5","73","42081.9670004865","73901.0778128203","3657.68261632","3656.4929485321","24","29","4139","4144","3","3","True"
"4135","57","20","65","5","44","57","5","73","38722.1373981275","73901.0778128203","3657.68261632","3656.4929485321","25","30","4140","4145","-1","4","False"
"4136","57","21","65","5","43","57","5","73","35362.3077957686","73901.0778128203","3657.68261632","3656.4929485321","26","31","4141","4146","-1","3","False"
"4137","57","22","65","5","42","57","5","73","32002.4781934097","73901.0778128203","3657.68261632","3656.4929485321","27","32","4142","4147","-1","3","False"
"4138","57","23","65","5","41","57","5","73","28642.6485910508","73901.0778128203","3657.68261632","3656.4929485321","28","33","4143","4148","-1","3","False"
"4139","57","24","65","5","40","57","5","73","25282.8189886919","73901.0778128203","3657.68261632","3656.4929485321","29","34","4144","4149","-1","3","False"
"4140","57","25","65","5","39","57","5","73","21922.989386333","73901.0778128203","3657.68261632","3656.4929485321","30","35","4145","4150","-1","4","False"
"4141","57","26","65","5","38","57","5","73","18563.159783974","73901.0778128203","3657.68261632","3656.4929485321","31","36","4146","4151","-1","3","False"
"4142","57","27","65","5","37","57","5","73","15203.3301816151","73901.0778128203","3657.68261632","3656.4929485321","32","37","4147","4152","-1","3","False"
"4143","57","28","65","5","36","57","5","73","11843.5005792562","73901.0778128203","3657.68261632","3656.4929485321","33","38","4148","4153","-1","3","False"
"4144","57","29","65","5","35","57","5","73","8483.67097689729","73901.0778128203","3657.68261632","3656.4929485321","34","39","4149","4154","-1","3","False"
"4145","57","30","65","5","34","57","5","73","5123.84137453837","73901.0778128203","3657.68261632","3656.4929485321","35","40","4150","4155","3","4","True"
"4146","57","31","65","5","33","57","5","73","1764.01177217945","73901.0778128203","3657.68261632","3656.4929485321","36","41","4151","4156","3","3","True"
"4147","57","32","65","5","32","57","5","73","-1595.81783017946","73901.0778128203","3657.68261632","3656.4929485321","37","42","4152","4157","3","3","True"
"4148","57","33","65","5","31","57","5","73","-4955.64743253838","73901.0778128203","3657.68261632","3656.4929485321","38","43","4153","4158","3","3","True"
"4149","57","34","65","5","30","57","5","73","-8315.47703489729","73901.0778128203","3657.68261632","3656.4929485321","39","44","4154","4159","3","3","True"
"4150","57","35","65","5","29","57","5","73","-11675.3066372562","73901.0778128203","3657.68261632","3656.4929485321","40","45","4155","4160","-1","4","False"
"4151","57","36","65","5","28","57","5","73","-15035.1362396151","73901.0778128203","3657.68261632","3656.4929485321","41","46","4156","4161","-1","3","False"
"4152","57","37","65","5","27","57","5","73","-18394.965841974","73901.0778128203","3657.68261632","3656.4929485321","42","47","4157","4162","-1","3","False"
"4153","57","38","65","5","26","57","5","73","-21754.795444333","73901.0778128203","3657.68261632","3656.4929485321","43","48","4158","4163","-1","3","False"
"4154","57","39","65","5","25","57","5","73","-25114.6250466919","73901.0778128203","3657.68261632","3656.4929485321","44","49","4159","4164","-1","3","False"
"4155","57","40","65","5","24","57","5","73","-28474.4546490508","73901.0778128203","3657.68261632","3656.4929485321","45","50","4160","4165","-1","4","False"
"4156","57","41","65","5","23","57","5","73","-31834.2842514097","73901.0778128203","3657.68261632","3656.4929485321","46","51","4161","4166","-1","3","False"
"4157","57","42","65","5","22","57","5","73","-35194.1138537686","73901.0778128203","3657.68261632","3656.4929485321","47","52","4162","4167","-1","3","False"
"4158","57","43","65","5","21","57","5","73","-38553.9434561275","73901.0778128203","3657.68261632","3656.4929485321","48","53","4163","4168","-1","3","False"
"4159","57","44","65","5","20","57","5","73","-41913.7730584865","73901.0778128203","3657.68261632","3656.4929485321","49","54","4164","4169","-1","3","False"
"4160","57","45","65","5","19","57","5","73","-45273.6026608454","73901.0778128203","3657.68261632","3656.4929485321","50","55","4165","4170","3","4","True"
"4161","57","46","65","5","18","57","5","73","-48633.4322632043","73901.0778128203","3657.68261632","3656.4929485321","51","56","4166","4171","3","3","True"
"4162","57","47","65","5","17","57","5","73","-51993.2618655632","73901.0778128203","3657.68261632","3656.4929485321","52","57","4167","4172","3","3","True"
"4163","57","48","65","5","16","57","5","73","-55353.0914679221","73901.0778128203","3657.68261632","3656.4929485321","53","58","4168","4173","3","3","True"
"4164","57","49","65","5","15","57","5","73","-58712.921070281","73901.0778128203","3657.68261632","3656.4929485321","54","59","4169","4174","3","3","True"
"4165","57","50","65","5","14","57","5","73","-62072.75067264","73901.0778128203","3657.68261632","3656.4929485321","55","60","4170","4175","-1","4","False"
"4166","57","51","65","5","13","57","5","73","-65432.5802749989","73901.0778128203","3657.68261632","3656.4929485321","56","61","4171","4176","-1","3","False"
"4167","57","52","65","5","12","57","5","73","-68792.4098773578","73901.0778128203","3657.68261632","3656.4929485321","57","62","4172","4177","-1","3","False"
"4168","57","53","65","5","11","57","5","73","-72152.2394797167","73901.0778128203","3657.68261632","3656.4929485321","58","63","4173","4178","-1","3","False"
"4169","57","54","65","5","10","57","5","73","-75512.0690820756","73901.0778128203","3657.68261632","3656.4929485321","59","64","4174","4179","-1","3","False"
"4170","57","55","65","5","9","57","5","73","-78871.8986844345","73901.0778128203","3657.68261632","3656.4929485321","45","50","4160","4165","-1","4","False"
"4171","57","56","65","5","8","57","5","73","-82231.7282867935","73901.0778128203","3657.68261632","3656.4929485321","46","51","4161","4166","-1","3","False"
"4172","57","57","65","5","7","57","5","73","-85591.5578891524","73901.0778128203","3657.68261632","3656.4929485321","47","52","4162","4167","-1","3","False"
"4173","57","58","65","5","6","57","5","73","-88951.3874915113","73901.0778128203","3657.68261632","3656.4929485321","48","53","4163","4168","-1","3","False"
"4174","57","59","65","5","5","57","5","73","-92311.2170938702","73901.0778128203","3657.68261632","3656.4929485321","49","54","4164","4169","-1","3","False"
"4175","57","60","65","5","4","57","5","73","-95671.0466962291","73901.0778128203","3657.68261632","3656.4929485321","50","55","4165","4170","0","4","True"
"4176","57","61","65","5","3","57","5","73","-99030.8762985881","73901.0778128203","3657.68261632","3656.4929485321","51","56","4166","4171","0","3","True"
"4177","57","62","65","5","2","57","5","73","-102390.705900947","73901.0778128203","3657.68261632","3656.4929485321","52","57","4167","4172","0","3","True"
"4178","57","63","65","5","1","57","5","73","-105750.535503306","73901.0778128203","3657.68261632","3656.4929485321","53","58","4168","4173","0","3","True"
"4179","57","64","65","5","0","57","5","73","-109110.365105665","73901.0778128203","3657.68261632","3656.4929485321","54","59","4169","4174","0","3","True"
"4180","58","0","65","5","0","58","5","73","-109110.365105665","77525.3148733672","3657.68261632","3656.4929485321","5","10","4185","4190","3","2","True"
"4181","58","1","65","5","1","58","5","73","-105750.535503306","77525.3148733672","3657.68261632","3656.4929485321","6","11","4186","4191","3","3","True"
"4182","58","2","65","5","2","58","5","73","-102390.705900947","77525.3148733672","3657.68261632","3656.4929485321","7","12","4187","4192","3","3","True"
"4183","58","3","65","5","3","58","5","73","-99030.8762985881","77525.3148733672","3657.68261632","3656.4929485321","8","13","4188","4193","3","3","True"
"4184","58","4","65","5","4","58","5","73","-95671.0466962291","77525.3148733672","3657.68261632","3656.4929485321","9","14","4189","4194","3","4","True"
"4185","58","5","65","5","5","58","5","73","-92311.2170938702","77525.3148733672","3657.68261632","3656.4929485321","10","15","4190","4195","-1","3","False"
"4186","58","6","65","5","6","58","5","73","-88951.3874915113","77525.3148733672","3657.68261632","3656.4929485321","11","16","4191","4196","-1","3","False"
"4187","58","7","65","5","7","58","5","73","-85591.5578891524","77525.3148733672","3657.68261632","3656.4929485321","12","17","4192","4197","-1","3","False"
"4188","58","8","65","5","8","58","5","73","-82231.7282867935","77525.3148733672","3657.68261632","3656.4929485321","13","18","4193","4198","-1","3","False"
"4189","58","9","65","5","9","58","5","73","-78871.8986844345","77525.3148733672","3657.68261632","3656.4929485321","14","19","4194","4199","-1","4","False"
"4190","58","10","65","5","10","58","5","73","-75512.0690820756","77525.3148733672","3657.68261632","3656.4929485321","15","20","4195","4200","-1","3","False"
"4191","58","11","65","5","11","58","5","73","-72152.2394797167","77525.3148733672","3657.68261632","3656.4929485321","16","21","4196","4201","-1","3","False"
"4192","58","12","65","5","12","58","5","73","-68792.4098773578","77525.3148733672","3657.68261632","3656.4929485321","17","22","4197","4202","-1","3","False"
"4193","58","13","65","5","13","58","5","73","-65432.5802749989","77525.3148733672","3657.68261632","3656.4929485321","18","23","4198","4203","-1","3","False"
"4194","58","14","65","5","14","58","5","73","-62072.75067264","77525.3148733672","3657.68261632","3656.4929485321","19","24","4199","4204","-1","4","False"
"4195","58","15","65","5","15","58","5","73","-58712.921070281","77525.3148733672","3657.68261632","3656.4929485321","20","25","4200","4205","3","3","True"
"4196","58","16","65","5","16","58","5","73","-55353.0914679221","77525.3148733672","3657.68261632","3656.4929485321","21","26","4201","4206","3","3","True"
"4197","58","17","65","5","17","58","5","73","-51993.2618655632","77525.3148733672","3657.68261632","3656.4929485321","22","27","4202","4207","3","3","True"
"4198","58","18","65","5","18","58","5","73","-48633.4322632043","77525.3148733672","3657.68261632","3656.4929485321","23","28","4203","4208","3","3","True"
"4199","58","19","65","5","19","58","5","73","-45273.6026608454","77525.3148733672","3657.68261632","3656.4929485321","24","29","4204","4209","3","4","True"
"4200","58","20","65","5","20","58","5","73","-41913.7730584865","77525.3148733672","3657.68261632","3656.4929485321","25","30","4205","4210","-1","3","False"
"4201","58","21","65","5","21","58","5","73","-38553.9434561275","77525.3148733672","3657.68261632","3656.4929485321","26","31","4206","4211","-1","3","False"
"4202","58","22","65","5","22","58","5","73","-35194.1138537686","77525.3148733672","3657.68261632","3656.4929485321","27","32","4207","4212","-1","3","False"
"4203","58","23","65","5","23","58","5","73","-31834.2842514097","77525.3148733672","3657.68261632","3656.4929485321","28","33","4208","4213","-1","3","False"
"4204","58","24","65","5","24","58","5","73","-28474.4546490508","77525.3148733672","3657.68261632","3656.4929485321","29","34","4209","4214","-1","4","False"
"4205","58","25","65","5","25","58","5","73","-25114.6250466919","77525.3148733672","3657.68261632","3656.4929485321","30","35","4210","4215","-1","3","False"
"4206","58","26","65","5","26","58","5","73","-21754.795444333","77525.3148733672","3657.68261632","3656.4929485321","31","36","4211","4216","-1","3","False"
"4207","58","27","65","5","27","58","5","73","-18394.965841974","77525.3148733672","3657.68261632","3656.4929485321","32","37","4212","4217","-1","3","False"
"4208","58","28","65","5","28","58","5","73","-15035.1362396151","77525.3148733672","3657.68261632","3656.4929485321","33","38","4213","4218","-1","3","False"
"4209","58","29","65","5","29","58","5","73","-11675.3066372562","77525.3148733672","3657.68261632","3656.4929485321","34","39","4214","4219","-1","4","False"
"4210","58","30","65","5","30","58","5","73","-8315.47703489729","77525.3148733672","3657.68261632","3656.4929485321","35","40","4215","4220","3","3","True"
"4211","58","31","65","5","31","58","5","73","-4955.64743253838","77525.3148733672","3657.68261632","3656.4929485321","36","41","4216","4221","3","3","True"
"4212","58","32","65","5","32","58","5","73","-1595.81783017946","77525.3148733672","3657.68261632","3656.4929485321","37","42","4217","4222","3","3","True"
"4213","58","33","65","5","33","58","5","73","1764.01177217945","77525.3148733672","3657.68261632","3656.4929485321","38","43","4218","4223","3","3","True"
"4214","58","34","65","5","34","58","5","73","5123.84137453837","77525.3148733672","3657.68261632","3656.4929485321","39","44","4219","4224","3","4","True"
"4215","58","35","65","5","35","58","5","73","8483.67097689729","77525.3148733672","3657.68261632","3656.4929485321","40","45","4220","4225","-1","3","False"
"4216","58","36","65","5","36","58","5","73","11843.5005792562","77525.3148733672","3657.68261632","3656.4929485321","41","46","4221","4226","-1","3","False"
"4217","58","37","65","5","37","58","5","73","15203.3301816151","77525.3148733672","3657.68261632","3656.4929485321","42","47","4222","4227","-1","3","False"
"4218","58","38","65","5","38","58","5","73","18563.159783974","77525.3148733672","3657.68261632","3656.4929485321","43","48","4223","4228","-1","3","False"
"4219","58","39","65","5","39","58","5","73","21922.989386333","77525.3148733672","3657.68261632","3656.4929485321","44","49","4224","4229","-1","4","False"
"4220","58","40","65","5","40","58","5","73","25282.8189886919","77525.3148733672","3657.68261632","3656.4929485321","45","50","4225","4230","-1","3","False"
"4221","58","41","65","5","41","58","5","73","28642.6485910508","77525.3148733672","3657.68261632","3656.4929485321","46","51","4226","4231","-1","3","False"
"4222","58","42","65","5","42","58","5","73","32002.4781934097","77525.3148733672","3657.68261632","3656.4929485321","47","52","4227","4232","-1","3","False"
"4223","58","43","65","5","43","58","5","73","35362.3077957686","77525.3148733672","3657.68261632","3656.4929485321","48","53","4228","4233","-1","3","False"
"4224","58","44","65","5","44","58","5","73","38722.1373981275","77525.3148733672","3657.68261632","3656.4929485321","49","54","4229","4234","-1","4","False"
"4225","58","45","65","5","45","58","5","73","42081.9670004865","77525.3148733672","3657.68261632","3656.4929485321","50","55","4230","4235","3","3","True"
"4226","58","46","65","5","46","58","5","73","45441.7966028454","77525.3148733672","3657.68261632","3656.4929485321","51","56","4231","4236","3","3","True"
"4227","58","47","65","5","47","58","5","73","48801.6262052043","77525.3148733672","3657.68261632","3656.4929485321","52","57","4232","4237","3","3","True"
"4228","58","48","65","5","48","58","5","73","52161.4558075632","77525.3148733672","3657.68261632","3656.4929485321","53","58","4233","4238","3","3","True"
"4229","58","49","65","5","49","58","5","73","55521.2854099221","77525.3148733672","3657.68261632","3656.4929485321","54","59","4234","4239","3","4","True"
"4230","58","50","65","5","50","58","5","73","58881.1150122811","77525.3148733672","3657.68261632","3656.4929485321","55","60","4235","4240","-1","3","False"
"4231","58","51","65","5","51","58","5","73","62240.9446146399","77525.3148733672","3657.68261632","3656.4929485321","56","61","4236","4241","-1","3","False"
"4232","58","52","65","5","52","58","5","73","65600.7742169989","77525.3148733672","3657.68261632","3656.4929485321","57","62","4237","4242","-1","3","False"
"4233","58","53","65","5","53","58","5","73","68960.6038193578","77525.3148733672","3657.68261632","3656.4929485321","58","63","4238","4243","-1","3","False"
"4234","58","54","65","5","54","58","5","73","72320.4334217167","77525.3148733672","3657.68261632","3656.4929485321","59","64","4239","4244","-1","4","False"
"4235","58","55","65","5","55","58","5","73","75680.2630240756","77525.3148733672","3657.68261632","3656.4929485321","45","50","4225","4230","-1","3","False"
"4236","58","56","65","5","56","58","5","73","79040.0926264345","77525.3148733672","3657.68261632","3656.4929485321","46","51","4226","4231","-1","3","False"
"4237","58","57","65","5","57","58","5","73","82399.9222287935","77525.3148733672","3657.68261632","3656.4929485321","47","52","4227","4232","-1","3","False"
"4238","58","58","65","5","58","58","5","73","85759.7518311524","77525.3148733672","3657.68261632","3656.4929485321","48","53","4228","4233","-1","3","False"
"4239","58","59","65","5","59","58","5","73","89119.5814335113","77525.3148733672","3657.68261632","3656.4929485321","49","54","4229","4234","-1","4","False"
"4240","58","60","65","5","60","58","5","73","92479.4110358702","77525.3148733672","3657.68261632","3656.4929485321","50","55","4230","4235","0","3","True"
"4241","58","61","65","5","61","58","5","73","95839.2406382291","77525.3148733672","3657.68261632","3656.4929485321","51","56","4231","4236","0","3","True"
"4242","58","62","65","5","62","58","5","73","99199.0702405881","77525.3148733672","3657.68261632","3656.4929485321","52","57","4232","4237","0","3","True"
"4243","58","63","65","5","63","58","5","73","102558.899842947","77525.3148733672","3657.68261632","3656.4929485321","53","58","4233","4238","0","3","True"
"4244","58","64","65","5","64","58","5","73","105918.729445306","77525.3148733672","3657.68261632","3656.4929485321","54","59","4234","4239","0","3","True"
"4245","59","0","65","5","64","59","5","73","105918.729445306","81149.5519339141","3657.68261632","3656.4929485321","5","10","4250","4255","3","3","True"
"4246","59","1","65","5","63","59","5","73","102558.899842947","81149.5519339141","3657.68261632","3656.4929485321","6","11","4251","4256","3","4","True"
"4247","59","2","65","5","62","59","5","73","99199.0702405881","81149.5519339141","3657.68261632","3656.4929485321","7","12","4252","4257","3","4","True"
"4248","59","3","65","5","61","59","5","73","95839.2406382291","81149.5519339141","3657.68261632","3656.4929485321","8","13","4253","4258","3","4","True"
"4249","59","4","65","5","60","59","5","73","92479.4110358702","81149.5519339141","3657.68261632","3656.4929485321","9","14","4254","4259","3","4","True"
"4250","59","5","65","5","59","59","5","73","89119.5814335113","81149.5519339141","3657.68261632","3656.4929485321","10","15","4255","4260","-1","6","False"
"4251","59","6","65","5","58","59","5","73","85759.7518311524","81149.5519339141","3657.68261632","3656.4929485321","11","16","4256","4261","-1","4","False"
"4252","59","7","65","5","57","59","5","73","82399.9222287935","81149.5519339141","3657.68261632","3656.4929485321","12","17","4257","4262","-1","4","False"
"4253","59","8","65","5","56","59","5","73","79040.0926264345","81149.5519339141","3657.68261632","3656.4929485321","13","18","4258","4263","-1","4","False"
"4254","59","9","65","5","55","59","5","73","75680.2630240756","81149.5519339141","3657.68261632","3656.4929485321","14","19","4259","4264","-1","4","False"
"4255","59","10","65","5","54","59","5","73","72320.4334217167","81149.5519339141","3657.68261632","3656.4929485321","15","20","4260","4265","-1","6","False"
"4256","59","11","65","5","53","59","5","73","68960.6038193578","81149.5519339141","3657.68261632","3656.4929485321","16","21","4261","4266","-1","4","False"
"4257","59","12","65","5","52","59","5","73","65600.7742169989","81149.5519339141","3657.68261632","3656.4929485321","17","22","4262","4267","-1","4","False"
"4258","59","13","65","5","51","59","5","73","62240.9446146399","81149.5519339141","3657.68261632","3656.4929485321","18","23","4263","4268","-1","4","False"
"4259","59","14","65","5","50","59","5","73","58881.1150122811","81149.5519339141","3657.68261632","3656.4929485321","19","24","4264","4269","-1","4","False"
"4260","59","15","65","5","49","59","5","73","55521.2854099221","81149.5519339141","3657.68261632","3656.4929485321","20","25","4265","4270","3","6","True"
"4261","59","16","65","5","48","59","5","73","52161.4558075632","81149.5519339141","3657.68261632","3656.4929485321","21","26","4266","4271","3","4","True"
"4262","59","17","65","5","47","59","5","73","48801.6262052043","81149.5519339141","3657.68261632","3656.4929485321","22","27","4267","4272","3","4","True"
"4263","59","18","65","5","46","59","5","73","45441.7966028454","81149.5519339141","3657.68261632","3656.4929485321","23","28","4268","4273","3","4","True"
"4264","59","19","65","5","45","59","5","73","42081.9670004865","81149.5519339141","3657.68261632","3656.4929485321","24","29","4269","4274","3","4","True"
"4265","59","20","65","5","44","59","5","73","38722.1373981275","81149.5519339141","3657.68261632","3656.4929485321","25","30","4270","4275","-1","6","False"
"4266","59","21","65","5","43","59","5","73","35362.3077957686","81149.5519339141","3657.68261632","3656.4929485321","26","31","4271","4276","-1","4","False"
"4267","59","22","65","5","42","59","5","73","32002.4781934097","81149.5519339141","3657.68261632","3656.4929485321","27","32","4272","4277","-1","4","False"
"4268","59","23","65","5","41","59","5","73","28642.6485910508","81149.5519339141","3657.68261632","3656.4929485321","28","33","4273","4278","-1","4","False"
"4269","59","24","65","5","40","59","5","73","25282.8189886919","81149.5519339141","3657.68261632","3656.4929485321","29","34","4274","4279","-1","4","False"
"4270","59","25","65","5","39","59","5","73","21922.989386333","81149.5519339141","3657.68261632","3656.4929485321","30","35","4275","4280","-1","6","False"
"4271","59","26","65","5","38","59","5","73","18563.159783974","81149.5519339141","3657.68261632","3656.4929485321","31","36","4276","4281","-1","4","False"
"4272","59","27","65","5","37","59","5","73","15203.3301816151","81149.5519339141","3657.68261632","3656.4929485321","32","37","4277","4282","-1","4","False"
"4273","59","28","65","5","36","59","5","73","11843.5005792562","81149.5519339141","3657.68261632","3656.4929485321","33","38","4278","4283","-1","4","False"
"4274","59","29","65","5","35","59","5","73","8483.67097689729","81149.5519339141","3657.68261632","3656.4929485321","34","39","4279","4284","-1","4","False"
"4275","59","30","65","5","34","59","5","73","5123.84137453837","81149.5519339141","3657.68261632","3656.4929485321","35","40","4280","4285","3","6","True"
"4276","59","31","65","5","33","59","5","73","1764.01177217945","81149.5519339141","3657.68261632","3656.4929485321","36","41","4281","4286","3","4","True"
"4277","59","32","65","5","32","59","5","73","-1595.81783017946","81149.5519339141","3657.68261632","3656.4929485321","37","42","4282","4287","3","4","True"
"4278","59","33","65","5","31","59","5","73","-4955.64743253838","81149.5519339141","3657.68261632","3656.4929485321","38","43","4283","4288","3","4","True"
"4279","59","34","65","5","30","59","5","73","-8315.47703489729","81149.5519339141","3657.68261632","3656.4929485321","39","44","4284","4289","3","4","True"
"4280","59","35","65","5","29","59","5","73","-11675.3066372562","81149.5519339141","3657.68261632","3656.4929485321","40","45","4285","4290","-1","6","False"
"4281","59","36","65","5","28","59","5","73","-15035.1362396151","81149.5519339141","3657.68261632","3656.4929485321","41","46","4286","4291","-1","4","False"
"4282","59","37","65","5","27","59","5","73","-18394.965841974","81149.5519339141","3657.68261632","3656.4929485321","42","47","4287","4292","-1","4","False"
"4283","59","38","65","5","26","59","5","73","-21754.795444333","81149.5519339141","3657.68261632","3656.4929485321","43","48","4288","4293","-1","4","False"
"4284","59","39","65","5","25","59","5","73","-25114.6250466919","81149.5519339141","3657.68261632","3656.4929485321","44","49","4289","4294","-1","4","False"
"4285","59","40","65","5","24","59","5","73","-28474.4546490508","81149.5519339141","3657.68261632","3656.4929485321","45","50","4290","4295","-1","6","False"
"4286","59","41","65","5","23","59","5","73","-31834.2842514097","81149.5519339141","3657.68261632","3656.4929485321","46","51","4291","4296","-1","4","False"
"4287","59","42","65","5","22","59","5","73","-35194.1138537686","81149.5519339141","3657.68261632","3656.4929485321","47","52","4292","4297","-1","4","False"
"4288","59","43","65","5","21","59","5","73","-38553.9434561275","81149.5519339141","3657.68261632","3656.4929485321","48","53","4293","4298","-1","4","False"
"4289","59","44","65","5","20","59","5","73","-41913.7730584865","81149.5519339141","3657.68261632","3656.4929485321","49","54","4294","4299","-1","4","False"
"4290","59","45","65","5","19","59","5","73","-45273.6026608454","81149.5519339141","3657.68261632","3656.4929485321","50","55","4295","4300","3","6","True"
"4291","59","46","65","5","18","59","5","73","-48633.4322632043","81149.5519339141","3657.68261632","3656.4929485321","51","56","4296","4301","3","4","True"
"4292","59","47","65","5","17","59","5","73","-51993.2618655632","81149.5519339141","3657.68261632","3656.4929485321","52","57","4297","4302","3","4","True"
"4293","59","48","65","5","16","59","5","73","-55353.0914679221","81149.5519339141","3657.68261632","3656.4929485321","53","58","4298","4303","3","4","True"
"4294","59","49","65","5","15","59","5","73","-58712.921070281","81149.5519339141","3657.68261632","3656.4929485321","54","59","4299","4304","3","4","True"
"4295","59","50","65","5","14","59","5","73","-62072.75067264","81149.5519339141","3657.68261632","3656.4929485321","55","60","4300","4305","-1","6","False"
"4296","59","51","65","5","13","59","5","73","-65432.5802749989","81149.5519339141","3657.68261632","3656.4929485321","56","61","4301","4306","-1","4","False"
"4297","59","52","65","5","12","59","5","73","-68792.4098773578","81149.5519339141","3657.68261632","3656.4929485321","57","62","4302","4307","-1","4","False"
"4298","59","53","65","5","11","59","5","73","-72152.2394797167","81149.5519339141","3657.68261632","3656.4929485321","58","63","4303","4308","-1","4","False"
"4299","59","54","65","5","10","59","5","73","-75512.0690820756","81149.5519339141","3657.68261632","3656.4929485321","59","64","4304","4309","-1","4","False"
"4300","59","55","65","5","9","59","5","73","-78871.8986844345","81149.5519339141","3657.68261632","3656.4929485321","45","50","4290","4295","-1","6","False"
"4301","59","56","65","5","8","59","5","73","-82231.7282867935","81149.5519339141","3657.68261632","3656.4929485321","46","51","4291","4296","-1","4","False"
"4302","59","57","65","5","7","59","5","73","-85591.5578891524","81149.5519339141","3657.68261632","3656.4929485321","47","52","4292","4297","-1","4","False"
"4303","59","58","65","5","6","59","5","73","-88951.3874915113","81149.5519339141","3657.68261632","3656.4929485321","48","53","4293","4298","-1","4","False"
"4304","59","59","65","5","5","59","5","73","-92311.2170938702","81149.5519339141","3657.68261632","3656.4929485321","49","54","4294","4299","-1","4","False"
"4305","59","60","65","5","4","59","5","73","-95671.0466962291","81149.5519339141","3657.68261632","3656.4929485321","50","55","4295","4300","0","6","True"
"4306","59","61","65","5","3","59","5","73","-99030.8762985881","81149.5519339141","3657.68261632","3656.4929485321","51","56","4296","4301","0","4","True"
"4307","59","62","65","5","2","59","5","73","-102390.705900947","81149.5519339141","3657.68261632","3656.4929485321","52","57","4297","4302","0","4","True"
"4308","59","63","65","5","1","59","5","73","-105750.535503306","81149.5519339141","3657.68261632","3656.4929485321","53","58","4298","4303","0","4","True"
"4309","59","64","65","5","0","59","5","73","-109110.365105665","81149.5519339141","3657.68261632","3656.4929485321","54","59","4299","4304","0","4","True"
"4310","60","0","65","5","0","60","5","73","-109110.365105665","84773.7889944609","3657.68261632","3656.4929485321","5","10","4315","4320","3","2","True"
"4311","60","1","65","5","1","60","5","73","-105750.535503306","84773.7889944609","3657.68261632","3656.4929485321","6","11","4316","4321","3","3","True"
"4312","60","2","65","5","2","60","5","73","-102390.705900947","84773.7889944609","3657.68261632","3656.4929485321","7","12","4317","4322","3","3","True"
"4313","60","3","65","5","3","60","5","73","-99030.8762985881","84773.7889944609","3657.68261632","3656.4929485321","8","13","4318","4323","3","3","True"
"4314","60","4","65","5","4","60","5","73","-95671.0466962291","84773.7889944609","3657.68261632","3656.4929485321","9","14","4319","4324","3","4","True"
"4315","60","5","65","5","5","60","5","73","-92311.2170938702","84773.7889944609","3657.68261632","3656.4929485321","10","15","4320","4325","-1","3","False"
"4316","60","6","65","5","6","60","5","73","-88951.3874915113","84773.7889944609","3657.68261632","3656.4929485321","11","16","4321","4326","-1","3","False"
"4317","60","7","65","5","7","60","5","73","-85591.5578891524","84773.7889944609","3657.68261632","3656.4929485321","12","17","4322","4327","-1","3","False"
"4318","60","8","65","5","8","60","5","73","-82231.7282867935","84773.7889944609","3657.68261632","3656.4929485321","13","18","4323","4328","-1","3","False"
"4319","60","9","65","5","9","60","5","73","-78871.8986844345","84773.7889944609","3657.68261632","3656.4929485321","14","19","4324","4329","-1","4","False"
"4320","60","10","65","5","10","60","5","73","-75512.0690820756","84773.7889944609","3657.68261632","3656.4929485321","15","20","4325","4330","-1","3","False"
"4321","60","11","65","5","11","60","5","73","-72152.2394797167","84773.7889944609","3657.68261632","3656.4929485321","16","21","4326","4331","-1","3","False"
"4322","60","12","65","5","12","60","5","73","-68792.4098773578","84773.7889944609","3657.68261632","3656.4929485321","17","22","4327","4332","-1","3","False"
"4323","60","13","65","5","13","60","5","73","-65432.5802749989","84773.7889944609","3657.68261632","3656.4929485321","18","23","4328","4333","-1","3","False"
"4324","60","14","65","5","14","60","5","73","-62072.75067264","84773.7889944609","3657.68261632","3656.4929485321","19","24","4329","4334","-1","4","False"
"4325","60","15","65","5","15","60","5","73","-58712.921070281","84773.7889944609","3657.68261632","3656.4929485321","20","25","4330","4335","3","3","True"
"4326","60","16","65","5","16","60","5","73","-55353.0914679221","84773.7889944609","3657.68261632","3656.4929485321","21","26","4331","4336","3","3","True"
"4327","60","17","65","5","17","60","5","73","-51993.2618655632","84773.7889944609","3657.68261632","3656.4929485321","22","27","4332","4337","3","3","True"
"4328","60","18","65","5","18","60","5","73","-48633.4322632043","84773.7889944609","3657.68261632","3656.4929485321","23","28","4333","4338","3","3","True"
"4329","60","19","65","5","19","60","5","73","-45273.6026608454","84773.7889944609","3657.68261632","3656.4929485321","24","29","4334","4339","3","4","True"
"4330","60","20","65","5","20","60","5","73","-41913.7730584865","84773.7889944609","3657.68261632","3656.4929485321","25","30","4335","4340","-1","3","False"
"4331","60","21","65","5","21","60","5","73","-38553.9434561275","84773.7889944609","3657.68261632","3656.4929485321","26","31","4336","4341","-1","3","False"
"4332","60","22","65","5","22","60","5","73","-35194.1138537686","84773.7889944609","3657.68261632","3656.4929485321","27","32","4337","4342","-1","3","False"
"4333","60","23","65","5","23","60","5","73","-31834.2842514097","84773.7889944609","3657.68261632","3656.4929485321","28","33","4338","4343","-1","3","False"
"4334","60","24","65","5","24","60","5","73","-28474.4546490508","84773.7889944609","3657.68261632","3656.4929485321","29","34","4339","4344","-1","4","False"
"4335","60","25","65","5","25","60","5","73","-25114.6250466919","84773.7889944609","3657.68261632","3656.4929485321","30","35","4340","4345","-1","3","False"
"4336","60","26","65","5","26","60","5","73","-21754.795444333","84773.7889944609","3657.68261632","3656.4929485321","31","36","4341","4346","-1","3","False"
"4337","60","27","65","5","27","60","5","73","-18394.965841974","84773.7889944609","3657.68261632","3656.4929485321","32","37","4342","4347","-1","3","False"
"4338","60","28","65","5","28","60","5","73","-15035.1362396151","84773.7889944609","3657.68261632","3656.4929485321","33","38","4343","4348","-1","3","False"
"4339","60","29","65","5","29","60","5","73","-11675.3066372562","84773.7889944609","3657.68261632","3656.4929485321","34","39","4344","4349","-1","4","False"
"4340","60","30","65","5","30","60","5","73","-8315.47703489729","84773.7889944609","3657.68261632","3656.4929485321","35","40","4345","4350","3","3","True"
"4341","60","31","65","5","31","60","5","73","-4955.64743253838","84773.7889944609","3657.68261632","3656.4929485321","36","41","4346","4351","3","3","True"
"4342","60","32","65","5","32","60","5","73","-1595.81783017946","84773.7889944609","3657.68261632","3656.4929485321","37","42","4347","4352","3","3","True"
"4343","60","33","65","5","33","60","5","73","1764.01177217945","84773.7889944609","3657.68261632","3656.4929485321","38","43","4348","4353","3","3","True"
"4344","60","34","65","5","34","60","5","73","5123.84137453837","84773.7889944609","3657.68261632","3656.4929485321","39","44","4349","4354","3","4","True"
"4345","60","35","65","5","35","60","5","73","8483.67097689729","84773.7889944609","3657.68261632","3656.4929485321","40","45","4350","4355","-1","3","False"
"4346","60","36","65","5","36","60","5","73","11843.5005792562","84773.7889944609","3657.68261632","3656.4929485321","41","46","4351","4356","-1","3","False"
"4347","60","37","65","5","37","60","5","73","15203.3301816151","84773.7889944609","3657.68261632","3656.4929485321","42","47","4352","4357","-1","3","False"
"4348","60","38","65","5","38","60","5","73","18563.159783974","84773.7889944609","3657.68261632","3656.4929485321","43","48","4353","4358","-1","3","False"
"4349","60","39","65","5","39","60","5","73","21922.989386333","84773.7889944609","3657.68261632","3656.4929485321","44","49","4354","4359","-1","4","False"
"4350","60","40","65","5","40","60","5","73","25282.8189886919","84773.7889944609","3657.68261632","3656.4929485321","45","50","4355","4360","-1","3","False"
"4351","60","41","65","5","41","60","5","73","28642.6485910508","84773.7889944609","3657.68261632","3656.4929485321","46","51","4356","4361","-1","3","False"
"4352","60","42","65","5","42","60","5","73","32002.4781934097","84773.7889944609","3657.68261632","3656.4929485321","47","52","4357","4362","-1","3","False"
"4353","60","43","65","5","43","60","5","73","35362.3077957686","84773.7889944609","3657.68261632","3656.4929485321","48","53","4358","4363","-1","3","False"
"4354","60","44","65","5","44","60","5","73","38722.1373981275","84773.7889944609","3657.68261632","3656.4929485321","49","54","4359","4364","-1","4","False"
"4355","60","45","65","5","45","60","5","73","42081.9670004865","84773.7889944609","3657.68261632","3656.4929485321","50","55","4360","4365","3","3","True"
"4356","60","46","65","5","46","60","5","73","45441.7966028454","84773.7889944609","3657.68261632","3656.4929485321","51","56","4361","4366","3","3","True"
"4357","60","47","65","5","47","60","5","73","48801.6262052043","84773.7889944609","3657.68261632","3656.4929485321","52","57","4362","4367","3","3","True"
"4358","60","48","65","5","48","60","5","73","52161.4558075632","84773.7889944609","3657.68261632","3656.4929485321","53","58","4363","4368","3","3","True"
"4359","60","49","65","5","49","60","5","73","55521.2854099221","84773.7889944609","3657.68261632","3656.4929485321","54","59","4364","4369","3","4","True"
"4360","60","50","65","5","50","60","5","73","58881.1150122811","84773.7889944609","3657.68261632","3656.4929485321","55","60","4365","4370","-1","3","False"
"4361","60","51","65","5","51","60","5","73","62240.9446146399","84773.7889944609","3657.68261632","3656.4929485321","56","61","4366","4371","-1","3","False"
"4362","60","52","65","5","52","60","5","73","65600.7742169989","84773.7889944609","3657.68261632","3656.4929485321","57","62","4367","4372","-1","3","False"
"4363","60","53","65","5","53","60","5","73","68960.6038193578","84773.7889944609","3657.68261632","3656.4929485321","58","63","4368","4373","-1","3","False"
"4364","60","54","65","5","54","60","5","73","72320.4334217167","84773.7889944609","3657.68261632","3656.4929485321","59","64","4369","4374","-1","4","False"
"4365","60","55","65","5","55","60","5","73","75680.2630240756","84773.7889944609","3657.68261632","3656.4929485321","45","50","4355","4360","-1","3","False"
"4366","60","56","65","5","56","60","5","73","79040.0926264345","84773.7889944609","3657.68261632","3656.4929485321","46","51","4356","4361","-1","3","False"
"4367","60","57","65","5","57","60","5","73","82399.9222287935","84773.7889944609","3657.68261632","3656.4929485321","47","52","4357","4362","-1","3","False"
"4368","60","58","65","5","58","60","5","73","85759.7518311524","84773.7889944609","3657.68261632","3656.4929485321","48","53","4358","4363","-1","3","False"
"4369","60","59","65","5","59","60","5","73","89119.5814335113","84773.7889944609","3657.68261632","3656.4929485321","49","54","4359","4364","-1","4","False"
"4370","60","60","65","5","60","60","5","73","92479.4110358702","84773.7889944609","3657.68261632","3656.4929485321","50","55","4360","4365","0","3","True"
"4371","60","61","65","5","61","60","5","73","95839.2406382291","84773.7889944609","3657.68261632","3656.4929485321","51","56","4361","4366","0","3","True"
"4372","60","62","65","5","62","60","5","73","99199.0702405881","84773.7889944609","3657.68261632","3656.4929485321","52","57","4362","4367","0","3","True"
"4373","60","63","65","5","63","60","5","73","102558.899842947","84773.7889944609","3657.68261632","3656.4929485321","53","58","4363","4368","0","3","True"
"4374","60","64","65","5","64","60","5","73","105918.729445306","84773.7889944609","3657.68261632","3656.4929485321","54","59","4364","4369","0","3","True"
"4375","61","0","65","5","64","61","5","73","105918.729445306","88398.0260550078","3657.68261632","3656.4929485321","5","10","4380","4385","3","2","True"
"4376","61","1","65","5","63","61","5","73","102558.899842947","88398.0260550078","3657.68261632","3656.4929485321","6","11","4381","4386","3","3","True"
"4377","61","2","65","5","62","61","5","73","99199.0702405881","88398.0260550078","3657.68261632","3656.4929485321","7","12","4382","4387","3","3","True"
"4378","61","3","65","5","61","61","5","73","95839.2406382291","88398.0260550078","3657.68261632","3656.4929485321","8","13","4383","4388","3","3","True"
"4379","61","4","65","5","60","61","5","73","92479.4110358702","88398.0260550078","3657.68261632","3656.4929485321","9","14","4384","4389","3","3","True"
"4380","61","5","65","5","59","61","5","73","89119.5814335113","88398.0260550078","3657.68261632","3656.4929485321","10","15","4385","4390","-1","4","False"
"4381","61","6","65","5","58","61","5","73","85759.7518311524","88398.0260550078","3657.68261632","3656.4929485321","11","16","4386","4391","-1","3","False"
"4382","61","7","65","5","57","61","5","73","82399.9222287935","88398.0260550078","3657.68261632","3656.4929485321","12","17","4387","4392","-1","3","False"
"4383","61","8","65","5","56","61","5","73","79040.0926264345","88398.0260550078","3657.68261632","3656.4929485321","13","18","4388","4393","-1","3","False"
"4384","61","9","65","5","55","61","5","73","75680.2630240756","88398.0260550078","3657.68261632","3656.4929485321","14","19","4389","4394","-1","3","False"
"4385","61","10","65","5","54","61","5","73","72320.4334217167","88398.0260550078","3657.68261632","3656.4929485321","15","20","4390","4395","-1","4","False"
"4386","61","11","65","5","53","61","5","73","68960.6038193578","88398.0260550078","3657.68261632","3656.4929485321","16","21","4391","4396","-1","3","False"
"4387","61","12","65","5","52","61","5","73","65600.7742169989","88398.0260550078","3657.68261632","3656.4929485321","17","22","4392","4397","-1","3","False"
"4388","61","13","65","5","51","61","5","73","62240.9446146399","88398.0260550078","3657.68261632","3656.4929485321","18","23","4393","4398","-1","3","False"
"4389","61","14","65","5","50","61","5","73","58881.1150122811","88398.0260550078","3657.68261632","3656.4929485321","19","24","4394","4399","-1","3","False"
"4390","61","15","65","5","49","61","5","73","55521.2854099221","88398.0260550078","3657.68261632","3656.4929485321","20","25","4395","4400","3","4","True"
"4391","61","16","65","5","48","61","5","73","52161.4558075632","88398.0260550078","3657.68261632","3656.4929485321","21","26","4396","4401","3","3","True"
"4392","61","17","65","5","47","61","5","73","48801.6262052043","88398.0260550078","3657.68261632","3656.4929485321","22","27","4397","4402","3","3","True"
"4393","61","18","65","5","46","61","5","73","45441.7966028454","88398.0260550078","3657.68261632","3656.4929485321","23","28","4398","4403","3","3","True"
"4394","61","19","65","5","45","61","5","73","42081.9670004865","88398.0260550078","3657.68261632","3656.4929485321","24","29","4399","4404","3","3","True"
"4395","61","20","65","5","44","61","5","73","38722.1373981275","88398.0260550078","3657.68261632","3656.4929485321","25","30","4400","4405","-1","4","False"
"4396","61","21","65","5","43","61","5","73","35362.3077957686","88398.0260550078","3657.68261632","3656.4929485321","26","31","4401","4406","-1","3","False"
"4397","61","22","65","5","42","61","5","73","32002.4781934097","88398.0260550078","3657.68261632","3656.4929485321","27","32","4402","4407","-1","3","False"
"4398","61","23","65","5","41","61","5","73","28642.6485910508","88398.0260550078","3657.68261632","3656.4929485321","28","33","4403","4408","-1","3","False"
"4399","61","24","65","5","40","61","5","73","25282.8189886919","88398.0260550078","3657.68261632","3656.4929485321","29","34","4404","4409","-1","3","False"
"4400","61","25","65","5","39","61","5","73","21922.989386333","88398.0260550078","3657.68261632","3656.4929485321","30","35","4405","4410","-1","4","False"
"4401","61","26","65","5","38","61","5","73","18563.159783974","88398.0260550078","3657.68261632","3656.4929485321","31","36","4406","4411","-1","3","False"
"4402","61","27","65","5","37","61","5","73","15203.3301816151","88398.0260550078","3657.68261632","3656.4929485321","32","37","4407","4412","-1","3","False"
"4403","61","28","65","5","36","61","5","73","11843.5005792562","88398.0260550078","3657.68261632","3656.4929485321","33","38","4408","4413","-1","3","False"
"4404","61","29","65","5","35","61","5","73","8483.67097689729","88398.0260550078","3657.68261632","3656.4929485321","34","39","4409","4414","-1","3","False"
"4405","61","30","65","5","34","61","5","73","5123.84137453837","88398.0260550078","3657.68261632","3656.4929485321","35","40","4410","4415","3","4","True"
"4406","61","31","65","5","33","61","5","73","1764.01177217945","88398.0260550078","3657.68261632","3656.4929485321","36","41","4411","4416","3","3","True"
"4407","61","32","65","5","32","61","5","73","-1595.81783017946","88398.0260550078","3657.68261632","3656.4929485321","37","42","4412","4417","3","3","True"
"4408","61","33","65","5","31","61","5","73","-4955.64743253838","88398.0260550078","3657.68261632","3656.4929485321","38","43","4413","4418","3","3","True"
"4409","61","34","65","5","30","61","5","73","-8315.47703489729","88398.0260550078","3657.68261632","3656.4929485321","39","44","4414","4419","3","3","True"
"4410","61","35","65","5","29","61","5","73","-11675.3066372562","88398.0260550078","3657.68261632","3656.4929485321","40","45","4415","4420","-1","4","False"
"4411","61","36","65","5","28","61","5","73","-15035.1362396151","88398.0260550078","3657.68261632","3656.4929485321","41","46","4416","4421","-1","3","False"
"4412","61","37","65","5","27","61","5","73","-18394.965841974","88398.0260550078","3657.68261632","3656.4929485321","42","47","4417","4422","-1","3","False"
"4413","61","38","65","5","26","61","5","73","-21754.795444333","88398.0260550078","3657.68261632","3656.4929485321","43","48","4418","4423","-1","3","False"
"4414","61","39","65","5","25","61","5","73","-25114.6250466919","88398.0260550078","3657.68261632","3656.4929485321","44","49","4419","4424","-1","3","False"
"4415","61","40","65","5","24","61","5","73","-28474.4546490508","88398.0260550078","3657.68261632","3656.4929485321","45","50","4420","4425","-1","4","False"
"4416","61","41","65","5","23","61","5","73","-31834.2842514097","88398.0260550078","3657.68261632","3656.4929485321","46","51","4421","4426","-1","3","False"
"4417","61","42","65","5","22","61","5","73","-35194.1138537686","88398.0260550078","3657.68261632","3656.4929485321","47","52","4422","4427","-1","3","False"
"4418","61","43","65","5","21","61","5","73","-38553.9434561275","88398.0260550078","3657.68261632","3656.4929485321","48","53","4423","4428","-1","3","False"
"4419","61","44","65","5","20","61","5","73","-41913.7730584865","88398.0260550078","3657.68261632","3656.4929485321","49","54","4424","4429","-1","3","False"
"4420","61","45","65","5","19","61","5","73","-45273.6026608454","88398.0260550078","3657.68261632","3656.4929485321","50","55","4425","4430","3","4","True"
"4421","61","46","65","5","18","61","5","73","-48633.4322632043","88398.0260550078","3657.68261632","3656.4929485321","51","56","4426","4431","3","3","True"
"4422","61","47","65","5","17","61","5","73","-51993.2618655632","88398.0260550078","3657.68261632","3656.4929485321","52","57","4427","4432","3","3","True"
"4423","61","48","65","5","16","61","5","73","-55353.0914679221","88398.0260550078","3657.68261632","3656.4929485321","53","58","4428","4433","3","3","True"
"4424","61","49","65","5","15","61","5","73","-58712.921070281","88398.0260550078","3657.68261632","3656.4929485321","54","59","4429","4434","3","3","True"
"4425","61","50","65","5","14","61","5","73","-62072.75067264","88398.0260550078","3657.68261632","3656.4929485321","55","60","4430","4435","-1","4","False"
"4426","61","51","65","5","13","61","5","73","-65432.5802749989","88398.0260550078","3657.68261632","3656.4929485321","56","61","4431","4436","-1","3","False"
"4427","61","52","65","5","12","61","5","73","-68792.4098773578","88398.0260550078","3657.68261632","3656.4929485321","57","62","4432","4437","-1","3","False"
"4428","61","53","65","5","11","61","5","73","-72152.2394797167","88398.0260550078","3657.68261632","3656.4929485321","58","63","4433","4438","-1","3","False"
"4429","61","54","65","5","10","61","5","73","-75512.0690820756","88398.0260550078","3657.68261632","3656.4929485321","59","64","4434","4439","-1","3","False"
"4430","61","55","65","5","9","61","5","73","-78871.8986844345","88398.0260550078","3657.68261632","3656.4929485321","45","50","4420","4425","-1","4","False"
"4431","61","56","65","5","8","61","5","73","-82231.7282867935","88398.0260550078","3657.68261632","3656.4929485321","46","51","4421","4426","-1","3","False"
"4432","61","57","65","5","7","61","5","73","-85591.5578891524","88398.0260550078","3657.68261632","3656.4929485321","47","52","4422","4427","-1","3","False"
"4433","61","58","65","5","6","61","5","73","-88951.3874915113","88398.0260550078","3657.68261632","3656.4929485321","48","53","4423","4428","-1","3","False"
"4434","61","59","65","5","5","61","5","73","-92311.2170938702","88398.0260550078","3657.68261632","3656.4929485321","49","54","4424","4429","-1","3","False"
"4435","61","60","65","5","4","61","5","73","-95671.0466962291","88398.0260550078","3657.68261632","3656.4929485321","50","55","4425","4430","0","4","True"
"4436","61","61","65","5","3","61","5","73","-99030.8762985881","88398.0260550078","3657.68261632","3656.4929485321","51","56","4426","4431","0","3","True"
"4437","61","62","65","5","2","61","5","73","-102390.705900947","88398.0260550078","3657.68261632","3656.4929485321","52","57","4427","4432","0","3","True"
"4438","61","63","65","5","1","61","5","73","-105750.535503306","88398.0260550078","3657.68261632","3656.4929485321","53","58","4428","4433","0","3","True"
"4439","61","64","65","5","0","61","5","73","-109110.365105665","88398.0260550078","3657.68261632","3656.4929485321","54","59","4429","4434","0","3","True"
"4440","62","0","65","5","0","62","5","73","-109110.365105665","92022.2631155547","3657.68261632","3656.4929485321","5","10","4445","4450","3","2","True"
"4441","62","1","65","5","1","62","5","73","-105750.535503306","92022.2631155547","3657.68261632","3656.4929485321","6","11","4446","4451","3","3","True"
"4442","62","2","65","5","2","62","5","73","-102390.705900947","92022.2631155547","3657.68261632","3656.4929485321","7","12","4447","4452","3","3","True"
"4443","62","3","65","5","3","62","5","73","-99030.8762985881","92022.2631155547","3657.68261632","3656.4929485321","8","13","4448","4453","3","3","True"
"4444","62","4","65","5","4","62","5","73","-95671.0466962291","92022.2631155547","3657.68261632","3656.4929485321","9","14","4449","4454","3","5","True"
"4445","62","5","65","5","5","62","5","73","-92311.2170938702","92022.2631155547","3657.68261632","3656.4929485321","10","15","4450","4455","-1","4","False"
"4446","62","6","65","5","6","62","5","73","-88951.3874915113","92022.2631155547","3657.68261632","3656.4929485321","11","16","4451","4456","-1","4","False"
"4447","62","7","65","5","7","62","5","73","-85591.5578891524","92022.2631155547","3657.68261632","3656.4929485321","12","17","4452","4457","-1","4","False"
"4448","62","8","65","5","8","62","5","73","-82231.7282867935","92022.2631155547","3657.68261632","3656.4929485321","13","18","4453","4458","-1","4","False"
"4449","62","9","65","5","9","62","5","73","-78871.8986844345","92022.2631155547","3657.68261632","3656.4929485321","14","19","4454","4459","-1","6","False"
"4450","62","10","65","5","10","62","5","73","-75512.0690820756","92022.2631155547","3657.68261632","3656.4929485321","15","20","4455","4460","-1","4","False"
"4451","62","11","65","5","11","62","5","73","-72152.2394797167","92022.2631155547","3657.68261632","3656.4929485321","16","21","4456","4461","-1","4","False"
"4452","62","12","65","5","12","62","5","73","-68792.4098773578","92022.2631155547","3657.68261632","3656.4929485321","17","22","4457","4462","-1","4","False"
"4453","62","13","65","5","13","62","5","73","-65432.5802749989","92022.2631155547","3657.68261632","3656.4929485321","18","23","4458","4463","-1","4","False"
"4454","62","14","65","5","14","62","5","73","-62072.75067264","92022.2631155547","3657.68261632","3656.4929485321","19","24","4459","4464","-1","6","False"
"4455","62","15","65","5","15","62","5","73","-58712.921070281","92022.2631155547","3657.68261632","3656.4929485321","20","25","4460","4465","3","4","True"
"4456","62","16","65","5","16","62","5","73","-55353.0914679221","92022.2631155547","3657.68261632","3656.4929485321","21","26","4461","4466","3","4","True"
"4457","62","17","65","5","17","62","5","73","-51993.2618655632","92022.2631155547","3657.68261632","3656.4929485321","22","27","4462","4467","3","4","True"
"4458","62","18","65","5","18","62","5","73","-48633.4322632043","92022.2631155547","3657.68261632","3656.4929485321","23","28","4463","4468","3","4","True"
"4459","62","19","65","5","19","62","5","73","-45273.6026608454","92022.2631155547","3657.68261632","3656.4929485321","24","29","4464","4469","3","6","True"
"4460","62","20","65","5","20","62","5","73","-41913.7730584865","92022.2631155547","3657.68261632","3656.4929485321","25","30","4465","4470","-1","4","False"
"4461","62","21","65","5","21","62","5","73","-38553.9434561275","92022.2631155547","3657.68261632","3656.4929485321","26","31","4466","4471","-1","4","False"
"4462","62","22","65","5","22","62","5","73","-35194.1138537686","92022.2631155547","3657.68261632","3656.4929485321","27","32","4467","4472","-1","4","False"
"4463","62","23","65","5","23","62","5","73","-31834.2842514097","92022.2631155547","3657.68261632","3656.4929485321","28","33","4468","4473","-1","4","False"
"4464","62","24","65","5","24","62","5","73","-28474.4546490508","92022.2631155547","3657.68261632","3656.4929485321","29","34","4469","4474","-1","6","False"
"4465","62","25","65","5","25","62","5","73","-25114.6250466919","92022.2631155547","3657.68261632","3656.4929485321","30","35","4470","4475","-1","4","False"
"4466","62","26","65","5","26","62","5","73","-21754.795444333","92022.2631155547","3657.68261632","3656.4929485321","31","36","4471","4476","-1","4","False"
"4467","62","27","65","5","27","62","5","73","-18394.965841974","92022.2631155547","3657.68261632","3656.4929485321","32","37","4472","4477","-1","4","False"
"4468","62","28","65","5","28","62","5","73","-15035.1362396151","92022.2631155547","3657.68261632","3656.4929485321","33","38","4473","4478","-1","4","False"
"4469","62","29","65","5","29","62","5","73","-11675.3066372562","92022.2631155547","3657.68261632","3656.4929485321","34","39","4474","4479","-1","6","False"
"4470","62","30","65","5","30","62","5","73","-8315.47703489729","92022.2631155547","3657.68261632","3656.4929485321","35","40","4475","4480","3","4","True"
"4471","62","31","65","5","31","62","5","73","-4955.64743253838","92022.2631155547","3657.68261632","3656.4929485321","36","41","4476","4481","3","4","True"
"4472","62","32","65","5","32","62","5","73","-1595.81783017946","92022.2631155547","3657.68261632","3656.4929485321","37","42","4477","4482","3","4","True"
"4473","62","33","65","5","33","62","5","73","1764.01177217945","92022.2631155547","3657.68261632","3656.4929485321","38","43","4478","4483","3","4","True"
"4474","62","34","65","5","34","62","5","73","5123.84137453837","92022.2631155547","3657.68261632","3656.4929485321","39","44","4479","4484","3","6","True"
"4475","62","35","65","5","35","62","5","73","8483.67097689729","92022.2631155547","3657.68261632","3656.4929485321","40","45","4480","4485","-1","4","False"
"4476","62","36","65","5","36","62","5","73","11843.5005792562","92022.2631155547","3657.68261632","3656.4929485321","41","46","4481","4486","-1","4","False"
"4477","62","37","65","5","37","62","5","73","15203.3301816151","92022.2631155547","3657.68261632","3656.4929485321","42","47","4482","4487","-1","4","False"
"4478","62","38","65","5","38","62","5","73","18563.159783974","92022.2631155547","3657.68261632","3656.4929485321","43","48","4483","4488","-1","4","False"
"4479","62","39","65","5","39","62","5","73","21922.989386333","92022.2631155547","3657.68261632","3656.4929485321","44","49","4484","4489","-1","6","False"
"4480","62","40","65","5","40","62","5","73","25282.8189886919","92022.2631155547","3657.68261632","3656.4929485321","45","50","4485","4490","-1","4","False"
"4481","62","41","65","5","41","62","5","73","28642.6485910508","92022.2631155547","3657.68261632","3656.4929485321","46","51","4486","4491","-1","4","False"
"4482","62","42","65","5","42","62","5","73","32002.4781934097","92022.2631155547","3657.68261632","3656.4929485321","47","52","4487","4492","-1","4","False"
"4483","62","43","65","5","43","62","5","73","35362.3077957686","92022.2631155547","3657.68261632","3656.4929485321","48","53","4488","4493","-1","4","False"
"4484","62","44","65","5","44","62","5","73","38722.1373981275","92022.2631155547","3657.68261632","3656.4929485321","49","54","4489","4494","-1","6","False"
"4485","62","45","65","5","45","62","5","73","42081.9670004865","92022.2631155547","3657.68261632","3656.4929485321","50","55","4490","4495","3","4","True"
"4486","62","46","65","5","46","62","5","73","45441.7966028454","92022.2631155547","3657.68261632","3656.4929485321","51","56","4491","4496","3","4","True"
"4487","62","47","65","5","47","62","5","73","48801.6262052043","92022.2631155547","3657.68261632","3656.4929485321","52","57","4492","4497","3","4","True"
"4488","62","48","65","5","48","62","5","73","52161.4558075632","92022.2631155547","3657.68261632","3656.4929485321","53","58","4493","4498","3","4","True"
"4489","62","49","65","5","49","62","5","73","55521.2854099221","92022.2631155547","3657.68261632","3656.4929485321","54","59","4494","4499","3","6","True"
"4490","62","50","65","5","50","62","5","73","58881.1150122811","92022.2631155547","3657.68261632","3656.4929485321","55","60","4495","4500","-1","4","False"
"4491","62","51","65","5","51","62","5","73","62240.9446146399","92022.2631155547","3657.68261632","3656.4929485321","56","61","4496","4501","-1","4","False"
"4492","62","52","65","5","52","62","5","73","65600.7742169989","92022.2631155547","3657.68261632","3656.4929485321","57","62","4497","4502","-1","4","False"
"4493","62","53","65","5","53","62","5","73","68960.6038193578","92022.2631155547","3657.68261632","3656.4929485321","58","63","4498","4503","-1","4","False"
"4494","62","54","65","5","54","62","5","73","72320.4334217167","92022.2631155547","3657.68261632","3656.4929485321","59","64","4499","4504","-1","6","False"
"4495","62","55","65","5","55","62","5","73","75680.2630240756","92022.2631155547","3657.68261632","3656.4929485321","45","50","4485","4490","-1","4","False"
"4496","62","56","65","5","56","62","5","73","79040.0926264345","92022.2631155547","3657.68261632","3656.4929485321","46","51","4486","4491","-1","4","False"
"4497","62","57","65","5","57","62","5","73","82399.9222287935","92022.2631155547","3657.68261632","3656.4929485321","47","52","4487","4492","-1","4","False"
"4498","62","58","65","5","58","62","5","73","85759.7518311524","92022.2631155547","3657.68261632","3656.4929485321","48","53","4488","4493","-1","4","False"
"4499","62","59","65","5","59","62","5","73","89119.5814335113","92022.2631155547","3657.68261632","3656.4929485321","49","54","4489","4494","-1","5","False"
"4500","62","60","65","5","60","62","5","73","92479.4110358702","92022.2631155547","3657.68261632","3656.4929485321","50","55","4490","4495","0","3","True"
"4501","62","61","65","5","61","62","5","73","95839.2406382291","92022.2631155547","3657.68261632","3656.4929485321","51","56","4491","4496","0","3","True"
"4502","62","62","65","5","62","62","5","73","99199.0702405881","92022.2631155547","3657.68261632","3656.4929485321","52","57","4492","4497","0","3","True"
"4503","62","63","65","5","63","62","5","73","102558.899842947","92022.2631155547","3657.68261632","3656.4929485321","53","58","4493","4498","0","3","True"
"4504","62","64","65","5","64","62","5","73","105918.729445306","92022.2631155547","3657.68261632","3656.4929485321","54","59","4494","4499","0","3","True"
"4505","63","0","55","5","54","63","5","73","89119.581981287","95646.5001761016","3657.68261632","3656.4929485321","5","10","4510","4515","3","2","True"
"4506","63","1","55","5","53","63","5","73","85759.7523789281","95646.5001761016","3657.68261632","3656.4929485321","6","11","4511","4516","3","3","True"
"4507","63","2","55","5","52","63","5","73","82399.9227765692","95646.5001761016","3657.68261632","3656.4929485321","7","12","4512","4517","3","3","True"
"4508","63","3","55","5","51","63","5","73","79040.0931742103","95646.5001761016","3657.68261632","3656.4929485321","8","13","4513","4518","3","3","True"
"4509","63","4","55","5","50","63","5","73","75680.2635718514","95646.5001761016","3657.68261632","3656.4929485321","9","14","4514","4519","3","3","True"
"4510","63","5","55","5","49","63","5","73","72320.4339694924","95646.5001761016","3657.68261632","3656.4929485321","10","15","4515","4520","-1","4","False"
"4511","63","6","55","5","48","63","5","73","68960.6043671335","95646.5001761016","3657.68261632","3656.4929485321","11","16","4516","4521","-1","3","False"
"4512","63","7","55","5","47","63","5","73","65600.7747647746","95646.5001761016","3657.68261632","3656.4929485321","12","17","4517","4522","-1","3","False"
"4513","63","8","55","5","46","63","5","73","62240.9451624157","95646.5001761016","3657.68261632","3656.4929485321","13","18","4518","4523","-1","3","False"
"4514","63","9","55","5","45","63","5","73","58881.1155600568","95646.5001761016","3657.68261632","3656.4929485321","14","19","4519","4524","-1","3","False"
"4515","63","10","55","5","44","63","5","73","55521.2859576979","95646.5001761016","3657.68261632","3656.4929485321","15","20","4520","4525","-1","4","False"
"4516","63","11","55","5","43","63","5","73","52161.4563553389","95646.5001761016","3657.68261632","3656.4929485321","16","21","4521","4526","-1","3","False"
"4517","63","12","55","5","42","63","5","73","48801.62675298","95646.5001761016","3657.68261632","3656.4929485321","17","22","4522","4527","-1","3","False"
"4518","63","13","55","5","41","63","5","73","45441.7971506211","95646.5001761016","3657.68261632","3656.4929485321","18","23","4523","4528","-1","3","False"
"4519","63","14","55","5","40","63","5","73","42081.9675482622","95646.5001761016","3657.68261632","3656.4929485321","19","24","4524","4529","-1","3","False"
"4520","63","15","55","5","39","63","5","73","38722.1379459033","95646.5001761016","3657.68261632","3656.4929485321","20","25","4525","4530","3","4","True"
"4521","63","16","55","5","38","63","5","73","35362.3083435443","95646.5001761016","3657.68261632","3656.4929485321","21","26","4526","4531","3","3","True"
"4522","63","17","55","5","37","63","5","73","32002.4787411854","95646.5001761016","3657.68261632","3656.4929485321","22","27","4527","4532","3","3","True"
"4523","63","18","55","5","36","63","5","73","28642.6491388265","95646.5001761016","3657.68261632","3656.4929485321","23","28","4528","4533","3","3","True"
"4524","63","19","55","5","35","63","5","73","25282.8195364676","95646.5001761016","3657.68261632","3656.4929485321","24","29","4529","4534","3","3","True"
"4525","63","20","55","5","34","63","5","73","21922.9899341087","95646.5001761016","3657.68261632","3656.4929485321","25","30","4530","4535","-1","4","False"
"4526","63","21","55","5","33","63","5","73","18563.1603317498","95646.5001761016","3657.68261632","3656.4929485321","26","31","4531","4536","-1","3","False"
"4527","63","22","55","5","32","63","5","73","15203.3307293908","95646.5001761016","3657.68261632","3656.4929485321","27","32","4532","4537","-1","3","False"
"4528","63","23","55","5","31","63","5","73","11843.5011270319","95646.5001761016","3657.68261632","3656.4929485321","28","33","4533","4538","-1","3","False"
"4529","63","24","55","5","30","63","5","73","8483.67152467302","95646.5001761016","3657.68261632","3656.4929485321","29","34","4534","4539","-1","3","False"
"4530","63","25","55","5","29","63","5","73","5123.84192231409","95646.5001761016","3657.68261632","3656.4929485321","30","35","4535","4540","-1","4","False"
"4531","63","26","55","5","28","63","5","73","1764.01231995518","95646.5001761016","3657.68261632","3656.4929485321","31","36","4536","4541","-1","3","False"
"4532","63","27","55","5","27","63","5","73","-1595.81728240374","95646.5001761016","3657.68261632","3656.4929485321","32","37","4537","4542","-1","3","False"
"4533","63","28","55","5","26","63","5","73","-4955.64688476265","95646.5001761016","3657.68261632","3656.4929485321","33","38","4538","4543","-1","3","False"
"4534","63","29","55","5","25","63","5","73","-8315.47648712156","95646.5001761016","3657.68261632","3656.4929485321","34","39","4539","4544","-1","3","False"
"4535","63","30","55","5","24","63","5","73","-11675.3060894805","95646.5001761016","3657.68261632","3656.4929485321","35","40","4540","4545","3","4","True"
"4536","63","31","55","5","23","63","5","73","-15035.1356918394","95646.5001761016","3657.68261632","3656.4929485321","36","41","4541","4546","3","3","True"
"4537","63","32","55","5","22","63","5","73","-18394.9652941983","95646.5001761016","3657.68261632","3656.4929485321","37","42","4542","4547","3","3","True"
"4538","63","33","55","5","21","63","5","73","-21754.7948965572","95646.5001761016","3657.68261632","3656.4929485321","38","43","4543","4548","3","3","True"
"4539","63","34","55","5","20","63","5","73","-25114.6244989161","95646.5001761016","3657.68261632","3656.4929485321","39","44","4544","4549","3","3","True"
"4540","63","35","55","5","19","63","5","73","-28474.4541012751","95646.5001761016","3657.68261632","3656.4929485321","40","45","4545","4550","-1","4","False"
"4541","63","36","55","5","18","63","5","73","-31834.283703634","95646.5001761016","3657.68261632","3656.4929485321","41","46","4546","4551","-1","3","False"
"4542","63","37","55","5","17","63","5","73","-35194.1133059929","95646.5001761016","3657.68261632","3656.4929485321","42","47","4547","4552","-1","3","False"
"4543","63","38","55","5","16","63","5","73","-38553.9429083518","95646.5001761016","3657.68261632","3656.4929485321","43","48","4548","4553","-1","3","False"
"4544","63","39","55","5","15","63","5","73","-41913.7725107107","95646.5001761016","3657.68261632","3656.4929485321","44","49","4549","4554","-1","3","False"
"4545","63","40","55","5","14","63","5","73","-45273.6021130697","95646.5001761016","3657.68261632","3656.4929485321","45","50","4550","4555","-1","4","False"
"4546","63","41","55","5","13","63","5","73","-48633.4317154286","95646.5001761016","3657.68261632","3656.4929485321","46","51","4551","4556","-1","3","False"
"4547","63","42","55","5","12","63","5","73","-51993.2613177875","95646.5001761016","3657.68261632","3656.4929485321","47","52","4552","4557","-1","3","False"
"4548","63","43","55","5","11","63","5","73","-55353.0909201464","95646.5001761016","3657.68261632","3656.4929485321","48","53","4553","4558","-1","3","False"
"4549","63","44","55","5","10","63","5","73","-58712.9205225053","95646.5001761016","3657.68261632","3656.4929485321","49","54","4554","4559","-1","3","False"
"4550","63","45","55","5","9","63","5","73","-62072.7501248642","95646.5001761016","3657.68261632","3656.4929485321","35","40","4540","4545","-1","4","False"
"4551","63","46","55","5","8","63","5","73","-65432.5797272231","95646.5001761016","3657.68261632","3656.4929485321","36","41","4541","4546","-1","3","False"
"4552","63","47","55","5","7","63","5","73","-68792.4093295821","95646.5001761016","3657.68261632","3656.4929485321","37","42","4542","4547","-1","3","False"
"4553","63","48","55","5","6","63","5","73","-72152.238931941","95646.5001761016","3657.68261632","3656.4929485321","38","43","4543","4548","-1","3","False"
"4554","63","49","55","5","5","63","5","73","-75512.0685342999","95646.5001761016","3657.68261632","3656.4929485321","39","44","4544","4549","-1","3","False"
"4555","63","50","55","5","4","63","5","73","-78871.8981366588","95646.5001761016","3657.68261632","3656.4929485321","40","45","4545","4550","2","4","True"
"4556","63","51","55","5","3","63","5","73","-82231.7277390177","95646.5001761016","3657.68261632","3656.4929485321","41","46","4546","4551","2","3","True"
"4557","63","52","55","5","2","63","5","73","-85591.5573413767","95646.5001761016","3657.68261632","3656.4929485321","42","47","4547","4552","2","3","True"
"4558","63","53","55","5","1","63","5","73","-88951.3869437356","95646.5001761016","3657.68261632","3656.4929485321","43","48","4548","4553","2","3","True"
"4559","63","54","55","5","0","63","5","73","-92311.2165460945","95646.5001761016","3657.68261632","3656.4929485321","44","49","4549","4554","2","3","True"
"4560","64","0","55","5","0","64","5","73","-92311.2165460945","99270.7372366484","3657.68261632","3656.4929485321","5","10","4565","4570","3","3","True"
"4561","64","1","55","5","1","64","5","73","-88951.3869437356","99270.7372366484","3657.68261632","3656.4929485321","6","11","4566","4571","3","4","True"
"4562","64","2","55","5","2","64","5","73","-85591.5573413767","99270.7372366484","3657.68261632","3656.4929485321","7","12","4567","4572","3","4","True"
"4563","64","3","55","5","3","64","5","73","-82231.7277390177","99270.7372366484","3657.68261632","3656.4929485321","8","13","4568","4573","3","4","True"
"4564","64","4","55","5","4","64","5","73","-78871.8981366588","99270.7372366484","3657.68261632","3656.4929485321","9","14","4569","4574","3","6","True"
"4565","64","5","55","5","5","64","5","73","-75512.0685342999","99270.7372366484","3657.68261632","3656.4929485321","10","15","4570","4575","-1","4","False"
"4566","64","6","55","5","6","64","5","73","-72152.238931941","99270.7372366484","3657.68261632","3656.4929485321","11","16","4571","4576","-1","4","False"
"4567","64","7","55","5","7","64","5","73","-68792.4093295821","99270.7372366484","3657.68261632","3656.4929485321","12","17","4572","4577","-1","4","False"
"4568","64","8","55","5","8","64","5","73","-65432.5797272231","99270.7372366484","3657.68261632","3656.4929485321","13","18","4573","4578","-1","4","False"
"4569","64","9","55","5","9","64","5","73","-62072.7501248642","99270.7372366484","3657.68261632","3656.4929485321","14","19","4574","4579","-1","6","False"
"4570","64","10","55","5","10","64","5","73","-58712.9205225053","99270.7372366484","3657.68261632","3656.4929485321","15","20","4575","4580","-1","4","False"
"4571","64","11","55","5","11","64","5","73","-55353.0909201464","99270.7372366484","3657.68261632","3656.4929485321","16","21","4576","4581","-1","4","False"
"4572","64","12","55","5","12","64","5","73","-51993.2613177875","99270.7372366484","3657.68261632","3656.4929485321","17","22","4577","4582","-1","4","False"
"4573","64","13","55","5","13","64","5","73","-48633.4317154286","99270.7372366484","3657.68261632","3656.4929485321","18","23","4578","4583","-1","4","False"
"4574","64","14","55","5","14","64","5","73","-45273.6021130697","99270.7372366484","3657.68261632","3656.4929485321","19","24","4579","4584","-1","6","False"
"4575","64","15","55","5","15","64","5","73","-41913.7725107107","99270.7372366484","3657.68261632","3656.4929485321","20","25","4580","4585","3","4","True"
"4576","64","16","55","5","16","64","5","73","-38553.9429083518","99270.7372366484","3657.68261632","3656.4929485321","21","26","4581","4586","3","4","True"
"4577","64","17","55","5","17","64","5","73","-35194.1133059929","99270.7372366484","3657.68261632","3656.4929485321","22","27","4582","4587","3","4","True"
"4578","64","18","55","5","18","64","5","73","-31834.283703634","99270.7372366484","3657.68261632","3656.4929485321","23","28","4583","4588","3","4","True"
"4579","64","19","55","5","19","64","5","73","-28474.4541012751","99270.7372366484","3657.68261632","3656.4929485321","24","29","4584","4589","3","6","True"
"4580","64","20","55","5","20","64","5","73","-25114.6244989161","99270.7372366484","3657.68261632","3656.4929485321","25","30","4585","4590","-1","4","False"
"4581","64","21","55","5","21","64","5","73","-21754.7948965572","99270.7372366484","3657.68261632","3656.4929485321","26","31","4586","4591","-1","4","False"
"4582","64","22","55","5","22","64","5","73","-18394.9652941983","99270.7372366484","3657.68261632","3656.4929485321","27","32","4587","4592","-1","4","False"
"4583","64","23","55","5","23","64","5","73","-15035.1356918394","99270.7372366484","3657.68261632","3656.4929485321","28","33","4588","4593","-1","4","False"
"4584","64","24","55","5","24","64","5","73","-11675.3060894805","99270.7372366484","3657.68261632","3656.4929485321","29","34","4589","4594","-1","6","False"
"4585","64","25","55","5","25","64","5","73","-8315.47648712156","99270.7372366484","3657.68261632","3656.4929485321","30","35","4590","4595","-1","4","False"
"4586","64","26","55","5","26","64","5","73","-4955.64688476265","99270.7372366484","3657.68261632","3656.4929485321","31","36","4591","4596","-1","4","False"
"4587","64","27","55","5","27","64","5","73","-1595.81728240374","99270.7372366484","3657.68261632","3656.4929485321","32","37","4592","4597","-1","4","False"
"4588","64","28","55","5","28","64","5","73","1764.01231995518","99270.7372366484","3657.68261632","3656.4929485321","33","38","4593","4598","-1","4","False"
"4589","64","29","55","5","29","64","5","73","5123.84192231409","99270.7372366484","3657.68261632","3656.4929485321","34","39","4594","4599","-1","6","False"
"4590","64","30","55","5","30","64","5","73","8483.67152467302","99270.7372366484","3657.68261632","3656.4929485321","35","40","4595","4600","3","4","True"
"4591","64","31","55","5","31","64","5","73","11843.5011270319","99270.7372366484","3657.68261632","3656.4929485321","36","41","4596","4601","3","4","True"
"4592","64","32","55","5","32","64","5","73","15203.3307293908","99270.7372366484","3657.68261632","3656.4929485321","37","42","4597","4602","3","4","True"
"4593","64","33","55","5","33","64","5","73","18563.1603317498","99270.7372366484","3657.68261632","3656.4929485321","38","43","4598","4603","3","4","True"
"4594","64","34","55","5","34","64","5","73","21922.9899341087","99270.7372366484","3657.68261632","3656.4929485321","39","44","4599","4604","3","6","True"
"4595","64","35","55","5","35","64","5","73","25282.8195364676","99270.7372366484","3657.68261632","3656.4929485321","40","45","4600","4605","-1","4","False"
"4596","64","36","55","5","36","64","5","73","28642.6491388265","99270.7372366484","3657.68261632","3656.4929485321","41","46","4601","4606","-1","4","False"
"4597","64","37","55","5","37","64","5","73","32002.4787411854","99270.7372366484","3657.68261632","3656.4929485321","42","47","4602","4607","-1","4","False"
"4598","64","38","55","5","38","64","5","73","35362.3083435443","99270.7372366484","3657.68261632","3656.4929485321","43","48","4603","4608","-1","4","False"
"4599","64","39","55","5","39","64","5","73","38722.1379459033","99270.7372366484","3657.68261632","3656.4929485321","44","49","4604","4609","-1","6","False"
"4600","64","40","55","5","40","64","5","73","42081.9675482622","99270.7372366484","3657.68261632","3656.4929485321","45","50","4605","4610","-1","4","False"
"4601","64","41","55","5","41","64","5","73","45441.7971506211","99270.7372366484","3657.68261632","3656.4929485321","46","51","4606","4611","-1","4","False"
"4602","64","42","55","5","42","64","5","73","48801.62675298","99270.7372366484","3657.68261632","3656.4929485321","47","52","4607","4612","-1","4","False"
"4603","64","43","55","5","43","64","5","73","52161.4563553389","99270.7372366484","3657.68261632","3656.4929485321","48","53","4608","4613","-1","4","False"
"4604","64","44","55","5","44","64","5","73","55521.2859576979","99270.7372366484","3657.68261632","3656.4929485321","49","54","4609","4614","-1","6","False"
"4605","64","45","55","5","45","64","5","73","58881.1155600568","99270.7372366484","3657.68261632","3656.4929485321","35","40","4595","4600","-1","4","False"
"4606","64","46","55","5","46","64","5","73","62240.9451624157","99270.7372366484","3657.68261632","3656.4929485321","36","41","4596","4601","-1","4","False"
"4607","64","47","55","5","47","64","5","73","65600.7747647746","99270.7372366484","3657.68261632","3656.4929485321","37","42","4597","4602","-1","4","False"
"4608","64","48","55","5","48","64","5","73","68960.6043671335","99270.7372366484","3657.68261632","3656.4929485321","38","43","4598","4603","-1","4","False"
"4609","64","49","55","5","49","64","5","73","72320.4339694924","99270.7372366484","3657.68261632","3656.4929485321","39","44","4599","4604","-1","6","False"
"4610","64","50","55","5","50","64","5","73","75680.2635718514","99270.7372366484","3657.68261632","3656.4929485321","40","45","4600","4605","2","4","True"
"4611","64","51","55","5","51","64","5","73","79040.0931742103","99270.7372366484","3657.68261632","3656.4929485321","41","46","4601","4606","2","4","True"
"4612","64","52","55","5","52","64","5","73","82399.9227765692","99270.7372366484","3657.68261632","3656.4929485321","42","47","4602","4607","2","4","True"
"4613","64","53","55","5","53","64","5","73","85759.7523789281","99270.7372366484","3657.68261632","3656.4929485321","43","48","4603","4608","2","4","True"
"4614","64","54","55","5","54","64","5","73","89119.581981287","99270.7372366484","3657.68261632","3656.4929485321","44","49","4604","4609","2","4","True"
"4615","65","0","55","5","54","65","5","73","89119.581981287","102894.974297195","3657.68261632","3656.4929485321","5","10","4620","4625","3","2","True"
"4616","65","1","55","5","53","65","5","73","85759.7523789281","102894.974297195","3657.68261632","3656.4929485321","6","11","4621","4626","3","3","True"
"4617","65","2","55","5","52","65","5","73","82399.9227765692","102894.974297195","3657.68261632","3656.4929485321","7","12","4622","4627","3","3","True"
"4618","65","3","55","5","51","65","5","73","79040.0931742103","102894.974297195","3657.68261632","3656.4929485321","8","13","4623","4628","3","3","True"
"4619","65","4","55","5","50","65","5","73","75680.2635718514","102894.974297195","3657.68261632","3656.4929485321","9","14","4624","4629","3","3","True"
"4620","65","5","55","5","49","65","5","73","72320.4339694924","102894.974297195","3657.68261632","3656.4929485321","10","15","4625","4630","-1","4","False"
"4621","65","6","55","5","48","65","5","73","68960.6043671335","102894.974297195","3657.68261632","3656.4929485321","11","16","4626","4631","-1","3","False"
"4622","65","7","55","5","47","65","5","73","65600.7747647746","102894.974297195","3657.68261632","3656.4929485321","12","17","4627","4632","-1","3","False"
"4623","65","8","55","5","46","65","5","73","62240.9451624157","102894.974297195","3657.68261632","3656.4929485321","13","18","4628","4633","-1","3","False"
"4624","65","9","55","5","45","65","5","73","58881.1155600568","102894.974297195","3657.68261632","3656.4929485321","14","19","4629","4634","-1","3","False"
"4625","65","10","55","5","44","65","5","73","55521.2859576979","102894.974297195","3657.68261632","3656.4929485321","15","20","4630","4635","-1","4","False"
"4626","65","11","55","5","43","65","5","73","52161.4563553389","102894.974297195","3657.68261632","3656.4929485321","16","21","4631","4636","-1","3","False"
"4627","65","12","55","5","42","65","5","73","48801.62675298","102894.974297195","3657.68261632","3656.4929485321","17","22","4632","4637","-1","3","False"
"4628","65","13","55","5","41","65","5","73","45441.7971506211","102894.974297195","3657.68261632","3656.4929485321","18","23","4633","4638","-1","3","False"
"4629","65","14","55","5","40","65","5","73","42081.9675482622","102894.974297195","3657.68261632","3656.4929485321","19","24","4634","4639","-1","3","False"
"4630","65","15","55","5","39","65","5","73","38722.1379459033","102894.974297195","3657.68261632","3656.4929485321","20","25","4635","4640","3","4","True"
"4631","65","16","55","5","38","65","5","73","35362.3083435443","102894.974297195","3657.68261632","3656.4929485321","21","26","4636","4641","3","3","True"
"4632","65","17","55","5","37","65","5","73","32002.4787411854","102894.974297195","3657.68261632","3656.4929485321","22","27","4637","4642","3","3","True"
"4633","65","18","55","5","36","65","5","73","28642.6491388265","102894.974297195","3657.68261632","3656.4929485321","23","28","4638","4643","3","3","True"
"4634","65","19","55","5","35","65","5","73","25282.8195364676","102894.974297195","3657.68261632","3656.4929485321","24","29","4639","4644","3","3","True"
"4635","65","20","55","5","34","65","5","73","21922.9899341087","102894.974297195","3657.68261632","3656.4929485321","25","30","4640","4645","-1","4","False"
"4636","65","21","55","5","33","65","5","73","18563.1603317498","102894.974297195","3657.68261632","3656.4929485321","26","31","4641","4646","-1","3","False"
"4637","65","22","55","5","32","65","5","73","15203.3307293908","102894.974297195","3657.68261632","3656.4929485321","27","32","4642","4647","-1","3","False"
"4638","65","23","55","5","31","65","5","73","11843.5011270319","102894.974297195","3657.68261632","3656.4929485321","28","33","4643","4648","-1","3","False"
"4639","65","24","55","5","30","65","5","73","8483.67152467302","102894.974297195","3657.68261632","3656.4929485321","29","34","4644","4649","-1","3","False"
"4640","65","25","55","5","29","65","5","73","5123.84192231409","102894.974297195","3657.68261632","3656.4929485321","30","35","4645","4650","-1","4","False"
"4641","65","26","55","5","28","65","5","73","1764.01231995518","102894.974297195","3657.68261632","3656.4929485321","31","36","4646","4651","-1","3","False"
"4642","65","27","55","5","27","65","5","73","-1595.81728240374","102894.974297195","3657.68261632","3656.4929485321","32","37","4647","4652","-1","3","False"
"4643","65","28","55","5","26","65","5","73","-4955.64688476265","102894.974297195","3657.68261632","3656.4929485321","33","38","4648","4653","-1","3","False"
"4644","65","29","55","5","25","65","5","73","-8315.47648712156","102894.974297195","3657.68261632","3656.4929485321","34","39","4649","4654","-1","3","False"
"4645","65","30","55","5","24","65","5","73","-11675.3060894805","102894.974297195","3657.68261632","3656.4929485321","35","40","4650","4655","3","4","True"
"4646","65","31","55","5","23","65","5","73","-15035.1356918394","102894.974297195","3657.68261632","3656.4929485321","36","41","4651","4656","3","3","True"
"4647","65","32","55","5","22","65","5","73","-18394.9652941983","102894.974297195","3657.68261632","3656.4929485321","37","42","4652","4657","3","3","True"
"4648","65","33","55","5","21","65","5","73","-21754.7948965572","102894.974297195","3657.68261632","3656.4929485321","38","43","4653","4658","3","3","True"
"4649","65","34","55","5","20","65","5","73","-25114.6244989161","102894.974297195","3657.68261632","3656.4929485321","39","44","4654","4659","3","3","True"
"4650","65","35","55","5","19","65","5","73","-28474.4541012751","102894.974297195","3657.68261632","3656.4929485321","40","45","4655","4660","-1","4","False"
"4651","65","36","55","5","18","65","5","73","-31834.283703634","102894.974297195","3657.68261632","3656.4929485321","41","46","4656","4661","-1","3","False"
"4652","65","37","55","5","17","65","5","73","-35194.1133059929","102894.974297195","3657.68261632","3656.4929485321","42","47","4657","4662","-1","3","False"
"4653","65","38","55","5","16","65","5","73","-38553.9429083518","102894.974297195","3657.68261632","3656.4929485321","43","48","4658","4663","-1","3","False"
"4654","65","39","55","5","15","65","5","73","-41913.7725107107","102894.974297195","3657.68261632","3656.4929485321","44","49","4659","4664","-1","3","False"
"4655","65","40","55","5","14","65","5","73","-45273.6021130697","102894.974297195","3657.68261632","3656.4929485321","45","50","4660","4665","-1","4","False"
"4656","65","41","55","5","13","65","5","73","-48633.4317154286","102894.974297195","3657.68261632","3656.4929485321","46","51","4661","4666","-1","3","False"
"4657","65","42","55","5","12","65","5","73","-51993.2613177875","102894.974297195","3657.68261632","3656.4929485321","47","52","4662","4667","-1","3","False"
"4658","65","43","55","5","11","65","5","73","-55353.0909201464","102894.974297195","3657.68261632","3656.4929485321","48","53","4663","4668","-1","3","False"
"4659","65","44","55","5","10","65","5","73","-58712.9205225053","102894.974297195","3657.68261632","3656.4929485321","49","54","4664","4669","-1","3","False"
"4660","65","45","55","5","9","65","5","73","-62072.7501248642","102894.974297195","3657.68261632","3656.4929485321","35","40","4650","4655","-1","4","False"
"4661","65","46","55","5","8","65","5","73","-65432.5797272231","102894.974297195","3657.68261632","3656.4929485321","36","41","4651","4656","-1","3","False"
"4662","65","47","55","5","7","65","5","73","-68792.4093295821","102894.974297195","3657.68261632","3656.4929485321","37","42","4652","4657","-1","3","False"
"4663","65","48","55","5","6","65","5","73","-72152.238931941","102894.974297195","3657.68261632","3656.4929485321","38","43","4653","4658","-1","3","False"
"4664","65","49","55","5","5","65","5","73","-75512.0685342999","102894.974297195","3657.68261632","3656.4929485321","39","44","4654","4659","-1","3","False"
"4665","65","50","55","5","4","65","5","73","-78871.8981366588","102894.974297195","3657.68261632","3656.4929485321","40","45","4655","4660","2","4","True"
"4666","65","51","55","5","3","65","5","73","-82231.7277390177","102894.974297195","3657.68261632","3656.4929485321","41","46","4656","4661","2","3","True"
"4667","65","52","55","5","2","65","5","73","-85591.5573413767","102894.974297195","3657.68261632","3656.4929485321","42","47","4657","4662","2","3","True"
"4668","65","53","55","5","1","65","5","73","-88951.3869437356","102894.974297195","3657.68261632","3656.4929485321","43","48","4658","4663","2","3","True"
"4669","65","54","55","5","0","65","5","73","-92311.2165460945","102894.974297195","3657.68261632","3656.4929485321","44","49","4659","4664","2","3","True"
"4670","66","0","55","5","0","66","5","73","-92311.2165460945","106519.211357742","3657.68261632","3656.4929485321","5","10","4675","4680","3","2","True"
"4671","66","1","55","5","1","66","5","73","-88951.3869437356","106519.211357742","3657.68261632","3656.4929485321","6","11","4676","4681","3","3","True"
"4672","66","2","55","5","2","66","5","73","-85591.5573413767","106519.211357742","3657.68261632","3656.4929485321","7","12","4677","4682","3","3","True"
"4673","66","3","55","5","3","66","5","73","-82231.7277390177","106519.211357742","3657.68261632","3656.4929485321","8","13","4678","4683","3","3","True"
"4674","66","4","55","5","4","66","5","73","-78871.8981366588","106519.211357742","3657.68261632","3656.4929485321","9","14","4679","4684","3","4","True"
"4675","66","5","55","5","5","66","5","73","-75512.0685342999","106519.211357742","3657.68261632","3656.4929485321","10","15","4680","4685","-1","3","False"
"4676","66","6","55","5","6","66","5","73","-72152.238931941","106519.211357742","3657.68261632","3656.4929485321","11","16","4681","4686","-1","3","False"
"4677","66","7","55","5","7","66","5","73","-68792.4093295821","106519.211357742","3657.68261632","3656.4929485321","12","17","4682","4687","-1","3","False"
"4678","66","8","55","5","8","66","5","73","-65432.5797272231","106519.211357742","3657.68261632","3656.4929485321","13","18","4683","4688","-1","3","False"
"4679","66","9","55","5","9","66","5","73","-62072.7501248642","106519.211357742","3657.68261632","3656.4929485321","14","19","4684","4689","-1","4","False"
"4680","66","10","55","5","10","66","5","73","-58712.9205225053","106519.211357742","3657.68261632","3656.4929485321","15","20","4685","4690","-1","3","False"
"4681","66","11","55","5","11","66","5","73","-55353.0909201464","106519.211357742","3657.68261632","3656.4929485321","16","21","4686","4691","-1","3","False"
"4682","66","12","55","5","12","66","5","73","-51993.2613177875","106519.211357742","3657.68261632","3656.4929485321","17","22","4687","4692","-1","3","False"
"4683","66","13","55","5","13","66","5","73","-48633.4317154286","106519.211357742","3657.68261632","3656.4929485321","18","23","4688","4693","-1","3","False"
"4684","66","14","55","5","14","66","5","73","-45273.6021130697","106519.211357742","3657.68261632","3656.4929485321","19","24","4689","4694","-1","4","False"
"4685","66","15","55","5","15","66","5","73","-41913.7725107107","106519.211357742","3657.68261632","3656.4929485321","20","25","4690","4695","3","3","True"
"4686","66","16","55","5","16","66","5","73","-38553.9429083518","106519.211357742","3657.68261632","3656.4929485321","21","26","4691","4696","3","3","True"
"4687","66","17","55","5","17","66","5","73","-35194.1133059929","106519.211357742","3657.68261632","3656.4929485321","22","27","4692","4697","3","3","True"
"4688","66","18","55","5","18","66","5","73","-31834.283703634","106519.211357742","3657.68261632","3656.4929485321","23","28","4693","4698","3","3","True"
"4689","66","19","55","5","19","66","5","73","-28474.4541012751","106519.211357742","3657.68261632","3656.4929485321","24","29","4694","4699","3","4","True"
"4690","66","20","55","5","20","66","5","73","-25114.6244989161","106519.211357742","3657.68261632","3656.4929485321","25","30","4695","4700","-1","3","False"
"4691","66","21","55","5","21","66","5","73","-21754.7948965572","106519.211357742","3657.68261632","3656.4929485321","26","31","4696","4701","-1","3","False"
"4692","66","22","55","5","22","66","5","73","-18394.9652941983","106519.211357742","3657.68261632","3656.4929485321","27","32","4697","4702","-1","3","False"
"4693","66","23","55","5","23","66","5","73","-15035.1356918394","106519.211357742","3657.68261632","3656.4929485321","28","33","4698","4703","-1","3","False"
"4694","66","24","55","5","24","66","5","73","-11675.3060894805","106519.211357742","3657.68261632","3656.4929485321","29","34","4699","4704","-1","4","False"
"4695","66","25","55","5","25","66","5","73","-8315.47648712156","106519.211357742","3657.68261632","3656.4929485321","30","35","4700","4705","-1","3","False"
"4696","66","26","55","5","26","66","5","73","-4955.64688476265","106519.211357742","3657.68261632","3656.4929485321","31","36","4701","4706","-1","3","False"
"4697","66","27","55","5","27","66","5","73","-1595.81728240374","106519.211357742","3657.68261632","3656.4929485321","32","37","4702","4707","-1","3","False"
"4698","66","28","55","5","28","66","5","73","1764.01231995518","106519.211357742","3657.68261632","3656.4929485321","33","38","4703","4708","-1","3","False"
"4699","66","29","55","5","29","66","5","73","5123.84192231409","106519.211357742","3657.68261632","3656.4929485321","34","39","4704","4709","-1","4","False"
"4700","66","30","55","5","30","66","5","73","8483.67152467302","106519.211357742","3657.68261632","3656.4929485321","35","40","4705","4710","3","3","True"
"4701","66","31","55","5","31","66","5","73","11843.5011270319","106519.211357742","3657.68261632","3656.4929485321","36","41","4706","4711","3","3","True"
"4702","66","32","55","5","32","66","5","73","15203.3307293908","106519.211357742","3657.68261632","3656.4929485321","37","42","4707","4712","3","3","True"
"4703","66","33","55","5","33","66","5","73","18563.1603317498","106519.211357742","3657.68261632","3656.4929485321","38","43","4708","4713","3","3","True"
"4704","66","34","55","5","34","66","5","73","21922.9899341087","106519.211357742","3657.68261632","3656.4929485321","39","44","4709","4714","3","4","True"
"4705","66","35","55","5","35","66","5","73","25282.8195364676","106519.211357742","3657.68261632","3656.4929485321","40","45","4710","4715","-1","3","False"
"4706","66","36","55","5","36","66","5","73","28642.6491388265","106519.211357742","3657.68261632","3656.4929485321","41","46","4711","4716","-1","3","False"
"4707","66","37","55","5","37","66","5","73","32002.4787411854","106519.211357742","3657.68261632","3656.4929485321","42","47","4712","4717","-1","3","False"
"4708","66","38","55","5","38","66","5","73","35362.3083435443","106519.211357742","3657.68261632","3656.4929485321","43","48","4713","4718","-1","3","False"
"4709","66","39","55","5","39","66","5","73","38722.1379459033","106519.211357742","3657.68261632","3656.4929485321","44","49","4714","4719","-1","4","False"
"4710","66","40","55","5","40","66","5","73","42081.9675482622","106519.211357742","3657.68261632","3656.4929485321","45","50","4715","4720","-1","3","False"
"4711","66","41","55","5","41","66","5","73","45441.7971506211","106519.211357742","3657.68261632","3656.4929485321","46","51","4716","4721","-1","3","False"
"4712","66","42","55","5","42","66","5","73","48801.62675298","106519.211357742","3657.68261632","3656.4929485321","47","52","4717","4722","-1","3","False"
"4713","66","43","55","5","43","66","5","73","52161.4563553389","106519.211357742","3657.68261632","3656.4929485321","48","53","4718","4723","-1","3","False"
"4714","66","44","55","5","44","66","5","73","55521.2859576979","106519.211357742","3657.68261632","3656.4929485321","49","54","4719","4724","-1","4","False"
"4715","66","45","55","5","45","66","5","73","58881.1155600568","106519.211357742","3657.68261632","3656.4929485321","35","40","4705","4710","-1","3","False"
"4716","66","46","55","5","46","66","5","73","62240.9451624157","106519.211357742","3657.68261632","3656.4929485321","36","41","4706","4711","-1","3","False"
"4717","66","47","55","5","47","66","5","73","65600.7747647746","106519.211357742","3657.68261632","3656.4929485321","37","42","4707","4712","-1","3","False"
"4718","66","48","55","5","48","66","5","73","68960.6043671335","106519.211357742","3657.68261632","3656.4929485321","38","43","4708","4713","-1","3","False"
"4719","66","49","55","5","49","66","5","73","72320.4339694924","106519.211357742","3657.68261632","3656.4929485321","39","44","4709","4714","-1","4","False"
"4720","66","50","55","5","50","66","5","73","75680.2635718514","106519.211357742","3657.68261632","3656.4929485321","40","45","4710","4715","2","3","True"
"4721","66","51","55","5","51","66","5","73","79040.0931742103","106519.211357742","3657.68261632","3656.4929485321","41","46","4711","4716","2","3","True"
"4722","66","52","55","5","52","66","5","73","82399.9227765692","106519.211357742","3657.68261632","3656.4929485321","42","47","4712","4717","2","3","True"
"4723","66","53","55","5","53","66","5","73","85759.7523789281","106519.211357742","3657.68261632","3656.4929485321","43","48","4713","4718","2","3","True"
"4724","66","54","55","5","54","66","5","73","89119.581981287","106519.211357742","3657.68261632","3656.4929485321","44","49","4714","4719","2","3","True"
"4725","67","0","55","5","54","67","5","73","89119.581981287","110143.448418289","3657.68261632","3656.4929485321","5","10","4730","4735","0","2","True"
"4726","67","1","55","5","53","67","5","73","85759.7523789281","110143.448418289","3657.68261632","3656.4929485321","6","11","4731","4736","3","3","True"
"4727","67","2","55","5","52","67","5","73","82399.9227765692","110143.448418289","3657.68261632","3656.4929485321","7","12","4732","4737","3","3","True"
"4728","67","3","55","5","51","67","5","73","79040.0931742103","110143.448418289","3657.68261632","3656.4929485321","8","13","4733","4738","3","3","True"
"4729","67","4","55","5","50","67","5","73","75680.2635718514","110143.448418289","3657.68261632","3656.4929485321","9","14","4734","4739","3","3","True"
"4730","67","5","55","5","49","67","5","73","72320.4339694924","110143.448418289","3657.68261632","3656.4929485321","10","15","4735","4740","3","5","True"
"4731","67","6","55","5","48","67","5","73","68960.6043671335","110143.448418289","3657.68261632","3656.4929485321","11","16","4736","4741","-1","4","False"
"4732","67","7","55","5","47","67","5","73","65600.7747647746","110143.448418289","3657.68261632","3656.4929485321","12","17","4737","4742","-1","4","False"
"4733","67","8","55","5","46","67","5","73","62240.9451624157","110143.448418289","3657.68261632","3656.4929485321","13","18","4738","4743","-1","4","False"
"4734","67","9","55","5","45","67","5","73","58881.1155600568","110143.448418289","3657.68261632","3656.4929485321","14","19","4739","4744","-1","4","False"
"4735","67","10","55","5","44","67","5","73","55521.2859576979","110143.448418289","3657.68261632","3656.4929485321","15","20","4740","4745","-1","6","False"
"4736","67","11","55","5","43","67","5","73","52161.4563553389","110143.448418289","3657.68261632","3656.4929485321","16","21","4741","4746","-1","4","False"
"4737","67","12","55","5","42","67","5","73","48801.62675298","110143.448418289","3657.68261632","3656.4929485321","17","22","4742","4747","-1","4","False"
"4738","67","13","55","5","41","67","5","73","45441.7971506211","110143.448418289","3657.68261632","3656.4929485321","18","23","4743","4748","-1","4","False"
"4739","67","14","55","5","40","67","5","73","42081.9675482622","110143.448418289","3657.68261632","3656.4929485321","19","24","4744","4749","-1","4","False"
"4740","67","15","55","5","39","67","5","73","38722.1379459033","110143.448418289","3657.68261632","3656.4929485321","20","25","4745","4750","-1","6","False"
"4741","67","16","55","5","38","67","5","73","35362.3083435443","110143.448418289","3657.68261632","3656.4929485321","21","26","4746","4751","3","4","True"
"4742","67","17","55","5","37","67","5","73","32002.4787411854","110143.448418289","3657.68261632","3656.4929485321","22","27","4747","4752","3","4","True"
"4743","67","18","55","5","36","67","5","73","28642.6491388265","110143.448418289","3657.68261632","3656.4929485321","23","28","4748","4753","3","4","True"
"4744","67","19","55","5","35","67","5","73","25282.8195364676","110143.448418289","3657.68261632","3656.4929485321","24","29","4749","4754","3","4","True"
"4745","67","20","55","5","34","67","5","73","21922.9899341087","110143.448418289","3657.68261632","3656.4929485321","25","30","4750","4755","3","6","True"
"4746","67","21","55","5","33","67","5","73","18563.1603317498","110143.448418289","3657.68261632","3656.4929485321","26","31","4751","4756","-1","4","False"
"4747","67","22","55","5","32","67","5","73","15203.3307293908","110143.448418289","3657.68261632","3656.4929485321","27","32","4752","4757","-1","4","False"
"4748","67","23","55","5","31","67","5","73","11843.5011270319","110143.448418289","3657.68261632","3656.4929485321","28","33","4753","4758","-1","4","False"
"4749","67","24","55","5","30","67","5","73","8483.67152467302","110143.448418289","3657.68261632","3656.4929485321","29","34","4754","4759","-1","4","False"
"4750","67","25","55","5","29","67","5","73","5123.84192231409","110143.448418289","3657.68261632","3656.4929485321","30","35","4755","4760","-1","6","False"
"4751","67","26","55","5","28","67","5","73","1764.01231995518","110143.448418289","3657.68261632","3656.4929485321","31","36","4756","4761","-1","4","False"
"4752","67","27","55","5","27","67","5","73","-1595.81728240374","110143.448418289","3657.68261632","3656.4929485321","32","37","4757","4762","-1","4","False"
"4753","67","28","55","5","26","67","5","73","-4955.64688476265","110143.448418289","3657.68261632","3656.4929485321","33","38","4758","4763","-1","4","False"
"4754","67","29","55","5","25","67","5","73","-8315.47648712156","110143.448418289","3657.68261632","3656.4929485321","34","39","4759","4764","-1","4","False"
"4755","67","30","55","5","24","67","5","73","-11675.3060894805","110143.448418289","3657.68261632","3656.4929485321","35","40","4760","4765","-1","6","False"
"4756","67","31","55","5","23","67","5","73","-15035.1356918394","110143.448418289","3657.68261632","3656.4929485321","36","41","4761","4766","3","4","True"
"4757","67","32","55","5","22","67","5","73","-18394.9652941983","110143.448418289","3657.68261632","3656.4929485321","37","42","4762","4767","3","4","True"
"4758","67","33","55","5","21","67","5","73","-21754.7948965572","110143.448418289","3657.68261632","3656.4929485321","38","43","4763","4768","3","4","True"
"4759","67","34","55","5","20","67","5","73","-25114.6244989161","110143.448418289","3657.68261632","3656.4929485321","39","44","4764","4769","3","4","True"
"4760","67","35","55","5","19","67","5","73","-28474.4541012751","110143.448418289","3657.68261632","3656.4929485321","40","45","4765","4770","3","6","True"
"4761","67","36","55","5","18","67","5","73","-31834.283703634","110143.448418289","3657.68261632","3656.4929485321","41","46","4766","4771","-1","4","False"
"4762","67","37","55","5","17","67","5","73","-35194.1133059929","110143.448418289","3657.68261632","3656.4929485321","42","47","4767","4772","-1","4","False"
"4763","67","38","55","5","16","67","5","73","-38553.9429083518","110143.448418289","3657.68261632","3656.4929485321","43","48","4768","4773","-1","4","False"
"4764","67","39","55","5","15","67","5","73","-41913.7725107107","110143.448418289","3657.68261632","3656.4929485321","44","49","4769","4774","-1","4","False"
"4765","67","40","55","5","14","67","5","73","-45273.6021130697","110143.448418289","3657.68261632","3656.4929485321","45","50","4770","4775","-1","6","False"
"4766","67","41","55","5","13","67","5","73","-48633.4317154286","110143.448418289","3657.68261632","3656.4929485321","46","51","4771","4776","-1","4","False"
"4767","67","42","55","5","12","67","5","73","-51993.2613177875","110143.448418289","3657.68261632","3656.4929485321","47","52","4772","4777","-1","4","False"
"4768","67","43","55","5","11","67","5","73","-55353.0909201464","110143.448418289","3657.68261632","3656.4929485321","48","53","4773","4778","-1","4","False"
"4769","67","44","55","5","10","67","5","73","-58712.9205225053","110143.448418289","3657.68261632","3656.4929485321","49","54","4774","4779","-1","4","False"
"4770","67","45","55","5","9","67","5","73","-62072.7501248642","110143.448418289","3657.68261632","3656.4929485321","35","40","4760","4765","-1","6","False"
"4771","67","46","55","5","8","67","5","73","-65432.5797272231","110143.448418289","3657.68261632","3656.4929485321","36","41","4761","4766","-1","4","False"
"4772","67","47","55","5","7","67","5","73","-68792.4093295821","110143.448418289","3657.68261632","3656.4929485321","37","42","4762","4767","-1","4","False"
"4773","67","48","55","5","6","67","5","73","-72152.238931941","110143.448418289","3657.68261632","3656.4929485321","38","43","4763","4768","-1","4","False"
"4774","67","49","55","5","5","67","5","73","-75512.0685342999","110143.448418289","3657.68261632","3656.4929485321","39","44","4764","4769","-1","4","False"
"4775","67","50","55","5","4","67","5","73","-78871.8981366588","110143.448418289","3657.68261632","3656.4929485321","40","45","4765","4770","0","5","True"
"4776","67","51","55","5","3","67","5","73","-82231.7277390177","110143.448418289","3657.68261632","3656.4929485321","41","46","4766","4771","2","3","True"
"4777","67","52","55","5","2","67","5","73","-85591.5573413767","110143.448418289","3657.68261632","3656.4929485321","42","47","4767","4772","2","3","True"
"4778","67","53","55","5","1","67","5","73","-88951.3869437356","110143.448418289","3657.68261632","3656.4929485321","43","48","4768","4773","2","3","True"
"4779","67","54","55","5","0","67","5","73","-92311.2165460945","110143.448418289","3657.68261632","3656.4929485321","44","49","4769","4774","2","3","True"
"4780","68","0","45","5","0","68","5","73","-75512.0679865242","113767.685478836","3657.68261632","3656.4929485321","5","10","4785","4790","3","2","True"
"4781","68","1","45","5","1","68","5","73","-72152.2383841653","113767.685478836","3657.68261632","3656.4929485321","6","11","4786","4791","3","3","True"
"4782","68","2","45","5","2","68","5","73","-68792.4087818064","113767.685478836","3657.68261632","3656.4929485321","7","12","4787","4792","3","3","True"
"4783","68","3","45","5","3","68","5","73","-65432.5791794474","113767.685478836","3657.68261632","3656.4929485321","8","13","4788","4793","3","3","True"
"4784","68","4","45","5","4","68","5","73","-62072.7495770885","113767.685478836","3657.68261632","3656.4929485321","9","14","4789","4794","3","4","True"
"4785","68","5","45","5","5","68","5","73","-58712.9199747296","113767.685478836","3657.68261632","3656.4929485321","10","15","4790","4795","-1","3","False"
"4786","68","6","45","5","6","68","5","73","-55353.0903723707","113767.685478836","3657.68261632","3656.4929485321","11","16","4791","4796","-1","3","False"
"4787","68","7","45","5","7","68","5","73","-51993.2607700118","113767.685478836","3657.68261632","3656.4929485321","12","17","4792","4797","-1","3","False"
"4788","68","8","45","5","8","68","5","73","-48633.4311676528","113767.685478836","3657.68261632","3656.4929485321","13","18","4793","4798","-1","3","False"
"4789","68","9","45","5","9","68","5","73","-45273.6015652939","113767.685478836","3657.68261632","3656.4929485321","14","19","4794","4799","-1","4","False"
"4790","68","10","45","5","10","68","5","73","-41913.771962935","113767.685478836","3657.68261632","3656.4929485321","15","20","4795","4800","-1","3","False"
"4791","68","11","45","5","11","68","5","73","-38553.9423605761","113767.685478836","3657.68261632","3656.4929485321","16","21","4796","4801","-1","3","False"
"4792","68","12","45","5","12","68","5","73","-35194.1127582172","113767.685478836","3657.68261632","3656.4929485321","17","22","4797","4802","-1","3","False"
"4793","68","13","45","5","13","68","5","73","-31834.2831558582","113767.685478836","3657.68261632","3656.4929485321","18","23","4798","4803","-1","3","False"
"4794","68","14","45","5","14","68","5","73","-28474.4535534993","113767.685478836","3657.68261632","3656.4929485321","19","24","4799","4804","-1","4","False"
"4795","68","15","45","5","15","68","5","73","-25114.6239511404","113767.685478836","3657.68261632","3656.4929485321","20","25","4800","4805","3","3","True"
"4796","68","16","45","5","16","68","5","73","-21754.7943487815","113767.685478836","3657.68261632","3656.4929485321","21","26","4801","4806","3","3","True"
"4797","68","17","45","5","17","68","5","73","-18394.9647464226","113767.685478836","3657.68261632","3656.4929485321","22","27","4802","4807","3","3","True"
"4798","68","18","45","5","18","68","5","73","-15035.1351440637","113767.685478836","3657.68261632","3656.4929485321","23","28","4803","4808","3","3","True"
"4799","68","19","45","5","19","68","5","73","-11675.3055417048","113767.685478836","3657.68261632","3656.4929485321","24","29","4804","4809","3","4","True"
"4800","68","20","45","5","20","68","5","73","-8315.47593934583","113767.685478836","3657.68261632","3656.4929485321","25","30","4805","4810","-1","3","False"
"4801","68","21","45","5","21","68","5","73","-4955.64633698692","113767.685478836","3657.68261632","3656.4929485321","26","31","4806","4811","-1","3","False"
"4802","68","22","45","5","22","68","5","73","-1595.816734628","113767.685478836","3657.68261632","3656.4929485321","27","32","4807","4812","-1","3","False"
"4803","68","23","45","5","23","68","5","73","1764.01286773091","113767.685478836","3657.68261632","3656.4929485321","28","33","4808","4813","-1","3","False"
"4804","68","24","45","5","24","68","5","73","5123.84247008982","113767.685478836","3657.68261632","3656.4929485321","29","34","4809","4814","-1","4","False"
"4805","68","25","45","5","25","68","5","73","8483.67207244875","113767.685478836","3657.68261632","3656.4929485321","30","35","4810","4815","-1","3","False"
"4806","68","26","45","5","26","68","5","73","11843.5016748077","113767.685478836","3657.68261632","3656.4929485321","31","36","4811","4816","-1","3","False"
"4807","68","27","45","5","27","68","5","73","15203.3312771666","113767.685478836","3657.68261632","3656.4929485321","32","37","4812","4817","-1","3","False"
"4808","68","28","45","5","28","68","5","73","18563.1608795255","113767.685478836","3657.68261632","3656.4929485321","33","38","4813","4818","-1","3","False"
"4809","68","29","45","5","29","68","5","73","21922.9904818844","113767.685478836","3657.68261632","3656.4929485321","34","39","4814","4819","-1","4","False"
"4810","68","30","45","5","30","68","5","73","25282.8200842433","113767.685478836","3657.68261632","3656.4929485321","35","40","4815","4820","3","3","True"
"4811","68","31","45","5","31","68","5","73","28642.6496866022","113767.685478836","3657.68261632","3656.4929485321","36","41","4816","4821","3","3","True"
"4812","68","32","45","5","32","68","5","73","32002.4792889612","113767.685478836","3657.68261632","3656.4929485321","37","42","4817","4822","3","3","True"
"4813","68","33","45","5","33","68","5","73","35362.3088913201","113767.685478836","3657.68261632","3656.4929485321","38","43","4818","4823","3","3","True"
"4814","68","34","45","5","34","68","5","73","38722.138493679","113767.685478836","3657.68261632","3656.4929485321","39","44","4819","4824","3","4","True"
"4815","68","35","45","5","35","68","5","73","42081.9680960379","113767.685478836","3657.68261632","3656.4929485321","25","30","4805","4810","-1","3","False"
"4816","68","36","45","5","36","68","5","73","45441.7976983968","113767.685478836","3657.68261632","3656.4929485321","26","31","4806","4811","-1","3","False"
"4817","68","37","45","5","37","68","5","73","48801.6273007557","113767.685478836","3657.68261632","3656.4929485321","27","32","4807","4812","-1","3","False"
"4818","68","38","45","5","38","68","5","73","52161.4569031147","113767.685478836","3657.68261632","3656.4929485321","28","33","4808","4813","-1","3","False"
"4819","68","39","45","5","39","68","5","73","55521.2865054736","113767.685478836","3657.68261632","3656.4929485321","29","34","4809","4814","-1","4","False"
"4820","68","40","45","5","40","68","5","73","58881.1161078325","113767.685478836","3657.68261632","3656.4929485321","30","35","4810","4815","-1","3","False"
"4821","68","41","45","5","41","68","5","73","62240.9457101914","113767.685478836","3657.68261632","3656.4929485321","31","36","4811","4816","-1","3","False"
"4822","68","42","45","5","42","68","5","73","65600.7753125503","113767.685478836","3657.68261632","3656.4929485321","32","37","4812","4817","-1","3","False"
"4823","68","43","45","5","43","68","5","73","68960.6049149093","113767.685478836","3657.68261632","3656.4929485321","33","38","4813","4818","-1","3","False"
"4824","68","44","45","5","44","68","5","73","72320.4345172682","113767.685478836","3657.68261632","3656.4929485321","34","39","4814","4819","-1","3","False"
"4825","69","0","45","5","44","69","5","73","72320.4345172682","117391.922539383","3657.68261632","3656.4929485321","5","10","4830","4835","3","2","True"
"4826","69","1","45","5","43","69","5","73","68960.6049149093","117391.922539383","3657.68261632","3656.4929485321","6","11","4831","4836","3","3","True"
"4827","69","2","45","5","42","69","5","73","65600.7753125503","117391.922539383","3657.68261632","3656.4929485321","7","12","4832","4837","3","3","True"
"4828","69","3","45","5","41","69","5","73","62240.9457101914","117391.922539383","3657.68261632","3656.4929485321","8","13","4833","4838","3","3","True"
"4829","69","4","45","5","40","69","5","73","58881.1161078325","117391.922539383","3657.68261632","3656.4929485321","9","14","4834","4839","3","3","True"
"4830","69","5","45","5","39","69","5","73","55521.2865054736","117391.922539383","3657.68261632","3656.4929485321","10","15","4835","4840","-1","4","False"
"4831","69","6","45","5","38","69","5","73","52161.4569031147","117391.922539383","3657.68261632","3656.4929485321","11","16","4836","4841","-1","3","False"
"4832","69","7","45","5","37","69","5","73","48801.6273007557","117391.922539383","3657.68261632","3656.4929485321","12","17","4837","4842","-1","3","False"
"4833","69","8","45","5","36","69","5","73","45441.7976983968","117391.922539383","3657.68261632","3656.4929485321","13","18","4838","4843","-1","3","False"
"4834","69","9","45","5","35","69","5","73","42081.9680960379","117391.922539383","3657.68261632","3656.4929485321","14","19","4839","4844","-1","3","False"
"4835","69","10","45","5","34","69","5","73","38722.138493679","117391.922539383","3657.68261632","3656.4929485321","15","20","4840","4845","-1","4","False"
"4836","69","11","45","5","33","69","5","73","35362.3088913201","117391.922539383","3657.68261632","3656.4929485321","16","21","4841","4846","-1","3","False"
"4837","69","12","45","5","32","69","5","73","32002.4792889612","117391.922539383","3657.68261632","3656.4929485321","17","22","4842","4847","-1","3","False"
"4838","69","13","45","5","31","69","5","73","28642.6496866022","117391.922539383","3657.68261632","3656.4929485321","18","23","4843","4848","-1","3","False"
"4839","69","14","45","5","30","69","5","73","25282.8200842433","117391.922539383","3657.68261632","3656.4929485321","19","24","4844","4849","-1","3","False"
"4840","69","15","45","5","29","69","5","73","21922.9904818844","117391.922539383","3657.68261632","3656.4929485321","20","25","4845","4850","3","4","True"
"4841","69","16","45","5","28","69","5","73","18563.1608795255","117391.922539383","3657.68261632","3656.4929485321","21","26","4846","4851","3","3","True"
"4842","69","17","45","5","27","69","5","73","15203.3312771666","117391.922539383","3657.68261632","3656.4929485321","22","27","4847","4852","3","3","True"
"4843","69","18","45","5","26","69","5","73","11843.5016748077","117391.922539383","3657.68261632","3656.4929485321","23","28","4848","4853","3","3","True"
"4844","69","19","45","5","25","69","5","73","8483.67207244875","117391.922539383","3657.68261632","3656.4929485321","24","29","4849","4854","3","3","True"
"4845","69","20","45","5","24","69","5","73","5123.84247008982","117391.922539383","3657.68261632","3656.4929485321","25","30","4850","4855","-1","4","False"
"4846","69","21","45","5","23","69","5","73","1764.01286773091","117391.922539383","3657.68261632","3656.4929485321","26","31","4851","4856","-1","3","False"
"4847","69","22","45","5","22","69","5","73","-1595.816734628","117391.922539383","3657.68261632","3656.4929485321","27","32","4852","4857","-1","3","False"
"4848","69","23","45","5","21","69","5","73","-4955.64633698692","117391.922539383","3657.68261632","3656.4929485321","28","33","4853","4858","-1","3","False"
"4849","69","24","45","5","20","69","5","73","-8315.47593934583","117391.922539383","3657.68261632","3656.4929485321","29","34","4854","4859","-1","3","False"
"4850","69","25","45","5","19","69","5","73","-11675.3055417048","117391.922539383","3657.68261632","3656.4929485321","30","35","4855","4860","-1","4","False"
"4851","69","26","45","5","18","69","5","73","-15035.1351440637","117391.922539383","3657.68261632","3656.4929485321","31","36","4856","4861","-1","3","False"
"4852","69","27","45","5","17","69","5","73","-18394.9647464226","117391.922539383","3657.68261632","3656.4929485321","32","37","4857","4862","-1","3","False"
"4853","69","28","45","5","16","69","5","73","-21754.7943487815","117391.922539383","3657.68261632","3656.4929485321","33","38","4858","4863","-1","3","False"
"4854","69","29","45","5","15","69","5","73","-25114.6239511404","117391.922539383","3657.68261632","3656.4929485321","34","39","4859","4864","-1","3","False"
"4855","69","30","45","5","14","69","5","73","-28474.4535534993","117391.922539383","3657.68261632","3656.4929485321","35","40","4860","4865","3","4","True"
"4856","69","31","45","5","13","69","5","73","-31834.2831558582","117391.922539383","3657.68261632","3656.4929485321","36","41","4861","4866","3","3","True"
"4857","69","32","45","5","12","69","5","73","-35194.1127582172","117391.922539383","3657.68261632","3656.4929485321","37","42","4862","4867","3","3","True"
"4858","69","33","45","5","11","69","5","73","-38553.9423605761","117391.922539383","3657.68261632","3656.4929485321","38","43","4863","4868","3","3","True"
"4859","69","34","45","5","10","69","5","73","-41913.771962935","117391.922539383","3657.68261632","3656.4929485321","39","44","4864","4869","3","3","True"
"4860","69","35","45","5","9","69","5","73","-45273.6015652939","117391.922539383","3657.68261632","3656.4929485321","25","30","4850","4855","-1","4","False"
"4861","69","36","45","5","8","69","5","73","-48633.4311676528","117391.922539383","3657.68261632","3656.4929485321","26","31","4851","4856","-1","3","False"
"4862","69","37","45","5","7","69","5","73","-51993.2607700118","117391.922539383","3657.68261632","3656.4929485321","27","32","4852","4857","-1","3","False"
"4863","69","38","45","5","6","69","5","73","-55353.0903723707","117391.922539383","3657.68261632","3656.4929485321","28","33","4853","4858","-1","3","False"
"4864","69","39","45","5","5","69","5","73","-58712.9199747296","117391.922539383","3657.68261632","3656.4929485321","29","34","4854","4859","-1","3","False"
"4865","69","40","45","5","4","69","5","73","-62072.7495770885","117391.922539383","3657.68261632","3656.4929485321","30","35","4855","4860","-1","4","False"
"4866","69","41","45","5","3","69","5","73","-65432.5791794474","117391.922539383","3657.68261632","3656.4929485321","31","36","4856","4861","-1","3","False"
"4867","69","42","45","5","2","69","5","73","-68792.4087818064","117391.922539383","3657.68261632","3656.4929485321","32","37","4857","4862","-1","3","False"
"4868","69","43","45","5","1","69","5","73","-72152.2383841653","117391.922539383","3657.68261632","3656.4929485321","33","38","4858","4863","-1","3","False"
"4869","69","44","45","5","0","69","5","73","-75512.0679865242","117391.922539383","3657.68261632","3656.4929485321","34","39","4859","4864","-1","3","False"
"4870","70","0","45","5","0","70","5","73","-75512.0679865242","121016.15959993","3657.68261632","3656.4929485321","5","10","4875","4880","3","2","True"
"4871","70","1","45","5","1","70","5","73","-72152.2383841653","121016.15959993","3657.68261632","3656.4929485321","6","11","4876","4881","3","3","True"
"4872","70","2","45","5","2","70","5","73","-68792.4087818064","121016.15959993","3657.68261632","3656.4929485321","7","12","4877","4882","3","3","True"
"4873","70","3","45","5","3","70","5","73","-65432.5791794474","121016.15959993","3657.68261632","3656.4929485321","8","13","4878","4883","3","3","True"
"4874","70","4","45","5","4","70","5","73","-62072.7495770885","121016.15959993","3657.68261632","3656.4929485321","9","14","4879","4884","3","5","True"
"4875","70","5","45","5","5","70","5","73","-58712.9199747296","121016.15959993","3657.68261632","3656.4929485321","10","15","4880","4885","-1","4","False"
"4876","70","6","45","5","6","70","5","73","-55353.0903723707","121016.15959993","3657.68261632","3656.4929485321","11","16","4881","4886","-1","4","False"
"4877","70","7","45","5","7","70","5","73","-51993.2607700118","121016.15959993","3657.68261632","3656.4929485321","12","17","4882","4887","-1","4","False"
"4878","70","8","45","5","8","70","5","73","-48633.4311676528","121016.15959993","3657.68261632","3656.4929485321","13","18","4883","4888","-1","4","False"
"4879","70","9","45","5","9","70","5","73","-45273.6015652939","121016.15959993","3657.68261632","3656.4929485321","14","19","4884","4889","-1","6","False"
"4880","70","10","45","5","10","70","5","73","-41913.771962935","121016.15959993","3657.68261632","3656.4929485321","15","20","4885","4890","-1","4","False"
"4881","70","11","45","5","11","70","5","73","-38553.9423605761","121016.15959993","3657.68261632","3656.4929485321","16","21","4886","4891","-1","4","False"
"4882","70","12","45","5","12","70","5","73","-35194.1127582172","121016.15959993","3657.68261632","3656.4929485321","17","22","4887","4892","-1","4","False"
"4883","70","13","45","5","13","70","5","73","-31834.2831558582","121016.15959993","3657.68261632","3656.4929485321","18","23","4888","4893","-1","4","False"
"4884","70","14","45","5","14","70","5","73","-28474.4535534993","121016.15959993","3657.68261632","3656.4929485321","19","24","4889","4894","-1","6","False"
"4885","70","15","45","5","15","70","5","73","-25114.6239511404","121016.15959993","3657.68261632","3656.4929485321","20","25","4890","4895","3","4","True"
"4886","70","16","45","5","16","70","5","73","-21754.7943487815","121016.15959993","3657.68261632","3656.4929485321","21","26","4891","4896","3","4","True"
"4887","70","17","45","5","17","70","5","73","-18394.9647464226","121016.15959993","3657.68261632","3656.4929485321","22","27","4892","4897","3","4","True"
"4888","70","18","45","5","18","70","5","73","-15035.1351440637","121016.15959993","3657.68261632","3656.4929485321","23","28","4893","4898","3","4","True"
"4889","70","19","45","5","19","70","5","73","-11675.3055417048","121016.15959993","3657.68261632","3656.4929485321","24","29","4894","4899","3","6","True"
"4890","70","20","45","5","20","70","5","73","-8315.47593934583","121016.15959993","3657.68261632","3656.4929485321","25","30","4895","4900","-1","4","False"
"4891","70","21","45","5","21","70","5","73","-4955.64633698692","121016.15959993","3657.68261632","3656.4929485321","26","31","4896","4901","-1","4","False"
"4892","70","22","45","5","22","70","5","73","-1595.816734628","121016.15959993","3657.68261632","3656.4929485321","27","32","4897","4902","-1","4","False"
"4893","70","23","45","5","23","70","5","73","1764.01286773091","121016.15959993","3657.68261632","3656.4929485321","28","33","4898","4903","-1","4","False"
"4894","70","24","45","5","24","70","5","73","5123.84247008982","121016.15959993","3657.68261632","3656.4929485321","29","34","4899","4904","-1","6","False"
"4895","70","25","45","5","25","70","5","73","8483.67207244875","121016.15959993","3657.68261632","3656.4929485321","30","35","4900","4905","-1","4","False"
"4896","70","26","45","5","26","70","5","73","11843.5016748077","121016.15959993","3657.68261632","3656.4929485321","31","36","4901","4906","-1","4","False"
"4897","70","27","45","5","27","70","5","73","15203.3312771666","121016.15959993","3657.68261632","3656.4929485321","32","37","4902","4907","-1","4","False"
"4898","70","28","45","5","28","70","5","73","18563.1608795255","121016.15959993","3657.68261632","3656.4929485321","33","38","4903","4908","-1","4","False"
"4899","70","29","45","5","29","70","5","73","21922.9904818844","121016.15959993","3657.68261632","3656.4929485321","34","39","4904","4909","-1","6","False"
"4900","70","30","45","5","30","70","5","73","25282.8200842433","121016.15959993","3657.68261632","3656.4929485321","35","40","4905","4910","3","4","True"
"4901","70","31","45","5","31","70","5","73","28642.6496866022","121016.15959993","3657.68261632","3656.4929485321","36","41","4906","4911","3","4","True"
"4902","70","32","45","5","32","70","5","73","32002.4792889612","121016.15959993","3657.68261632","3656.4929485321","37","42","4907","4912","3","4","True"
"4903","70","33","45","5","33","70","5","73","35362.3088913201","121016.15959993","3657.68261632","3656.4929485321","38","43","4908","4913","3","4","True"
"4904","70","34","45","5","34","70","5","73","38722.138493679","121016.15959993","3657.68261632","3656.4929485321","29","24","4899","4894","-1","6","False"
"4905","70","35","45","5","35","70","5","73","42081.9680960379","121016.15959993","3657.68261632","3656.4929485321","25","30","4895","4900","-1","4","False"
"4906","70","36","45","5","36","70","5","73","45441.7976983968","121016.15959993","3657.68261632","3656.4929485321","26","31","4896","4901","-1","4","False"
"4907","70","37","45","5","37","70","5","73","48801.6273007557","121016.15959993","3657.68261632","3656.4929485321","27","32","4897","4902","-1","4","False"
"4908","70","38","45","5","38","70","5","73","52161.4569031147","121016.15959993","3657.68261632","3656.4929485321","28","33","4898","4903","-1","4","False"
"4909","70","39","45","5","39","70","5","73","55521.2865054736","121016.15959993","3657.68261632","3656.4929485321","29","34","4899","4904","2","5","True"
"4910","70","40","45","5","40","70","5","73","58881.1161078325","121016.15959993","3657.68261632","3656.4929485321","30","35","4900","4905","-1","3","False"
"4911","70","41","45","5","41","70","5","73","62240.9457101914","121016.15959993","3657.68261632","3656.4929485321","31","36","4901","4906","-1","3","False"
"4912","70","42","45","5","42","70","5","73","65600.7753125503","121016.15959993","3657.68261632","3656.4929485321","32","37","4902","4907","-1","3","False"
"4913","70","43","45","5","43","70","5","73","68960.6049149093","121016.15959993","3657.68261632","3656.4929485321","33","38","4903","4908","-1","3","False"
"4914","70","44","45","5","44","70","5","73","72320.4345172682","121016.15959993","3657.68261632","3656.4929485321","34","39","4904","4909","0","3","True"
"4915","71","0","35","5","34","71","5","73","55521.2870532493","124640.396660477","3657.68261632","3656.4929485321","5","10","4920","4925","3","2","True"
"4916","71","1","35","5","33","71","5","73","52161.4574508904","124640.396660477","3657.68261632","3656.4929485321","6","11","4921","4926","3","3","True"
"4917","71","2","35","5","32","71","5","73","48801.6278485315","124640.396660477","3657.68261632","3656.4929485321","7","12","4922","4927","3","3","True"
"4918","71","3","35","5","31","71","5","73","45441.7982461726","124640.396660477","3657.68261632","3656.4929485321","8","13","4923","4928","3","3","True"
"4919","71","4","35","5","30","71","5","73","42081.9686438136","124640.396660477","3657.68261632","3656.4929485321","9","14","4924","4929","3","3","True"
"4920","71","5","35","5","29","71","5","73","38722.1390414547","124640.396660477","3657.68261632","3656.4929485321","10","15","4925","4930","-1","4","False"
"4921","71","6","35","5","28","71","5","73","35362.3094390958","124640.396660477","3657.68261632","3656.4929485321","11","16","4926","4931","-1","3","False"
"4922","71","7","35","5","27","71","5","73","32002.4798367369","124640.396660477","3657.68261632","3656.4929485321","12","17","4927","4932","-1","3","False"
"4923","71","8","35","5","26","71","5","73","28642.650234378","124640.396660477","3657.68261632","3656.4929485321","13","18","4928","4933","-1","3","False"
"4924","71","9","35","5","25","71","5","73","25282.8206320191","124640.396660477","3657.68261632","3656.4929485321","14","19","4929","4934","-1","3","False"
"4925","71","10","35","5","24","71","5","73","21922.9910296601","124640.396660477","3657.68261632","3656.4929485321","15","20","4930","4935","-1","4","False"
"4926","71","11","35","5","23","71","5","73","18563.1614273012","124640.396660477","3657.68261632","3656.4929485321","16","21","4931","4936","-1","3","False"
"4927","71","12","35","5","22","71","5","73","15203.3318249423","124640.396660477","3657.68261632","3656.4929485321","17","22","4932","4937","-1","3","False"
"4928","71","13","35","5","21","71","5","73","11843.5022225834","124640.396660477","3657.68261632","3656.4929485321","18","23","4933","4938","-1","3","False"
"4929","71","14","35","5","20","71","5","73","8483.67262022448","124640.396660477","3657.68261632","3656.4929485321","19","24","4934","4939","-1","3","False"
"4930","71","15","35","5","19","71","5","73","5123.84301786555","124640.396660477","3657.68261632","3656.4929485321","20","25","4935","4940","3","4","True"
"4931","71","16","35","5","18","71","5","73","1764.01341550665","124640.396660477","3657.68261632","3656.4929485321","21","26","4936","4941","3","3","True"
"4932","71","17","35","5","17","71","5","73","-1595.81618685228","124640.396660477","3657.68261632","3656.4929485321","22","27","4937","4942","3","3","True"
"4933","71","18","35","5","16","71","5","73","-4955.64578921119","124640.396660477","3657.68261632","3656.4929485321","23","28","4938","4943","3","3","True"
"4934","71","19","35","5","15","71","5","73","-8315.4753915701","124640.396660477","3657.68261632","3656.4929485321","24","29","4939","4944","3","3","True"
"4935","71","20","35","5","14","71","5","73","-11675.304993929","124640.396660477","3657.68261632","3656.4929485321","25","30","4940","4945","-1","4","False"
"4936","71","21","35","5","13","71","5","73","-15035.1345962879","124640.396660477","3657.68261632","3656.4929485321","26","31","4941","4946","-1","3","False"
"4937","71","22","35","5","12","71","5","73","-18394.9641986469","124640.396660477","3657.68261632","3656.4929485321","27","32","4942","4947","-1","3","False"
"4938","71","23","35","5","11","71","5","73","-21754.7938010058","124640.396660477","3657.68261632","3656.4929485321","28","33","4943","4948","-1","3","False"
"4939","71","24","35","5","10","71","5","73","-25114.6234033647","124640.396660477","3657.68261632","3656.4929485321","29","34","4944","4949","-1","3","False"
"4940","71","25","35","5","9","71","5","73","-28474.4530057236","124640.396660477","3657.68261632","3656.4929485321","15","20","4930","4935","-1","4","False"
"4941","71","26","35","5","8","71","5","73","-31834.2826080825","124640.396660477","3657.68261632","3656.4929485321","16","21","4931","4936","-1","3","False"
"4942","71","27","35","5","7","71","5","73","-35194.1122104414","124640.396660477","3657.68261632","3656.4929485321","17","22","4932","4937","-1","3","False"
"4943","71","28","35","5","6","71","5","73","-38553.9418128004","124640.396660477","3657.68261632","3656.4929485321","18","23","4933","4938","-1","3","False"
"4944","71","29","35","5","5","71","5","73","-41913.7714151593","124640.396660477","3657.68261632","3656.4929485321","19","24","4934","4939","-1","3","False"
"4945","71","30","35","5","4","71","5","73","-45273.6010175182","124640.396660477","3657.68261632","3656.4929485321","20","25","4935","4940","0","4","True"
"4946","71","31","35","5","3","71","5","73","-48633.4306198771","124640.396660477","3657.68261632","3656.4929485321","21","26","4936","4941","0","3","True"
"4947","71","32","35","5","2","71","5","73","-51993.260222236","124640.396660477","3657.68261632","3656.4929485321","22","27","4937","4942","0","3","True"
"4948","71","33","35","5","1","71","5","73","-55353.0898245949","124640.396660477","3657.68261632","3656.4929485321","23","28","4938","4943","0","3","True"
"4949","71","34","35","5","0","71","5","73","-58712.9194269539","124640.396660477","3657.68261632","3656.4929485321","24","29","4939","4944","0","3","True"
"4950","72","0","35","5","0","72","5","73","-58712.9194269539","128264.633721023","3657.68261632","3656.4929485321","5","10","4955","4960","3","2","True"
"4951","72","1","35","5","1","72","5","73","-55353.0898245949","128264.633721023","3657.68261632","3656.4929485321","6","11","4956","4961","3","3","True"
"4952","72","2","35","5","2","72","5","73","-51993.260222236","128264.633721023","3657.68261632","3656.4929485321","7","12","4957","4962","3","3","True"
"4953","72","3","35","5","3","72","5","73","-48633.4306198771","128264.633721023","3657.68261632","3656.4929485321","8","13","4958","4963","3","3","True"
"4954","72","4","35","5","4","72","5","73","-45273.6010175182","128264.633721023","3657.68261632","3656.4929485321","9","14","4959","4964","3","4","True"
"4955","72","5","35","5","5","72","5","73","-41913.7714151593","128264.633721023","3657.68261632","3656.4929485321","10","15","4960","4965","-1","3","False"
"4956","72","6","35","5","6","72","5","73","-38553.9418128004","128264.633721023","3657.68261632","3656.4929485321","11","16","4961","4966","-1","3","False"
"4957","72","7","35","5","7","72","5","73","-35194.1122104414","128264.633721023","3657.68261632","3656.4929485321","12","17","4962","4967","-1","3","False"
"4958","72","8","35","5","8","72","5","73","-31834.2826080825","128264.633721023","3657.68261632","3656.4929485321","13","18","4963","4968","-1","3","False"
"4959","72","9","35","5","9","72","5","73","-28474.4530057236","128264.633721023","3657.68261632","3656.4929485321","14","19","4964","4969","-1","4","False"
"4960","72","10","35","5","10","72","5","73","-25114.6234033647","128264.633721023","3657.68261632","3656.4929485321","15","20","4965","4970","-1","3","False"
"4961","72","11","35","5","11","72","5","73","-21754.7938010058","128264.633721023","3657.68261632","3656.4929485321","16","21","4966","4971","-1","3","False"
"4962","72","12","35","5","12","72","5","73","-18394.9641986469","128264.633721023","3657.68261632","3656.4929485321","17","22","4967","4972","-1","3","False"
"4963","72","13","35","5","13","72","5","73","-15035.1345962879","128264.633721023","3657.68261632","3656.4929485321","18","23","4968","4973","-1","3","False"
"4964","72","14","35","5","14","72","5","73","-11675.304993929","128264.633721023","3657.68261632","3656.4929485321","19","24","4969","4974","-1","4","False"
"4965","72","15","35","5","15","72","5","73","-8315.4753915701","128264.633721023","3657.68261632","3656.4929485321","20","25","4970","4975","3","3","True"
"4966","72","16","35","5","16","72","5","73","-4955.64578921119","128264.633721023","3657.68261632","3656.4929485321","21","26","4971","4976","3","3","True"
"4967","72","17","35","5","17","72","5","73","-1595.81618685228","128264.633721023","3657.68261632","3656.4929485321","22","27","4972","4977","3","3","True"
"4968","72","18","35","5","18","72","5","73","1764.01341550665","128264.633721023","3657.68261632","3656.4929485321","23","28","4973","4978","3","3","True"
"4969","72","19","35","5","19","72","5","73","5123.84301786555","128264.633721023","3657.68261632","3656.4929485321","24","29","4974","4979","3","4","True"
"4970","72","20","35","5","20","72","5","73","8483.67262022448","128264.633721023","3657.68261632","3656.4929485321","25","30","4975","4980","-1","3","False"
"4971","72","21","35","5","21","72","5","73","11843.5022225834","128264.633721023","3657.68261632","3656.4929485321","26","31","4976","4981","-1","3","False"
"4972","72","22","35","5","22","72","5","73","15203.3318249423","128264.633721023","3657.68261632","3656.4929485321","27","32","4977","4982","-1","3","False"
"4973","72","23","35","5","23","72","5","73","18563.1614273012","128264.633721023","3657.68261632","3656.4929485321","28","33","4978","4983","-1","3","False"
"4974","72","24","35","5","24","72","5","73","21922.9910296601","128264.633721023","3657.68261632","3656.4929485321","29","34","4979","4984","-1","4","False"
"4975","72","25","35","5","25","72","5","73","25282.8206320191","128264.633721023","3657.68261632","3656.4929485321","15","20","4965","4970","-1","3","False"
"4976","72","26","35","5","26","72","5","73","28642.650234378","128264.633721023","3657.68261632","3656.4929485321","16","21","4966","4971","-1","3","False"
"4977","72","27","35","5","27","72","5","73","32002.4798367369","128264.633721023","3657.68261632","3656.4929485321","17","22","4967","4972","-1","3","False"
"4978","72","28","35","5","28","72","5","73","35362.3094390958","128264.633721023","3657.68261632","3656.4929485321","18","23","4968","4973","-1","3","False"
"4979","72","29","35","5","29","72","5","73","38722.1390414547","128264.633721023","3657.68261632","3656.4929485321","19","24","4969","4974","-1","4","False"
"4980","72","30","35","5","30","72","5","73","42081.9686438136","128264.633721023","3657.68261632","3656.4929485321","20","25","4970","4975","0","3","True"
"4981","72","31","35","5","31","72","5","73","45441.7982461726","128264.633721023","3657.68261632","3656.4929485321","21","26","4971","4976","0","3","True"
"4982","72","32","35","5","32","72","5","73","48801.6278485315","128264.633721023","3657.68261632","3656.4929485321","22","27","4972","4977","0","3","True"
"4983","72","33","35","5","33","72","5","73","52161.4574508904","128264.633721023","3657.68261632","3656.4929485321","23","28","4973","4978","0","3","True"
"4984","72","34","35","5","34","72","5","73","55521.2870532493","128264.633721023","3657.68261632","3656.4929485321","24","29","4974","4979","0","3","True"
